actual_label,predicted_label,predicted_probability
0,1,0.7016304
0,0,0.38853577
1,1,0.5215106
0,1,0.5957716
1,0,0.41284737
0,0,0.12977703
0,0,0.3104197
1,1,0.7201341
1,1,0.5224364
0,1,0.57894635
0,1,0.52890235
0,1,0.50791395
1,1,0.5091233
0,0,0.2916489
0,0,0.47631082
0,0,0.35114545
1,1,0.657719
0,1,0.5320045
0,0,0.41388634
0,0,0.34590867
0,0,0.47712335
0,0,0.23319234
0,0,0.3230515
1,1,0.7157535
0,0,0.37271836
1,1,0.63614607
0,1,0.77113175
1,0,0.42599344
0,0,0.41778263
1,0,0.38517496
1,0,0.41875458
0,0,0.3959646
0,0,0.39961377
0,0,0.43796033
1,1,0.6882129
0,0,0.4305571
0,0,0.33366892
0,0,0.35766378
1,1,0.52084136
0,0,0.38909775
1,1,0.63353443
1,1,0.50934696
1,0,0.24708374
0,0,0.3072338
0,1,0.5648928
1,1,0.6722769
1,1,0.575436
0,1,0.5155362
0,0,0.18787444
1,1,0.6996658
1,1,0.62951857
0,0,0.41081348
0,0,0.42493832
1,1,0.7403353
0,0,0.35474116
0,0,0.43364364
1,1,0.5830691
0,1,0.536937
0,1,0.5717336
0,0,0.38103747
0,0,0.24516416
0,1,0.5969608
0,1,0.51019025
1,0,0.3351964
0,1,0.55109143
0,0,0.30603388
1,1,0.83677065
1,0,0.29357135
0,1,0.7061636
0,0,0.41967186
0,0,0.31014
0,0,0.4979505
0,0,0.2796732
0,0,0.35342184
0,0,0.28579733
0,1,0.57530576
1,1,0.7339189
0,0,0.46102068
0,1,0.8008064
0,0,0.29110348
0,1,0.686419
0,1,0.5118737
0,1,0.6254116
0,1,0.59336483
1,0,0.3371198
0,1,0.60994625
0,1,0.76823866
0,0,0.42987886
0,0,0.49895942
1,1,0.57495517
1,1,0.65942204
1,1,0.63227344
0,1,0.62468636
1,1,0.6357223
0,0,0.2810003
0,0,0.38047576
0,0,0.48130423
1,1,0.57012844
1,0,0.36980042
0,1,0.6761656
0,0,0.31037226
0,0,0.41622022
0,0,0.48637244
1,1,0.72645724
0,0,0.45825198
0,0,0.15624504
0,0,0.4134128
1,1,0.51408386
0,1,0.78734607
0,1,0.63335305
1,0,0.41191974
0,0,0.36149946
0,0,0.29627645
1,1,0.57833564
0,1,0.59010875
0,0,0.41571125
1,1,0.56084704
1,1,0.5858261
1,1,0.66065025
1,0,0.48051634
0,0,0.39037412
1,1,0.79269874
0,0,0.35633615
0,0,0.44000077
0,1,0.65545547
0,0,0.41952407
0,1,0.54551846
0,1,0.66581666
1,0,0.42456746
0,0,0.4269117
0,0,0.19922432
0,0,0.4988695
0,0,0.42652255
0,1,0.547189
0,1,0.5270437
0,1,0.7150786
0,1,0.6313632
0,0,0.45278382
1,0,0.4814054
0,1,0.61550856
1,1,0.7127502
0,0,0.36590847
0,1,0.5469208
1,0,0.32821307
0,0,0.4406644
1,1,0.64795375
1,0,0.43729734
1,0,0.4676021
0,0,0.451832
1,0,0.34575662
0,0,0.44438702
0,0,0.37750432
1,1,0.5023383
0,1,0.66760945
1,0,0.46130505
0,0,0.49302125
1,0,0.23811164
1,1,0.6272402
0,0,0.22630781
0,0,0.32881433
0,1,0.50550926
1,0,0.42668188
1,1,0.7848186
0,1,0.68377966
0,0,0.29279467
0,0,0.38759395
0,0,0.3624767
0,0,0.3108597
0,0,0.45331326
1,0,0.3990206
1,0,0.35010272
0,1,0.5859026
0,1,0.5201907
0,0,0.4098102
1,0,0.3664355
1,0,0.24944815
1,0,0.48626703
0,0,0.18606983
0,1,0.5733917
0,0,0.35975704
0,1,0.52082443
0,1,0.7877509
0,1,0.52598476
1,0,0.33890787
0,1,0.69450593
0,0,0.45009318
0,0,0.39132884
0,0,0.35315925
0,0,0.28678215
1,0,0.45760247
1,1,0.623471
0,1,0.63727355
1,0,0.32230452
0,0,0.26289445
0,0,0.30609328
0,0,0.29003048
0,1,0.52734333
0,0,0.33294567
1,1,0.63020396
0,1,0.55735475
0,1,0.54434586
0,1,0.70820874
1,1,0.6317407
1,1,0.5588553
0,1,0.6850078
0,1,0.5085945
0,1,0.66438675
0,1,0.52943945
0,1,0.5785855
0,1,0.7611073
0,1,0.5725529
0,1,0.5970201
0,0,0.4040097
0,0,0.3175589
0,0,0.34624103
0,1,0.5984336
0,1,0.5611932
0,0,0.2852575
1,1,0.8723956
0,0,0.4394078
0,1,0.52156186
1,1,0.64940476
1,1,0.54253954
0,0,0.24513544
1,1,0.5357522
1,0,0.21111338
0,1,0.70278794
0,1,0.62496763
0,1,0.5392047
0,1,0.7024731
1,1,0.561489
0,1,0.61815643
1,1,0.58582217
1,0,0.48291495
1,0,0.42835018
0,0,0.4598159
0,0,0.29155573
0,1,0.6979185
0,0,0.32987055
0,0,0.37000644
0,0,0.35995308
1,1,0.5830339
0,1,0.5825258
1,1,0.6047461
1,1,0.51649797
0,0,0.27988064
1,0,0.39321938
0,1,0.7167777
0,1,0.69260633
0,0,0.3167873
0,1,0.50230813
0,0,0.4359124
0,0,0.4784425
1,0,0.38222834
1,1,0.5061716
0,0,0.38393778
0,0,0.22037145
0,0,0.21448427
0,1,0.64139795
0,0,0.32172245
0,1,0.7319288
0,0,0.3861954
1,0,0.41384646
0,0,0.47761542
0,0,0.29990333
1,1,0.8186417
1,1,0.5876857
1,1,0.5821736
1,0,0.39415526
1,0,0.49657458
0,0,0.3595006
1,0,0.45060468
1,0,0.43104205
0,1,0.5008888
1,1,0.59664893
0,1,0.691908
0,0,0.2512523
1,0,0.41965964
0,0,0.3574775
0,0,0.35035032
1,1,0.81218433
0,1,0.5186333
1,0,0.36192816
0,1,0.554608
0,1,0.6764009
0,0,0.33498335
0,0,0.4935571
0,0,0.108298086
0,0,0.38364655
0,0,0.35322693
0,1,0.633121
1,1,0.5304177
0,0,0.3507128
1,1,0.66620916
0,0,0.38278896
0,0,0.34824964
0,0,0.35739222
0,1,0.5119448
0,0,0.45185676
1,1,0.62517023
0,1,0.6448647
0,0,0.38458753
1,0,0.44879678
0,0,0.3942772
1,0,0.31591353
0,1,0.7338222
0,0,0.21893214
0,1,0.62805605
0,0,0.31699914
1,1,0.57249
0,0,0.39712697
0,1,0.5552424
0,0,0.2991472
0,0,0.31000295
0,0,0.307892
1,1,0.5234892
1,1,0.51891375
1,1,0.58659655
0,0,0.29912385
0,0,0.4091712
0,0,0.46071357
0,1,0.56592536
0,1,0.5611839
1,1,0.7336514
1,1,0.7595011
0,0,0.4126387
1,1,0.5287469
0,0,0.37394288
0,1,0.5789053
0,1,0.5732628
0,0,0.33188355
1,1,0.82912457
0,0,0.36985916
0,1,0.55640787
0,1,0.71553874
1,1,0.61635077
0,0,0.43620002
0,0,0.34394667
0,1,0.5250799
1,1,0.64296615
0,0,0.4057423
0,0,0.2879452
0,1,0.57891893
0,1,0.62030864
0,0,0.42004073
0,0,0.4400679
0,1,0.6848463
0,0,0.26558557
0,1,0.7369956
1,1,0.7148132
0,1,0.5048578
1,1,0.5329988
0,0,0.41592056
0,0,0.37313592
0,0,0.27878842
0,0,0.2347051
1,1,0.79128397
1,1,0.5141456
0,1,0.5273076
0,1,0.60712934
0,1,0.50434667
1,1,0.5196931
1,1,0.72658813
0,0,0.3909663
0,1,0.71017736
0,0,0.4722215
1,0,0.4865258
1,0,0.43945277
0,1,0.5957376
1,0,0.41479588
0,1,0.58165014
0,0,0.25474098
0,0,0.26565742
1,0,0.43095678
1,0,0.19291133
0,0,0.2642148
0,0,0.43849105
1,0,0.43470818
1,1,0.70086884
0,1,0.62687635
0,0,0.39777926
0,0,0.49621385
0,0,0.4151681
1,1,0.60516274
1,0,0.38832244
0,1,0.7427105
1,1,0.6545653
0,0,0.4639642
0,0,0.35527816
0,0,0.45714954
0,0,0.4651006
0,1,0.5427021
1,0,0.3241018
0,1,0.74099886
0,0,0.46371487
1,1,0.59955883
0,0,0.49715856
0,0,0.27918896
0,0,0.3917422
0,0,0.31846738
1,1,0.5573731
1,1,0.5073409
1,1,0.51937973
0,1,0.80422586
0,1,0.79690415
1,1,0.62424314
0,1,0.7140757
0,1,0.71842444
0,1,0.6922072
0,1,0.60695946
0,0,0.32274994
0,0,0.30915636
1,0,0.4379645
1,0,0.4046594
0,1,0.5908067
0,0,0.36824927
0,0,0.17308863
1,0,0.37590167
1,1,0.64645463
0,0,0.2695309
0,0,0.3750855
0,1,0.5740162
1,1,0.7007737
0,1,0.62800694
0,0,0.18080544
1,1,0.70717514
0,1,0.5900285
0,1,0.6793076
0,0,0.3895408
0,0,0.4517351
0,0,0.45809802
0,0,0.34942058
0,0,0.41553357
0,1,0.5733513
1,1,0.70919883
1,1,0.5856821
1,1,0.68780124
0,0,0.22444937
1,1,0.78661364
1,0,0.36170834
0,0,0.326708
0,0,0.3665329
0,0,0.2468017
0,1,0.6598247
0,0,0.42107877
1,1,0.7257162
0,0,0.28152406
0,0,0.46510133
0,0,0.41005948
0,0,0.16251206
1,1,0.7005187
0,0,0.27402213
0,1,0.54780525
1,0,0.42980352
0,1,0.60787666
1,0,0.38171718
0,0,0.37228107
0,0,0.39111385
0,0,0.29225448
1,1,0.65327984
1,0,0.41845652
0,0,0.33994707
0,0,0.39530647
0,0,0.14145942
1,0,0.3767244
0,1,0.6136217
1,1,0.66961294
1,0,0.462558
0,1,0.52762514
0,0,0.34557614
0,1,0.6031871
0,0,0.27809435
1,1,0.66135633
0,1,0.84932876
0,0,0.33562216
1,0,0.40505967
0,0,0.11428917
1,0,0.48308563
0,0,0.45010096
0,0,0.20646569
1,0,0.41043115
1,1,0.58393365
0,0,0.36724806
0,1,0.6835327
1,0,0.40562606
1,1,0.7485819
0,0,0.48277545
0,0,0.3430351
0,1,0.55817986
0,0,0.4310511
1,1,0.63567877
1,1,0.6566736
0,0,0.45465332
1,0,0.33277902
0,0,0.457168
1,1,0.7478564
0,1,0.6046146
0,1,0.5767415
0,1,0.72371554
0,0,0.44243118
1,1,0.51621294
1,1,0.669788
1,0,0.39835683
1,1,0.5793569
0,1,0.53372216
1,0,0.44069603
1,1,0.6742455
0,0,0.19458689
0,1,0.6792456
0,0,0.18688871
0,0,0.328264
0,0,0.4713041
0,1,0.75409454
0,1,0.6735594
0,0,0.18532509
0,1,0.582291
0,0,0.43764782
0,1,0.51570034
1,1,0.64603347
0,0,0.2953779
0,0,0.43664587
1,1,0.77957094
1,0,0.47948796
0,1,0.6505156
1,1,0.6107072
0,0,0.31293005
0,0,0.38918346
0,0,0.34466338
1,1,0.61254656
1,1,0.75434196
0,0,0.26190108
0,0,0.43465173
0,0,0.40105513
0,0,0.3186591
1,0,0.4219801
1,1,0.84347093
1,1,0.8377683
0,1,0.5197619
1,1,0.63121796
0,1,0.65316105
0,0,0.4923368
0,0,0.42641157
1,1,0.5959499
0,0,0.4274422
1,1,0.59814703
0,1,0.5200268
0,0,0.35186008
1,1,0.6283444
0,0,0.45858482
0,0,0.34634334
0,0,0.2956151
0,1,0.6273577
0,0,0.40784597
0,0,0.43884027
1,1,0.63794005
1,0,0.41057935
0,0,0.40759626
1,0,0.4790539
0,0,0.2753504
0,0,0.49731517
1,1,0.61494887
1,1,0.67073834
0,0,0.36250678
0,1,0.66062117
0,1,0.70864
1,0,0.4105273
1,1,0.5872921
1,0,0.44127122
0,0,0.40096194
0,0,0.45589605
0,0,0.49495926
0,0,0.4479099
0,0,0.3948924
0,0,0.32694155
0,0,0.39694104
0,0,0.4412179
1,1,0.742806
0,0,0.22022231
0,1,0.5094472
0,0,0.38715684
0,0,0.32183814
1,1,0.6416676
0,1,0.53023326
1,0,0.33477613
1,1,0.730698
0,0,0.36921299
0,0,0.36932763
1,1,0.5312654
1,1,0.57372534
0,0,0.44482765
0,0,0.17114751
0,0,0.34813255
0,0,0.42594337
0,1,0.5033543
0,0,0.28796488
1,1,0.58207357
0,0,0.49329904
0,0,0.29643956
1,0,0.30784154
0,0,0.33626413
0,0,0.39244986
0,0,0.3976677
1,0,0.43886143
0,0,0.34488103
0,0,0.40362158
0,1,0.67844296
0,0,0.38377
1,0,0.380217
0,0,0.33610082
0,1,0.54546267
0,0,0.37329963
0,1,0.6656376
1,0,0.3809253
0,1,0.5217291
0,1,0.54747105
0,0,0.16792896
1,1,0.6313124
0,0,0.444564
0,0,0.348577
0,1,0.65796167
1,0,0.4370899
1,0,0.31242895
0,0,0.44440398
0,0,0.30976525
0,0,0.4879141
0,0,0.29547477
1,0,0.27066672
1,0,0.49629655
0,1,0.7308818
0,0,0.2401155
0,1,0.5164008
1,0,0.44879952
1,0,0.4410173
0,1,0.8405077
0,0,0.44968686
1,1,0.5872756
0,0,0.38527343
0,0,0.40767273
0,0,0.32060522
1,1,0.5073697
0,0,0.21055368
0,0,0.4651801
1,1,0.5207271
0,0,0.45996898
0,1,0.5201576
0,0,0.14630434
0,0,0.4363933
0,0,0.43376476
1,0,0.49282327
0,0,0.31387934
1,0,0.41686457
1,1,0.63254887
0,0,0.48984164
0,0,0.3698617
1,0,0.27775902
0,0,0.31298676
0,1,0.6690647
1,0,0.34046426
1,0,0.2724071
0,0,0.2917533
0,0,0.3269573
0,0,0.39899623
1,0,0.37847903
1,1,0.5416105
0,0,0.40482783
1,1,0.6598005
0,1,0.7068175
1,0,0.3283025
0,0,0.15059464
0,0,0.32406655
1,0,0.46853587
1,0,0.47064364
0,0,0.28110853
0,0,0.18227816
0,0,0.40246168
1,0,0.35893545
0,0,0.3688777
1,0,0.4918472
0,0,0.37685406
1,0,0.46381846
0,1,0.69513977
0,0,0.43747655
1,1,0.748434
0,1,0.5256822
1,0,0.43825704
1,0,0.37496945
1,1,0.63725114
1,0,0.46069357
0,0,0.38268992
0,0,0.48741418
1,1,0.5807136
0,1,0.60658383
0,1,0.6771101
1,1,0.53964615
1,1,0.5147154
1,0,0.4900822
1,1,0.67148626
1,1,0.58445686
0,0,0.36752823
1,1,0.7607087
0,0,0.4191336
0,1,0.6810752
1,1,0.7479992
0,0,0.4530221
0,0,0.3007263
1,0,0.46276674
0,1,0.6424537
0,0,0.4690812
0,1,0.69191396
0,1,0.7757956
1,0,0.40832198
0,0,0.3107262
0,0,0.27208033
0,1,0.66793203
0,1,0.6282144
0,0,0.48277754
0,1,0.6145302
0,0,0.3837967
1,1,0.5116807
0,1,0.7014911
0,0,0.4111443
1,0,0.44499266
1,0,0.49671558
0,0,0.31091377
0,1,0.504552
1,0,0.3276632
1,0,0.43187502
0,0,0.40517774
1,1,0.5390034
1,1,0.5363302
0,1,0.56448066
0,1,0.82777
0,0,0.28683573
1,1,0.60533375
0,0,0.20446202
1,0,0.46536
1,0,0.43740195
0,1,0.7277913
0,1,0.70863855
0,1,0.53156906
1,0,0.20393355
1,0,0.41362476
1,1,0.5373769
1,1,0.60263926
1,0,0.45313975
0,0,0.23397169
1,1,0.6155578
0,0,0.36250046
1,1,0.74146473
1,1,0.63980126
0,0,0.4291531
0,0,0.33753976
0,1,0.7236059
0,0,0.29754293
0,0,0.29604727
1,1,0.5644523
1,1,0.7013173
0,0,0.31060618
1,0,0.48222557
0,0,0.3207413
1,1,0.6790057
0,0,0.3632803
0,0,0.29381078
1,0,0.39465833
0,1,0.73308873
0,0,0.49325475
1,1,0.8199079
0,0,0.3937339
0,0,0.42175394
1,1,0.54396963
1,1,0.6257824
1,1,0.7305707
0,0,0.36369887
0,0,0.22088069
1,0,0.43929034
0,0,0.4081138
0,1,0.7957103
0,0,0.41663763
1,1,0.81350875
0,0,0.2918908
0,0,0.28334403
0,1,0.6583985
0,0,0.31763548
0,1,0.6180596
1,1,0.68065953
0,0,0.41977662
0,0,0.4173922
0,0,0.3188837
0,1,0.6934135
0,1,0.6731752
0,1,0.5686109
1,1,0.60791516
0,0,0.3509312
1,1,0.7040742
0,0,0.44844314
0,0,0.49577287
0,1,0.6187455
0,0,0.44092858
0,0,0.3634999
0,0,0.3142159
0,1,0.66277194
1,1,0.6417032
1,1,0.6767437
1,1,0.7299711
0,1,0.57264733
0,1,0.55588734
1,1,0.79369116
1,1,0.76917326
0,0,0.35479516
1,1,0.54813
0,1,0.57210255
0,1,0.5556727
0,0,0.39322335
0,0,0.38370153
0,0,0.4970392
1,0,0.4640559
1,0,0.33909908
0,0,0.36296555
1,1,0.68924904
1,0,0.35643488
0,1,0.60828114
1,0,0.43555582
0,1,0.6826217
0,0,0.20787695
0,0,0.3855081
1,0,0.36181194
0,0,0.25456572
0,0,0.39990243
1,1,0.6664796
0,0,0.42668983
0,0,0.48828357
0,1,0.6495875
0,0,0.41040835
0,0,0.4544208
1,0,0.38286424
0,1,0.7385906
0,1,0.6120539
1,1,0.56662387
1,1,0.8045034
1,1,0.6017585
1,1,0.6664455
1,0,0.4804029
1,1,0.7666344
1,0,0.48138228
1,0,0.4109125
1,1,0.6127441
0,1,0.5792858
0,1,0.756499
1,1,0.70168805
1,0,0.39597648
1,1,0.5052296
0,1,0.6251555
0,0,0.20247273
1,1,0.67402685
0,0,0.43687955
1,1,0.5479394
0,1,0.57255286
0,0,0.43295005
0,1,0.62067634
0,1,0.6647015
1,1,0.6051422
1,1,0.72813797
0,0,0.45928323
0,1,0.50657487
0,0,0.48686
1,1,0.5874094
1,0,0.32286805
0,1,0.6357022
0,1,0.54959536
0,0,0.45185512
0,1,0.6199312
0,0,0.411231
0,0,0.31926864
0,1,0.5196768
0,0,0.28914747
0,0,0.4366641
0,0,0.37523672
1,0,0.43216398
1,0,0.33971515
0,0,0.23076403
0,0,0.45621803
0,0,0.34032303
0,0,0.18959452
0,1,0.55504525
0,0,0.33451882
1,0,0.4555065
0,1,0.60572183
0,0,0.2909655
0,0,0.2666862
0,1,0.5976784
0,0,0.41022235
0,1,0.5212326
1,0,0.19377516
1,0,0.4750783
1,1,0.6461018
0,0,0.4384718
0,1,0.5783099
0,0,0.33159575
1,0,0.27661148
0,1,0.6485535
1,1,0.5117129
0,0,0.49715304
0,0,0.39108905
0,1,0.6816032
1,1,0.57192755
1,1,0.5491609
0,0,0.40177143
1,0,0.49243146
0,0,0.35559422
1,1,0.59237194
1,1,0.77074045
1,1,0.6558888
1,0,0.41033372
0,0,0.33545205
0,0,0.4272345
1,0,0.37245885
0,0,0.4649138
0,0,0.3527484
0,0,0.46673852
0,0,0.378151
0,0,0.3679033
1,0,0.4362463
0,0,0.45777708
1,1,0.6820748
1,1,0.6697311
0,0,0.20963371
0,0,0.35406718
1,0,0.2673128
1,0,0.43635336
0,0,0.490449
1,0,0.4682659
0,1,0.52653825
0,0,0.35344526
0,1,0.72335005
1,1,0.5162754
1,1,0.5797571
0,0,0.24912825
1,0,0.4532773
1,1,0.507113
0,1,0.5274955
1,0,0.4295409
0,0,0.45409325
0,1,0.5355767
0,0,0.48610982
0,0,0.44917753
0,0,0.47034478
1,1,0.6819386
0,0,0.157227
0,1,0.51248056
0,0,0.19292903
1,0,0.29940367
0,0,0.38712537
1,0,0.390872
0,0,0.4380412
0,0,0.3013992
0,1,0.6583347
0,0,0.37732753
1,1,0.72204846
1,1,0.5664418
1,1,0.6806458
1,1,0.7440522
0,0,0.46473557
0,0,0.46493512
0,0,0.32592663
1,0,0.45681128
1,1,0.65677357
1,1,0.59556174
1,0,0.35911348
0,0,0.31464306
0,0,0.44235104
0,0,0.2815164
0,1,0.5466169
0,0,0.36458567
1,1,0.5667807
0,0,0.3082575
0,0,0.45777515
0,1,0.5969207
0,1,0.7554947
0,0,0.37800393
1,0,0.37687823
0,0,0.42413718
0,0,0.3879176
0,1,0.66405743
0,0,0.26948175
0,0,0.4785034
0,0,0.11346169
0,0,0.38233134
0,0,0.42269018
0,0,0.41457656
1,1,0.6423916
0,0,0.27827066
0,0,0.38919365
1,1,0.7401349
0,0,0.40777323
0,0,0.4382931
0,0,0.4364513
0,1,0.6729496
0,0,0.36804333
0,0,0.32557017
0,1,0.5390085
0,0,0.3549695
0,1,0.5591985
0,1,0.65558267
0,0,0.4194622
1,1,0.5488908
0,0,0.38685974
0,0,0.39530474
0,0,0.4068165
1,1,0.5389265
0,0,0.43634593
0,0,0.47445446
1,1,0.53246504
1,1,0.6063737
1,0,0.39801297
0,0,0.4030825
1,1,0.50177485
1,0,0.43177992
0,1,0.5413072
0,0,0.46760282
1,0,0.29803556
1,1,0.6748792
0,0,0.30364084
0,0,0.4608709
0,0,0.40666765
1,1,0.6512649
1,0,0.35559326
0,0,0.3870721
0,0,0.44340408
0,0,0.41699985
0,1,0.5094495
1,0,0.3621075
0,1,0.8010036
0,0,0.2717974
0,0,0.29881814
0,1,0.5183666
0,0,0.42025524
1,0,0.19866507
0,0,0.4183863
1,0,0.48494902
1,0,0.4693788
0,0,0.38483226
1,0,0.41529852
1,1,0.59443605
1,1,0.79214114
0,0,0.29312012
0,1,0.75230485
1,1,0.61893606
0,0,0.4502678
0,0,0.4077455
0,0,0.45680097
1,1,0.5122407
0,0,0.49135664
1,0,0.3453463
0,0,0.28527665
1,1,0.67625046
1,0,0.36930022
0,0,0.11172506
1,0,0.43425196
0,0,0.1732705
0,0,0.26812708
0,0,0.41413254
1,0,0.47295249
1,1,0.62285244
0,0,0.43756574
0,1,0.6569871
0,0,0.4088983
0,0,0.38693044
1,1,0.6690136
0,0,0.30673227
0,1,0.5757612
0,1,0.721772
1,1,0.54030144
0,1,0.6700152
0,1,0.64275104
1,1,0.60385704
1,1,0.5838825
0,0,0.346388
1,1,0.5710099
1,1,0.54810774
0,0,0.47777715
0,0,0.30587918
0,0,0.42046475
0,0,0.38073114
0,0,0.40535212
0,0,0.4209038
0,0,0.4856349
1,1,0.7726258
1,1,0.5657469
1,0,0.46984735
0,0,0.30877015
0,0,0.3904423
0,0,0.45022866
0,0,0.36471382
1,1,0.70759994
1,1,0.6140655
1,0,0.40076205
1,1,0.6944124
1,0,0.397861
0,0,0.34343883
0,0,0.48527417
1,1,0.85805535
0,0,0.23211277
1,0,0.4538164
0,0,0.49904022
0,1,0.6225648
1,0,0.4305955
0,0,0.42280212
0,0,0.3869402
1,1,0.5495132
1,0,0.44889227
0,0,0.4380697
0,0,0.48368025
0,1,0.68086934
1,0,0.3613888
0,0,0.45900986
1,0,0.38790193
0,1,0.70590436
1,0,0.4659842
0,0,0.28541043
1,1,0.7327372
0,0,0.39802015
1,1,0.8443588
0,1,0.5276242
0,0,0.36686635
0,0,0.32611787
0,1,0.5198829
0,0,0.45563164
1,0,0.47236744
0,1,0.5091903
0,0,0.4189934
0,0,0.443186
0,0,0.31764457
1,1,0.70548046
0,0,0.48632628
0,1,0.545991
0,0,0.36838168
0,0,0.3166743
0,1,0.64251363
1,0,0.4069524
0,1,0.65171003
1,1,0.85633636
0,0,0.48435768
0,0,0.36548078
0,1,0.68793756
1,1,0.5920987
0,0,0.27793768
0,0,0.45201036
0,1,0.69344485
1,0,0.3372328
0,0,0.31976703
0,0,0.43964866
1,1,0.7398789
0,0,0.46973857
0,0,0.18606865
0,1,0.5616843
0,1,0.55551136
0,0,0.1342438
1,0,0.45374608
0,1,0.5504317
0,1,0.5079117
0,0,0.2833469
0,0,0.4015367
1,0,0.45282286
0,1,0.769104
1,0,0.2838624
0,0,0.29181725
0,0,0.2729741
0,0,0.2673666
1,1,0.50318
0,0,0.26986286
0,1,0.6075502
1,1,0.7704233
1,1,0.5190798
1,1,0.5345005
0,0,0.34450647
1,1,0.5750687
0,0,0.30375412
0,0,0.46798843
0,1,0.56171656
1,1,0.6866329
0,0,0.37843525
1,1,0.612481
1,0,0.48832068
0,1,0.6602573
0,1,0.74974006
0,0,0.2047104
0,1,0.60363555
1,1,0.8657199
1,0,0.48664254
1,1,0.6279951
0,1,0.6363921
1,1,0.5407617
1,1,0.81990594
0,1,0.52888596
0,0,0.38618043
1,0,0.29522252
0,0,0.23439857
0,0,0.42673615
0,1,0.5263889
1,0,0.45743495
0,1,0.6675651
1,1,0.6515821
1,1,0.6699389
0,0,0.44408813
1,1,0.71040654
0,0,0.34792918
0,0,0.21930099
0,0,0.28252032
1,1,0.67611384
0,0,0.4615938
0,1,0.62477934
0,1,0.53366107
0,1,0.5420718
1,0,0.43376827
0,0,0.39515835
1,0,0.29370946
1,0,0.38622054
0,0,0.4118587
0,1,0.6032747
0,1,0.5942382
1,1,0.700081
0,0,0.19046795
0,0,0.3246542
0,0,0.3437581
1,0,0.36232236
0,0,0.449934
0,0,0.3155648
0,0,0.4043673
0,0,0.40546304
0,1,0.5562867
0,0,0.46955213
0,1,0.6167146
0,0,0.3385629
0,1,0.65727353
0,1,0.5936831
1,1,0.56375396
0,1,0.60412085
0,0,0.35228172
0,1,0.58188474
0,1,0.580804
0,0,0.41354734
0,1,0.6262969
0,0,0.48452038
0,0,0.26468655
1,1,0.5421262
0,1,0.5946434
0,0,0.24948105
1,1,0.56538516
0,1,0.5925205
0,1,0.5802095
0,0,0.4604498
0,0,0.46851873
1,1,0.73297465
0,0,0.30251962
0,0,0.3957973
1,0,0.38144884
1,0,0.43847987
0,0,0.37496382
1,0,0.42010728
0,1,0.6205388
0,0,0.4458738
0,0,0.4464754
0,0,0.49749196
1,1,0.7036338
0,0,0.2780401
1,1,0.6403093
1,1,0.5731863
0,0,0.4231738
1,1,0.69556445
1,0,0.31412804
0,1,0.5055795
0,0,0.30467632
0,0,0.36189276
1,1,0.57931983
1,1,0.66349566
0,1,0.5573131
0,1,0.6991582
1,0,0.36161536
0,0,0.4947101
0,0,0.4394246
0,0,0.41345546
0,0,0.4711226
0,1,0.7140664
1,1,0.72883856
0,0,0.4267169
0,1,0.53320825
0,0,0.4299939
1,1,0.74090064
0,0,0.31509885
1,0,0.43214053
0,0,0.4695184
0,0,0.3695548
0,1,0.5160595
1,0,0.464312
0,1,0.5525371
0,0,0.3383653
1,0,0.39420635
1,1,0.676128
0,0,0.11245786
0,1,0.6348376
0,0,0.4538103
1,0,0.35713524
1,1,0.50376403
0,0,0.23994614
1,1,0.5349846
0,1,0.68493336
0,0,0.381999
1,0,0.37425566
0,0,0.41750664
0,0,0.4270904
0,1,0.54098725
0,0,0.36550522
0,0,0.30212513
1,0,0.28276414
0,1,0.6806549
1,0,0.44014266
1,1,0.6152276
0,0,0.17006814
1,1,0.8210424
0,0,0.4709749
1,1,0.6614035
0,0,0.44391498
1,0,0.41460302
0,0,0.39268053
0,0,0.38698974
0,1,0.6488031
1,0,0.40753406
1,1,0.5220262
0,1,0.7140752
1,1,0.5344075
1,1,0.6654198
0,1,0.6286577
0,1,0.81107855
1,0,0.30709174
0,0,0.3363315
1,1,0.7074076
0,0,0.31234893
1,0,0.38756028
0,0,0.4213118
0,1,0.687536
1,0,0.32867566
0,1,0.61480224
0,0,0.44654638
1,0,0.38502195
0,1,0.62217736
0,1,0.5346537
1,1,0.6482451
0,0,0.4815109
1,0,0.4244735
1,0,0.2024593
1,1,0.5617907
0,1,0.6551031
0,0,0.32111397
1,1,0.7037215
0,0,0.2998149
0,1,0.54243433
0,1,0.6598458
0,1,0.6429535
1,0,0.26195905
0,1,0.6418845
0,0,0.42436424
1,1,0.6200355
1,1,0.594233
0,0,0.34724084
1,1,0.7084863
0,1,0.5061074
1,1,0.50668865
0,0,0.3919719
0,0,0.36425006
1,0,0.4085442
0,0,0.44167346
0,0,0.31388843
1,0,0.42750823
1,0,0.49516553
1,1,0.6879741
0,1,0.579108
0,1,0.7028624
1,0,0.37414306
0,0,0.47914535
0,0,0.31014147
1,1,0.68385315
0,1,0.5173531
0,1,0.5872147
1,1,0.5842211
1,1,0.8357095
1,1,0.54251343
0,0,0.3850879
0,1,0.603238
1,0,0.35042652
1,1,0.75334805
0,0,0.20616001
1,1,0.6678878
0,0,0.26433474
0,0,0.48239526
0,1,0.5182533
1,0,0.39811623
0,0,0.46398365
0,0,0.45041007
0,0,0.27017167
0,0,0.4404545
1,1,0.6363516
1,0,0.24885572
0,1,0.5153835
0,1,0.67173433
0,1,0.68019056
0,0,0.42625657
0,0,0.4075115
1,1,0.5719908
0,0,0.47637627
0,0,0.4372761
1,1,0.5028248
1,1,0.8260722
1,0,0.40117767
0,0,0.3894038
1,0,0.2811535
0,0,0.12246144
1,1,0.7943771
1,1,0.6447166
1,1,0.55500114
1,0,0.47075275
0,0,0.44265077
0,0,0.438244
1,1,0.68875325
0,1,0.7347762
1,1,0.5613589
0,1,0.512449
1,0,0.11230153
1,1,0.840738
1,1,0.62967056
1,0,0.41642806
0,1,0.5464815
0,0,0.3822119
0,1,0.5331383
1,0,0.44409522
1,1,0.6702218
0,0,0.4128528
0,0,0.41303447
0,0,0.48672187
1,0,0.49499664
1,0,0.38124192
0,1,0.56630415
0,0,0.46117604
1,0,0.44788614
1,0,0.40248293
1,1,0.58340335
0,0,0.35945204
0,1,0.5278294
0,0,0.48135355
1,0,0.4715136
0,1,0.60661405
1,0,0.29369128
1,1,0.5723448
1,0,0.46925616
0,0,0.31180644
0,0,0.2868674
0,0,0.32615867
1,0,0.47104907
0,1,0.540776
1,1,0.751968
1,1,0.50549585
0,0,0.28282213
0,0,0.37344185
1,1,0.63238084
0,1,0.51709604
0,1,0.5616279
1,1,0.52278143
0,0,0.3959055
0,0,0.14404047
0,0,0.36844122
0,0,0.49973744
0,1,0.50883186
0,0,0.26330373
0,0,0.33240044
0,1,0.679595
0,0,0.41928184
1,1,0.6208205
0,0,0.2957717
1,0,0.39240682
0,0,0.4274028
0,0,0.44124687
0,1,0.5702009
0,1,0.62158346
0,0,0.36909664
0,0,0.3388581
1,1,0.7259655
1,0,0.3281896
0,1,0.70302856
0,0,0.45814496
0,0,0.46746507
1,1,0.6168105
1,1,0.5181346
0,0,0.46996397
1,1,0.71313715
0,1,0.71946955
0,0,0.3747574
0,0,0.4246645
1,1,0.58514595
0,1,0.64942646
1,1,0.63211465
1,1,0.55214834
1,1,0.6132017
1,0,0.48649135
0,1,0.5925028
0,0,0.4479971
1,0,0.3891484
0,0,0.3610641
0,0,0.41177857
0,0,0.378476
0,1,0.75849015
1,1,0.65882885
1,1,0.55979717
1,1,0.57437736
0,1,0.68939155
0,1,0.7053555
1,0,0.47465944
0,0,0.4576783
0,0,0.41172966
1,0,0.3080342
0,0,0.43161497
0,0,0.48293105
0,0,0.37378955
0,1,0.70167387
0,0,0.3116708
1,1,0.75462574
0,0,0.41444734
1,1,0.55623627
1,0,0.3915473
0,1,0.6000427
0,1,0.5878314
0,0,0.18204631
1,1,0.7567852
0,0,0.41090578
0,0,0.29647
0,1,0.50077176
0,0,0.39085132
0,1,0.56607085
0,0,0.34565
0,0,0.40903002
0,1,0.58005697
0,0,0.4030892
0,0,0.4791212
0,1,0.62024033
0,1,0.70273376
1,1,0.59692574
1,1,0.6128274
0,0,0.30709323
1,1,0.61897695
0,1,0.5727905
1,1,0.5303803
0,0,0.31394172
1,1,0.60423505
0,0,0.2168244
0,0,0.43547043
0,0,0.40550745
0,1,0.589502
0,0,0.44688872
1,1,0.53415656
1,0,0.45441228
0,0,0.4025865
0,0,0.32187158
0,0,0.35179687
1,0,0.4158122
0,0,0.42324722
0,1,0.59391415
0,0,0.2998899
0,0,0.37189204
0,0,0.45303348
1,0,0.40916196
1,0,0.2780714
0,0,0.43637848
1,1,0.6391844
0,1,0.51055825
1,1,0.6087755
0,0,0.35413343
0,0,0.38852718
0,1,0.6554111
1,0,0.47997686
0,1,0.54408646
0,1,0.7260843
0,1,0.5681994
0,0,0.30832374
0,1,0.59309524
0,0,0.14909993
0,0,0.40687448
0,0,0.3801048
0,0,0.49309283
0,0,0.4206859
1,1,0.518515
0,1,0.6640556
0,1,0.5130712
0,0,0.19633074
0,0,0.31313676
0,1,0.6037942
0,1,0.5972589
1,0,0.122120686
0,1,0.66084164
1,0,0.4226251
0,1,0.5573509
0,0,0.37432247
0,0,0.397015
0,0,0.4973039
0,1,0.7882855
1,1,0.7150106
0,0,0.28774828
0,0,0.3643804
1,1,0.71280843
0,0,0.43380368
0,0,0.26945093
0,0,0.363478
1,1,0.60638726
0,0,0.22736028
1,1,0.6501354
1,1,0.51466316
0,0,0.33483976
0,0,0.4670422
1,1,0.6312766
1,1,0.81289446
0,0,0.49891692
0,0,0.33424482
0,0,0.41083452
0,0,0.40711057
0,0,0.33076817
0,0,0.30641952
0,1,0.69146776
0,1,0.54157776
1,0,0.4429123
0,0,0.45214856
1,1,0.57320756
0,0,0.41372478
1,0,0.34912458
0,0,0.4170696
1,1,0.62323946
0,0,0.3776948
1,1,0.786779
1,1,0.5574286
1,1,0.7580489
0,0,0.29772827
0,0,0.43909115
0,1,0.57237035
0,0,0.40214467
0,0,0.45421475
1,0,0.43159923
0,0,0.15146062
0,0,0.19511072
0,1,0.61103773
0,0,0.3616556
1,0,0.4040284
0,0,0.3143051
0,1,0.5029398
1,0,0.41511005
1,1,0.65343106
0,0,0.36788917
1,1,0.50851226
1,1,0.57682675
0,0,0.3774484
0,0,0.20380981
0,0,0.30193177
0,1,0.61774206
1,1,0.59727347
0,0,0.4722196
0,1,0.5783123
0,1,0.69413054
0,0,0.41924766
0,0,0.41182455
0,0,0.3481147
0,0,0.40170264
1,0,0.36291602
1,1,0.5593741
0,1,0.50587624
0,1,0.68262327
0,0,0.4108605
0,0,0.22443599
0,0,0.26771808
0,1,0.5643712
0,0,0.2637549
0,0,0.30284345
0,1,0.5859145
0,0,0.37704015
1,0,0.38912582
0,0,0.4550044
1,1,0.60148025
0,1,0.61945397
0,1,0.7786913
0,0,0.33839273
0,1,0.5624502
0,0,0.25106448
0,0,0.13906923
0,0,0.42271513
0,0,0.3390782
1,0,0.4699342
1,0,0.3650528
0,1,0.5243204
0,1,0.69332504
1,0,0.39361843
0,1,0.6548929
0,0,0.43535933
0,0,0.42371064
0,0,0.22719252
0,0,0.41258606
0,0,0.38677746
0,1,0.5731807
0,1,0.59501266
0,0,0.20735185
0,0,0.48918703
0,0,0.32115299
0,1,0.6500156
1,0,0.49368402
1,1,0.5315491
0,0,0.4146393
1,0,0.38728583
1,1,0.67109203
0,0,0.37773824
0,0,0.2199617
0,0,0.4170055
0,1,0.5654619
0,1,0.621441
1,0,0.34953165
0,0,0.40071154
0,0,0.4323697
0,0,0.22183368
1,0,0.3153208
0,0,0.37025887
1,1,0.6916138
0,1,0.5156933
1,0,0.4290577
0,0,0.1778982
1,1,0.51890314
1,1,0.55067873
1,1,0.82206917
0,1,0.65309644
1,1,0.8023686
0,0,0.4813721
0,1,0.5927968
0,1,0.5249624
1,1,0.68761575
1,1,0.74895346
0,1,0.5976175
0,0,0.48391533
1,1,0.7956962
1,0,0.3887592
1,1,0.7435622
0,1,0.5870842
0,1,0.65912104
1,0,0.27172408
0,0,0.29344302
0,0,0.44020975
1,0,0.4262809
0,0,0.45161754
0,0,0.24976459
1,0,0.30946147
1,0,0.42125562
1,1,0.65537584
0,1,0.5199412
1,1,0.5275456
0,0,0.4732635
0,0,0.47888932
0,0,0.39268455
0,0,0.24426551
1,1,0.76419747
0,0,0.2896266
1,1,0.7188385
0,1,0.6177332
0,1,0.67122865
1,0,0.49402773
1,1,0.5335493
0,0,0.476831
0,1,0.6315993
0,0,0.3910702
1,0,0.3656031
0,0,0.36353782
0,1,0.7899104
0,1,0.55503035
0,1,0.5303679
0,1,0.69406426
1,1,0.54767305
1,1,0.58553493
0,0,0.45303267
1,1,0.50804424
1,0,0.41961735
1,1,0.84279346
0,0,0.23538534
0,0,0.4104442
0,1,0.6162269
1,1,0.6891474
1,0,0.41732693
0,0,0.26913244
0,1,0.50899583
0,0,0.49221042
0,1,0.5787474
1,0,0.39743075
0,1,0.64868927
1,0,0.3404385
1,1,0.8046556
1,1,0.71455514
1,0,0.4248577
1,1,0.51136386
0,0,0.35130337
0,1,0.6164943
1,1,0.5211377
1,1,0.6878296
1,0,0.26406786
1,1,0.6212945
0,0,0.28052762
1,1,0.6199389
0,1,0.64075017
0,0,0.27019972
1,0,0.2204822
0,0,0.38833606
0,1,0.68543327
1,1,0.7843704
0,0,0.329792
1,1,0.82060635
0,0,0.3491372
1,0,0.42141908
0,0,0.3222345
1,0,0.42260402
0,1,0.6364263
1,0,0.38711557
0,1,0.53060436
1,1,0.5753806
1,1,0.68659663
0,0,0.48990405
0,1,0.6931022
0,0,0.4371639
1,1,0.6977316
0,0,0.43158302
1,1,0.6705955
1,0,0.4546661
1,0,0.4767239
0,0,0.33805808
0,1,0.5261797
0,1,0.5071393
0,1,0.602595
0,1,0.70416665
1,0,0.4040439
0,0,0.46632534
0,0,0.4387871
1,0,0.42200106
0,1,0.5176531
0,1,0.57977533
0,0,0.3582708
1,1,0.7420943
0,0,0.3719093
0,0,0.24637097
0,1,0.66195667
0,1,0.67605674
1,0,0.34255442
1,0,0.2625678
0,0,0.39225677
1,1,0.5338481
0,0,0.42444873
1,1,0.5852496
0,0,0.34333873
0,0,0.3132983
1,0,0.38009676
1,1,0.6805221
1,1,0.7879316
0,0,0.43485343
1,0,0.29166323
1,1,0.5366676
0,1,0.7297852
0,1,0.5211899
0,1,0.63117784
1,1,0.7618902
0,0,0.38030678
0,0,0.4698261
0,0,0.2668064
1,1,0.57234323
0,0,0.41548702
0,0,0.47429076
0,0,0.44608092
0,0,0.46859145
1,1,0.5495218
1,1,0.6197529
0,0,0.23270094
1,1,0.58609855
0,0,0.2521336
1,0,0.44731778
0,1,0.5259379
1,0,0.46756783
1,1,0.54389024
0,1,0.8397496
0,1,0.76410663
0,0,0.38150132
0,1,0.58613
0,1,0.56027734
1,1,0.83521783
0,1,0.6796055
0,0,0.3937655
1,1,0.58457154
1,0,0.48005062
0,0,0.093621254
0,0,0.20934772
0,0,0.40765467
0,0,0.28632888
0,0,0.360276
1,1,0.6614994
0,0,0.23557457
0,1,0.7603423
0,1,0.6706091
0,0,0.3798269
0,1,0.6192814
0,0,0.2508421
0,0,0.47396702
1,1,0.6604675
0,0,0.4624264
0,0,0.335373
0,0,0.29069704
0,0,0.2485075
0,0,0.25652897
0,0,0.19041182
1,1,0.6069429
0,0,0.36921132
1,0,0.3094188
0,0,0.26546264
0,0,0.41184914
1,0,0.48435122
0,1,0.7139808
0,1,0.6853564
1,0,0.44031197
1,0,0.45541218
0,0,0.41590685
1,1,0.7973387
1,1,0.54149103
1,1,0.64384943
0,0,0.18484302
1,1,0.6263781
1,1,0.75847524
0,0,0.38019863
1,1,0.64395976
0,0,0.36139193
1,1,0.77524054
1,1,0.612044
1,0,0.45099133
0,0,0.43318605
0,0,0.2921973
0,0,0.3967589
0,0,0.41287336
1,0,0.47783288
0,0,0.43570104
1,0,0.40749618
0,0,0.45749372
0,0,0.4447874
0,0,0.19259167
0,0,0.46240312
1,0,0.33841506
1,0,0.42871937
0,1,0.612416
0,0,0.3459438
0,1,0.7309984
0,1,0.5255375
1,0,0.3588218
0,0,0.47473517
0,0,0.23052709
0,0,0.38203713
0,1,0.5811548
1,1,0.62089
0,0,0.33805913
0,0,0.36524913
0,1,0.61067206
1,1,0.53884786
1,0,0.4792654
0,1,0.59683275
0,1,0.6591251
0,0,0.4028555
1,1,0.50429356
1,1,0.6555161
0,0,0.42856473
1,1,0.5982268
1,0,0.34830958
0,0,0.4006121
0,0,0.37892482
0,0,0.37634075
0,0,0.31796563
0,1,0.5607245
1,1,0.6243111
1,1,0.7235
1,0,0.48730424
1,0,0.3597265
0,0,0.35431916
0,1,0.518007
1,0,0.31815818
0,0,0.30258843
1,0,0.3019268
1,1,0.5519815
0,0,0.45350373
0,1,0.5612275
0,1,0.5707709
1,1,0.6696154
0,0,0.38179764
0,0,0.43335968
0,1,0.57155573
1,0,0.4816056
0,0,0.40829077
0,0,0.32418403
1,0,0.29629672
0,1,0.5730243
1,1,0.5392904
0,1,0.657629
0,0,0.3099398
1,1,0.8554639
0,0,0.4255034
1,0,0.35821167
1,1,0.5883189
0,1,0.6581448
1,1,0.72346365
0,1,0.7383075
1,1,0.6465775
1,1,0.7653147
1,0,0.4349173
1,0,0.34388992
0,0,0.2433424
0,0,0.36719558
0,0,0.4290175
1,0,0.32520053
1,1,0.63053024
0,1,0.5359404
0,1,0.64963627
1,1,0.68785816
1,0,0.34584162
0,0,0.3260808
1,1,0.7262548
0,1,0.5687988
1,1,0.64340806
0,1,0.5994535
0,0,0.47245848
0,1,0.54186267
1,1,0.6899761
0,0,0.45514417
0,0,0.38199726
1,1,0.572825
1,0,0.3721393
0,1,0.5345861
0,0,0.24815002
1,0,0.36848274
1,0,0.31737736
1,1,0.55263126
0,0,0.27868018
1,1,0.7085651
0,0,0.38571844
0,1,0.5773192
0,0,0.33799168
1,1,0.64764756
0,0,0.21584855
0,0,0.26453763
1,0,0.4988985
1,1,0.63610816
0,0,0.24142899
0,1,0.55262005
1,1,0.70305026
0,0,0.37819114
1,1,0.64314353
1,0,0.15276171
0,1,0.5570109
1,1,0.69529474
0,0,0.39446455
0,0,0.40999824
0,1,0.7729926
1,0,0.45050016
0,1,0.52273506
1,1,0.5579312
1,0,0.36237732
0,0,0.3466962
0,1,0.6116338
0,0,0.40681526
0,0,0.45833284
0,0,0.47768274
0,0,0.37519106
0,1,0.58609724
1,0,0.1743768
0,1,0.6272702
0,0,0.31980747
1,1,0.7509751
0,0,0.39943865
0,0,0.44619298
0,0,0.46204603
1,0,0.44975716
1,1,0.53257245
1,1,0.59298253
0,0,0.2867187
0,0,0.46017346
0,0,0.39434072
0,0,0.40745997
0,0,0.42859077
0,1,0.61373925
0,1,0.62841904
0,1,0.52452576
1,1,0.6116223
0,1,0.6906074
0,0,0.39331764
0,0,0.121441066
1,0,0.41184103
0,0,0.42048633
0,1,0.70877504
1,1,0.5087013
0,1,0.5032148
0,1,0.6558815
1,1,0.6468195
1,0,0.48450696
0,0,0.38996097
0,1,0.7724382
0,1,0.6626078
0,0,0.3812069
0,0,0.2592813
0,0,0.2931319
0,0,0.4893989
1,0,0.30737615
0,0,0.44432917
0,0,0.3886882
1,1,0.8000181
1,0,0.44527122
1,1,0.6666696
0,0,0.44300613
0,0,0.47265562
1,1,0.7910926
0,0,0.30260375
0,0,0.4089973
0,0,0.32475013
0,0,0.3672427
0,0,0.45958748
0,0,0.41303843
0,0,0.42178443
0,1,0.5416914
0,0,0.4329319
0,1,0.6080416
1,1,0.62581015
1,1,0.6706842
0,0,0.3378071
0,0,0.33885378
1,1,0.5783737
1,0,0.49229893
1,0,0.39815965
0,0,0.3560521
1,1,0.67049074
0,0,0.41232497
0,0,0.4613933
0,1,0.50053245
1,0,0.37069497
0,0,0.20290223
0,1,0.5613817
1,1,0.69718766
1,1,0.687233
0,0,0.33843583
1,0,0.38718683
0,0,0.3331673
1,0,0.3441103
0,0,0.2465742
1,1,0.6915444
0,0,0.3193216
1,1,0.65371144
0,0,0.37416697
1,0,0.3528969
0,1,0.5360862
0,0,0.4031426
1,0,0.30401692
0,0,0.4816257
0,0,0.28082275
1,1,0.60582495
0,0,0.34842935
0,1,0.5883297
1,1,0.6359625
0,1,0.51469445
0,0,0.41038853
0,1,0.5592954
0,1,0.61850345
0,0,0.41381252
0,0,0.48635787
0,1,0.5121787
0,0,0.38182893
0,0,0.34489903
1,1,0.6347113
0,0,0.48062915
1,1,0.5599976
0,0,0.49827522
1,1,0.6914854
0,0,0.45547095
0,0,0.42427805
0,1,0.71177924
0,0,0.29563186
0,1,0.54046226
1,0,0.46437672
0,1,0.5321373
0,0,0.39188787
0,0,0.29772577
0,0,0.47208053
0,0,0.37046996
1,0,0.4641669
1,0,0.4582953
0,1,0.5394763
0,0,0.41742527
0,0,0.4346584
0,1,0.59053063
0,0,0.42460406
0,0,0.1152097
0,1,0.65204394
0,1,0.5170629
1,0,0.23385268
1,0,0.3439704
0,1,0.594045
1,1,0.59029305
0,1,0.5371771
0,1,0.7124103
0,1,0.55846965
0,1,0.7861648
0,0,0.31506935
0,1,0.51080847
0,1,0.68856215
0,0,0.45051226
0,1,0.51660573
0,0,0.48930588
1,0,0.42815307
0,1,0.5112883
1,0,0.37180495
0,0,0.44225737
0,0,0.36876523
0,0,0.38351277
0,0,0.36224818
0,0,0.45831892
0,0,0.42240065
0,1,0.55912125
0,0,0.4029861
1,1,0.63346696
0,1,0.52668977
1,1,0.6230459
0,0,0.3522242
0,1,0.6582225
1,1,0.6938462
0,0,0.43546396
0,1,0.57787853
1,0,0.25787014
0,0,0.4034117
1,1,0.6100955
0,0,0.40967143
0,1,0.6367766
0,1,0.62899625
1,1,0.7509566
0,0,0.35428804
1,1,0.7026098
1,0,0.39758936
1,1,0.56186163
0,1,0.57313526
1,1,0.64480424
1,1,0.63551986
1,0,0.39795956
0,0,0.2468085
1,1,0.75473905
0,0,0.3705191
0,0,0.32428753
0,1,0.65634096
0,1,0.63415796
1,0,0.31875703
0,0,0.2663294
1,1,0.51474905
1,1,0.5671296
0,0,0.47586173
0,0,0.2000874
1,1,0.6031232
0,0,0.43665233
0,1,0.60770667
0,1,0.5473733
0,0,0.19029495
0,0,0.48917806
1,1,0.6120399
0,0,0.4060252
1,1,0.5082943
0,0,0.22705968
0,0,0.43882862
0,0,0.27989832
0,0,0.45942685
0,0,0.49146253
1,0,0.37930706
1,1,0.6723674
0,0,0.3039853
1,1,0.80111676
1,0,0.49566644
1,1,0.6909989
0,0,0.43179074
0,0,0.37956685
1,0,0.36477318
0,0,0.33515427
0,0,0.2758205
0,0,0.304342
1,1,0.5801935
1,1,0.6734835
0,0,0.35600713
0,1,0.67380583
0,0,0.493961
1,0,0.35710657
1,0,0.30887502
0,0,0.36989295
1,1,0.5485244
0,0,0.35734364
0,0,0.339167
0,0,0.46372378
0,1,0.8497205
1,1,0.7358096
1,1,0.53927004
0,1,0.5773657
1,0,0.33815256
0,0,0.4640614
0,1,0.7261464
1,0,0.3801456
1,0,0.48355585
0,1,0.5835454
1,1,0.7368645
0,0,0.4222205
1,0,0.21756957
0,1,0.5243163
0,0,0.3903754
0,1,0.5101681
1,0,0.43140665
0,0,0.3999603
1,1,0.64980865
0,1,0.79565364
1,0,0.32664257
0,0,0.40551898
1,1,0.83296984
0,0,0.41077545
0,0,0.44353315
1,0,0.47157317
0,0,0.23405859
0,1,0.5356213
1,1,0.5104226
0,0,0.21592204
1,1,0.5901366
1,1,0.6679216
1,1,0.7061882
0,1,0.5221609
1,1,0.79497206
0,0,0.2701502
0,0,0.40145934
0,1,0.64850515
1,1,0.51223505
0,1,0.69644606
0,0,0.3705204
0,1,0.5280743
0,0,0.45127124
0,0,0.4109867
0,0,0.47428727
0,0,0.38664436
0,0,0.3353814
0,0,0.44697973
1,1,0.5611833
0,1,0.63550353
0,0,0.3497246
0,0,0.33871546
1,1,0.7311038
0,1,0.7108865
0,0,0.46985707
1,1,0.6236181
0,1,0.56530356
0,1,0.56349874
1,0,0.4875249
0,0,0.36980104
0,0,0.41274288
0,1,0.6032423
0,0,0.42025188
1,0,0.40869597
0,1,0.52394974
0,0,0.4682859
0,1,0.61609066
0,1,0.50706637
0,1,0.5404315
0,0,0.43261346
0,0,0.3569094
0,0,0.3636145
0,0,0.16715431
0,0,0.36457768
1,1,0.6864871
0,0,0.3852821
1,1,0.61393476
0,0,0.41754973
0,0,0.32315397
1,1,0.70940393
1,1,0.7486483
1,0,0.3752257
1,1,0.6211448
0,0,0.41746092
0,0,0.37892103
0,0,0.42112666
0,0,0.28997764
1,1,0.8424969
0,1,0.5505351
0,0,0.41817176
0,1,0.6437663
0,0,0.44722706
0,1,0.7472068
0,1,0.6452682
1,1,0.5154458
0,0,0.46153215
0,0,0.32648566
0,0,0.23056313
1,0,0.30716777
1,0,0.31900504
1,1,0.5666665
1,1,0.83322126
0,1,0.52759725
0,1,0.547419
0,1,0.69188917
0,0,0.2642346
0,0,0.3933698
0,0,0.4336927
1,0,0.39959282
1,0,0.26572782
0,0,0.47138232
0,0,0.40597415
1,1,0.5813625
1,1,0.6601649
0,0,0.37781015
1,0,0.38700882
0,1,0.71746534
0,0,0.3978514
0,0,0.3885064
0,0,0.36443222
0,1,0.56094587
0,0,0.4001763
1,1,0.6113596
0,0,0.25955632
0,0,0.26038784
0,0,0.4744806
1,1,0.5747203
0,0,0.3056084
0,0,0.29911914
0,1,0.5855416
0,1,0.50747657
0,0,0.38213053
1,1,0.75889945
0,0,0.47337076
0,1,0.74586904
1,0,0.4332149
0,1,0.5012527
0,0,0.2749931
0,0,0.13638991
0,0,0.45147792
0,1,0.74212503
0,0,0.49140203
0,1,0.6502506
1,1,0.64216435
1,1,0.54949296
0,1,0.7152008
0,1,0.5765302
1,1,0.5070696
0,0,0.3718789
0,1,0.6889738
0,1,0.6072116
0,1,0.66502535
1,0,0.30483758
1,0,0.3719685
0,1,0.5641995
1,0,0.4385252
0,0,0.38835204
1,1,0.7171862
1,0,0.44862407
0,0,0.4718645
0,0,0.2753855
0,0,0.40211108
1,0,0.25311053
1,0,0.4125645
0,0,0.35951212
1,1,0.9246199
0,1,0.7228463
0,1,0.6946434
0,0,0.45626283
1,1,0.67704785
0,0,0.28026164
0,0,0.1464473
0,0,0.4574775
0,0,0.35604998
0,0,0.43739513
1,0,0.41657025
1,0,0.27641398
0,1,0.71945566
0,0,0.33502537
1,1,0.723389
1,0,0.39346752
0,0,0.4111232
0,1,0.6444012
0,1,0.7232931
0,0,0.370242
0,0,0.41891336
0,0,0.45285425
1,0,0.46667802
0,1,0.63170123
0,0,0.3670045
0,0,0.13614205
0,0,0.42389646
0,1,0.60412395
1,1,0.6372387
0,1,0.6743608
0,1,0.6000478
0,0,0.45530868
0,1,0.62519884
0,1,0.8384898
0,0,0.40572208
1,1,0.81599516
0,0,0.39246616
1,1,0.77699304
0,0,0.44061422
0,0,0.37735885
0,1,0.5275309
0,0,0.22585772
1,1,0.54452693
1,1,0.7461546
0,0,0.3298617
0,0,0.4395039
0,0,0.37974602
1,0,0.4206859
0,0,0.45593134
0,0,0.34472913
0,0,0.31817076
0,0,0.2814524
1,1,0.79849887
0,0,0.452639
0,1,0.5360881
0,1,0.7072513
1,1,0.72149056
0,1,0.52430856
0,0,0.36552286
0,1,0.5212544
1,0,0.46988842
1,1,0.62518775
0,0,0.3415095
1,0,0.41014478
1,1,0.52961874
1,0,0.30854583
1,0,0.35916528
0,1,0.68927264
0,0,0.32253933
0,1,0.5854132
0,1,0.6033995
1,1,0.5664422
0,0,0.34094167
1,0,0.34181282
1,0,0.39426333
0,1,0.7134862
1,0,0.23115763
1,1,0.5783184
1,1,0.87409157
0,1,0.77296007
1,0,0.44650596
0,0,0.4545742
0,1,0.5543037
1,0,0.35844982
1,1,0.5306056
0,0,0.40990353
0,0,0.25502357
0,0,0.45098206
0,1,0.59667134
0,0,0.34506747
0,1,0.556531
0,0,0.47651255
1,0,0.4738156
1,1,0.68048155
0,1,0.5928612
0,1,0.51720405
0,0,0.28500515
1,1,0.71468145
1,0,0.43859935
0,0,0.21820775
0,0,0.33054405
0,0,0.22899929
0,0,0.4210781
0,0,0.41217545
1,1,0.60884815
1,0,0.31516403
1,1,0.6937792
1,1,0.6332045
0,1,0.65540266
0,0,0.36051682
0,0,0.37111202
1,0,0.33958852
0,1,0.5059297
1,0,0.4440777
0,0,0.42222223
0,1,0.63800836
1,0,0.33247632
0,0,0.3404893
0,0,0.49118802
1,0,0.43914506
1,0,0.35447145
0,0,0.3628699
0,1,0.54307437
0,1,0.54894686
0,1,0.5967019
1,0,0.4295249
0,1,0.5065223
0,1,0.602224
0,0,0.32612312
1,1,0.6389464
0,0,0.33923733
0,1,0.68576336
0,1,0.6117271
1,1,0.65443844
1,1,0.7620056
1,1,0.66933453
0,0,0.3192088
0,0,0.32693
1,1,0.5428701
0,0,0.3661134
0,0,0.27480587
0,0,0.3270732
0,0,0.3182228
1,1,0.77442193
0,1,0.53403056
0,0,0.36694983
0,1,0.6425717
0,0,0.3173923
0,1,0.5827596
0,0,0.38762873
0,0,0.39876303
0,0,0.41390657
0,0,0.30451173
1,1,0.7978263
0,0,0.38111436
0,0,0.41836533
0,0,0.42972413
0,1,0.63607347
0,0,0.43313617
1,0,0.4065382
1,0,0.3820117
1,1,0.59742296
1,1,0.7010536
0,0,0.34056014
0,0,0.3331743
0,1,0.7781588
1,1,0.8689048
1,1,0.6456785
0,1,0.5261718
0,1,0.6100614
0,1,0.6162635
1,1,0.7134725
0,0,0.47724313
0,1,0.539428
0,1,0.50724685
0,1,0.51513505
1,1,0.6390852
0,0,0.3500821
1,1,0.57637084
0,0,0.40517315
0,1,0.5658412
0,1,0.57580435
0,1,0.5061076
1,1,0.5004519
0,0,0.18013556
0,0,0.46329534
1,1,0.65826607
0,0,0.24878323
1,1,0.6370047
0,0,0.40678975
1,1,0.52370775
1,1,0.5755135
1,1,0.5798589
0,0,0.44962174
1,0,0.2670652
0,0,0.3175284
0,1,0.5168276
1,0,0.3764291
0,0,0.36399537
0,0,0.42020223
1,0,0.48512083
0,0,0.4509513
0,0,0.3217791
0,0,0.20518999
0,1,0.596489
0,0,0.4365962
1,1,0.7338195
0,0,0.35675743
0,0,0.40169036
1,1,0.6411085
0,0,0.48686808
1,0,0.4564941
0,1,0.71871495
0,0,0.3575647
0,1,0.73319435
0,0,0.30083716
0,1,0.5007637
0,0,0.29100677
0,1,0.5346254
1,0,0.34735313
0,0,0.20318949
1,1,0.7073375
0,0,0.29142964
0,0,0.20543139
0,1,0.66329026
0,0,0.42487147
0,1,0.5128328
1,1,0.651399
0,0,0.37968305
0,0,0.44277507
1,1,0.6835592
0,0,0.40547222
0,0,0.42538354
0,1,0.53825164
0,1,0.6210414
1,0,0.32135528
0,0,0.14472447
1,1,0.62969476
1,0,0.48585925
1,1,0.5469222
0,1,0.59268254
0,1,0.5544239
0,1,0.57099336
0,1,0.59790987
1,1,0.75738156
0,0,0.31307814
0,0,0.3952042
0,0,0.43719366
0,0,0.19843584
0,0,0.49074924
0,0,0.28465036
0,0,0.47526386
0,0,0.3286606
0,0,0.34470138
0,0,0.470514
0,1,0.7185664
0,0,0.47589454
0,0,0.38914573
1,1,0.5237919
0,1,0.664395
0,0,0.30384317
1,1,0.753245
0,0,0.4357526
1,0,0.19212727
0,1,0.57583404
0,1,0.54896784
1,0,0.124857545
1,0,0.4443811
0,0,0.2410839
1,1,0.62078905
0,0,0.4141689
0,0,0.32058915
0,1,0.64047366
1,1,0.59213746
0,0,0.32352066
0,0,0.270025
0,1,0.5423147
0,0,0.34440875
0,1,0.6681273
0,1,0.50352156
1,0,0.49297795
1,1,0.5759015
1,1,0.5864936
0,0,0.47981423
0,0,0.25319892
0,0,0.32218403
1,0,0.3087019
0,1,0.51433593
0,0,0.32206872
1,1,0.5369518
0,1,0.7307491
1,1,0.53321505
0,0,0.40343362
0,0,0.43423912
1,0,0.31466767
1,1,0.560837
0,0,0.40244114
0,1,0.50794727
0,0,0.29053962
1,0,0.32530573
1,1,0.64839476
1,1,0.7294359
0,1,0.6169977
0,0,0.33826438
0,1,0.6881411
1,1,0.67122805
0,0,0.3863598
0,1,0.56706166
0,0,0.43230912
1,1,0.5698944
0,0,0.47805828
0,1,0.6393981
0,0,0.45341614
0,0,0.46131846
0,0,0.36814123
0,1,0.6989947
1,1,0.63038456
0,1,0.6034936
0,0,0.4342057
1,1,0.5216123
1,1,0.62624896
1,1,0.54637027
0,0,0.41896817
1,1,0.7157625
0,1,0.6036423
0,0,0.3044929
1,1,0.5217153
1,1,0.65495515
1,0,0.3976113
0,0,0.4300533
0,1,0.53955984
1,1,0.70142794
0,0,0.40237767
1,0,0.35898492
0,0,0.25499943
0,1,0.59462667
0,0,0.32546288
1,1,0.5704887
0,0,0.25266838
0,0,0.4960132
1,0,0.46623266
0,1,0.51185757
0,1,0.519924
0,0,0.49626887
0,0,0.39783037
0,0,0.44170567
1,0,0.42712185
0,1,0.503963
0,0,0.42097047
1,1,0.71075803
0,0,0.43395823
1,0,0.27503088
1,1,0.5875938
0,1,0.73323655
1,0,0.49230254
0,0,0.42483652
1,1,0.5181928
0,0,0.37011978
0,1,0.53536737
0,0,0.2887946
1,0,0.42201602
0,0,0.45206675
1,1,0.6898825
0,0,0.31969532
0,0,0.49316135
1,0,0.39746413
0,1,0.7415895
1,0,0.4536902
0,0,0.4652285
0,0,0.2918559
1,0,0.38642588
1,0,0.12028381
0,0,0.33030263
0,1,0.69150865
0,1,0.5679054
0,1,0.530532
1,1,0.7103343
1,1,0.6492882
0,0,0.25904104
0,0,0.401836
0,0,0.44680366
1,1,0.74435484
0,0,0.35390574
0,0,0.39789706
1,1,0.7280129
0,0,0.34473363
0,1,0.5893284
0,1,0.5357502
0,1,0.551278
0,1,0.53034943
1,0,0.4462554
0,1,0.5081501
1,1,0.888443
1,1,0.62562895
0,0,0.30049446
0,0,0.43496275
0,0,0.39603302
0,0,0.41932663
1,1,0.62806654
0,0,0.32885152
1,0,0.4741422
0,0,0.4808049
0,0,0.34933308
1,0,0.29931262
0,0,0.26995444
0,0,0.20455982
1,0,0.45385048
1,1,0.8346453
0,0,0.43889725
1,1,0.7693947
0,0,0.383271
0,0,0.37242597
0,0,0.47118157
0,1,0.5907706
0,0,0.48852134
0,0,0.3219712
0,1,0.6709914
1,1,0.81092393
0,0,0.41020465
0,0,0.44467267
1,1,0.7181225
0,0,0.36426154
0,0,0.31458864
1,1,0.6904399
0,0,0.4753623
0,0,0.37873876
0,0,0.35943142
0,0,0.4035096
1,1,0.7211261
0,1,0.67957455
1,0,0.47599375
1,0,0.47118005
0,0,0.37533432
1,0,0.21604678
0,0,0.47835478
0,1,0.58199364
1,1,0.5076989
1,1,0.7147224
0,0,0.38154113
0,0,0.40730137
1,0,0.39672393
0,1,0.78145
1,0,0.31876948
1,1,0.7641573
1,1,0.71852314
1,1,0.8754826
0,0,0.3807193
1,1,0.5169212
1,1,0.7214486
1,1,0.54581165
1,1,0.6734683
0,0,0.36573726
1,0,0.44949326
1,1,0.6326764
1,1,0.52318
1,0,0.4314063
1,1,0.7030941
0,1,0.5857142
1,1,0.530857
1,0,0.24363025
1,0,0.32890385
0,1,0.5854395
1,1,0.6586284
1,1,0.7340318
0,1,0.5051681
0,0,0.49199548
0,1,0.6698545
1,0,0.41821703
1,0,0.4391726
0,0,0.31529823
1,1,0.76314414
0,1,0.69523895
0,1,0.56775737
0,0,0.36239186
0,0,0.33004266
1,0,0.3277138
1,1,0.52684987
1,0,0.31427938
1,1,0.6102253
1,1,0.5156554
0,0,0.29943648
0,1,0.53935754
0,0,0.34737766
1,1,0.5389253
1,1,0.77015543
0,0,0.4504271
0,1,0.6148069
1,1,0.6325038
1,0,0.42742372
0,0,0.29888093
0,0,0.41031536
1,0,0.4170942
1,0,0.3489297
1,0,0.47936007
1,1,0.5206449
0,0,0.45205578
0,1,0.75553745
0,0,0.28964114
0,0,0.30404884
1,1,0.7921725
1,1,0.5134875
1,1,0.8556146
1,0,0.2930699
1,0,0.38545766
1,1,0.8132001
0,1,0.61078787
0,0,0.24460086
0,1,0.54319996
1,1,0.74354696
1,0,0.38951197
0,0,0.4605504
1,1,0.524937
0,1,0.65116376
1,1,0.7029072
1,1,0.51679444
0,0,0.37455443
1,1,0.59428424
1,0,0.41224077
0,0,0.39850223
1,1,0.6147789
0,1,0.60272574
0,0,0.3986714
0,0,0.22788179
0,1,0.5296674
0,1,0.6440897
0,0,0.2832682
1,1,0.71648884
0,0,0.18121032
1,0,0.4729983
1,0,0.49614996
0,0,0.26269725
1,0,0.2844272
0,0,0.4025435
1,0,0.45812297
0,0,0.4752205
1,0,0.43706664
1,1,0.5301554
1,1,0.6597157
0,0,0.4188516
1,1,0.6544618
1,0,0.301384
0,0,0.3728283
1,1,0.8333293
0,1,0.6951723
1,1,0.66453403
1,0,0.25432533
0,0,0.39074752
0,0,0.43798894
0,1,0.62022233
0,1,0.5051525
1,1,0.5811124
1,1,0.5041133
1,1,0.572749
1,0,0.28673896
0,1,0.6977941
1,1,0.6981833
0,1,0.62341535
0,0,0.3524258
1,1,0.62632537
1,1,0.6754129
0,1,0.5827543
1,0,0.48167616
0,0,0.29336104
1,1,0.60846627
1,1,0.7132195
0,0,0.40274176
1,1,0.70840454
0,0,0.24801956
1,1,0.5678109
1,0,0.3785521
1,0,0.31170347
1,1,0.521336
0,1,0.6605233
0,0,0.4116626
1,0,0.44003445
0,1,0.61388016
0,0,0.34654945
0,0,0.43378776
0,0,0.2026184
0,0,0.46885282
0,0,0.38601765
1,1,0.7202218
0,0,0.31690815
1,1,0.5636134
0,1,0.51225615
0,0,0.20862348
0,0,0.32962373
0,0,0.33445862
0,0,0.27092078
0,0,0.22409968
1,0,0.47009346
1,1,0.60368145
0,1,0.61810225
0,1,0.60382545
0,0,0.4686578
1,1,0.5915097
1,1,0.7091011
0,1,0.51967525
0,1,0.52539146
0,1,0.50262475
0,0,0.42125097
0,0,0.48190206
0,0,0.4223326
1,0,0.42077973
0,0,0.34772006
0,0,0.3817337
1,1,0.80317557
1,0,0.33194128
0,1,0.5171224
1,1,0.84765327
0,1,0.68189204
1,1,0.7244581
0,0,0.40515947
0,0,0.31392807
0,0,0.26578128
0,0,0.3938017
1,1,0.7259975
0,0,0.17478229
0,0,0.31440336
0,0,0.43479547
1,0,0.49643853
0,1,0.5432947
0,1,0.7277476
1,1,0.5232158
1,1,0.54467595
0,1,0.544413
1,0,0.4864704
1,1,0.6649716
0,0,0.4392996
0,0,0.4070764
0,0,0.16777524
1,1,0.83587193
1,1,0.57649195
0,0,0.37588787
1,0,0.285968
0,0,0.42740524
0,1,0.55294365
0,0,0.41705495
0,1,0.6067536
0,1,0.7855226
0,0,0.4051239
0,1,0.61033434
1,0,0.44894543
1,1,0.5821717
1,1,0.6157483
0,1,0.5740355
1,1,0.62228036
0,1,0.5406204
0,0,0.3636365
0,1,0.5076896
1,1,0.73777366
0,1,0.61422944
0,0,0.36488494
0,0,0.29016188
1,1,0.70083845
0,0,0.43522373
0,0,0.36236608
1,1,0.6786212
0,0,0.28519788
0,1,0.6625887
0,0,0.3443439
0,0,0.43913338
0,0,0.42460087
0,0,0.27616894
0,0,0.40206993
0,1,0.5811088
0,0,0.43764135
1,1,0.60252047
0,1,0.56203043
1,0,0.395898
1,1,0.5253248
1,1,0.8047961
0,0,0.38380882
0,0,0.40192407
1,0,0.4247307
0,0,0.2133976
0,0,0.42159
0,0,0.47761282
0,1,0.5241105
0,0,0.42964643
0,0,0.33770818
0,1,0.7516876
0,1,0.5647609
0,0,0.40732253
1,1,0.54874283
1,1,0.69508684
0,0,0.2673884
0,1,0.55392265
0,0,0.24293402
1,1,0.5716795
0,0,0.3080501
0,0,0.36554986
0,0,0.39022458
0,0,0.30553523
1,1,0.5993439
0,1,0.6231476
1,0,0.44653067
0,0,0.3156466
1,0,0.4404727
1,1,0.6173041
0,1,0.67511606
1,1,0.6138898
1,0,0.45737112
0,0,0.43118677
0,0,0.31947306
1,0,0.4514405
0,0,0.40245122
0,0,0.33899376
0,0,0.4444143
0,0,0.3990796
0,0,0.25699076
0,0,0.32168508
1,0,0.3361166
0,0,0.34603077
0,1,0.7227928
1,1,0.53027296
0,0,0.19495407
0,0,0.14595431
0,0,0.27998713
0,0,0.41275448
0,1,0.52425545
0,1,0.58566
1,1,0.5837052
1,0,0.44060704
0,1,0.5561573
0,1,0.5036441
1,0,0.3487819
0,0,0.49898207
1,1,0.6553202
0,0,0.31117308
0,0,0.27796137
0,1,0.5633254
0,0,0.44650996
1,1,0.51767004
0,1,0.5371311
1,1,0.59188575
0,0,0.49433753
1,1,0.7063694
0,0,0.39104146
1,0,0.14056544
0,1,0.65606606
0,0,0.35774103
0,1,0.55654025
0,1,0.7156302
1,0,0.24065271
0,0,0.4414456
0,0,0.47064465
0,0,0.41878954
1,1,0.73069024
1,1,0.55257505
1,1,0.69739586
1,0,0.46760663
0,1,0.62720346
1,1,0.5063372
0,0,0.44204673
0,1,0.54828596
0,0,0.36433107
0,1,0.54854274
0,0,0.48443067
1,1,0.55260104
0,1,0.62872696
1,0,0.39618495
0,1,0.6390959
1,0,0.310292
1,0,0.45519167
1,1,0.53213096
0,0,0.3556119
0,0,0.41824868
0,0,0.15491731
0,1,0.5589881
1,1,0.74403644
0,0,0.29775885
0,0,0.40470257
1,0,0.3775071
0,1,0.6493065
0,0,0.3927551
1,1,0.5359096
0,1,0.501004
0,0,0.3333728
1,0,0.40472385
1,0,0.3093997
0,0,0.37495762
0,1,0.59693205
0,0,0.4664642
0,0,0.4122884
0,1,0.65724957
0,0,0.19333187
0,1,0.6639533
0,1,0.5099545
0,0,0.4369223
1,0,0.42276454
0,0,0.42967862
0,0,0.40001056
1,0,0.30022982
1,0,0.31553438
0,0,0.2570817
1,1,0.5970176
0,0,0.15812045
1,1,0.5959977
1,0,0.4491411
0,0,0.29012355
0,0,0.39487514
1,0,0.40267944
0,0,0.42229313
1,0,0.379593
0,1,0.5382352
0,1,0.72532445
0,0,0.49909532
1,0,0.4333757
1,1,0.7396929
1,0,0.36203158
0,1,0.7855717
1,1,0.666569
0,0,0.28160068
1,1,0.5380635
0,0,0.48611745
0,0,0.34846213
1,0,0.3840977
1,1,0.7580976
0,0,0.41456905
1,1,0.624429
1,1,0.59513617
0,0,0.425611
1,0,0.290169
1,1,0.6109801
0,0,0.34478492
1,0,0.4839228
0,0,0.3987399
0,0,0.42553243
1,0,0.33349183
0,0,0.33038127
0,0,0.4433396
0,1,0.7363925
1,0,0.42602307
1,1,0.5062374
0,0,0.34567574
0,1,0.694758
0,0,0.39408246
0,0,0.21592031
0,1,0.577248
0,1,0.50709957
1,0,0.43449643
0,0,0.38142693
1,0,0.4795479
0,1,0.7052231
1,0,0.3869231
1,1,0.7299156
1,1,0.7350368
0,1,0.605899
0,0,0.19880325
0,0,0.44665024
0,1,0.62056494
1,1,0.6077645
1,1,0.545305
0,0,0.3202486
1,1,0.6559619
0,1,0.61136866
0,1,0.665861
0,1,0.5099125
1,0,0.40779382
0,0,0.377471
0,1,0.63342273
0,0,0.24214457
1,1,0.61323637
0,0,0.254204
0,1,0.63024294
1,0,0.49121335
0,0,0.144912
0,0,0.44553572
0,0,0.18408291
0,1,0.6281135
0,0,0.43531412
0,1,0.52497256
0,0,0.27356508
1,0,0.41763577
0,0,0.4999122
0,0,0.343009
0,0,0.47170526
0,1,0.776155
0,0,0.2888065
1,0,0.33446985
0,1,0.6660146
0,0,0.42103764
1,0,0.39117226
0,1,0.6287164
1,0,0.45863795
1,1,0.71167356
1,0,0.48078603
0,0,0.1363994
0,0,0.4166772
0,0,0.35580575
0,1,0.6069343
1,0,0.49277985
0,0,0.2060415
1,1,0.8021693
1,1,0.7597728
1,0,0.4608067
0,0,0.28278756
0,0,0.45658803
0,1,0.68480885
1,1,0.7082543
0,0,0.4686182
1,0,0.4813329
0,0,0.34233484
1,1,0.69055474
0,1,0.69282293
0,0,0.45111412
0,0,0.20535314
0,0,0.45888475
0,0,0.4570681
1,1,0.567354
0,1,0.65850514
0,0,0.37074834
0,1,0.55207896
0,0,0.43218684
0,0,0.36146697
1,1,0.6004677
0,1,0.5335486
1,1,0.6543584
1,0,0.2529128
0,0,0.20271264
1,0,0.41299823
0,0,0.35277367
0,0,0.33469
1,1,0.7295741
0,0,0.42907095
0,0,0.3362468
0,0,0.4354026
0,1,0.5598754
1,1,0.5151975
0,1,0.58097756
0,1,0.6610304
0,0,0.4849445
0,0,0.4805262
0,1,0.685152
0,0,0.3154559
1,0,0.30509362
0,1,0.5816927
1,1,0.7199401
0,0,0.34738797
0,0,0.23008518
0,0,0.38301015
0,1,0.5208751
1,1,0.70962775
0,0,0.25512725
1,1,0.6348448
1,1,0.5202008
0,1,0.69502676
0,1,0.5085945
1,1,0.61904275
1,1,0.67066824
0,1,0.56158245
1,1,0.6743176
0,0,0.38069332
0,0,0.3824466
0,0,0.37939265
0,1,0.6594034
0,0,0.36046875
0,1,0.6309079
0,0,0.38054016
1,1,0.6769887
0,1,0.660568
0,1,0.5415541
0,0,0.46887457
0,1,0.58193535
1,1,0.7683784
0,0,0.40576062
0,0,0.30925786
0,1,0.5665686
0,0,0.21863447
1,0,0.48500177
0,0,0.24614829
1,1,0.59755355
0,1,0.5036189
0,0,0.13408852
0,0,0.4132835
0,1,0.6249312
1,1,0.7136545
1,0,0.4721232
0,0,0.28256273
0,0,0.46008423
0,1,0.6844126
1,1,0.62574506
0,0,0.20370834
0,0,0.41491273
0,0,0.4379525
1,0,0.34086776
1,0,0.29241607
0,1,0.58504146
1,1,0.6264424
1,0,0.14970292
0,0,0.27767247
0,0,0.438675
1,0,0.35073784
1,1,0.54722893
1,1,0.64648384
0,1,0.6366396
0,0,0.34089231
1,1,0.6242492
0,0,0.40082654
0,0,0.43051404
1,1,0.5500578
1,0,0.36004624
0,0,0.47792375
0,0,0.31318164
1,1,0.63025737
0,1,0.59127176
0,0,0.1533266
0,0,0.33446977
0,0,0.26556644
0,0,0.48791385
0,0,0.32483876
0,0,0.38776475
1,0,0.37577617
0,0,0.3985944
1,0,0.39267123
1,0,0.4564849
0,1,0.5007341
0,0,0.3928345
0,1,0.5077722
0,0,0.29345167
1,1,0.5174614
1,0,0.35535377
0,1,0.524474
0,0,0.35947472
0,0,0.27859646
1,1,0.66241455
1,1,0.8727258
0,0,0.4832679
0,0,0.285396
0,1,0.519405
1,0,0.34484914
0,0,0.46271166
1,1,0.6182752
1,0,0.48527396
0,0,0.40182525
0,0,0.43545893
0,0,0.43645337
0,0,0.27312016
0,0,0.27971867
0,0,0.41419634
1,0,0.44696057
0,0,0.32896444
0,1,0.62089914
0,1,0.63944286
0,1,0.6449102
1,1,0.6473716
1,1,0.6637393
0,0,0.35276553
0,1,0.52956975
0,0,0.4204495
0,0,0.42076287
0,0,0.38342226
0,0,0.33915642
0,1,0.53179026
0,1,0.6650935
0,0,0.4228733
0,0,0.2783539
0,0,0.34763202
1,0,0.40600973
0,0,0.42999235
0,1,0.5265318
1,1,0.5742774
1,0,0.3055355
1,1,0.7210285
0,0,0.2064091
0,0,0.4211224
0,0,0.32004076
0,0,0.33975926
0,1,0.6388588
0,1,0.5160371
1,0,0.40273762
0,1,0.51037395
0,1,0.6891476
0,0,0.30964553
1,1,0.60311997
0,0,0.46927848
1,1,0.53478706
1,1,0.61267316
0,0,0.44687617
0,0,0.4220545
0,0,0.44547078
1,0,0.40435195
0,1,0.5251514
0,0,0.2906473
0,0,0.4162796
1,1,0.68985915
0,1,0.65400136
1,0,0.43992463
0,0,0.46448037
0,0,0.2193154
0,0,0.40850112
0,0,0.47644886
0,1,0.70318514
0,0,0.31877732
0,0,0.23516266
0,1,0.5355426
0,1,0.6044643
1,0,0.48740965
1,1,0.7798408
1,1,0.5550503
0,0,0.46187633
0,1,0.5579429
0,1,0.6979742
0,0,0.47527605
0,0,0.27516797
1,1,0.69304246
0,0,0.27743134
1,0,0.39691538
1,1,0.60549414
0,0,0.33659333
0,0,0.21529888
0,0,0.3000954
0,0,0.43560454
1,1,0.75061846
1,0,0.3672477
0,0,0.4409463
0,1,0.50075567
0,0,0.2632948
0,0,0.41595143
1,1,0.6380532
0,0,0.4314827
1,1,0.55329037
0,1,0.51431656
1,0,0.38638514
0,1,0.7813648
0,0,0.3261968
0,0,0.3718329
1,1,0.5614147
0,0,0.44226947
0,1,0.7782989
0,0,0.31967998
1,0,0.43647423
1,0,0.3694569
0,0,0.26600802
0,1,0.73362565
1,1,0.52706707
0,0,0.49993232
1,1,0.5115865
1,1,0.53512514
1,0,0.4652021
1,0,0.36799175
1,1,0.5911159
1,1,0.7281728
0,0,0.38820094
0,0,0.25593558
0,0,0.3531433
0,0,0.44034708
0,0,0.36711723
0,0,0.32865512
0,0,0.43491533
0,0,0.3237037
0,0,0.40389282
0,0,0.47758195
0,1,0.7353834
1,1,0.76189065
1,0,0.4892861
1,0,0.46772835
1,1,0.53507924
0,0,0.2209933
1,0,0.48222354
1,1,0.69325507
0,0,0.36191645
0,1,0.60284746
1,1,0.55480146
0,0,0.31053072
1,1,0.82439667
0,0,0.46034995
0,1,0.6652071
0,0,0.48534572
1,1,0.78975976
1,1,0.6648295
0,0,0.3436364
0,0,0.4437648
0,1,0.5162815
1,0,0.4079823
1,1,0.65295386
0,0,0.33330408
1,1,0.7055528
1,0,0.4020134
1,1,0.53889334
0,0,0.297367
0,1,0.6612462
0,1,0.5422243
0,0,0.4335804
1,0,0.49438795
0,0,0.39011085
0,0,0.47022897
0,0,0.2254877
0,0,0.39543167
1,0,0.47808284
1,1,0.6514492
1,0,0.4188852
0,1,0.70782363
1,1,0.608361
1,0,0.38267407
0,0,0.3497328
0,0,0.30687723
1,1,0.6668779
0,0,0.4423047
0,0,0.21483329
0,0,0.29381686
1,0,0.4570614
0,0,0.41873258
0,0,0.343383
0,1,0.75186586
1,1,0.7021588
1,0,0.42179555
0,0,0.4186802
0,1,0.60162014
0,0,0.43943515
1,1,0.6448241
1,0,0.28868428
1,0,0.45449826
0,1,0.5129952
1,1,0.56801367
1,1,0.54821754
1,0,0.45349637
0,0,0.28676283
0,1,0.5329963
0,0,0.35441482
0,0,0.23205379
0,0,0.40065742
1,0,0.47996056
1,1,0.61295295
0,0,0.29533732
0,0,0.3632803
0,1,0.62840056
1,0,0.27934447
0,0,0.4357638
1,1,0.5499996
1,0,0.4736264
0,0,0.46727228
0,0,0.32503265
0,0,0.19867745
1,0,0.4476736
1,1,0.68680114
0,1,0.52981544
0,0,0.43645617
1,0,0.39103624
0,0,0.2821472
0,0,0.2641359
1,1,0.5118545
0,0,0.36499062
0,1,0.71340895
0,0,0.18813433
0,0,0.4112673
0,0,0.46368462
0,0,0.2842506
1,1,0.6285741
0,0,0.4997224
1,1,0.62433314
0,1,0.51679665
0,0,0.29348066
0,0,0.19111048
0,0,0.40124756
1,1,0.8598284
0,0,0.45567808
1,1,0.7636532
0,0,0.2924854
0,0,0.28832206
1,1,0.73520327
0,0,0.49168986
0,0,0.44452986
0,1,0.6198356
0,0,0.4958492
0,0,0.46328184
0,1,0.663515
0,1,0.5132742
0,0,0.3724098
1,0,0.39084148
0,1,0.71411467
0,0,0.43167308
0,0,0.35507098
0,1,0.5233873
1,1,0.77761066
0,1,0.6179794
0,0,0.39489943
1,1,0.68631804
0,0,0.42970216
1,1,0.531636
0,0,0.43460667
0,0,0.49576968
0,0,0.3244492
1,1,0.6300528
0,0,0.15948138
0,0,0.27611363
0,0,0.42965266
0,0,0.3520218
1,1,0.70983857
0,0,0.27859402
0,1,0.57352173
0,1,0.6105075
1,1,0.55748737
0,0,0.26134196
1,1,0.62417597
0,1,0.67028415
0,0,0.2559092
1,0,0.4710674
1,0,0.18746758
1,1,0.5603572
1,1,0.76850075
0,0,0.38083354
0,1,0.69249916
0,1,0.6408907
1,1,0.7987847
0,1,0.544441
0,0,0.24816564
0,1,0.54561776
1,1,0.5714134
0,1,0.758014
1,1,0.607037
0,0,0.4244088
1,1,0.69710684
0,0,0.34560937
1,0,0.3429028
0,0,0.46953046
0,0,0.32544628
1,0,0.4755936
1,0,0.4865257
0,0,0.26157442
1,1,0.58823705
0,0,0.30421147
0,0,0.33217087
0,1,0.5522233
0,1,0.7859961
0,0,0.39452207
0,0,0.38690916
0,1,0.7158768
1,1,0.7560312
0,0,0.41555145
1,1,0.65690315
0,1,0.59136367
1,1,0.6144342
0,1,0.5229997
0,0,0.3007081
0,1,0.51652837
0,1,0.50544417
1,1,0.77647734
1,1,0.66930807
1,1,0.65897465
1,0,0.38825428
0,0,0.3475507
0,0,0.47255793
0,0,0.46734443
0,0,0.40300643
0,0,0.40438896
0,0,0.39457402
1,1,0.60753125
0,0,0.21805273
1,1,0.55383444
1,0,0.4314092
0,0,0.38438058
1,1,0.5258099
0,1,0.74164844
0,0,0.40796295
0,0,0.31021184
0,0,0.3594512
0,1,0.6987145
0,1,0.5392577
0,0,0.48164257
1,1,0.7104381
1,1,0.767956
1,1,0.62252766
1,1,0.8797377
0,0,0.44832087
0,0,0.4307027
0,0,0.23961478
0,1,0.7597256
0,0,0.3025558
0,0,0.41961753
0,0,0.47643873
1,0,0.44347504
1,1,0.58565784
1,0,0.4391287
0,1,0.6024084
1,1,0.6073233
1,0,0.26332766
0,1,0.5102947
0,0,0.36180085
1,1,0.5022247
0,0,0.46150744
0,0,0.3447937
0,1,0.56588554
0,1,0.5254974
1,1,0.58045703
0,1,0.6122036
0,0,0.27261043
1,0,0.46135768
0,0,0.36307964
0,1,0.53078365
0,1,0.55927217
0,0,0.26983258
0,0,0.41445735
0,1,0.53706026
0,0,0.49416116
1,0,0.3348295
1,1,0.70073414
0,1,0.56906545
0,1,0.60685396
0,0,0.46231824
0,0,0.388187
1,1,0.5550717
0,0,0.49076033
1,1,0.5174828
0,1,0.52015364
0,0,0.42334253
0,1,0.6017362
1,1,0.6067716
0,0,0.41747552
1,0,0.3274917
0,0,0.32941872
0,0,0.2990489
0,0,0.41409275
0,1,0.6601913
1,0,0.37610242
1,1,0.64783925
0,0,0.4653435
0,1,0.54939044
0,0,0.3030271
0,0,0.29220825
1,0,0.3631409
0,0,0.41911817
0,1,0.5880006
1,1,0.7392214
0,1,0.6592902
0,1,0.51020265
0,0,0.37411147
0,1,0.8851003
1,0,0.44235718
0,0,0.49027726
0,1,0.6249175
0,0,0.42876235
0,1,0.7084043
0,0,0.4190283
1,0,0.2667776
0,0,0.4132363
0,0,0.35630265
0,0,0.38152388
1,1,0.6535856
0,0,0.35115427
0,0,0.3290619
0,0,0.49568176
1,1,0.6868571
0,0,0.3998104
0,0,0.40728182
1,1,0.51482034
1,0,0.37572753
0,0,0.45266232
0,0,0.32741448
1,1,0.9157277
0,0,0.31985348
0,1,0.6605645
1,0,0.29283744
0,0,0.4249876
0,1,0.67509764
1,0,0.32920745
1,1,0.62081426
1,0,0.43406734
0,1,0.6863805
0,1,0.51189107
0,0,0.366976
1,0,0.37202248
0,0,0.49131835
0,0,0.41579658
0,0,0.45253378
1,1,0.63498324
0,1,0.61081535
0,0,0.3890225
1,0,0.34243345
1,1,0.73959374
1,0,0.304602
0,1,0.67226696
0,0,0.18815488
0,0,0.3000882
0,1,0.5107913
0,0,0.44297194
1,1,0.71173537
0,0,0.27115968
0,0,0.4149574
1,1,0.7390284
0,0,0.4196027
0,0,0.22761375
0,0,0.15451735
0,0,0.41926953
0,1,0.5497426
0,0,0.34998456
1,1,0.5639517
1,0,0.4819622
0,1,0.5327096
1,1,0.5028914
0,0,0.25961673
0,0,0.25091708
1,1,0.6260071
1,1,0.6445762
0,1,0.7088462
1,1,0.7366465
0,0,0.48912224
0,0,0.3816443
0,0,0.44770294
1,1,0.71115017
0,0,0.3065562
0,0,0.4335658
0,1,0.6283062
1,0,0.27141905
0,0,0.33343786
0,0,0.21699445
0,0,0.45530844
0,1,0.5854995
1,1,0.7425911
0,1,0.66257036
1,1,0.50555354
1,0,0.4084281
0,0,0.36898082
1,1,0.59173894
0,0,0.27799886
0,0,0.4013661
1,1,0.84656495
0,1,0.6503203
1,0,0.3647318
0,0,0.38932443
1,0,0.31995523
1,1,0.5098463
1,1,0.57494223
0,1,0.5497033
0,1,0.5320015
0,1,0.668382
1,1,0.6105877
0,0,0.49360904
0,1,0.5324726
1,0,0.4451092
0,1,0.5357143
0,0,0.41448152
0,1,0.69140506
0,1,0.57456166
0,1,0.66572624
1,1,0.66521984
0,0,0.47305223
0,0,0.26348236
0,0,0.31614757
0,1,0.70661235
0,0,0.374304
0,0,0.22056359
0,0,0.18309252
0,1,0.53277254
1,1,0.90892404
0,0,0.3142699
0,0,0.3374986
1,0,0.45142487
1,0,0.40958595
1,0,0.4643204
0,0,0.33606535
0,1,0.5821212
0,0,0.46456456
0,0,0.42160314
1,1,0.77090484
1,1,0.6553863
0,1,0.60113806
0,0,0.49224007
1,0,0.47785765
1,1,0.6597177
1,0,0.48951697
1,1,0.6356201
1,0,0.34584722
1,1,0.76890755
0,0,0.41006723
0,0,0.38725027
0,0,0.36053815
0,1,0.57675004
1,1,0.5967866
1,1,0.661342
0,0,0.30592367
1,0,0.47855565
1,1,0.51181704
1,1,0.570295
0,1,0.5757387
0,1,0.7066037
0,0,0.44456437
0,0,0.44977137
0,0,0.40052825
1,1,0.64238656
1,1,0.6071216
0,0,0.28154665
1,0,0.37582397
0,1,0.53274107
0,0,0.47817698
0,1,0.54572976
0,1,0.5087676
1,1,0.86273897
1,1,0.59445274
1,1,0.7902675
1,0,0.42324945
0,0,0.39555955
0,0,0.49615735
0,1,0.624622
0,0,0.31676745
0,0,0.326028
1,0,0.37103048
0,0,0.37372136
0,0,0.3707216
1,1,0.5045787
1,0,0.4507671
0,0,0.49874344
0,1,0.68043196
0,0,0.3744334
0,0,0.4416854
0,0,0.37063593
1,1,0.7107086
0,0,0.251775
0,0,0.25784463
1,0,0.4262112
0,0,0.41302723
1,1,0.7475037
0,1,0.61178446
0,0,0.4939619
0,1,0.55491185
1,1,0.6922015
1,0,0.2630778
0,0,0.29537186
0,0,0.41577834
0,0,0.39068028
1,1,0.7785512
0,0,0.41270918
0,0,0.42140758
0,1,0.5684188
0,1,0.5215266
0,0,0.4566278
0,0,0.31420958
0,1,0.61918443
0,1,0.55179363
0,0,0.23137544
0,0,0.24942273
1,1,0.63443863
1,0,0.43866795
0,1,0.6913326
1,0,0.34876895
0,1,0.58790296
1,0,0.33180854
1,0,0.4908206
1,1,0.6611886
0,1,0.6695434
0,0,0.19151029
0,0,0.2585553
1,1,0.7991431
1,1,0.5945717
0,0,0.17789814
0,0,0.33164805
0,0,0.4211991
1,1,0.7441351
1,1,0.58659655
0,0,0.27476692
0,0,0.48185083
1,1,0.70337695
0,0,0.27456006
0,1,0.7373558
0,1,0.670346
0,1,0.5226242
0,0,0.3523127
1,1,0.77893156
0,0,0.38819256
0,1,0.51608765
0,0,0.4482769
0,1,0.7702568
0,1,0.60091364
1,1,0.71659255
0,0,0.39916164
1,1,0.70642287
1,1,0.50299346
0,0,0.1531201
0,0,0.3104519
0,1,0.6226686
0,1,0.7129809
0,0,0.25020602
0,0,0.2375349
0,0,0.29802814
1,0,0.36502862
0,1,0.5459603
1,0,0.3680941
0,1,0.75743747
1,1,0.6389555
0,0,0.41750327
0,1,0.5852678
0,0,0.2429254
1,0,0.30996823
0,1,0.51261365
0,1,0.5144003
1,1,0.5761335
1,1,0.69272673
0,0,0.4004573
0,0,0.24901882
0,0,0.45899025
0,1,0.61694884
0,0,0.2955901
0,0,0.49497193
1,1,0.6586204
0,1,0.5143855
0,0,0.44025293
1,0,0.36475593
0,0,0.317405
1,1,0.6383909
1,0,0.27927497
0,0,0.21484432
1,0,0.1205067
0,0,0.27698466
0,0,0.26594493
0,0,0.2888549
1,0,0.4114279
0,1,0.69759643
1,0,0.37286463
0,1,0.6070446
1,0,0.41800296
0,0,0.41168967
1,1,0.60734725
0,0,0.30075392
0,1,0.65637827
1,1,0.73539585
0,0,0.396325
0,0,0.35740855
0,0,0.33937356
0,1,0.58883584
1,0,0.4829411
0,1,0.5602716
0,1,0.8090112
0,1,0.6056197
1,1,0.7372221
0,1,0.5184083
1,0,0.4147253
0,0,0.49336657
1,1,0.5422523
1,1,0.72436666
1,1,0.6751993
0,0,0.2884865
1,0,0.43915817
0,0,0.45291123
0,1,0.66998166
1,1,0.50906295
1,0,0.37904474
0,1,0.6369612
0,1,0.7775886
1,0,0.25465038
1,1,0.69050574
1,0,0.42342752
1,0,0.26077485
1,1,0.82261837
1,1,0.5141751
1,0,0.33269757
0,1,0.55992246
0,0,0.43519118
1,0,0.3897284
0,1,0.52973604
0,0,0.27470484
1,1,0.68503296
0,0,0.34476024
0,0,0.41676328
0,1,0.6418365
1,0,0.4122222
0,1,0.70057374
0,0,0.323205
1,1,0.63881856
0,0,0.3698046
1,1,0.60648036
0,1,0.5215597
0,1,0.754295
0,0,0.35654527
0,0,0.21638519
0,0,0.43591437
1,0,0.43240649
0,1,0.57987714
1,1,0.58067393
0,0,0.39642906
1,1,0.5173966
1,1,0.69541335
1,1,0.6778519
1,1,0.5817956
0,1,0.5785459
0,0,0.327262
1,1,0.65384114
1,1,0.55926263
0,0,0.40591946
0,1,0.5543931
0,1,0.8470314
0,0,0.27032515
0,0,0.41206795
1,1,0.75824755
0,0,0.4260944
0,0,0.4080688
0,1,0.5824809
0,0,0.3689529
1,0,0.3957075
0,0,0.39743173
0,0,0.44111288
0,0,0.43274003
0,0,0.34234515
1,0,0.41903642
0,0,0.22025909
1,1,0.66822624
0,1,0.571053
1,1,0.6695213
0,0,0.36380464
0,1,0.5227761
1,1,0.63980496
1,1,0.6299365
0,1,0.6464505
0,1,0.522176
1,1,0.7854898
0,0,0.47601405
0,1,0.51047325
1,1,0.72150314
1,1,0.6196772
0,0,0.4033255
1,1,0.53958863
0,0,0.4559743
1,0,0.417873
0,0,0.3636632
1,1,0.60239476
0,1,0.7443083
1,1,0.5394691
1,1,0.8311672
1,0,0.39432418
1,1,0.54357404
1,1,0.6867062
0,0,0.45491362
0,1,0.7356733
0,0,0.41378266
0,1,0.6878197
0,0,0.41450566
1,1,0.5140958
0,1,0.5988208
0,0,0.49590608
0,1,0.5223019
0,0,0.3771154
0,0,0.436807
0,0,0.43438235
1,1,0.72627705
0,0,0.47065306
1,1,0.6611011
0,1,0.5774461
0,0,0.27373254
1,1,0.67702043
1,0,0.4855088
0,0,0.43412212
0,1,0.52710795
1,1,0.51733655
0,1,0.73514676
1,1,0.52933335
0,0,0.40873295
0,0,0.13316497
0,0,0.38279164
0,1,0.67405045
1,1,0.5491685
1,1,0.53102523
0,1,0.6370292
1,1,0.7367129
0,0,0.3892722
0,0,0.31608453
0,0,0.47617456
1,1,0.6949598
0,1,0.6834036
0,1,0.5100272
0,0,0.3311224
0,0,0.419257
1,0,0.41116962
0,1,0.6293981
1,1,0.6010088
0,1,0.5367515
0,0,0.45793122
1,1,0.5610564
1,0,0.32567078
1,0,0.48427856
1,1,0.71998185
0,0,0.37839743
1,0,0.4526825
0,1,0.7055676
0,1,0.77829087
0,1,0.64521825
1,0,0.30521113
1,0,0.40531737
1,0,0.43387157
1,0,0.4287857
1,1,0.7421092
1,0,0.46490857
0,1,0.62179875
0,1,0.6153251
0,0,0.33149672
1,1,0.6449087
0,0,0.42755482
0,1,0.5466789
1,1,0.6453545
0,0,0.33512518
0,1,0.567849
0,0,0.22551325
0,1,0.6284005
1,1,0.7299662
0,0,0.45272097
1,0,0.43039867
0,1,0.54636526
0,0,0.4355989
0,0,0.3169058
1,1,0.83541065
0,1,0.6137371
1,0,0.2385514
0,1,0.54258657
0,0,0.3253147
0,0,0.3287626
1,1,0.68963844
0,1,0.56001586
0,0,0.2564624
1,0,0.38355595
0,0,0.3704525
0,1,0.88109255
0,1,0.64798796
1,0,0.47185826
0,1,0.5266535
0,0,0.37716863
0,0,0.144924
1,0,0.35484433
1,1,0.63584113
0,1,0.5567994
1,1,0.6456293
0,0,0.4244129
1,1,0.6149708
0,0,0.44900057
0,0,0.33210412
0,0,0.29387078
0,0,0.4004126
0,0,0.21403374
0,0,0.33083183
0,0,0.45527154
0,0,0.41501853
1,0,0.31328887
0,0,0.33619383
0,0,0.33158
0,1,0.71192
1,0,0.4403175
0,0,0.41684723
1,0,0.3531972
0,0,0.2844847
0,0,0.41864002
0,0,0.35800764
0,0,0.40272075
0,0,0.29319423
1,1,0.5326396
0,0,0.40009192
0,0,0.41665575
0,0,0.33162218
0,1,0.644781
1,0,0.48983055
0,1,0.565701
1,1,0.7387496
1,0,0.48448184
1,0,0.43523848
1,1,0.5670824
1,0,0.42874625
0,0,0.26726162
0,1,0.5838325
0,1,0.5861114
1,0,0.4393777
0,0,0.4443267
1,0,0.27975646
0,0,0.4347806
0,0,0.37653103
0,1,0.57550657
1,0,0.4828187
0,0,0.3179591
1,0,0.4683076
0,0,0.49001586
0,0,0.4131469
0,0,0.40865818
0,0,0.40186086
1,0,0.49255133
1,1,0.6562327
1,0,0.4538714
0,0,0.37723333
1,0,0.34717172
0,1,0.6150881
0,0,0.46618286
0,0,0.4291155
0,1,0.6355449
1,1,0.6340941
0,1,0.5502637
1,1,0.5370932
0,0,0.35602307
1,1,0.60775185
0,0,0.4206286
0,1,0.52673936
0,1,0.6705349
0,1,0.66827595
0,0,0.2694851
0,0,0.32538483
1,0,0.38431644
0,0,0.3728071
1,0,0.43193325
0,1,0.67969424
1,0,0.40321285
0,0,0.26934814
1,1,0.55807716
0,0,0.4555253
0,0,0.49512458
0,0,0.47100738
0,0,0.42456263
0,0,0.27611315
1,1,0.6497121
0,1,0.6368134
1,0,0.49825293
0,1,0.5615009
1,1,0.84162474
1,1,0.66388875
0,0,0.46790642
0,0,0.36406553
1,0,0.296454
0,1,0.5079121
0,1,0.6410595
1,1,0.5855415
1,0,0.43267366
0,1,0.6215147
0,1,0.5903199
0,0,0.37003294
0,0,0.3375419
1,1,0.6798386
1,1,0.60600054
0,1,0.69206333
1,1,0.5919328
0,0,0.43771303
0,0,0.38413772
1,1,0.5004745
1,0,0.42998207
0,1,0.509922
0,1,0.7731085
0,0,0.4043579
1,0,0.4076687
0,0,0.42380738
1,1,0.7614168
0,0,0.38738176
0,0,0.2576966
0,0,0.42630902
0,1,0.62566024
0,0,0.35704446
1,1,0.73446
0,1,0.5189985
0,0,0.4472816
0,0,0.30533418
1,1,0.62408185
0,0,0.38701922
0,0,0.41716444
0,0,0.4806449
1,0,0.46283323
1,1,0.59141695
0,0,0.39064807
0,1,0.6357275
0,0,0.37668887
0,1,0.62877524
1,1,0.5142444
1,1,0.56398296
1,1,0.5713618
0,0,0.3012667
0,0,0.43123126
1,1,0.5741774
0,0,0.39817485
0,0,0.42681262
1,1,0.6064836
0,0,0.37868902
0,0,0.39908656
0,1,0.52827895
0,0,0.41566285
0,1,0.53314364
0,0,0.4471689
0,0,0.40425047
1,1,0.62249565
0,0,0.36456954
0,0,0.36709204
1,1,0.569687
1,1,0.7728089
1,0,0.4035196
0,0,0.47880882
1,0,0.4244236
0,0,0.3823164
0,1,0.62927103
0,0,0.3586924
0,0,0.47514287
1,0,0.41274115
0,0,0.43988603
1,0,0.38401282
0,1,0.7197898
1,0,0.41624662
0,1,0.51311266
1,0,0.45526913
0,1,0.7119532
0,1,0.7440774
1,1,0.5444516
1,1,0.57715845
1,0,0.40106395
0,1,0.5608034
0,1,0.5688921
0,1,0.6474557
0,0,0.38072583
0,1,0.74678195
0,1,0.63274455
0,0,0.40419373
0,0,0.37010357
1,1,0.5033495
0,1,0.5286488
1,1,0.73329014
0,0,0.36497575
0,1,0.59484273
0,0,0.45276904
0,1,0.5236117
0,0,0.3275077
0,1,0.7105834
1,0,0.406713
1,0,0.3784268
1,0,0.4001614
0,1,0.57340544
0,0,0.36183795
1,1,0.6427543
1,1,0.6034925
0,1,0.52308583
0,0,0.15155731
0,0,0.43053308
1,0,0.4895023
0,1,0.56195927
0,0,0.35153595
0,1,0.5592849
0,1,0.786936
1,1,0.5976916
1,1,0.56751674
0,0,0.325123
0,0,0.40960774
0,1,0.55178314
1,0,0.34774044
0,0,0.4847375
1,1,0.62734985
1,1,0.60695237
0,0,0.30281487
0,1,0.73840046
0,0,0.3693472
0,0,0.20926425
1,1,0.72331744
0,0,0.48908013
1,1,0.57338417
0,0,0.20974532
1,1,0.74304163
0,0,0.43312567
0,1,0.5069584
0,0,0.30630356
0,1,0.5999472
0,0,0.2580339
0,0,0.43103042
1,1,0.57405615
0,0,0.491199
0,0,0.21840876
0,1,0.66530734
0,0,0.47302213
1,1,0.6590165
0,0,0.310337
0,0,0.33500013
0,1,0.68464506
1,1,0.74183804
0,1,0.5834162
1,1,0.729445
1,0,0.33935758
1,0,0.43905517
1,0,0.46266386
0,1,0.5033831
1,1,0.5525996
1,0,0.4170449
0,0,0.1650616
0,0,0.21581492
1,1,0.6627642
1,1,0.62239456
0,0,0.39566466
0,0,0.35515952
0,0,0.34214672
0,0,0.29686412
0,1,0.5024971
1,1,0.6326494
1,1,0.7953993
0,0,0.4506705
0,1,0.60672575
0,0,0.3830999
0,0,0.44831398
1,0,0.4686559
1,0,0.4386284
1,1,0.54487985
1,1,0.6232577
0,0,0.3104763
0,1,0.5130471
0,0,0.22841915
1,1,0.53890646
1,1,0.56992507
1,1,0.7054283
0,0,0.23179826
1,1,0.6550629
0,0,0.4705866
0,1,0.6441735
0,0,0.2443585
0,0,0.4168567
0,1,0.5043781
0,0,0.41479743
1,1,0.73400337
1,1,0.8227987
0,1,0.6145014
0,1,0.7030513
1,1,0.52379143
1,0,0.4670712
0,0,0.45839348
0,0,0.48733968
1,1,0.77345836
0,1,0.5011137
1,1,0.5135623
0,1,0.646953
0,0,0.41716713
0,1,0.6188135
1,1,0.5818157
1,1,0.7277055
0,1,0.55170155
0,0,0.40254435
0,0,0.2751929
1,1,0.6155252
1,0,0.39512086
1,0,0.4026341
1,1,0.69570565
0,0,0.3780766
0,0,0.3644049
0,0,0.23020953
0,0,0.32389876
1,1,0.70350415
0,0,0.3010164
0,1,0.65427506
1,0,0.24212177
0,0,0.34159026
1,0,0.45760435
0,0,0.36176607
0,0,0.21253327
0,1,0.68357295
0,1,0.5511763
0,0,0.15727611
0,0,0.46834698
1,0,0.41002205
0,0,0.41615748
0,0,0.3440461
0,0,0.26462984
0,0,0.39972395
1,0,0.48970205
1,0,0.41617066
1,1,0.6854081
0,1,0.5381186
1,1,0.8355232
1,1,0.5288218
1,1,0.7326372
1,1,0.561483
0,0,0.41294992
0,1,0.6425406
0,0,0.3686376
1,1,0.6577416
0,1,0.53926146
0,0,0.38958353
0,0,0.4151599
1,1,0.7169809
1,1,0.72527575
0,0,0.3997462
0,1,0.590941
1,0,0.39284942
0,0,0.3598424
0,0,0.27444586
0,0,0.3952932
1,1,0.55700135
0,0,0.432519
0,0,0.47520253
1,1,0.51485264
1,0,0.3971998
0,1,0.5959889
0,0,0.3875966
1,0,0.45067403
0,0,0.40409473
1,0,0.12201092
1,0,0.45709097
0,0,0.42116588
1,1,0.65637875
0,0,0.26252303
1,0,0.45035866
0,1,0.6071967
0,1,0.53089094
0,0,0.4018338
1,1,0.8077457
1,1,0.6462966
0,1,0.57978857
0,0,0.35751426
1,0,0.31196815
0,0,0.42860517
1,1,0.62637985
0,0,0.39240286
0,0,0.43730432
1,1,0.59265935
0,0,0.20186348
0,0,0.35718775
1,0,0.3794197
1,0,0.37990788
0,1,0.6824306
0,0,0.40210214
0,1,0.59994256
0,0,0.4181386
0,0,0.18899967
0,1,0.5114614
1,1,0.57730234
0,0,0.28544602
0,0,0.24555397
0,0,0.26119402
1,1,0.68350446
0,0,0.40234956
0,0,0.29695317
0,0,0.27346757
0,1,0.5907659
1,1,0.50014305
1,1,0.82616425
1,1,0.5148988
0,0,0.3048519
1,1,0.5594635
1,1,0.55797267
0,0,0.3944893
1,1,0.67215097
0,1,0.6279554
1,1,0.7612064
0,0,0.42922437
1,1,0.66996264
0,1,0.5176668
0,0,0.4079524
0,1,0.508371
1,1,0.63902843
1,1,0.6060678
0,0,0.37082598
0,1,0.68273175
1,1,0.6490625
0,0,0.3982721
0,0,0.285959
1,1,0.6519095
1,1,0.54506135
0,0,0.49575505
1,1,0.7197257
0,0,0.3897267
1,0,0.231562
1,0,0.49556404
0,0,0.40546575
0,1,0.52100825
0,0,0.39550692
0,0,0.31470683
0,1,0.5775384
0,1,0.6672356
0,0,0.46936288
0,1,0.6354788
1,1,0.5599096
1,1,0.76661044
0,0,0.28923663
0,0,0.38478577
0,1,0.8023285
0,0,0.3285451
0,0,0.31698808
0,1,0.6489618
0,0,0.40134355
0,0,0.4186537
1,1,0.677002
0,0,0.4295121
1,1,0.76348764
0,1,0.69149554
0,1,0.53502786
0,0,0.23798288
1,1,0.5645835
0,0,0.28097892
0,0,0.34500206
0,1,0.5535817
1,1,0.5264176
1,0,0.24850391
0,0,0.3655351
0,0,0.4037601
0,1,0.7098118
1,0,0.4012607
0,0,0.27388853
1,0,0.4573688
0,1,0.52121764
0,1,0.53635794
0,1,0.7090484
1,0,0.35706633
0,1,0.5232294
0,0,0.44355598
1,1,0.7555078
1,1,0.723024
0,0,0.27312747
0,1,0.5196342
1,1,0.7986599
1,0,0.4158043
1,1,0.5587251
1,1,0.6899349
0,1,0.55376244
0,0,0.4116216
0,1,0.67837924
0,0,0.4356357
0,1,0.6305569
1,0,0.2221787
0,0,0.3799773
1,0,0.34397644
1,0,0.4897559
1,0,0.4199326
1,1,0.61430466
1,1,0.6899187
0,0,0.45027626
0,0,0.37538737
0,1,0.5805274
0,1,0.66314894
0,1,0.5505135
0,1,0.56944996
0,0,0.24428798
1,1,0.7270802
0,0,0.42089805
0,0,0.42752987
0,1,0.6977042
1,0,0.25887188
1,1,0.52841663
0,0,0.3961085
0,0,0.28015032
1,1,0.7290251
0,0,0.3264465
0,0,0.33705312
1,1,0.6779505
1,0,0.38846746
0,0,0.44045168
1,0,0.4257883
0,0,0.29151255
0,0,0.34633085
0,1,0.5719943
0,0,0.4175338
0,1,0.58162725
0,0,0.48317894
0,1,0.57848454
0,1,0.70987236
0,0,0.4551931
1,1,0.7296555
0,1,0.76705295
0,1,0.6290368
0,1,0.5062979
1,0,0.49777567
0,0,0.34972095
1,0,0.29332903
0,1,0.5264646
0,0,0.49651292
1,1,0.5617465
0,0,0.3043171
1,1,0.63922906
1,1,0.76473343
0,0,0.27392617
0,1,0.6189288
0,0,0.47448635
0,0,0.39004362
1,1,0.7344518
1,1,0.5144931
1,0,0.40777627
1,1,0.6068125
1,0,0.3344207
0,0,0.48844007
1,1,0.7333709
1,1,0.68755853
0,0,0.35593
1,1,0.6291915
0,0,0.4616514
1,0,0.45676008
0,0,0.34076348
0,0,0.30995393
0,0,0.46119016
0,1,0.59849536
1,1,0.72733057
0,0,0.43896446
1,0,0.33714122
0,0,0.32727522
0,0,0.47840145
1,1,0.50749344
0,0,0.40517983
0,0,0.40801504
1,0,0.4043415
1,1,0.53007865
0,0,0.14159255
1,1,0.64835733
0,1,0.6911967
0,0,0.2557606
1,1,0.62937087
1,1,0.6658944
0,0,0.29131263
0,1,0.59069073
1,1,0.6712675
1,0,0.27497366
0,0,0.37758127
0,0,0.26949853
1,1,0.68901837
0,0,0.29032412
0,0,0.2751845
0,0,0.38965988
1,1,0.64157605
1,1,0.689748
0,0,0.4732002
1,0,0.39430514
1,1,0.5396731
1,1,0.57649946
0,1,0.5662892
0,1,0.6845441
0,1,0.5034491
1,1,0.5830904
0,0,0.46727568
1,1,0.544465
0,0,0.23429494
1,0,0.4921476
1,0,0.4632813
1,1,0.6503343
1,1,0.5411207
0,0,0.25673997
0,1,0.7333281
1,1,0.61110675
0,0,0.26155412
1,1,0.6475888
0,0,0.37073493
0,1,0.6702213
1,1,0.6242522
0,1,0.64707243
1,0,0.43338412
1,0,0.47486886
0,0,0.33576247
0,0,0.25838307
0,1,0.5490052
0,0,0.21330884
0,0,0.35778695
1,0,0.39464167
1,0,0.47506294
0,1,0.52047443
0,1,0.6773658
0,0,0.44912907
0,0,0.33895287
1,0,0.49991035
1,1,0.5445371
0,1,0.5062957
0,1,0.6896505
0,0,0.4615797
0,0,0.45362538
0,0,0.19503815
1,0,0.45043927
0,0,0.49931931
1,1,0.7393023
0,1,0.66436017
0,0,0.46146026
0,0,0.48583555
1,1,0.5711775
1,1,0.5670002
1,1,0.60490775
0,0,0.38549045
1,0,0.2406663
1,1,0.56706256
1,1,0.62308216
1,1,0.678096
0,0,0.4407794
0,1,0.5615798
1,1,0.5073061
0,1,0.6457124
0,0,0.19692051
0,0,0.34173402
0,0,0.3080307
1,0,0.38158065
0,1,0.5524974
1,1,0.5879259
0,0,0.4143678
0,0,0.3817381
0,1,0.6150549
0,0,0.35412407
1,0,0.43332952
1,0,0.2850918
0,0,0.37522745
0,0,0.27367908
0,0,0.40119442
0,0,0.34596574
0,1,0.5337159
0,0,0.4730203
0,1,0.7334882
1,1,0.5930381
1,0,0.35644057
1,0,0.2162703
1,0,0.47211987
0,1,0.50351524
0,0,0.31528994
0,1,0.62936544
0,0,0.4126093
0,0,0.3876127
1,1,0.5187658
0,0,0.39224282
0,0,0.44172674
1,0,0.49577218
0,0,0.45889986
1,1,0.62113225
0,0,0.34518686
0,1,0.6107639
1,1,0.73062706
0,1,0.6203785
0,1,0.6398334
0,0,0.49576733
0,0,0.47665364
0,1,0.5079975
1,0,0.34447908
0,1,0.52869564
0,0,0.4400617
0,0,0.45400795
0,1,0.50393784
0,1,0.5203233
1,1,0.59684414
1,1,0.73251843
0,0,0.40163082
0,0,0.35174134
0,1,0.7603771
0,1,0.65592587
1,1,0.7988235
0,1,0.7090626
0,0,0.34161767
0,1,0.6610841
0,0,0.4083835
1,1,0.6461302
0,0,0.38957775
0,0,0.47998726
0,0,0.37865412
0,1,0.53860724
0,0,0.31602356
0,0,0.4944522
1,0,0.39812282
0,1,0.5060621
0,0,0.22282222
0,1,0.7412154
1,1,0.6021746
1,1,0.606774
0,1,0.7065059
0,1,0.7357694
1,0,0.48683137
0,0,0.395953
1,1,0.75473964
0,0,0.35657015
0,0,0.41161498
0,0,0.35459927
0,0,0.3176028
1,1,0.5268066
0,1,0.50362474
0,1,0.7699899
0,0,0.40875828
1,1,0.7574619
0,0,0.4482793
1,1,0.50410306
0,1,0.5223566
0,0,0.44453225
1,1,0.71710455
0,1,0.5754312
0,0,0.4429611
1,0,0.37254596
0,1,0.6445792
0,0,0.36263767
0,1,0.5807309
0,1,0.56792164
1,0,0.4785613
0,1,0.6036048
1,1,0.73712885
0,1,0.5954176
0,1,0.57838696
1,1,0.5611067
0,1,0.5905397
0,0,0.3462574
0,0,0.42231923
0,1,0.50732726
0,0,0.23089114
1,0,0.2149083
1,0,0.48289043
0,0,0.100763455
1,0,0.4788177
0,1,0.5815507
0,1,0.5821625
0,1,0.6154217
1,0,0.4617964
1,1,0.7149682
1,0,0.26726106
0,0,0.4095247
0,0,0.23884882
1,1,0.7322545
0,0,0.44433165
0,0,0.29048052
0,0,0.28340003
0,0,0.34785706
1,1,0.6911454
1,1,0.6803391
1,0,0.28632584
0,0,0.4296292
1,1,0.86203504
0,0,0.41390368
0,1,0.53887516
0,1,0.53727865
0,0,0.31467164
0,0,0.3354666
0,0,0.42164123
1,0,0.37296405
0,0,0.49809936
0,1,0.5727093
0,1,0.5147033
0,1,0.6148784
0,0,0.34749365
0,1,0.6131151
1,1,0.5633255
1,1,0.7379257
0,1,0.66479254
0,0,0.4994271
1,1,0.58085275
1,0,0.33584404
1,1,0.6290549
1,0,0.4547704
0,0,0.39910665
0,1,0.7598299
1,1,0.681077
0,0,0.47972044
0,1,0.5609602
0,1,0.6681297
1,1,0.65964675
0,0,0.39603662
1,1,0.6573589
1,1,0.55512935
1,1,0.58114374
0,0,0.30591193
1,1,0.5479191
0,1,0.73594666
0,1,0.5031776
1,1,0.54465026
0,0,0.44464156
0,0,0.37813926
0,1,0.5890094
0,0,0.164025
0,0,0.43438244
0,0,0.22162539
0,0,0.46132055
0,0,0.32920548
1,0,0.36622483
1,1,0.86124766
0,0,0.29940996
1,1,0.5234206
1,0,0.49857494
0,1,0.6059345
0,0,0.4047152
1,0,0.339709
0,0,0.26653323
1,1,0.64913535
0,1,0.5804502
0,0,0.3666471
0,0,0.36390933
0,0,0.2570794
0,0,0.4629415
1,0,0.34927312
0,1,0.54136884
1,0,0.49319172
0,0,0.34326378
1,0,0.18107644
0,0,0.41708165
1,1,0.7101454
1,1,0.567276
1,1,0.6617403
0,1,0.61601937
0,0,0.48814636
0,1,0.52302206
0,0,0.45820972
0,0,0.3832924
1,1,0.64356136
0,1,0.62877285
0,1,0.6455058
1,1,0.6171738
0,0,0.4228933
1,1,0.5150481
0,0,0.2415638
1,1,0.5649261
0,0,0.31983075
1,1,0.7141414
0,0,0.45543635
1,0,0.4521738
0,0,0.40457478
0,1,0.5128123
1,1,0.6671046
0,0,0.3954705
0,1,0.76510274
1,1,0.63709956
1,0,0.46484265
0,1,0.6074865
0,0,0.4065134
0,0,0.37466455
0,0,0.45108718
0,1,0.5122415
0,1,0.5226699
0,1,0.6090436
0,0,0.39242136
1,0,0.32686612
0,0,0.3076384
1,1,0.7317959
0,1,0.57548213
1,0,0.46393028
0,0,0.44885027
0,1,0.5390792
1,1,0.52125925
0,1,0.5801805
0,1,0.54458266
1,1,0.6745758
0,0,0.45879817
1,0,0.4684553
0,1,0.59094495
1,1,0.60997283
1,1,0.6725415
0,1,0.5206754
0,0,0.38257656
0,0,0.3321605
0,1,0.55080724
0,1,0.5029191
1,0,0.37771896
0,0,0.47935238
0,0,0.28577974
1,1,0.5622443
0,1,0.61650956
1,1,0.7679707
0,1,0.51373863
1,1,0.51464546
0,0,0.3390777
0,1,0.5939152
0,0,0.3777771
1,0,0.3996703
0,0,0.31919837
1,1,0.63228774
1,0,0.48652756
1,1,0.5184245
1,0,0.41211888
0,0,0.28198844
0,0,0.4978398
1,1,0.6290959
1,1,0.5673677
0,1,0.5055533
1,1,0.830583
0,1,0.59757733
0,0,0.44342276
1,0,0.48034036
0,0,0.38431102
0,0,0.3801141
0,1,0.5700291
0,1,0.5351504
0,1,0.5264083
1,0,0.39797315
0,0,0.27926552
1,1,0.7886367
0,0,0.40485242
0,0,0.48070693
1,0,0.4457749
0,1,0.6538453
0,1,0.50120264
1,1,0.5841381
0,0,0.22705844
0,0,0.45195934
0,1,0.58158946
0,0,0.3945639
0,1,0.77494395
0,0,0.48848158
0,0,0.43961558
1,1,0.68245614
0,1,0.5254773
0,0,0.2842215
0,0,0.36040926
1,1,0.5821693
1,1,0.78261995
0,1,0.61571324
0,0,0.29823726
0,0,0.3593438
0,1,0.64587224
0,0,0.31150618
0,0,0.34121412
0,1,0.5377766
1,0,0.47942787
1,1,0.68608636
1,1,0.5192491
1,0,0.4250351
0,0,0.49172392
1,1,0.81365895
1,1,0.575872
0,0,0.43319976
0,1,0.6073136
1,0,0.38800249
0,0,0.35040224
1,1,0.85374945
1,0,0.47612447
0,0,0.36377278
0,0,0.18649487
1,0,0.2760938
0,0,0.32514483
1,1,0.5098359
0,1,0.66097116
1,1,0.649643
1,0,0.42853254
0,0,0.40777397
0,0,0.33730248
0,0,0.26551923
0,1,0.605119
0,0,0.3211962
1,1,0.51250935
0,0,0.4517326
0,1,0.66840225
1,0,0.38700068
1,1,0.8551725
0,1,0.6049969
0,0,0.17964225
0,1,0.70601153
1,0,0.26516435
0,0,0.35268885
1,1,0.55720687
1,1,0.6783706
0,0,0.12908122
0,1,0.60305554
0,0,0.2471032
1,0,0.37951866
0,0,0.3655742
0,0,0.48074695
0,1,0.5330212
1,1,0.5988007
0,0,0.2585267
1,1,0.5786413
0,0,0.3763513
0,0,0.3791001
0,0,0.39927188
0,0,0.42499667
1,1,0.76300097
0,0,0.21130617
0,0,0.40800846
0,0,0.36341193
0,0,0.19528136
0,1,0.5297066
0,0,0.36540246
0,1,0.5501302
0,1,0.53876233
0,1,0.67726076
1,1,0.6056385
1,0,0.23559774
1,1,0.6625007
0,0,0.41425967
1,1,0.6256727
0,1,0.5928942
1,1,0.7172673
0,1,0.5192025
0,0,0.25429946
1,1,0.6137102
1,1,0.8534123
0,1,0.7065785
0,0,0.34044585
0,1,0.7749502
0,1,0.6457037
0,1,0.6786742
1,0,0.49527115
1,1,0.78497183
0,0,0.2552321
0,0,0.33440444
1,0,0.40852502
0,1,0.6469668
1,0,0.45412698
0,1,0.51644075
0,0,0.30579093
1,1,0.7315551
1,0,0.36780125
0,1,0.68878216
0,1,0.5721381
1,0,0.33358297
0,0,0.38505238
1,1,0.5769023
0,0,0.42321306
1,1,0.69290817
0,0,0.2121174
0,0,0.42046866
1,1,0.6391576
0,0,0.4262277
0,0,0.48003078
0,1,0.5471218
1,0,0.41274977
0,1,0.6789398
1,0,0.3212122
1,1,0.517491
0,1,0.6465294
1,1,0.52329254
1,0,0.41136163
0,1,0.54606247
0,0,0.46943447
0,0,0.48597893
1,0,0.49617514
0,1,0.6178193
0,0,0.18132828
0,0,0.4921246
1,1,0.60126126
0,0,0.33261517
0,1,0.5092597
1,0,0.4315754
0,1,0.72187936
0,0,0.46111047
0,1,0.52486813
0,0,0.47572574
0,1,0.56877756
0,1,0.5851073
1,0,0.39984536
0,0,0.37873903
1,1,0.6996627
1,1,0.7399929
1,1,0.5246728
1,1,0.6693062
0,1,0.61567676
1,1,0.5620847
1,0,0.25310135
0,0,0.23377079
0,0,0.21097173
0,0,0.19292375
0,0,0.39906284
1,1,0.52351
0,0,0.44677016
0,0,0.3431598
0,0,0.42657918
0,1,0.52173555
1,1,0.69256425
0,0,0.33561635
0,0,0.1721191
0,0,0.29098004
0,1,0.5150572
0,0,0.42674974
0,0,0.28743467
0,1,0.585029
1,1,0.83764833
1,0,0.22911103
0,0,0.4480818
1,1,0.6394668
0,0,0.31405142
1,1,0.66381335
1,0,0.20345162
0,0,0.36084604
1,1,0.57048285
0,0,0.32052535
1,0,0.4300716
0,0,0.2507617
0,0,0.40761375
1,0,0.4335017
1,1,0.6883173
0,0,0.41862002
0,0,0.29157603
1,1,0.643834
1,1,0.52021563
0,1,0.53582263
1,0,0.41977268
0,0,0.30135366
0,0,0.35096723
1,0,0.36984986
1,0,0.48818824
1,0,0.31776428
1,0,0.26974392
0,0,0.43186423
0,0,0.46357474
1,0,0.38671258
0,1,0.5443227
1,1,0.59766436
0,0,0.40044048
0,1,0.62925136
0,1,0.648196
1,1,0.7194902
0,0,0.17403258
0,1,0.62528133
1,1,0.57945955
0,1,0.5329824
1,0,0.3825382
0,0,0.3817924
0,0,0.26763967
0,0,0.31653407
0,0,0.4858457
0,0,0.44361997
1,0,0.45721373
1,1,0.7468498
0,0,0.34172156
0,0,0.48527884
1,1,0.5541909
0,0,0.3187377
1,0,0.41779247
0,0,0.32651132
0,1,0.69532835
0,1,0.67661476
0,1,0.6233301
0,0,0.4363001
0,1,0.5130521
0,0,0.4546787
0,0,0.33892494
0,0,0.39974478
1,0,0.48201334
1,0,0.49393153
0,0,0.45164537
0,0,0.49538368
0,0,0.36006868
1,1,0.60391706
1,0,0.42915282
0,1,0.61384356
1,0,0.46952456
0,0,0.40397936
0,1,0.6254578
0,1,0.6309904
0,0,0.4309451
0,1,0.56711876
0,0,0.3996161
1,0,0.34485573
0,0,0.22934996
0,1,0.6847588
0,0,0.41826552
0,0,0.42495212
0,0,0.4194549
0,1,0.67113423
1,1,0.5577688
1,0,0.34757158
0,0,0.45546874
0,1,0.5658903
0,0,0.32475248
0,0,0.47049314
1,1,0.5691409
0,0,0.252349
0,0,0.4097879
1,1,0.5419433
0,0,0.39364046
1,1,0.640188
0,0,0.3530614
1,1,0.59499514
0,0,0.22834271
1,0,0.42604372
0,0,0.4704707
0,0,0.39530438
1,1,0.799765
0,0,0.41154143
0,1,0.6201228
0,1,0.5768852
0,0,0.28647637
0,0,0.32183427
0,1,0.5030279
1,0,0.35779503
0,0,0.31788674
1,0,0.4570447
0,0,0.3901924
0,1,0.6259512
1,0,0.4451547
0,1,0.70247257
0,0,0.27156913
0,0,0.42501697
1,1,0.65511024
1,0,0.46496513
0,0,0.4635034
1,1,0.5800025
0,1,0.5963603
1,0,0.48238352
1,1,0.6729425
0,0,0.18733308
1,0,0.45825776
0,1,0.5099472
0,0,0.4177413
1,1,0.5250376
0,0,0.4278566
0,0,0.34556505
0,0,0.25847343
0,0,0.2602419
0,1,0.54934454
0,0,0.39090607
0,1,0.522436
0,0,0.32270667
0,0,0.345883
0,0,0.31965113
0,0,0.39342156
0,0,0.3222462
1,0,0.3267974
0,1,0.67509615
0,0,0.43960568
0,1,0.7256719
0,0,0.3274793
1,1,0.70903337
1,1,0.6642439
0,1,0.6312741
1,0,0.32444978
0,0,0.3644954
1,0,0.45254192
0,0,0.37283573
1,0,0.4317501
0,0,0.32082143
0,0,0.4282337
0,1,0.6132259
1,0,0.4555554
1,1,0.5607103
0,1,0.71767735
0,1,0.6183075
0,0,0.44155362
1,1,0.62991667
0,1,0.51122427
1,1,0.6807946
0,0,0.3730605
0,0,0.4978393
0,0,0.2197302
0,0,0.40673974
0,0,0.22670919
0,1,0.61633205
0,0,0.47029665
0,0,0.32370558
1,0,0.36207578
0,0,0.38994247
1,1,0.5245295
0,0,0.44448814
1,0,0.48582995
0,0,0.3755151
0,0,0.34244153
0,1,0.70923936
1,1,0.72631216
0,0,0.49401423
1,1,0.5113263
0,1,0.7457592
0,0,0.25950503
0,1,0.5543531
1,1,0.5125569
1,0,0.4257224
0,0,0.3967435
0,0,0.37260446
1,1,0.65627414
1,1,0.5857094
1,1,0.5380643
0,1,0.5963646
0,0,0.26881137
0,0,0.46566147
1,0,0.4275212
0,1,0.5941615
0,0,0.39537743
0,1,0.6504697
0,0,0.46418464
0,1,0.64363587
0,1,0.637407
0,0,0.44386488
1,0,0.430714
1,0,0.3500535
0,1,0.5985844
0,1,0.66553676
0,0,0.34652972
0,0,0.46682745
0,0,0.4758796
0,0,0.47156182
0,1,0.60070413
1,1,0.7306082
0,0,0.4178435
1,1,0.6670723
0,0,0.43602642
0,0,0.3842201
0,0,0.34117413
0,1,0.8039793
0,1,0.67002785
1,0,0.3347438
0,0,0.40257934
0,1,0.8019284
1,1,0.6630226
1,0,0.40320316
0,1,0.6057215
0,0,0.4484696
1,0,0.3386941
1,1,0.7697809
0,0,0.40738726
0,1,0.5218141
0,1,0.62001103
0,0,0.40470225
1,0,0.3443287
1,1,0.6178582
0,1,0.55785114
0,0,0.38787654
1,0,0.25362414
0,0,0.47961196
1,1,0.5295056
1,0,0.43978938
1,1,0.7855768
0,0,0.47659177
1,0,0.42220116
0,1,0.63598704
0,0,0.41756785
0,0,0.462246
0,0,0.31040186
1,0,0.42062858
0,1,0.5380274
1,1,0.7753351
1,1,0.5736032
0,0,0.42042956
0,0,0.35788023
0,0,0.4053967
0,1,0.57875395
0,1,0.59131855
0,1,0.66364574
1,0,0.36369857
1,1,0.69178736
1,1,0.85975593
0,0,0.33231413
0,0,0.4854495
0,1,0.62012506
1,1,0.62941504
0,0,0.29225785
0,0,0.40617058
1,1,0.7429469
1,1,0.7058635
0,0,0.21140268
1,0,0.39159036
0,0,0.34312958
0,1,0.54133344
1,1,0.7299166
0,0,0.26642856
1,1,0.6379864
1,0,0.41180548
0,0,0.47161832
1,0,0.4144378
0,1,0.5144938
1,1,0.80763906
0,0,0.33457285
0,0,0.37465742
1,1,0.6511677
1,0,0.28079695
1,0,0.4642386
0,1,0.548097
0,0,0.3766189
0,0,0.37811404
0,0,0.3105102
1,1,0.709149
0,0,0.36250088
1,1,0.50020874
0,1,0.655158
0,0,0.31482154
0,1,0.6823117
0,1,0.5119598
0,1,0.739441
1,1,0.59334385
1,1,0.5126737
0,1,0.6751795
0,0,0.37057588
0,1,0.697713
1,1,0.6413687
0,0,0.4013862
0,0,0.10086335
0,0,0.31013837
1,0,0.26518688
0,0,0.19229175
1,1,0.65498984
0,0,0.28666165
0,0,0.46455115
0,0,0.3673209
0,0,0.3701414
1,0,0.17209253
0,0,0.3254153
0,0,0.15839025
0,0,0.39890403
0,1,0.64279914
0,0,0.4122049
0,0,0.3335912
0,0,0.47379696
1,1,0.5259496
0,0,0.43146938
0,1,0.56136614
1,0,0.49324054
0,0,0.48795047
1,1,0.594404
1,1,0.65847164
0,1,0.63187623
1,1,0.6945214
0,0,0.29959705
0,1,0.5186722
1,1,0.73933774
0,0,0.26327473
0,1,0.68003356
0,0,0.34167224
0,0,0.29163536
0,0,0.423062
0,0,0.47350767
0,0,0.33416405
1,0,0.3879579
0,0,0.4461052
0,0,0.083097205
0,1,0.5895444
0,0,0.27379647
0,0,0.4922137
0,1,0.571982
0,1,0.8292319
0,0,0.40880427
0,1,0.5106864
1,1,0.6378007
0,0,0.42763254
0,0,0.35892883
0,0,0.20569982
1,1,0.8558335
0,1,0.9035974
0,0,0.3869316
0,0,0.42029122
0,1,0.61445874
0,0,0.32137474
0,1,0.6379734
1,1,0.8681641
0,0,0.402676
0,0,0.33613196
0,0,0.47225508
0,1,0.5879173
0,1,0.6259162
0,0,0.48022053
0,0,0.3047268
0,1,0.60972935
0,1,0.74336386
0,0,0.21527243
0,1,0.518839
0,1,0.66038144
0,1,0.576196
0,0,0.23855962
0,1,0.53778034
0,0,0.43786624
0,1,0.54622316
0,0,0.42699313
0,0,0.28891784
1,0,0.4801725
0,1,0.5401295
0,0,0.4467036
0,0,0.25062042
0,0,0.32533765
1,0,0.35428917
0,0,0.45782608
0,1,0.66959476
0,0,0.31216216
1,1,0.6654756
0,1,0.5696999
0,0,0.36006275
0,0,0.39463252
0,0,0.34846655
0,1,0.62933075
0,0,0.2102062
0,1,0.70557106
1,1,0.7201365
0,1,0.71355784
0,0,0.43229005
0,0,0.32156634
1,1,0.63065845
0,0,0.41668752
1,1,0.7315749
0,1,0.65666175
0,1,0.64347756
0,0,0.3857454
1,1,0.7181432
1,0,0.35609424
0,1,0.6851821
1,1,0.6670602
1,1,0.62753034
0,0,0.4600117
0,0,0.46754354
0,0,0.35950896
0,1,0.61645514
1,0,0.42530447
1,1,0.62880373
1,1,0.5972942
0,0,0.4116065
0,1,0.6027913
0,1,0.8054701
1,1,0.6784706
0,0,0.23654054
0,0,0.39798957
0,0,0.45031336
1,1,0.6197257
0,0,0.31309018
0,1,0.5218699
1,1,0.65697783
1,1,0.5189982
0,0,0.47082496
0,0,0.42400545
1,0,0.34045795
0,0,0.43978226
1,0,0.47912145
0,0,0.21873504
1,1,0.62703097
0,1,0.6723529
1,0,0.46806905
0,1,0.6516222
1,1,0.5013368
0,0,0.38337997
1,1,0.68291485
0,0,0.41830242
1,1,0.600473
1,1,0.5208341
1,1,0.53059155
0,0,0.34496155
0,0,0.24731886
0,0,0.36608422
0,0,0.25606915
0,0,0.24901825
1,1,0.65754014
0,0,0.41611105
0,1,0.6707827
0,1,0.66931427
0,0,0.28760806
1,1,0.59592694
1,0,0.48908803
0,0,0.3659849
1,1,0.6150592
0,0,0.42620525
0,1,0.63761616
1,1,0.5041796
1,0,0.4749557
0,0,0.4734216
0,1,0.70338726
0,0,0.35884485
0,0,0.4025594
1,1,0.5770488
1,0,0.35617882
1,0,0.27063546
0,0,0.37319916
1,0,0.34602
1,1,0.75661224
0,1,0.635961
0,1,0.65858835
0,1,0.6501543
0,0,0.49536228
1,1,0.54478323
0,0,0.21290603
1,0,0.45528713
0,0,0.26595166
0,0,0.29669893
1,1,0.7761672
0,0,0.32261023
0,0,0.26355508
1,0,0.49491054
1,1,0.85090035
0,1,0.6696707
0,1,0.7354145
0,0,0.40800473
0,0,0.3824952
0,1,0.537081
0,0,0.42162797
0,1,0.51535606
0,1,0.58689284
1,1,0.73264754
1,1,0.7060642
1,1,0.7310761
0,1,0.5359118
0,0,0.39981022
0,1,0.792247
0,1,0.53699064
1,0,0.4165138
0,0,0.31129453
1,1,0.7347925
0,0,0.35199592
0,0,0.2563407
0,0,0.32081512
0,0,0.21898602
0,1,0.602502
1,1,0.578369
0,0,0.37883684
0,0,0.45768502
1,0,0.47560233
1,1,0.6731254
1,1,0.58166575
0,0,0.24540597
0,0,0.3808763
0,1,0.50883865
0,0,0.39436328
1,1,0.6006371
0,0,0.3389635
1,0,0.37547955
0,0,0.47992718
0,0,0.47014767
0,1,0.5956774
0,0,0.13272959
0,0,0.32962394
0,1,0.7345594
1,1,0.7147005
0,1,0.54708356
0,1,0.5685152
0,1,0.6347056
0,0,0.34384093
0,0,0.22702292
0,0,0.41834542
1,1,0.5281698
1,0,0.4615623
1,1,0.6146735
1,1,0.5914034
1,1,0.80533266
1,0,0.31856978
1,0,0.49328136
1,1,0.8459022
0,1,0.6623124
0,0,0.24515465
1,0,0.42544234
1,1,0.70393974
0,0,0.4952081
0,0,0.47938988
0,0,0.45595765
0,0,0.3044487
0,0,0.4448257
0,1,0.5900289
1,0,0.4121956
1,0,0.43953964
0,0,0.22458275
1,1,0.57462686
0,0,0.38455212
0,0,0.36452207
1,0,0.37264186
1,1,0.71881735
1,0,0.4079946
0,1,0.70148766
0,0,0.45256227
0,0,0.14870483
0,0,0.42807665
0,0,0.29851702
1,1,0.6276479
0,0,0.20301288
0,0,0.36971647
0,1,0.501955
0,0,0.36074302
0,1,0.5412854
0,1,0.6098251
0,0,0.43088034
1,0,0.38300774
0,1,0.72544456
1,0,0.42774755
0,0,0.48708445
1,1,0.5644423
1,1,0.66098934
0,1,0.6524473
1,1,0.76306015
0,1,0.67986023
1,1,0.8086289
0,0,0.39499882
0,0,0.31841645
0,0,0.41649917
0,0,0.45071834
0,0,0.30809653
1,1,0.63105655
1,1,0.62547535
0,0,0.39311123
1,1,0.52976584
0,1,0.6850492
1,1,0.586901
0,1,0.65675366
1,1,0.65709263
1,0,0.33488852
0,0,0.32537907
0,1,0.65140736
0,0,0.46458447
0,1,0.63371366
1,1,0.7665964
0,0,0.2835882
0,1,0.5198809
1,1,0.59176934
1,0,0.36729667
0,0,0.4884567
0,0,0.49524856
0,1,0.5270688
0,0,0.45658115
0,1,0.66690063
1,1,0.68663955
0,0,0.32642037
0,0,0.34486535
0,0,0.3970719
1,1,0.7635314
1,1,0.7838742
0,0,0.2852841
0,1,0.68857026
0,1,0.64491653
1,0,0.44124705
1,0,0.48939946
0,0,0.36536717
1,1,0.747229
0,1,0.50515634
1,0,0.35952547
1,1,0.6161853
0,0,0.18093996
0,0,0.37579307
1,0,0.3342761
1,1,0.75397587
0,0,0.46104634
0,0,0.4373306
1,0,0.40933308
0,0,0.31080672
1,1,0.5409069
0,0,0.43857732
1,1,0.7679274
0,0,0.39276564
0,0,0.34413987
1,1,0.7041569
0,0,0.39873448
1,0,0.32226738
0,0,0.30199215
1,1,0.545998
1,1,0.75720906
0,0,0.47913167
1,1,0.74933183
1,0,0.43313578
0,0,0.4253207
0,0,0.36671627
1,1,0.62789303
0,0,0.4025617
0,0,0.25425825
0,0,0.47128856
0,0,0.4429154
0,0,0.41374144
0,1,0.6744647
0,0,0.45183897
0,0,0.43783835
1,1,0.53878427
0,0,0.49211803
0,1,0.77131695
0,1,0.7592842
0,0,0.28970903
0,1,0.61332333
0,1,0.6612021
0,0,0.37334952
0,0,0.34126133
1,0,0.4261622
0,0,0.4214495
1,0,0.4532602
1,1,0.56870145
0,1,0.61583817
0,0,0.41942772
0,1,0.5840349
0,0,0.4079295
0,0,0.40900853
0,1,0.7010154
1,1,0.5539526
0,0,0.45818722
1,1,0.69238245
1,1,0.5380391
0,0,0.41662169
0,1,0.688311
1,0,0.29829532
1,1,0.68904424
0,0,0.4771053
0,0,0.41434285
0,0,0.27429596
1,1,0.72525907
0,0,0.18560067
1,1,0.7128072
0,0,0.30804288
0,0,0.2982313
0,0,0.41302973
1,0,0.46967143
0,1,0.59845895
0,1,0.50339794
0,1,0.62668014
1,1,0.60543334
0,0,0.3951639
0,0,0.33758613
0,0,0.46097153
0,0,0.46760735
0,0,0.35132673
1,0,0.35661072
0,1,0.63471323
1,1,0.678478
0,1,0.83423895
0,0,0.27825373
0,0,0.2790623
0,1,0.6179098
0,1,0.5110111
0,1,0.6490996
1,0,0.37888747
0,1,0.5775677
1,1,0.57887393
1,0,0.3566686
0,0,0.22480135
0,0,0.48668712
0,1,0.7300329
1,1,0.73192775
1,0,0.37139758
0,1,0.6269027
0,0,0.4897735
1,1,0.7125711
0,0,0.476612
0,1,0.6327258
1,0,0.40191492
0,1,0.7255449
1,1,0.5967314
1,0,0.49505222
1,1,0.8025265
1,1,0.7098357
0,1,0.5613146
1,1,0.83518875
0,1,0.6554288
1,0,0.43101937
0,1,0.5517111
0,0,0.32758507
1,0,0.48968405
0,1,0.5305209
0,0,0.41400868
0,0,0.31189314
1,1,0.5757052
0,1,0.570065
0,0,0.20632558
0,1,0.58602226
0,0,0.34152383
1,0,0.36552727
0,1,0.61842775
0,1,0.5074134
0,0,0.2828434
0,1,0.57164025
1,1,0.68524414
1,1,0.6508698
0,1,0.6242671
0,1,0.6575769
0,0,0.4498973
0,0,0.43357733
1,1,0.60182726
0,0,0.39972374
1,1,0.56610906
1,0,0.4477053
0,0,0.39041197
1,0,0.45634514
0,0,0.24459834
1,1,0.5449704
0,0,0.24757747
0,1,0.6593569
0,0,0.42945817
0,0,0.24380171
1,1,0.7149806
1,1,0.6549783
1,0,0.33208212
0,0,0.2637927
1,0,0.35859108
0,0,0.4138331
1,1,0.5192928
1,1,0.74739146
0,1,0.6594245
0,0,0.27831098
0,1,0.52143323
0,0,0.33773237
1,0,0.3623905
0,1,0.73834
0,0,0.42864752
0,1,0.5625882
1,0,0.42796737
0,0,0.16376753
1,1,0.75569844
0,1,0.53443825
0,0,0.33849686
0,1,0.54805887
0,1,0.7514646
1,0,0.38219815
1,1,0.5778278
0,0,0.4991931
0,0,0.29304504
1,1,0.67958724
0,1,0.51016486
0,1,0.7126087
1,0,0.48196816
0,0,0.4035595
0,1,0.5204228
0,0,0.32903785
0,1,0.6510016
1,1,0.6294038
1,0,0.35084558
0,1,0.54871225
1,0,0.33530462
0,0,0.35738736
0,1,0.5832304
1,0,0.4090807
0,0,0.47574264
0,1,0.7103017
0,1,0.7154319
1,1,0.5220386
0,0,0.3159261
0,0,0.37748367
1,1,0.6535703
0,0,0.48718917
0,0,0.2591589
1,0,0.37706673
1,1,0.653094
0,0,0.33688575
0,0,0.2996477
0,0,0.3878232
0,1,0.7633593
0,0,0.36887094
0,0,0.38072482
0,0,0.32423815
1,1,0.6963774
1,1,0.68118656
1,1,0.5293768
0,0,0.36131394
0,1,0.6935869
1,1,0.67572904
0,0,0.45459455
0,0,0.40560248
0,1,0.80453444
1,0,0.23630835
0,0,0.38560432
1,0,0.40876645
1,0,0.42233223
1,1,0.67724085
0,0,0.4505119
0,1,0.6024303
1,1,0.6065767
1,1,0.5656247
0,0,0.23867427
1,1,0.53012455
1,1,0.55192816
0,0,0.23325905
1,0,0.45007575
1,1,0.753461
1,1,0.64090955
0,0,0.41480017
0,1,0.6335035
0,1,0.52813065
0,0,0.49183533
0,1,0.5564732
0,1,0.7066746
1,1,0.578567
0,0,0.31334355
0,0,0.45888534
1,1,0.6241543
1,1,0.6193138
0,1,0.66254044
0,1,0.7548821
1,1,0.6933327
1,0,0.17951943
0,0,0.33928847
0,0,0.39177597
1,1,0.58669484
0,0,0.42689052
1,1,0.5203245
0,0,0.3614867
1,0,0.15479937
0,0,0.42371693
1,0,0.42693257
0,1,0.5499004
0,0,0.3789678
1,0,0.42893425
0,0,0.435489
1,0,0.43009797
0,0,0.2849901
0,0,0.35393107
0,1,0.6621517
0,0,0.22912817
0,1,0.6346731
1,1,0.78617483
0,0,0.4419223
0,1,0.5331191
0,1,0.67950237
0,0,0.3425845
0,0,0.3329947
1,0,0.45092118
0,0,0.22665809
1,1,0.6174978
0,0,0.3555417
1,1,0.7254287
0,0,0.33731312
0,1,0.66563714
0,1,0.61409414
0,1,0.73703897
0,1,0.71903783
0,0,0.4129104
1,1,0.69610465
0,0,0.47826865
0,0,0.31751487
0,1,0.62259567
0,1,0.51432925
1,1,0.6821983
0,0,0.43435407
0,1,0.7513865
0,0,0.41137114
1,0,0.45073596
0,0,0.28923288
1,0,0.4576773
0,0,0.49931723
1,1,0.65322685
0,0,0.47949266
0,0,0.21347094
0,0,0.42540488
1,1,0.59780425
0,1,0.6507033
1,0,0.32472372
0,0,0.41024682
1,1,0.72053766
0,1,0.6865268
1,1,0.6742618
1,0,0.36976704
1,0,0.45776352
1,0,0.39253795
0,0,0.3424974
0,0,0.23958707
0,0,0.4336069
0,0,0.3615053
1,1,0.5777995
0,0,0.48380715
0,1,0.5701297
0,1,0.56313574
1,1,0.5762236
0,0,0.3707379
0,1,0.567857
0,0,0.33397952
0,0,0.49724898
0,0,0.41049287
1,1,0.5669452
0,1,0.7417376
1,1,0.78476834
0,0,0.46704617
0,0,0.35493904
1,1,0.67872787
0,0,0.43995905
0,0,0.28498104
1,1,0.54125094
0,0,0.4039655
0,0,0.24708413
1,1,0.61101556
0,0,0.393129
0,0,0.4964311
1,0,0.42262983
1,1,0.65029514
0,0,0.28733993
1,1,0.6073992
0,0,0.46650112
0,0,0.38981852
0,0,0.2402639
0,0,0.3744675
1,0,0.49140093
1,0,0.49509162
1,1,0.72161096
1,1,0.7594734
0,0,0.2893042
0,1,0.5384552
0,1,0.7189168
0,0,0.35420665
0,1,0.51185507
0,0,0.3024499
0,0,0.48339778
0,1,0.57283247
1,0,0.4227419
1,0,0.40744212
0,0,0.26674882
0,0,0.4861914
1,1,0.65261954
1,1,0.6634008
0,0,0.43657383
1,1,0.7338544
0,0,0.28909978
0,0,0.4376278
0,0,0.3828284
0,1,0.6423944
0,0,0.49859256
0,1,0.8307982
1,1,0.77058166
0,1,0.54598755
1,0,0.36741227
1,1,0.72374904
0,0,0.32509378
1,0,0.36892322
0,0,0.2765906
0,0,0.39691368
1,0,0.3135204
0,0,0.22273561
0,1,0.5084992
0,0,0.27978736
0,1,0.535249
0,0,0.35977846
0,1,0.6787069
0,0,0.23364425
1,0,0.34986418
0,1,0.65625083
1,1,0.6709169
0,0,0.44679478
0,0,0.34638938
0,1,0.5496123
0,1,0.54272497
0,1,0.6186714
0,0,0.34344384
1,1,0.61839205
0,0,0.3573956
0,0,0.20416692
0,0,0.39832762
1,0,0.4879702
0,0,0.17278746
1,1,0.5860708
1,1,0.6521093
1,1,0.7807556
0,0,0.35175294
0,0,0.35739627
0,0,0.32621464
1,1,0.77621776
1,1,0.7844205
1,0,0.40367192
0,0,0.1836682
0,1,0.65099615
0,0,0.33547848
1,1,0.6728009
1,0,0.3407021
0,0,0.35184258
0,1,0.6166471
0,1,0.6849514
1,0,0.4288147
1,0,0.4209391
1,1,0.7369713
1,0,0.39901337
1,1,0.5511152
0,1,0.5151583
0,0,0.35018036
0,1,0.5521792
1,0,0.45752397
1,0,0.47920316
1,1,0.71198756
0,0,0.26496446
0,0,0.40146667
1,1,0.5748355
0,0,0.35030413
1,1,0.597896
0,0,0.41943473
1,1,0.56960815
0,0,0.33875313
0,0,0.29620013
0,1,0.5017917
0,0,0.4473016
0,1,0.5533574
0,0,0.18254952
1,0,0.32228816
0,0,0.2961939
1,1,0.6774248
0,0,0.2758695
1,1,0.7349647
0,0,0.37327927
1,1,0.6530706
0,0,0.346664
1,0,0.37961748
0,1,0.6238493
1,1,0.7036747
1,1,0.6725997
1,1,0.6722014
0,0,0.44537294
1,1,0.71072125
0,0,0.49390602
0,0,0.48003486
0,1,0.5279212
1,1,0.5999151
0,1,0.51946104
0,0,0.48964512
0,1,0.5603687
0,0,0.3989903
1,1,0.6028942
1,0,0.3909227
0,1,0.827623
0,0,0.30817804
1,0,0.45219883
1,1,0.62250185
0,1,0.6810892
0,0,0.27623197
0,1,0.58408916
1,0,0.49899966
0,1,0.68154436
1,1,0.709731
0,0,0.37669915
0,1,0.78846073
0,0,0.39010507
0,0,0.37374496
1,0,0.43887508
1,1,0.60430753
0,0,0.30553728
0,0,0.43013525
0,0,0.34604222
0,1,0.5410805
0,0,0.4742495
0,1,0.6500859
1,1,0.6059375
0,1,0.60928833
0,0,0.46923533
0,1,0.50779325
0,0,0.3324452
0,1,0.6927959
0,0,0.38353604
0,0,0.41996124
0,1,0.54317117
0,1,0.6800554
0,1,0.7777667
0,0,0.3885711
0,0,0.34945914
0,1,0.5165272
0,0,0.43202797
1,1,0.519838
1,1,0.603288
1,1,0.5225313
0,0,0.39002702
1,1,0.63607407
0,1,0.55970097
0,1,0.8160344
0,1,0.7157027
0,0,0.4194815
1,0,0.42140704
1,0,0.48302433
0,0,0.39266875
1,0,0.4617594
0,0,0.12555808
0,1,0.6890563
1,0,0.39917833
0,0,0.36662102
0,0,0.34104535
0,1,0.64727396
0,0,0.44427297
0,1,0.51652557
0,0,0.33074453
0,0,0.35600427
0,1,0.5058434
1,1,0.62687963
0,0,0.49552393
0,1,0.5563546
0,0,0.45953113
1,1,0.5462538
0,0,0.4743312
0,1,0.72309494
0,1,0.74125886
0,0,0.4647618
0,0,0.40133572
0,0,0.47649783
0,0,0.117944345
0,0,0.2866331
0,1,0.5504033
0,0,0.41287598
1,1,0.6820116
0,1,0.67351973
1,0,0.49673158
0,0,0.49079394
0,1,0.5903718
1,1,0.51533186
0,0,0.26107597
1,1,0.66573316
0,0,0.3982432
0,1,0.56998855
0,0,0.30450284
0,0,0.4079215
0,0,0.3096195
0,1,0.52058506
1,1,0.7118811
0,1,0.8259208
0,1,0.7208967
1,1,0.6920763
0,1,0.6677866
1,0,0.44219348
1,0,0.29404584
1,0,0.4514354
0,1,0.7667221
0,1,0.5682697
1,0,0.40616313
0,1,0.5962082
0,1,0.52898085
1,1,0.66851884
1,0,0.44341847
1,1,0.80428886
1,1,0.72765946
1,1,0.5343263
1,1,0.745118
1,1,0.7265922
1,1,0.6340585
0,0,0.20950064
1,1,0.6920102
1,1,0.77967393
0,0,0.36775377
1,0,0.4400107
1,1,0.5002922
0,0,0.4102059
1,1,0.6816647
1,1,0.7770043
1,1,0.50106853
0,0,0.4198567
0,0,0.41352656
1,0,0.3327086
1,1,0.7590947
1,1,0.61044896
1,1,0.72935224
1,0,0.45066756
0,1,0.56582654
1,0,0.48043296
0,0,0.39635256
0,0,0.40003982
1,1,0.5767052
1,0,0.47456944
0,0,0.22372118
1,1,0.5757086
0,1,0.523401
0,1,0.5127655
1,0,0.37424707
1,1,0.640131
1,0,0.34371385
1,1,0.6664281
1,1,0.7541368
0,0,0.3680517
0,1,0.6363523
0,0,0.4665355
0,1,0.66181254
1,1,0.69213825
0,1,0.63882554
0,0,0.24895452
1,1,0.62774336
0,0,0.4650316
1,0,0.44072968
1,1,0.63944876
0,1,0.54507923
0,0,0.46513626
0,1,0.5741508
0,1,0.6028279
0,1,0.6611668
1,0,0.27175394
0,1,0.61553836
0,0,0.3647638
0,0,0.44246712
0,0,0.3102349
1,1,0.5897917
0,1,0.51980746
0,1,0.510908
1,0,0.25853035
1,0,0.43007985
0,0,0.4478079
0,1,0.6235148
0,1,0.6651561
0,1,0.6675302
1,1,0.648201
0,1,0.6112242
0,0,0.14219113
0,1,0.6026466
1,0,0.45985082
0,1,0.5104612
1,1,0.6915722
0,0,0.27488333
1,1,0.58330774
0,0,0.4411178
1,1,0.5345546
0,1,0.7074578
0,0,0.23715027
1,0,0.4109557
1,0,0.44566008
1,1,0.7445898
0,1,0.5540303
0,0,0.25570408
0,1,0.5116626
1,0,0.22376367
0,1,0.605548
1,0,0.37552267
0,1,0.7070853
0,0,0.39147913
0,1,0.5909585
1,1,0.6341437
0,1,0.5132563
0,0,0.47026965
0,0,0.37683383
1,1,0.6388935
1,0,0.33922058
0,0,0.3937244
0,0,0.25365916
1,1,0.70751154
1,0,0.33495206
1,1,0.5437125
0,0,0.4079373
0,1,0.6141894
0,0,0.27871442
0,0,0.33981678
1,1,0.7059736
1,0,0.44813675
0,1,0.55994797
0,0,0.43743926
0,1,0.72006774
1,0,0.41412082
0,0,0.40180796
1,1,0.7127783
1,1,0.69083154
0,0,0.2397675
1,1,0.5719738
0,0,0.38794842
0,1,0.6959609
1,0,0.4028873
0,1,0.69854724
0,0,0.30817848
1,0,0.3349476
0,1,0.54679143
1,1,0.7667192
0,1,0.5805272
0,1,0.5191361
1,0,0.34579125
1,0,0.3957471
0,0,0.2684491
1,1,0.8164754
0,0,0.40660608
1,0,0.3434709
0,0,0.47470102
0,0,0.20434964
0,1,0.5448817
0,0,0.35492074
1,1,0.6611673
0,1,0.69133705
0,0,0.3562484
0,1,0.5413166
0,0,0.2934645
1,1,0.6606215
0,0,0.41014752
1,0,0.2411285
0,1,0.5292982
1,1,0.8020025
1,1,0.60060215
0,0,0.45488092
1,1,0.5135172
0,0,0.49215558
1,1,0.7328298
1,1,0.60742354
1,0,0.48679897
1,0,0.40392518
1,0,0.41569155
1,1,0.599244
0,0,0.34034023
1,1,0.602014
0,1,0.55005246
0,0,0.4324164
0,1,0.501426
0,0,0.38778138
1,0,0.31425777
1,0,0.4798039
0,0,0.20502186
1,1,0.777077
0,1,0.73194826
1,1,0.64122945
0,1,0.5661773
1,1,0.632461
0,1,0.59917724
1,1,0.5703641
0,0,0.3293192
0,1,0.629703
0,0,0.1042138
1,0,0.31566292
0,0,0.42107475
0,0,0.41089782
0,0,0.42756543
1,0,0.22085604
0,1,0.5958084
1,1,0.5796784
0,0,0.16143315
0,0,0.35812384
0,1,0.5206753
0,0,0.29511094
1,1,0.59814954
0,1,0.65629333
1,1,0.6700501
1,1,0.7162354
0,1,0.6046965
0,0,0.41954255
0,1,0.52374905
1,1,0.6384933
0,0,0.25108808
0,1,0.5127181
0,1,0.63339055
0,1,0.5557441
1,1,0.5614853
0,0,0.42637858
1,1,0.63674325
1,1,0.71188104
1,0,0.43628338
0,0,0.45078495
0,0,0.3194806
0,0,0.38714346
1,0,0.42378283
0,0,0.3962983
1,0,0.34405738
0,1,0.631425
0,1,0.6790591
1,0,0.45877647
0,1,0.5214557
1,1,0.71090555
0,0,0.40079287
0,0,0.47562134
1,1,0.55680525
0,0,0.40735066
0,1,0.71412253
0,0,0.34700483
1,0,0.3895118
1,0,0.46435994
1,1,0.58550537
0,1,0.62896806
0,0,0.32568806
1,1,0.55301255
1,1,0.71082103
1,1,0.54467374
1,1,0.6423993
0,0,0.37063396
0,0,0.41621816
0,0,0.30204168
0,0,0.33464226
0,0,0.21314196
1,1,0.67352706
1,1,0.6691427
0,1,0.6270454
0,0,0.48805258
0,1,0.56418407
0,0,0.4139183
0,0,0.41246682
0,1,0.69435525
0,1,0.5880742
0,1,0.658429
1,0,0.40738466
1,0,0.4055061
0,0,0.20850177
1,0,0.3868307
0,0,0.34364974
0,0,0.45867017
0,0,0.46303442
1,1,0.52808774
1,1,0.5482846
0,0,0.33571854
1,1,0.7967547
1,1,0.7458832
1,1,0.67960143
0,0,0.26666087
1,1,0.5656886
0,1,0.5441543
0,0,0.4016438
0,0,0.36353356
0,0,0.40248647
0,0,0.3871232
1,0,0.49595517
0,1,0.59780705
0,1,0.6876514
0,1,0.68843985
0,0,0.43152058
0,0,0.3097858
0,0,0.21164416
0,0,0.26139417
1,1,0.6738062
0,0,0.3266251
0,0,0.48968115
1,1,0.7949305
0,0,0.47748587
0,0,0.34061393
0,0,0.35245392
0,0,0.37354067
1,1,0.8675835
1,1,0.6710813
0,1,0.5192302
0,0,0.19995971
0,0,0.16649814
0,1,0.5546783
0,0,0.17971079
1,1,0.69907796
0,0,0.36901718
0,0,0.40027776
0,1,0.51627284
0,0,0.44505447
1,1,0.58102655
0,0,0.32637832
0,0,0.2982246
0,0,0.28423148
0,0,0.37748682
0,0,0.23075175
1,0,0.40616497
1,1,0.69021416
0,0,0.30702195
0,0,0.49919868
1,0,0.38584828
0,0,0.39039204
0,1,0.5069913
0,1,0.64744264
0,1,0.6646764
1,1,0.85671127
0,1,0.5292346
0,1,0.6115419
1,0,0.35875416
0,1,0.6572995
0,0,0.49523723
0,1,0.6721038
0,0,0.38729504
0,1,0.7796687
1,0,0.35193554
1,0,0.33849555
1,0,0.45171747
0,0,0.40614748
1,0,0.41480878
1,0,0.4464878
1,1,0.6537597
0,0,0.4135934
0,1,0.6814669
0,1,0.54285395
0,1,0.5317774
0,0,0.33213624
1,1,0.520006
1,1,0.53746855
1,1,0.7807381
0,0,0.43732667
1,0,0.47901592
0,0,0.19277088
0,1,0.7272186
0,1,0.619154
1,1,0.7431159
1,0,0.3211164
0,0,0.45525193
1,0,0.42631418
0,1,0.5139562
0,0,0.4283533
0,1,0.74513257
1,0,0.37554696
0,0,0.39155215
0,1,0.64066947
0,1,0.65594167
0,0,0.31618503
0,0,0.37578315
1,0,0.4158948
0,1,0.547081
0,1,0.5534584
1,1,0.5865111
0,0,0.4336283
1,0,0.15732045
1,1,0.70720875
1,0,0.48469546
1,1,0.60252976
0,0,0.16034
0,0,0.45893258
1,1,0.53849256
0,1,0.7017827
0,0,0.33186433
0,1,0.6227963
0,0,0.3748725
0,1,0.5637413
0,1,0.7582999
0,0,0.40948504
0,0,0.191152
0,0,0.4486295
0,0,0.24957128
1,1,0.7199911
1,0,0.43726742
1,1,0.6717608
1,1,0.5078443
0,0,0.31830907
1,1,0.54877955
1,1,0.74240196
0,0,0.3971541
0,0,0.2697723
1,0,0.47682917
1,0,0.48079157
1,0,0.30931318
1,0,0.4739239
0,0,0.39057517
0,1,0.5312022
1,0,0.42301768
0,1,0.53468835
0,0,0.27991632
0,1,0.5732972
1,1,0.67451304
0,1,0.52300835
0,0,0.36141467
0,1,0.510581
0,0,0.44730905
1,0,0.31625688
0,0,0.3465747
0,0,0.2629675
0,0,0.39816535
1,0,0.38709018
0,1,0.6450224
1,1,0.5301419
1,1,0.6042381
0,1,0.5738501
0,0,0.47486684
0,0,0.30433998
0,1,0.534371
1,0,0.34858793
0,0,0.1157023
0,1,0.50607634
1,1,0.6493731
0,1,0.6874574
0,0,0.18761636
1,1,0.8067654
0,0,0.41476345
1,1,0.51040006
0,0,0.2897332
1,1,0.53406703
1,0,0.3526164
0,1,0.7107544
1,1,0.50448674
1,1,0.63160336
0,0,0.45193177
0,1,0.54381424
0,1,0.6186391
0,0,0.31180286
0,0,0.41288584
1,1,0.7234454
1,1,0.7874959
1,1,0.5360906
0,1,0.60160196
0,0,0.27668932
0,0,0.34065348
0,0,0.44900048
0,0,0.42684373
1,0,0.28623086
1,0,0.44519043
0,0,0.31206837
0,1,0.5598334
1,1,0.69040334
0,1,0.7315775
0,1,0.7130828
0,0,0.39359462
0,1,0.825319
0,1,0.5208206
0,0,0.4286504
0,0,0.37252757
0,1,0.79848695
0,1,0.51244545
0,1,0.62032133
1,0,0.4257767
0,0,0.3872324
0,1,0.5129924
0,0,0.49798885
0,0,0.43155557
0,1,0.6655829
0,0,0.48482755
1,1,0.5235863
0,1,0.5809567
1,1,0.57153034
0,1,0.501649
0,0,0.34750402
1,0,0.33825046
0,0,0.46340615
0,0,0.45954898
0,1,0.50957274
0,1,0.5748738
0,1,0.50442815
0,1,0.7162744
1,0,0.41372603
1,1,0.7648868
0,1,0.642999
0,0,0.15798394
0,0,0.40919793
1,0,0.32263026
0,0,0.20741127
0,0,0.24517727
1,1,0.55126894
1,0,0.39843112
1,0,0.321567
0,0,0.46233988
0,0,0.21649751
1,1,0.65460235
0,1,0.6334927
1,0,0.42033577
0,0,0.42311022
0,1,0.50323033
0,0,0.43545285
1,0,0.44730198
0,1,0.6725569
0,1,0.588609
1,1,0.73726594
1,0,0.40472084
0,1,0.7167791
0,0,0.47411042
0,0,0.3070895
0,0,0.36352342
0,1,0.5145434
0,0,0.45646393
1,1,0.6050191
1,1,0.74356484
0,1,0.6844476
0,1,0.52872896
0,1,0.6013106
1,1,0.7829327
0,0,0.33882976
1,1,0.72055566
0,0,0.48752448
0,0,0.36754337
0,1,0.7486154
1,1,0.5134935
0,0,0.40272954
0,0,0.33512107
0,0,0.3837276
0,0,0.40019265
1,1,0.7913435
1,1,0.6031598
0,0,0.42525077
0,0,0.44520628
1,1,0.6470105
0,0,0.3773553
1,0,0.48256555
0,0,0.38192773
0,0,0.48714644
1,1,0.6199846
0,0,0.32356453
0,1,0.51532483
1,0,0.40508416
0,0,0.23687305
1,0,0.39221507
1,0,0.27654955
0,0,0.35306638
1,0,0.46672198
0,0,0.41981992
0,1,0.65023744
0,1,0.6241942
0,0,0.2811048
1,1,0.6281352
0,1,0.5569471
0,0,0.44111124
1,0,0.49212626
0,1,0.63082236
0,1,0.5605353
1,1,0.7332329
0,1,0.5796329
0,0,0.4510362
1,0,0.4866285
0,1,0.6383022
0,0,0.3923621
0,0,0.24520038
0,0,0.3929984
0,0,0.4457428
0,0,0.40180248
0,0,0.45621037
0,0,0.3606393
1,1,0.63865566
0,0,0.43343318
0,0,0.44088224
1,1,0.6299969
1,1,0.60098904
0,0,0.24559347
0,0,0.29460073
0,0,0.40387028
0,1,0.626134
1,1,0.5849527
1,1,0.64956725
0,0,0.34287712
1,1,0.75788414
1,0,0.37123343
0,0,0.4292941
1,0,0.4345216
0,1,0.6365813
0,0,0.115714885
0,0,0.48598275
0,0,0.46528032
1,0,0.3869988
1,0,0.35039106
1,1,0.5121506
1,0,0.3466891
0,0,0.41272315
0,1,0.5033661
0,1,0.5904018
0,1,0.5964926
0,0,0.28703785
0,1,0.56413555
0,1,0.69817543
1,0,0.41727775
1,1,0.73828113
0,0,0.31700984
0,1,0.6515297
1,1,0.58226323
0,0,0.40374148
1,1,0.61052567
0,1,0.5566113
0,0,0.3525101
1,0,0.42595142
1,1,0.6134434
0,0,0.36334893
1,1,0.70097816
0,1,0.6816299
0,0,0.2992282
1,1,0.6815163
0,0,0.42925096
0,1,0.76378775
1,1,0.71484566
0,0,0.44651303
0,0,0.37531486
1,1,0.5701117
0,0,0.45743167
0,0,0.24136886
0,0,0.30826038
1,1,0.65400314
0,0,0.49153933
0,0,0.35621792
0,0,0.44958407
0,0,0.32525593
0,0,0.2442577
0,1,0.66558796
0,0,0.3748752
1,0,0.4977063
0,0,0.44633228
0,1,0.56098336
1,1,0.767248
0,1,0.6543958
0,0,0.4489826
1,1,0.7016133
0,0,0.4513759
1,1,0.5593177
0,0,0.20921232
0,0,0.37604553
1,1,0.8347059
0,0,0.31400776
0,0,0.49868035
0,0,0.46781296
0,0,0.40306565
1,0,0.33269572
1,0,0.4611597
1,0,0.4028071
1,0,0.46126315
0,0,0.24555053
1,1,0.55207396
0,0,0.41258547
0,1,0.62065476
0,0,0.21769519
0,0,0.44054773
0,0,0.41906273
1,1,0.57215905
0,1,0.69946295
0,1,0.5855405
0,0,0.33130983
1,1,0.8219365
0,1,0.6681942
0,1,0.52689797
0,0,0.4123324
0,0,0.43596014
0,0,0.2640601
0,0,0.37851974
0,0,0.43118048
1,0,0.41062418
1,0,0.49174607
0,0,0.28679964
1,1,0.6457983
0,0,0.31381086
0,1,0.6125292
0,1,0.7027199
0,0,0.36743808
1,0,0.47147772
0,1,0.5584476
1,0,0.42766798
1,1,0.5827607
0,1,0.59796524
0,0,0.14368385
0,0,0.3535084
0,1,0.66705275
0,0,0.34028926
0,1,0.6006535
0,0,0.48939434
1,0,0.47060987
1,0,0.37951803
0,1,0.5598479
0,0,0.30928832
1,0,0.4180024
0,0,0.34041864
0,0,0.4118197
1,1,0.9013267
0,0,0.22232136
0,1,0.5905185
1,0,0.49289185
0,0,0.3994072
1,0,0.3700318
1,0,0.39987352
1,0,0.42873836
1,1,0.5124632
0,0,0.3501403
0,1,0.59625185
0,0,0.43635288
0,1,0.55477035
1,1,0.77735144
0,0,0.4248318
1,1,0.689674
0,0,0.3913306
0,0,0.4558439
1,1,0.66835284
1,1,0.72311366
1,1,0.5451709
0,1,0.6307182
0,0,0.2743265
0,1,0.5809815
0,0,0.39941758
1,0,0.46342707
0,0,0.4696359
0,1,0.5341671
1,0,0.4809402
0,0,0.28242686
1,0,0.38299388
1,0,0.29941705
0,0,0.4102456
1,0,0.3937852
0,0,0.2870604
0,0,0.45447236
0,0,0.38558823
1,1,0.767042
1,0,0.38615263
1,0,0.34682763
1,1,0.5020815
0,1,0.5518098
1,1,0.80834055
1,0,0.47855267
1,0,0.42882866
0,1,0.72784287
1,1,0.5180747
1,0,0.34143764
0,1,0.66525006
0,0,0.35539994
0,0,0.27812964
0,0,0.28470474
0,0,0.48891392
0,0,0.47910553
1,0,0.4374572
0,0,0.38851473
0,1,0.5725826
1,1,0.7891096
0,0,0.3797504
0,0,0.41893968
0,0,0.40998524
1,0,0.49398896
1,1,0.7584393
0,0,0.41701633
0,1,0.61220574
0,1,0.73261464
0,1,0.73387885
0,0,0.4450986
1,1,0.5216167
0,0,0.4776749
0,0,0.33743182
0,1,0.7003685
0,1,0.52034056
1,1,0.6789314
0,1,0.7344917
0,0,0.45407274
0,0,0.43620044
0,0,0.43634352
1,1,0.5308639
0,0,0.4335823
0,0,0.3723019
1,1,0.54898334
0,0,0.21589185
0,1,0.58888483
0,0,0.42985398
1,1,0.6144469
0,1,0.80199623
1,0,0.47858325
1,0,0.453695
0,1,0.7154424
1,0,0.49640223
0,1,0.5617132
0,1,0.7620099
1,0,0.42870915
0,1,0.5671352
1,0,0.41113132
1,0,0.3344108
0,0,0.4939969
0,1,0.5527649
1,0,0.43701693
0,0,0.4876513
0,0,0.38844097
1,0,0.37172925
0,0,0.47049648
1,1,0.5222359
1,1,0.5876583
0,0,0.27013502
0,0,0.35708892
0,0,0.41792634
1,0,0.4327278
0,0,0.325234
1,0,0.4355608
0,0,0.40589523
1,1,0.50073504
1,0,0.31053424
1,1,0.5189997
0,0,0.35973167
0,0,0.3920527
1,0,0.45832953
0,0,0.16821218
1,1,0.7031498
1,1,0.65309227
0,0,0.22652544
0,0,0.26929146
0,0,0.4897092
1,1,0.5771694
1,1,0.8344548
0,0,0.3270151
0,1,0.564185
0,0,0.3466765
0,0,0.3763646
1,0,0.38261405
0,1,0.75741243
0,0,0.28092197
0,1,0.62068915
0,0,0.37769604
1,0,0.266802
0,0,0.26829457
1,1,0.63184357
0,0,0.35146958
0,0,0.35820204
0,0,0.49072713
1,0,0.4349148
0,1,0.6457384
1,0,0.485964
0,0,0.30787706
0,0,0.45820928
1,0,0.4682975
0,0,0.4370502
1,1,0.7668682
1,0,0.4225583
0,0,0.41266978
0,0,0.19070919
1,0,0.3573725
1,1,0.6128233
1,0,0.38812265
0,0,0.47589263
1,1,0.6705295
1,1,0.67558324
0,1,0.64975953
0,0,0.4555242
1,1,0.58321166
1,1,0.54253364
0,0,0.47048283
0,1,0.6211283
1,1,0.54391
0,0,0.19311912
0,0,0.20587115
1,1,0.527474
0,0,0.4314056
0,1,0.7249534
1,1,0.5754357
1,1,0.5879593
0,0,0.31990904
0,0,0.39140293
1,0,0.23659696
1,0,0.33321306
0,1,0.52034533
0,0,0.319977
1,0,0.3831877
1,0,0.368723
0,1,0.66938424
0,0,0.25267914
1,1,0.7008189
0,0,0.2866929
0,1,0.5143806
0,0,0.3671991
0,0,0.47387597
1,0,0.48595357
0,0,0.23624948
0,1,0.7819228
0,1,0.59338635
0,0,0.2515855
0,1,0.6916686
1,1,0.69652754
0,0,0.4276196
0,0,0.39231372
0,1,0.6491256
0,1,0.68384033
1,0,0.41883945
0,0,0.42014736
1,1,0.5204283
0,0,0.37548968
1,0,0.36503577
1,1,0.67098325
1,1,0.6553937
0,0,0.30559468
0,1,0.6138189
0,0,0.42014864
1,1,0.6566873
1,1,0.51280737
0,0,0.29575583
0,0,0.4693751
0,0,0.36832443
0,1,0.7130083
1,1,0.83322287
1,1,0.83404756
0,0,0.34727624
0,0,0.1413569
0,0,0.4444535
0,0,0.4302906
1,1,0.708079
0,0,0.27526438
0,0,0.46756223
0,1,0.6177127
0,1,0.71778524
0,0,0.45373747
1,1,0.5089338
1,1,0.5220129
0,0,0.41581887
0,1,0.63348794
0,0,0.46049872
0,1,0.6249811
0,1,0.53931665
0,0,0.27987114
0,0,0.33039764
1,1,0.63201845
0,0,0.39468566
0,0,0.39301628
0,0,0.41843033
0,1,0.575533
0,0,0.33322498
0,1,0.56445825
0,1,0.5654033
1,1,0.79596704
0,0,0.44423002
0,0,0.30213544
1,0,0.36427513
0,1,0.65713406
1,1,0.53485966
0,1,0.56398666
1,1,0.6355447
0,1,0.50890976
1,1,0.5694524
1,1,0.6609504
1,0,0.4096083
1,1,0.66849065
1,1,0.71822244
0,0,0.4092509
0,0,0.36206573
1,0,0.41421673
1,1,0.62036955
1,0,0.44870377
0,0,0.35819322
0,0,0.19651558
0,1,0.63344586
0,0,0.2832084
0,0,0.34776014
0,0,0.37868065
1,0,0.479095
0,0,0.44797316
0,0,0.4068215
1,1,0.72525847
0,0,0.36009377
0,1,0.50641555
1,1,0.65955126
0,1,0.56826615
1,1,0.6868271
1,1,0.6308925
0,0,0.4060857
0,0,0.43644318
0,1,0.66501975
0,0,0.22620024
0,1,0.65163577
0,0,0.47555307
0,0,0.42976224
1,1,0.69850004
1,0,0.3039133
0,0,0.47695604
0,1,0.5231133
0,0,0.35520253
0,0,0.31541094
1,1,0.6320626
0,1,0.61547154
0,0,0.30916908
1,1,0.65194404
0,1,0.6368494
0,0,0.326616
0,0,0.44677556
1,1,0.7368847
1,1,0.55688775
0,0,0.48408803
0,0,0.39931777
1,1,0.7175257
0,1,0.60689205
0,0,0.39913684
0,0,0.4018223
0,1,0.5552365
0,1,0.6608083
1,0,0.49937725
0,1,0.7476684
1,1,0.73615897
1,0,0.46695882
0,1,0.6485666
0,1,0.65769887
0,1,0.6677908
1,1,0.62190735
1,0,0.44711137
1,1,0.5839068
1,1,0.70089525
0,0,0.45190647
1,0,0.33463323
0,0,0.42423147
1,1,0.5273357
1,1,0.5439572
0,0,0.34861928
0,0,0.45247847
1,0,0.35352328
0,0,0.4437361
1,1,0.649616
0,0,0.42037255
1,0,0.18195139
0,1,0.6002065
0,1,0.58523345
0,0,0.4666776
0,0,0.35909095
0,1,0.7639953
0,1,0.513795
1,0,0.41587248
1,1,0.58305913
0,1,0.72347116
0,0,0.37956747
0,0,0.4095282
1,1,0.67415035
1,0,0.4393519
0,0,0.367885
1,1,0.5004124
0,0,0.31565693
1,0,0.3826358
0,0,0.39748606
0,0,0.42168003
0,0,0.28651074
0,1,0.6873236
1,0,0.42089096
0,0,0.32615393
0,1,0.67977154
1,0,0.2778906
0,1,0.55388665
0,1,0.5822114
0,0,0.4093532
0,1,0.5376586
0,1,0.5415167
1,1,0.60722387
0,1,0.6369032
0,0,0.42525196
0,1,0.65147346
0,0,0.45598707
1,1,0.55054796
1,1,0.71395123
0,1,0.63433325
0,1,0.58995175
0,1,0.5398871
1,1,0.6597562
1,0,0.4815396
0,0,0.29586154
0,0,0.21417226
1,1,0.5188768
1,1,0.63317806
0,0,0.29962954
0,0,0.39564034
0,0,0.40355155
0,0,0.49700457
1,0,0.24409918
0,1,0.5254972
1,1,0.59234154
0,0,0.1789268
1,0,0.40288514
0,1,0.7846209
0,0,0.2922812
0,0,0.2631703
0,0,0.38624468
0,1,0.65016747
1,1,0.79151547
0,0,0.17657807
1,0,0.42893535
0,0,0.49360475
0,1,0.5380255
0,1,0.67035794
1,1,0.6798778
0,0,0.460403
0,0,0.28387627
1,1,0.52035654
0,0,0.26695332
1,0,0.42663813
1,1,0.553018
0,1,0.51999164
1,0,0.44729832
0,0,0.26234397
0,0,0.44665667
1,0,0.43869066
0,0,0.41088527
1,0,0.40645766
1,0,0.31210956
0,0,0.47927943
1,1,0.6956403
0,0,0.1252118
1,0,0.26815283
1,0,0.49287465
0,0,0.23399937
0,0,0.4637959
1,1,0.5399078
0,0,0.32601234
0,1,0.5095675
1,1,0.54435
0,1,0.6174016
0,0,0.3889155
1,1,0.61299473
1,1,0.6621733
0,0,0.36506617
1,1,0.6585474
0,0,0.38539016
1,1,0.66864043
0,0,0.3197573
0,1,0.50817466
1,1,0.7237127
0,1,0.5840188
1,1,0.67496204
0,0,0.21383573
0,0,0.37206343
0,0,0.43332013
1,0,0.26504216
1,0,0.42590067
0,1,0.7187067
0,1,0.5869732
0,1,0.6535225
0,1,0.6104667
1,0,0.48386455
0,0,0.4028285
0,0,0.49877542
0,0,0.49134633
1,1,0.8504443
0,0,0.34412727
0,1,0.58336663
0,0,0.4235233
1,1,0.7362838
1,0,0.4068957
0,0,0.4380716
1,1,0.57561374
0,0,0.34929767
1,0,0.4109791
1,1,0.54308474
0,0,0.36860096
0,1,0.63596976
0,1,0.5296751
0,0,0.28199142
0,0,0.421422
0,0,0.40415335
1,1,0.5618239
0,0,0.39480534
0,0,0.45361012
1,1,0.53956485
1,0,0.42788061
1,0,0.31774178
1,0,0.30828044
0,0,0.44409508
0,1,0.5210854
0,0,0.37074432
0,0,0.42276144
0,0,0.41209993
1,0,0.42822164
1,1,0.6801239
1,1,0.7641453
0,1,0.65621406
0,0,0.49346194
0,0,0.48856848
0,0,0.27457693
0,0,0.49223253
0,0,0.34628245
0,0,0.47710684
0,1,0.68556565
0,0,0.3502011
0,0,0.21910995
0,1,0.6873936
1,1,0.52837527
1,0,0.43599913
1,0,0.4668057
1,0,0.47849563
0,1,0.6014867
0,0,0.45334995
0,0,0.46554893
1,0,0.45082307
0,0,0.3721427
1,1,0.86049306
0,0,0.29652503
1,0,0.4300351
0,1,0.56650126
0,0,0.20617266
0,0,0.37461728
0,1,0.681026
0,1,0.5678493
0,1,0.6008818
1,0,0.47234517
1,0,0.38357726
1,1,0.5430125
1,0,0.2652818
0,0,0.31716087
0,1,0.60709524
0,1,0.52192414
0,0,0.3643823
0,1,0.7148316
1,1,0.59267515
1,1,0.71035886
1,1,0.7786467
1,1,0.66114175
1,1,0.5343454
0,0,0.3852857
0,0,0.32642272
0,0,0.38583985
0,0,0.41770044
0,0,0.16189602
0,1,0.5876731
0,0,0.48490292
1,1,0.5683514
1,0,0.49896464
0,0,0.41249755
1,1,0.7299695
0,0,0.40635812
0,1,0.5434358
0,1,0.5681383
1,0,0.4000768
0,1,0.70906913
0,0,0.3494108
1,1,0.71501625
1,1,0.59275556
0,0,0.41013962
1,1,0.7136555
1,0,0.47685444
0,0,0.19858438
0,1,0.5851166
1,0,0.37868592
0,0,0.47152993
0,0,0.3640704
0,1,0.7955948
1,1,0.6963371
1,1,0.62537575
0,0,0.4693329
0,1,0.57307184
1,1,0.80152106
0,0,0.35163796
0,1,0.67333245
0,0,0.49146593
0,0,0.47801152
0,0,0.2179304
1,1,0.619459
1,0,0.47364
1,1,0.736024
0,0,0.47036904
0,0,0.35853645
0,1,0.67815435
0,1,0.63609946
1,1,0.6263194
0,0,0.3381452
0,0,0.41983336
1,0,0.4786114
0,0,0.35967562
0,0,0.3608163
0,0,0.46537396
0,0,0.2763849
1,1,0.67280686
0,1,0.63302255
0,1,0.5808972
0,0,0.2913424
0,0,0.39198786
0,1,0.51344645
0,1,0.7012533
1,0,0.26204485
0,0,0.42693895
0,0,0.48597878
1,1,0.57200694
0,0,0.44797432
0,1,0.8150893
1,0,0.4209482
1,0,0.49336028
0,1,0.70415413
0,0,0.2462678
1,1,0.6429496
1,1,0.6528346
1,0,0.38311487
0,0,0.2542196
0,0,0.29979855
1,1,0.5592284
0,1,0.60287154
0,0,0.4504244
0,1,0.69877154
0,0,0.40599543
0,0,0.47904283
0,0,0.48220146
0,0,0.38646188
0,0,0.42286676
0,1,0.56569743
1,0,0.38589242
1,0,0.44682482
1,1,0.56355846
1,0,0.4187353
1,1,0.69438887
0,0,0.23288837
0,0,0.36483452
1,1,0.66856265
1,1,0.5392667
0,0,0.3490071
1,0,0.28758252
0,0,0.3071997
0,1,0.6907365
0,0,0.39124048
0,0,0.3577666
1,0,0.3676474
0,0,0.2237625
1,0,0.4169789
1,1,0.74897397
1,1,0.6699336
1,1,0.89312226
0,0,0.47883436
0,0,0.33029306
0,0,0.25977257
0,1,0.5210893
0,0,0.4293209
0,1,0.51414526
0,0,0.44316724
0,1,0.61965525
0,0,0.45275298
0,1,0.6313801
0,1,0.6824353
0,1,0.56103194
0,0,0.4174585
1,1,0.71244407
1,1,0.68638945
0,0,0.4311316
1,1,0.5071473
0,1,0.653577
0,0,0.40596074
1,0,0.40298143
0,0,0.4493649
1,1,0.66215885
0,0,0.4684656
1,1,0.6437114
1,0,0.46118093
1,1,0.5580201
0,1,0.6004618
0,1,0.51558435
1,0,0.3530472
1,0,0.38632765
0,0,0.4082465
0,0,0.23880453
0,0,0.4609875
0,0,0.2198713
0,0,0.2854069
0,0,0.26026502
1,1,0.6481174
0,0,0.40566543
0,1,0.60317755
0,0,0.3925645
0,1,0.620239
0,0,0.44583303
0,0,0.40845457
0,0,0.41859168
1,0,0.42951307
0,0,0.28397703
0,0,0.4070437
0,1,0.6454005
0,1,0.6252971
0,1,0.56260693
1,0,0.2569652
1,0,0.49292392
0,0,0.3544315
0,1,0.54519844
0,1,0.55663425
0,0,0.32849646
1,1,0.78654957
1,1,0.5626327
1,1,0.705104
1,1,0.6154599
1,1,0.5489588
0,0,0.2819301
0,0,0.4024535
0,1,0.5360328
0,0,0.29817382
1,1,0.5172783
0,1,0.5665572
0,1,0.6394831
0,1,0.54585487
0,0,0.38727525
0,1,0.53778994
1,1,0.69036263
0,1,0.75149715
0,0,0.26948988
1,0,0.44537532
0,0,0.42569622
0,0,0.43537092
0,0,0.32661647
0,0,0.25145167
1,0,0.43647557
0,1,0.6137474
0,0,0.35460544
1,0,0.47654602
0,1,0.6466069
0,0,0.37264603
0,0,0.4925763
1,1,0.5145575
0,0,0.27789044
1,0,0.484185
1,1,0.5605447
0,0,0.43599296
0,0,0.41965938
1,1,0.66377527
0,0,0.3302133
1,1,0.7419883
1,0,0.29322967
0,1,0.66694415
0,0,0.4047657
1,1,0.5011592
0,0,0.35547858
0,0,0.27186823
0,0,0.4303611
0,1,0.61281025
1,1,0.6594815
0,0,0.42483154
0,0,0.3546975
1,1,0.7252923
0,1,0.64358497
0,0,0.42006394
0,0,0.28566223
0,0,0.421911
0,0,0.25519666
0,0,0.1845843
0,1,0.5866232
0,0,0.41593787
0,0,0.41482896
0,0,0.34304807
0,0,0.43577644
0,0,0.28948355
0,1,0.68935245
0,1,0.6891943
0,0,0.4235221
1,0,0.42133847
0,0,0.3319
0,0,0.3674979
1,0,0.4685647
0,0,0.3099538
1,0,0.3585281
1,1,0.7809113
1,0,0.49209198
1,1,0.72348547
1,1,0.52944577
0,1,0.60985243
1,0,0.17439319
0,1,0.5132415
1,1,0.7171384
0,0,0.4280244
1,0,0.35268205
0,0,0.49606937
1,0,0.24069653
0,1,0.6451287
0,0,0.4571232
0,0,0.4281379
1,0,0.44131133
0,0,0.2659954
1,1,0.6391089
1,1,0.5888669
0,0,0.43293846
0,0,0.26834807
1,0,0.45272097
0,1,0.5572481
1,1,0.7747291
1,1,0.61874104
0,0,0.3870463
0,0,0.3676292
1,1,0.7209379
0,0,0.41188625
0,1,0.6601113
1,1,0.6413354
0,0,0.27343774
0,0,0.4035202
1,0,0.27427828
0,1,0.7695277
0,0,0.41783977
1,1,0.5461205
1,1,0.74745303
1,1,0.7544737
0,0,0.43904775
1,1,0.7410793
0,0,0.47685242
0,0,0.20850356
1,1,0.6133245
0,1,0.60163784
0,0,0.48421296
0,1,0.61978245
1,0,0.41064715
0,0,0.23841983
0,1,0.59719515
1,1,0.5656265
0,0,0.44399846
0,0,0.44347793
0,0,0.43874538
0,0,0.33429763
1,1,0.6867856
0,1,0.626063
0,1,0.6200182
1,1,0.7131292
0,0,0.34218466
0,0,0.4914847
0,1,0.5680699
1,0,0.4960568
0,1,0.5351768
0,1,0.7325823
1,0,0.3165831
1,1,0.5924469
1,1,0.69655305
0,1,0.6012045
1,1,0.7166969
1,0,0.48175335
1,1,0.62790215
1,0,0.4540491
0,0,0.4809721
0,1,0.7152957
0,0,0.3137034
0,1,0.6572617
0,0,0.34577876
0,1,0.66212666
1,1,0.8730507
1,1,0.72997415
0,0,0.43234155
0,0,0.40706992
0,0,0.40887022
1,0,0.45976517
1,1,0.589807
0,1,0.6457625
1,0,0.45040345
1,1,0.76760334
0,1,0.52898115
0,1,0.60198635
0,0,0.2563371
0,0,0.21534553
1,0,0.25484714
1,1,0.54894567
0,0,0.32477432
0,0,0.35358122
0,0,0.43002063
0,1,0.66842234
0,0,0.39613867
1,0,0.4311619
0,1,0.76745725
1,1,0.83551466
0,1,0.5646844
1,1,0.5040235
1,0,0.46477807
0,1,0.54743886
0,0,0.33901662
0,0,0.17656207
0,1,0.6785815
1,0,0.32571322
1,0,0.36677465
1,0,0.35703313
0,0,0.4890264
0,0,0.48880285
0,0,0.4824961
0,1,0.5110856
0,0,0.3088308
0,0,0.4767275
1,0,0.30957085
1,1,0.60625565
0,1,0.5871898
1,1,0.6669611
0,0,0.3042973
1,1,0.8846799
0,0,0.32683083
0,0,0.37136915
0,0,0.4532375
0,0,0.32690713
0,0,0.40669948
0,0,0.29315948
0,0,0.36960042
1,1,0.61770576
1,1,0.56157255
1,0,0.47792685
1,1,0.5149756
0,0,0.37347698
1,1,0.6633243
1,0,0.3719311
0,1,0.56672305
1,1,0.69785786
1,1,0.67104197
1,1,0.62821233
1,1,0.56619114
0,1,0.593688
0,0,0.4405975
1,1,0.5055325
0,0,0.43142048
1,1,0.71515715
1,1,0.5226791
1,0,0.3237897
1,1,0.7238975
0,0,0.21209136
1,1,0.65026796
0,0,0.41045588
0,1,0.604185
0,0,0.29116163
0,0,0.4359967
0,0,0.38833255
0,0,0.3315007
1,1,0.7574383
1,0,0.35044503
0,0,0.35085168
0,0,0.3409001
0,1,0.5636274
0,0,0.24333747
0,0,0.41994312
0,0,0.44298828
0,0,0.26424372
0,1,0.65874636
1,0,0.2692784
1,0,0.49889922
1,1,0.60485613
0,0,0.43205637
0,0,0.352744
0,0,0.22150946
1,1,0.7510241
1,1,0.5352516
1,0,0.29525247
0,0,0.33054855
1,1,0.5107017
0,0,0.44042724
0,0,0.45876738
1,1,0.6138376
0,0,0.41085488
0,0,0.41278636
0,1,0.8874538
1,1,0.60028356
1,0,0.36351368
0,0,0.2586513
1,0,0.24020545
0,0,0.37306365
0,1,0.6736428
0,0,0.4202364
1,1,0.6394361
1,0,0.31625852
0,1,0.56658494
0,1,0.617089
0,1,0.68992823
0,0,0.30573615
0,0,0.4452661
0,0,0.38509467
0,0,0.39262402
0,0,0.4687257
0,0,0.2152555
1,1,0.7145095
0,0,0.3130569
0,0,0.44305566
0,0,0.44211185
0,0,0.48131981
1,0,0.4409884
0,1,0.73016506
1,1,0.66818714
1,0,0.39402503
1,0,0.3579464
1,1,0.7765414
0,0,0.29445785
0,0,0.23908108
0,0,0.34322655
0,1,0.75348705
0,0,0.48404965
1,1,0.73534274
0,0,0.24565087
1,0,0.4105742
0,0,0.33488977
0,1,0.6387485
0,1,0.6343404
1,1,0.62771213
0,0,0.38287416
0,0,0.4859118
0,0,0.2714689
1,1,0.70757556
1,0,0.46710214
1,1,0.55463576
1,0,0.34302115
1,0,0.30941823
1,0,0.38230816
1,1,0.655787
0,0,0.29011607
1,1,0.64391875
0,1,0.6338051
0,1,0.6032504
0,1,0.7239394
0,1,0.5072798
0,0,0.261579
0,0,0.45981297
1,1,0.54745346
0,1,0.6550646
0,0,0.35498667
0,1,0.56820256
1,1,0.6475056
0,0,0.27615535
1,0,0.319715
0,0,0.34676582
0,1,0.5267668
1,1,0.5647491
0,0,0.33681667
1,1,0.58002245
0,1,0.63879544
1,1,0.6672559
1,0,0.46473688
1,0,0.3898552
0,0,0.2404055
0,1,0.8413749
1,1,0.56321776
1,1,0.7549632
0,0,0.34764883
1,1,0.72814393
1,1,0.64426786
0,0,0.27092996
0,0,0.3363347
0,0,0.40284172
0,0,0.4897556
0,1,0.5789858
0,0,0.40242323
1,1,0.64480907
1,1,0.686648
0,1,0.5476693
0,0,0.41785014
0,1,0.6237788
0,1,0.6066756
1,0,0.40985087
1,1,0.56591475
0,1,0.70777464
0,0,0.29628307
0,0,0.46565902
0,0,0.4817734
0,0,0.42193046
0,0,0.3327769
0,1,0.5332494
0,0,0.3509393
0,1,0.51101005
0,0,0.26414654
0,0,0.31691995
0,1,0.57684034
1,0,0.46897417
0,0,0.4166334
0,1,0.6241687
0,0,0.2171804
0,1,0.5098461
1,0,0.37570953
1,0,0.38427204
1,0,0.4290494
0,1,0.77196866
1,0,0.43663862
1,1,0.7557268
0,0,0.3833107
0,1,0.6896417
0,0,0.29838794
0,1,0.66127133
0,0,0.44908696
0,0,0.49154204
1,1,0.63041675
1,0,0.36330244
1,1,0.773067
0,1,0.5189617
0,0,0.42470455
0,1,0.5350784
0,1,0.645708
0,0,0.34975556
1,1,0.59587747
1,1,0.561288
0,0,0.10810352
0,1,0.69212085
0,0,0.34171626
0,1,0.6547497
0,0,0.37292007
0,0,0.35672963
0,0,0.27252686
1,1,0.7207929
1,1,0.61365426
1,1,0.64742994
0,0,0.44477835
1,1,0.6472888
0,0,0.4550429
0,0,0.22630058
0,0,0.20283252
1,1,0.5776346
0,1,0.51353276
0,0,0.4163103
0,0,0.43912864
0,1,0.68155754
0,0,0.22966827
0,1,0.7364396
1,0,0.35612684
1,1,0.7701023
0,1,0.67025447
0,1,0.6559236
1,0,0.32541788
0,1,0.68437076
1,0,0.493223
1,1,0.56721604
1,0,0.4582526
0,1,0.51741636
1,0,0.31396127
0,1,0.636503
0,0,0.4055978
1,1,0.63807
1,1,0.7175813
0,0,0.36448616
0,0,0.28783968
0,1,0.7641138
1,1,0.643299
0,0,0.29242823
0,1,0.6350136
0,0,0.4790614
0,1,0.6968446
0,0,0.33015648
1,1,0.6532997
0,0,0.43297353
1,1,0.77898866
1,1,0.69996107
0,0,0.29602703
1,1,0.66930306
0,0,0.42425475
0,0,0.38080603
0,0,0.34287095
0,0,0.23928566
0,0,0.28645283
0,0,0.3940899
1,0,0.41381508
0,0,0.49446645
0,0,0.29751185
0,1,0.6192223
1,1,0.77629775
0,0,0.4000295
0,1,0.57483697
0,0,0.4382336
0,0,0.41920376
0,1,0.61951137
0,0,0.37020755
0,1,0.6335298
0,1,0.55838877
1,0,0.32936472
1,0,0.47615528
1,1,0.73853487
1,0,0.3551703
1,1,0.62854385
1,0,0.42862472
0,1,0.521333
1,1,0.5519098
1,1,0.72107303
0,0,0.28092957
0,0,0.3338264
0,1,0.64786005
0,0,0.18012795
0,0,0.2716145
1,0,0.38863298
1,1,0.6125103
1,1,0.5258846
0,0,0.43982655
1,1,0.78403306
0,0,0.29394108
1,1,0.68344
0,1,0.58977866
0,1,0.55912614
1,0,0.4400838
0,1,0.6308732
1,0,0.4183891
0,0,0.3486643
1,1,0.50235075
0,0,0.46370915
0,0,0.31610677
1,0,0.37587205
0,1,0.63582015
0,1,0.73376065
0,0,0.394903
0,0,0.29585907
0,0,0.25433892
0,0,0.2906554
1,0,0.3599604
0,0,0.3578865
0,0,0.2890812
0,0,0.39330193
0,0,0.30770758
1,1,0.6835793
0,1,0.5411344
1,1,0.7668388
1,1,0.60061854
0,1,0.5459435
0,0,0.39173523
1,1,0.5618362
1,0,0.47268212
0,0,0.33856064
1,0,0.41093457
0,0,0.38347468
0,1,0.68410146
0,1,0.5034626
1,0,0.48769104
1,1,0.5552129
0,1,0.6237135
0,0,0.37593153
0,0,0.3773742
1,1,0.6661356
1,0,0.41317734
0,0,0.36774075
1,1,0.5155947
0,0,0.47679892
0,0,0.41670585
0,0,0.49138582
0,0,0.17521682
0,0,0.38754153
1,1,0.71693075
0,1,0.73791873
0,0,0.38093778
0,0,0.3502968
0,1,0.5360557
0,1,0.80044854
0,0,0.44191837
0,1,0.5153531
1,1,0.5714897
0,1,0.63479793
0,1,0.55373025
1,0,0.39264765
1,1,0.6296704
0,0,0.44689855
0,1,0.5220691
0,0,0.4944715
0,0,0.4904351
1,0,0.45281714
1,0,0.45308942
1,1,0.7372577
1,0,0.46200293
0,0,0.3359943
1,0,0.4278447
0,0,0.15818638
0,1,0.70535
1,0,0.39089662
1,0,0.41909897
0,1,0.6085317
0,0,0.41880926
1,0,0.45165604
0,0,0.31477776
0,1,0.65049505
0,1,0.51075554
0,0,0.41204014
0,0,0.4264565
1,0,0.37414938
1,1,0.52905357
1,1,0.5063071
0,1,0.6003356
0,1,0.6673382
1,1,0.71156013
1,1,0.6183646
0,0,0.36801705
1,0,0.4391984
0,1,0.6731471
1,0,0.47861528
1,1,0.68792653
0,0,0.34377584
0,1,0.60121024
0,1,0.6521877
0,0,0.19755262
1,0,0.40034327
1,1,0.57069427
1,1,0.62316513
0,0,0.48457438
0,0,0.4776578
1,0,0.47281036
1,0,0.34644967
0,0,0.44212067
1,0,0.41889402
0,0,0.28658742
0,0,0.4473178
0,0,0.45040277
1,1,0.58257544
0,1,0.53453493
1,0,0.2790572
0,0,0.37008092
0,0,0.387627
1,1,0.55051744
1,0,0.44536918
1,0,0.44999683
0,1,0.6242999
0,0,0.3635426
1,0,0.3726113
0,0,0.24749216
0,0,0.4355715
0,1,0.5357343
0,0,0.2776541
1,0,0.3837125
0,1,0.6133848
0,0,0.3964348
0,0,0.48157325
0,0,0.3077302
1,0,0.37839136
1,1,0.5973141
1,0,0.4658531
0,1,0.6525395
1,1,0.6534861
0,1,0.73292935
1,0,0.46030524
0,0,0.38464558
0,1,0.7383035
0,0,0.37968117
0,0,0.30724233
0,0,0.42046753
0,0,0.32605734
0,0,0.23138323
1,1,0.61832416
0,0,0.4829511
1,1,0.6940641
0,0,0.3534412
0,1,0.562396
0,1,0.78123444
1,0,0.4139974
1,1,0.55015004
0,0,0.3370044
1,1,0.6359693
0,0,0.34875512
0,1,0.5628538
0,0,0.43690667
0,1,0.56866443
1,1,0.6007254
1,0,0.3773762
0,1,0.5232117
0,0,0.44372076
0,1,0.5527554
1,1,0.7147205
0,0,0.33105043
1,0,0.46067262
0,0,0.41161376
0,0,0.43327013
0,0,0.22320049
1,1,0.5395966
1,0,0.36550358
0,0,0.4035221
0,1,0.562946
0,0,0.2508551
1,1,0.5954951
1,1,0.63779944
1,0,0.33766928
0,0,0.3917613
1,1,0.7385739
1,0,0.3077479
0,0,0.4755476
0,0,0.2645432
0,0,0.35023633
1,1,0.81903076
0,1,0.57942
1,1,0.53968954
1,0,0.41816354
0,1,0.6402799
0,0,0.31791314
0,0,0.45657045
0,1,0.62193847
0,1,0.7180582
1,1,0.6106052
0,1,0.53820574
1,0,0.37087515
1,1,0.6329068
1,1,0.7808447
0,0,0.26888475
1,1,0.5803386
0,1,0.66689855
0,0,0.3254876
0,1,0.70010746
0,1,0.5854161
0,0,0.30905822
0,0,0.49867538
1,1,0.5611124
1,0,0.4565967
0,0,0.4205897
1,0,0.45324057
0,1,0.5807084
1,1,0.79544365
0,0,0.42230842
0,0,0.47506258
1,0,0.40296412
1,0,0.42975926
0,0,0.42359167
0,1,0.5781188
0,0,0.37512052
1,1,0.595337
0,1,0.60021424
0,1,0.5670508
0,0,0.3500113
0,1,0.5659987
1,1,0.56023735
0,1,0.6360444
1,1,0.636751
0,0,0.33030495
0,0,0.26647982
0,0,0.35745683
0,0,0.4355371
0,1,0.5166568
0,0,0.34186834
1,0,0.4429652
0,0,0.43662894
1,1,0.5418613
0,0,0.4292018
1,0,0.2988629
0,0,0.49896848
1,1,0.6518289
1,1,0.7224419
0,0,0.29689133
1,0,0.39459637
1,0,0.35774457
1,0,0.479224
0,0,0.25508946
1,0,0.41320553
0,0,0.49273056
1,0,0.43500972
0,1,0.59924734
0,0,0.49331507
0,0,0.36246076
1,0,0.3178649
0,0,0.19875227
1,1,0.6534016
1,0,0.31247136
1,1,0.6267766
0,1,0.55858785
0,0,0.41706458
0,0,0.45798373
1,0,0.43450993
0,0,0.29763052
1,1,0.6018946
0,1,0.5270432
0,0,0.33783028
1,1,0.53603315
0,0,0.37082684
0,1,0.6582951
1,1,0.8743402
1,1,0.7263422
1,1,0.64410096
0,1,0.5691509
0,1,0.67514354
0,0,0.38759866
0,0,0.49652946
0,0,0.31214705
0,0,0.43019974
1,1,0.6239835
1,0,0.2613053
1,1,0.62561023
0,0,0.37303406
1,1,0.77727646
0,1,0.5550555
0,0,0.3829163
0,0,0.33656684
1,0,0.42879483
1,1,0.6873093
0,0,0.37054563
0,1,0.7057231
1,0,0.42371744
1,1,0.7089298
0,0,0.44356498
0,0,0.47301054
1,0,0.4803502
1,0,0.3605294
0,0,0.40884626
0,0,0.25162247
1,0,0.4362269
0,1,0.5091037
0,1,0.5982095
0,0,0.48459655
0,1,0.5562272
0,0,0.48786142
0,0,0.32303417
1,1,0.6587099
0,1,0.7192148
0,1,0.627151
0,0,0.41597757
0,0,0.2846654
0,1,0.50878954
0,1,0.6103262
0,0,0.46812975
0,0,0.4279832
1,1,0.63285583
0,0,0.3553938
1,0,0.39326778
1,1,0.6891378
1,0,0.4614976
0,0,0.4120645
1,1,0.6174567
0,0,0.36643556
0,1,0.53654206
0,1,0.54750633
1,1,0.533415
1,0,0.34674925
0,0,0.3206709
1,0,0.49098477
0,1,0.59092534
1,1,0.5225409
1,1,0.69153243
0,0,0.39524597
1,1,0.72269166
0,1,0.58569026
0,0,0.31133434
0,0,0.21510078
0,0,0.4121263
1,1,0.687055
0,0,0.39455476
1,1,0.5179968
0,0,0.2520479
1,0,0.340334
0,0,0.43248203
1,1,0.73293173
0,0,0.48119125
0,0,0.3954088
0,0,0.3275636
0,0,0.26684806
0,0,0.39052248
0,1,0.5777092
0,1,0.7008693
0,0,0.34857428
0,0,0.1507994
0,1,0.51311445
1,1,0.6473192
0,0,0.49392414
0,0,0.41983986
0,0,0.38690886
0,0,0.4111639
0,0,0.34165147
1,0,0.41901663
0,0,0.41158405
1,0,0.43546218
1,1,0.71788
1,0,0.4477385
1,1,0.75910574
0,1,0.55766314
1,0,0.34843242
0,0,0.46690795
0,0,0.2656652
0,0,0.4664119
0,0,0.44881427
0,0,0.38818106
1,1,0.67611
0,0,0.4384699
1,0,0.4615442
0,0,0.38750243
1,1,0.6957818
0,0,0.44951817
1,0,0.48646948
1,0,0.4967954
0,1,0.6646038
0,0,0.49498072
0,1,0.5111263
0,0,0.43658623
1,1,0.5951961
0,0,0.39841157
0,0,0.4770274
1,1,0.6017644
0,0,0.3755861
0,1,0.5033466
1,1,0.52020746
1,1,0.6460972
0,1,0.53238106
0,0,0.46850634
1,1,0.69831264
1,1,0.61643255
0,0,0.45844895
0,0,0.27190456
0,0,0.46014494
0,0,0.42382306
1,1,0.51579094
0,0,0.37348098
0,0,0.13874727
1,0,0.39459202
0,1,0.51368797
1,0,0.42710063
0,0,0.3836133
0,1,0.646042
0,0,0.35343444
1,1,0.6669793
0,0,0.33611545
0,1,0.6341399
0,1,0.573196
1,1,0.6573164
1,1,0.53684914
1,1,0.7054244
1,0,0.4101283
1,1,0.7111487
0,0,0.37945873
1,0,0.44161144
1,0,0.4186338
0,0,0.29688528
1,1,0.50462866
0,0,0.40831447
0,0,0.29699963
0,0,0.37362853
0,0,0.34402472
0,1,0.7065901
0,1,0.54988265
0,0,0.42139283
1,1,0.655035
0,1,0.57826245
0,0,0.41779426
0,1,0.6098809
0,1,0.65325624
0,0,0.45508808
0,0,0.44384158
0,1,0.6480841
0,1,0.50887924
1,0,0.24674092
1,0,0.43799964
0,0,0.39237657
0,0,0.25008368
1,1,0.67911696
1,1,0.68474203
1,0,0.23183697
0,0,0.432953
0,0,0.25531542
0,1,0.59981203
1,1,0.7681606
0,0,0.43552443
1,1,0.5717066
1,0,0.3778667
1,0,0.38362536
0,0,0.458477
0,0,0.4172411
1,1,0.63047516
1,1,0.64312893
1,1,0.6410806
0,0,0.3324994
0,1,0.5676626
0,0,0.44165015
0,1,0.6051124
0,1,0.6311135
1,1,0.56328
0,0,0.41338894
1,1,0.8117744
0,1,0.60674006
0,0,0.44959688
1,1,0.7991663
0,0,0.41318926
0,1,0.72225523
1,1,0.57731104
0,1,0.733842
1,1,0.62964004
0,1,0.6613358
1,0,0.2965347
0,0,0.3696622
1,0,0.38266173
0,1,0.60792243
1,1,0.72410434
0,1,0.50172627
1,1,0.5518209
1,1,0.6644747
0,0,0.31472182
0,1,0.8114036
0,1,0.606305
0,0,0.36810935
0,0,0.38914353
0,1,0.5831337
0,1,0.5164428
0,0,0.39883816
1,0,0.45192075
1,0,0.38026828
1,1,0.78222907
1,0,0.47763115
0,1,0.6529316
0,0,0.30675352
0,0,0.4040402
1,0,0.46598473
0,1,0.54067326
0,0,0.41421366
0,1,0.613381
0,0,0.29368654
0,1,0.5416161
1,1,0.65081954
0,0,0.37385014
0,0,0.39466366
0,0,0.37964416
1,1,0.7380618
0,0,0.29427192
0,1,0.50931525
1,0,0.37863484
0,0,0.32817605
1,1,0.62375563
0,1,0.61287594
1,1,0.70576084
0,1,0.70408237
0,1,0.6677784
0,0,0.42353907
1,0,0.26972264
0,1,0.7394075
0,0,0.43326753
1,0,0.34326816
0,1,0.528045
0,0,0.32850304
1,0,0.28526133
0,0,0.38694543
0,0,0.36302722
0,0,0.35224628
1,0,0.4272365
1,0,0.4521473
1,0,0.46451798
0,1,0.5766918
0,1,0.5161599
0,0,0.36449373
1,1,0.56009334
0,1,0.65730953
1,1,0.6008245
0,0,0.4256329
1,0,0.46264544
0,0,0.41043928
0,1,0.6328918
0,1,0.61888707
0,0,0.42992598
1,1,0.8188645
0,0,0.41582888
0,0,0.4425935
1,1,0.6563014
0,0,0.29612088
0,0,0.23710139
0,0,0.24473241
0,1,0.5318475
0,1,0.60114133
0,0,0.4581593
0,1,0.69884557
0,0,0.45155868
1,1,0.5768957
1,0,0.3451767
0,0,0.32675517
1,0,0.42400342
1,1,0.54454803
0,0,0.24626958
1,1,0.5553658
1,1,0.7728412
1,1,0.5408051
0,0,0.46611485
1,0,0.47037587
0,0,0.49389222
0,0,0.3551398
0,0,0.37127095
0,0,0.38025633
0,0,0.37922856
0,0,0.41837558
0,0,0.41491064
0,0,0.4520898
1,0,0.32027814
0,0,0.49385488
0,1,0.5655604
0,1,0.732716
0,0,0.2427989
0,0,0.22833045
0,0,0.47981003
1,0,0.37264574
0,1,0.8083741
1,1,0.5503634
1,1,0.7318397
0,0,0.444517
0,0,0.2130213
0,1,0.56598663
0,0,0.39521348
1,1,0.5925028
0,0,0.31219912
0,1,0.6453898
0,0,0.40534696
1,0,0.37920728
0,0,0.3191856
1,1,0.54494715
0,0,0.34828773
1,1,0.6540802
0,1,0.66114604
0,1,0.6528708
0,0,0.42751846
1,0,0.41121218
0,0,0.3093136
0,1,0.5893166
0,0,0.38920695
1,1,0.81855404
0,0,0.49936822
0,1,0.64566976
0,0,0.39328536
0,0,0.40174562
1,1,0.68206525
1,0,0.3633822
0,0,0.42686248
1,0,0.3979245
0,1,0.5825307
1,1,0.5088021
0,0,0.27422568
0,1,0.6232041
1,1,0.73637795
0,0,0.23177192
0,0,0.35537317
0,0,0.28627312
1,0,0.43454728
1,0,0.38594186
0,0,0.4128256
0,0,0.455728
1,0,0.39419004
1,0,0.1851202
1,0,0.46626118
0,0,0.3204239
0,0,0.19340117
0,1,0.7470305
0,1,0.5764683
0,1,0.5290941
0,0,0.2705824
0,0,0.42482477
0,1,0.667712
1,0,0.38865417
1,1,0.7127391
0,1,0.54396915
0,0,0.41693726
0,0,0.48734108
0,0,0.30472046
0,0,0.48224285
0,1,0.6573458
1,0,0.2926659
0,0,0.3238715
0,1,0.5417514
0,1,0.8201293
0,1,0.7673962
0,1,0.53088063
0,0,0.34718767
0,1,0.5155529
1,1,0.58577996
1,1,0.6961297
0,1,0.5995611
0,0,0.4727675
1,0,0.36696464
0,0,0.22062519
1,1,0.7323533
0,0,0.44462264
1,1,0.59585935
0,0,0.32403734
1,1,0.568799
0,1,0.54524624
1,1,0.59379417
0,0,0.41884878
0,0,0.35444126
0,0,0.3918845
0,0,0.34607816
1,0,0.40206778
1,1,0.65557003
0,1,0.5118456
1,0,0.49077797
0,0,0.40405646
1,1,0.61169153
0,0,0.48388726
0,0,0.4592693
1,1,0.52676123
0,1,0.56351924
1,0,0.45626122
0,1,0.5496235
1,1,0.7757987
0,0,0.35673514
1,1,0.6820216
0,0,0.44778395
0,1,0.51984644
0,0,0.49381053
1,1,0.5055729
0,0,0.4806282
1,1,0.6732522
0,0,0.4475253
0,0,0.48261765
0,0,0.30189225
1,0,0.48386702
0,0,0.45210248
0,0,0.47688818
1,0,0.35836956
1,0,0.4154824
0,0,0.38325122
0,1,0.73420453
0,1,0.5671787
0,0,0.4414303
1,0,0.403245
0,0,0.34065783
1,1,0.67645454
0,1,0.61582565
1,0,0.46693873
0,1,0.64931244
0,0,0.3042494
0,1,0.5485778
0,0,0.41148487
0,1,0.51568836
0,1,0.57022095
0,0,0.43947572
1,1,0.7598425
0,1,0.6020227
0,0,0.3534471
0,1,0.58467096
1,0,0.4785349
0,1,0.72251254
0,0,0.49637088
0,1,0.8157565
1,0,0.43740472
0,0,0.40044
1,1,0.5991567
1,1,0.6124551
1,0,0.29296786
1,1,0.67300165
0,1,0.6639507
0,0,0.48559755
0,1,0.60123456
0,0,0.40032434
0,1,0.67017794
1,0,0.44474715
1,1,0.5905818
0,1,0.64668626
0,0,0.3533864
0,0,0.30727214
1,0,0.30710894
0,0,0.41590458
0,1,0.6288241
0,0,0.4712927
1,1,0.54435176
1,1,0.56745195
0,1,0.70713294
0,0,0.42387936
0,0,0.2522116
1,1,0.60044116
1,1,0.65265214
0,0,0.26792955
0,1,0.64594615
0,1,0.5036349
0,1,0.72333574
0,0,0.30117014
1,1,0.5387037
0,1,0.61678267
1,1,0.5031972
0,0,0.4148078
0,1,0.63558304
1,1,0.5700953
1,1,0.6068678
1,1,0.7647475
0,0,0.20891717
0,1,0.50494003
0,1,0.5350988
0,0,0.46060437
1,0,0.40161726
0,0,0.37983146
1,0,0.47302404
0,0,0.407322
1,1,0.6613155
0,0,0.39247638
0,0,0.29425713
0,0,0.4242178
0,0,0.31332242
0,1,0.6901095
0,0,0.49825913
1,1,0.6674213
0,0,0.35328442
0,0,0.4540412
0,1,0.583359
0,1,0.7187848
0,0,0.42952862
1,1,0.76144207
0,0,0.41205803
1,1,0.6460211
1,1,0.9085523
1,1,0.574941
0,0,0.34221074
0,1,0.5960313
1,0,0.33918983
1,0,0.40886852
0,1,0.6382958
1,1,0.7549614
1,0,0.3648405
0,0,0.34436992
0,0,0.24024995
0,0,0.41472793
0,1,0.76840997
0,1,0.5950457
0,0,0.2974645
0,0,0.23122963
0,0,0.46759668
1,1,0.63183093
1,1,0.5230788
0,0,0.44989184
0,0,0.41289705
1,1,0.6372143
0,0,0.39330754
1,0,0.46452877
0,1,0.5702095
1,1,0.77958524
0,0,0.3081468
1,1,0.53138834
1,0,0.34136993
1,1,0.765906
0,1,0.50417644
0,0,0.31549627
1,1,0.66246605
0,0,0.39113444
0,0,0.41083345
1,1,0.7111061
1,0,0.3281827
0,1,0.51511425
1,0,0.42026725
1,1,0.7165333
0,1,0.5624169
0,1,0.67381847
1,1,0.62815106
1,0,0.43413538
1,1,0.6696398
0,0,0.29147142
0,1,0.63739496
0,0,0.30050248
0,0,0.36541817
0,0,0.45839277
0,0,0.4250524
1,0,0.3526132
1,1,0.54903764
0,0,0.35805756
1,1,0.786857
0,1,0.7538644
0,1,0.6676389
1,1,0.5435504
1,1,0.6629553
1,0,0.32689434
0,0,0.21258435
1,0,0.368376
0,1,0.541008
1,1,0.5848627
1,0,0.40071565
1,0,0.40825102
1,0,0.46582004
0,0,0.29157045
1,0,0.3656159
0,1,0.58637995
0,0,0.47891197
0,0,0.2117974
0,1,0.673397
0,0,0.39213958
0,0,0.44052076
0,0,0.3815636
0,0,0.26528272
0,1,0.6655228
1,0,0.41739097
1,1,0.58937955
0,0,0.49165583
0,0,0.32045987
1,1,0.6809521
0,1,0.6077714
1,1,0.70572686
1,1,0.6418083
1,1,0.55741817
0,0,0.29348218
0,0,0.3150365
1,1,0.73495436
0,0,0.34402567
0,0,0.4314443
0,1,0.502722
0,0,0.35678983
0,0,0.43082613
0,0,0.2441137
0,1,0.6395097
0,0,0.40098295
1,0,0.49014395
0,0,0.27394855
0,0,0.40250432
0,0,0.43753803
0,0,0.37636095
0,0,0.38825214
0,0,0.19843982
0,0,0.20659441
0,0,0.26397225
0,1,0.61403555
0,0,0.3950525
1,1,0.52834606
0,0,0.3802155
1,1,0.70442474
0,1,0.52880377
1,1,0.7193806
0,0,0.24189666
1,1,0.62571895
0,1,0.6772789
1,1,0.65455496
1,1,0.5950116
1,0,0.3408921
0,1,0.60084563
1,1,0.59103274
0,1,0.63603896
0,1,0.5579817
0,0,0.33982128
0,0,0.40315482
0,0,0.49643287
0,0,0.32921028
0,0,0.38851663
0,0,0.26087096
1,0,0.40389743
1,0,0.42767283
0,0,0.43631187
0,0,0.43954167
0,0,0.47823656
0,1,0.529786
0,0,0.32599095
1,0,0.4987824
0,0,0.3941973
0,0,0.35527897
0,0,0.3717472
1,0,0.4555543
1,1,0.66284245
1,0,0.49027216
0,0,0.1847283
1,1,0.66231847
0,0,0.24543177
1,1,0.79180914
0,0,0.39304227
0,0,0.30641115
0,1,0.50288653
0,0,0.25435945
0,0,0.44502816
1,1,0.84430254
0,0,0.3264289
0,0,0.3955051
0,1,0.5952928
0,1,0.69531685
1,0,0.450588
1,1,0.5654932
0,0,0.14761455
0,0,0.3333529
1,1,0.7198322
1,1,0.6088177
0,0,0.39419305
0,0,0.36815697
0,1,0.718162
0,0,0.33685714
0,0,0.34959692
1,0,0.4159142
1,0,0.4435262
0,0,0.41310942
0,0,0.3592697
0,0,0.32309005
0,1,0.6330581
1,1,0.6011548
0,1,0.6002421
0,0,0.27161917
0,0,0.3991188
1,0,0.40396303
1,0,0.41861066
0,1,0.61768806
1,1,0.6317069
1,0,0.49159893
0,0,0.44516292
0,1,0.668309
1,1,0.6404555
1,1,0.5694567
0,0,0.27634877
0,1,0.6791518
0,1,0.5176258
0,1,0.566502
0,0,0.4298635
1,1,0.6877678
0,1,0.62033665
1,0,0.26759624
0,0,0.37692636
1,0,0.44300342
0,0,0.3476297
0,0,0.39605245
0,0,0.35424912
0,1,0.6822175
0,1,0.6476477
0,1,0.5349752
1,0,0.42321542
0,0,0.2700228
0,0,0.26944473
0,1,0.6280534
0,0,0.33038133
1,0,0.314376
0,0,0.48464736
1,1,0.70453715
1,0,0.21837786
0,0,0.20358652
0,0,0.46066597
0,0,0.3596454
0,0,0.391092
1,1,0.6237606
0,0,0.16088498
1,1,0.716316
0,0,0.43968272
0,0,0.2409408
0,0,0.4361287
1,1,0.7079818
1,1,0.7562416
0,0,0.33131415
1,1,0.64360476
0,0,0.47293884
1,0,0.42457175
0,0,0.19688846
0,1,0.63633734
0,0,0.34495282
1,1,0.5605623
0,0,0.34755495
0,0,0.4717965
1,1,0.6683066
0,0,0.36599368
0,0,0.32399535
0,1,0.6626116
0,0,0.3738176
0,0,0.4838256
0,1,0.64034605
1,1,0.63463175
0,1,0.6570345
1,1,0.5660196
1,1,0.6680567
0,1,0.66978234
0,0,0.2332592
0,1,0.5410477
1,1,0.6946558
1,1,0.6179759
0,0,0.3480686
0,0,0.4438154
0,0,0.40159613
1,0,0.42458993
1,1,0.560271
0,0,0.27337477
0,0,0.38688976
1,1,0.6165614
1,0,0.40989986
1,1,0.6639109
0,0,0.36924455
0,0,0.41985095
1,0,0.2315281
0,0,0.38563994
1,1,0.7231126
1,1,0.6820154
0,0,0.45084634
0,1,0.68325084
0,0,0.40274256
0,0,0.30897027
1,1,0.66135836
0,0,0.47803348
1,0,0.4508247
0,0,0.4844334
1,0,0.37727612
1,0,0.46796712
1,0,0.46187308
0,1,0.6224208
1,0,0.33113033
0,0,0.3754881
0,0,0.25753638
0,0,0.47602117
0,0,0.29464823
1,0,0.47222927
1,1,0.5832647
0,0,0.35002407
1,1,0.60537493
0,1,0.6362082
1,1,0.68474805
0,0,0.47359535
0,0,0.3767121
1,1,0.67880666
1,0,0.35140225
1,0,0.4990753
0,0,0.40372306
0,0,0.39066398
1,1,0.6219386
1,1,0.68540025
0,0,0.44090664
1,0,0.41722825
0,0,0.41111794
0,1,0.56296754
1,0,0.40526283
1,1,0.68446565
0,1,0.54830027
0,1,0.6992152
1,1,0.6069118
0,0,0.4899901
0,0,0.35027474
0,0,0.3243342
0,1,0.7595211
0,0,0.43631488
0,1,0.5720866
1,1,0.80979306
0,1,0.5514289
0,0,0.414735
0,1,0.584214
0,0,0.30604982
1,1,0.7145119
1,1,0.7200761
0,0,0.34416607
1,1,0.703035
0,0,0.3160985
0,1,0.6238574
1,1,0.7313894
0,0,0.28709903
1,0,0.23895213
0,0,0.3041908
0,0,0.34687096
0,1,0.5367429
0,0,0.47274193
0,0,0.43598622
0,1,0.63483036
0,1,0.5569958
0,0,0.49118608
1,1,0.58735347
0,0,0.47941765
1,0,0.45561835
0,0,0.45487198
0,0,0.389187
0,0,0.42740765
0,0,0.43552318
0,1,0.61847985
1,1,0.6370831
0,0,0.45027372
0,0,0.36286074
1,0,0.39502186
0,0,0.41787162
1,1,0.8053792
1,1,0.6128293
0,1,0.5987457
0,0,0.4002705
1,1,0.7203522
0,0,0.45610803
0,1,0.6426103
1,1,0.5952293
0,1,0.6999217
0,0,0.4235844
0,0,0.3136674
1,0,0.49456975
0,0,0.45592225
0,1,0.5411261
1,1,0.6714028
0,1,0.5168097
0,0,0.25991777
0,0,0.43431515
1,1,0.6365044
0,0,0.3577055
0,1,0.5962625
1,1,0.6962422
0,0,0.45296836
0,0,0.41061154
1,1,0.64070594
1,1,0.6144718
1,1,0.69207954
0,1,0.6097426
0,1,0.81845814
1,1,0.77144104
0,0,0.22513224
0,1,0.6431842
0,0,0.40707806
0,0,0.41401172
1,1,0.5362505
0,0,0.3895292
1,1,0.66823673
0,0,0.43402937
1,1,0.6646521
1,1,0.5249201
0,1,0.58739144
0,1,0.7803549
0,0,0.43902093
0,0,0.42761308
0,0,0.4089296
0,1,0.5421435
1,1,0.70448124
0,0,0.30878475
0,1,0.57843375
1,0,0.42115948
0,0,0.3637538
0,0,0.44023556
1,0,0.2938943
1,1,0.6396506
1,1,0.53493613
0,0,0.3069162
0,0,0.32661584
0,1,0.5500984
0,0,0.37404692
0,0,0.34476814
1,1,0.70117444
1,1,0.6245473
1,1,0.6359037
0,1,0.54670167
1,0,0.3553335
1,0,0.35144532
1,1,0.775131
1,1,0.5254388
0,0,0.4203606
0,1,0.79281944
1,1,0.62773734
0,0,0.2573578
1,1,0.7075225
1,1,0.61152637
0,0,0.41056255
1,1,0.6437712
1,1,0.6016734
0,0,0.37614465
0,0,0.4650562
0,0,0.45158622
0,0,0.38247967
0,1,0.54004973
1,0,0.37505132
0,0,0.4077926
0,1,0.55829346
0,1,0.6614014
0,0,0.41585028
0,0,0.21971928
0,0,0.29248622
1,1,0.60142285
0,0,0.4002753
0,1,0.6785419
1,1,0.66701543
0,0,0.272511
1,1,0.6629627
0,0,0.38673535
1,1,0.7157721
1,1,0.8016883
0,0,0.32609004
0,0,0.47072056
1,1,0.6388297
1,0,0.4083456
0,0,0.44365412
0,0,0.26250467
0,0,0.38931918
1,0,0.46432868
1,0,0.3933117
0,1,0.77525723
0,0,0.17557622
0,0,0.4142603
0,0,0.286564
0,1,0.5079366
0,0,0.3508174
1,0,0.42003036
1,1,0.5797806
0,0,0.3581414
0,0,0.47483367
1,0,0.36564955
1,1,0.67082417
0,0,0.3954537
0,1,0.5242582
0,1,0.5526996
1,1,0.71171844
1,1,0.55763614
1,1,0.77332866
0,0,0.40173286
1,1,0.62363917
0,0,0.3921959
1,1,0.7061846
1,1,0.5752662
1,1,0.7830064
1,1,0.5728239
0,0,0.22712508
1,0,0.35697514
0,1,0.6219097
1,0,0.25992924
1,0,0.47272268
1,1,0.53865933
0,0,0.31325918
0,0,0.4789365
0,0,0.49013
0,0,0.29143238
0,0,0.4102568
1,1,0.51367164
0,0,0.3421661
0,0,0.33633763
0,0,0.47630957
1,0,0.41661572
0,0,0.37785375
1,1,0.7617034
0,0,0.43223926
1,0,0.49761194
0,0,0.16501649
1,1,0.67377007
1,1,0.5510734
0,0,0.4672767
0,0,0.37992612
0,1,0.6524709
0,0,0.28775707
1,1,0.50137985
1,0,0.3281557
0,0,0.36878785
1,0,0.42964184
0,0,0.37889683
0,1,0.65890956
0,1,0.52365065
0,1,0.5338375
1,0,0.48519948
0,0,0.40840507
0,0,0.26387382
1,1,0.64535725
0,1,0.7500613
0,0,0.47648942
0,0,0.4646326
0,1,0.6391318
0,1,0.52130085
1,0,0.39308795
0,0,0.3434687
0,1,0.52136505
1,1,0.6164783
0,0,0.46691725
1,0,0.40533593
0,0,0.39407468
1,1,0.56923187
0,1,0.6367725
0,0,0.29301658
0,0,0.45267963
1,0,0.38522148
0,1,0.51539266
0,0,0.17535749
1,0,0.38746276
1,1,0.503275
0,0,0.4059072
0,0,0.41827172
1,1,0.52840006
0,0,0.25476232
1,0,0.37386018
1,1,0.5504418
1,0,0.48197562
0,1,0.5082628
0,1,0.5395748
0,0,0.4164257
0,0,0.41927496
0,0,0.35834008
0,0,0.2584048
0,0,0.368194
1,0,0.37706387
1,0,0.3407479
0,0,0.35645133
0,0,0.31721246
0,1,0.57069695
1,1,0.68470466
0,0,0.39748147
0,0,0.45993033
1,1,0.5840894
0,0,0.3798638
0,1,0.6717582
0,0,0.35869867
0,0,0.43239075
0,1,0.7202506
1,1,0.8557487
1,1,0.64702815
0,0,0.35748678
0,0,0.34865063
1,0,0.44709164
1,1,0.5862336
0,1,0.692708
1,1,0.67684805
0,0,0.40406433
0,0,0.4338046
0,0,0.4153692
0,1,0.61469173
0,0,0.39539173
1,1,0.62989175
0,1,0.5788462
0,1,0.58856356
0,0,0.4485079
1,1,0.6746795
0,1,0.50962996
1,1,0.51786625
0,1,0.5349854
1,1,0.66070664
0,0,0.3983135
0,0,0.45396754
0,0,0.47104025
1,1,0.5800104
0,1,0.7768994
0,0,0.18044755
0,0,0.2470571
0,0,0.42904982
1,0,0.47356445
0,1,0.6068147
1,0,0.34999254
0,0,0.31863213
1,1,0.75663793
0,0,0.48078245
1,1,0.68598056
0,0,0.26823822
0,1,0.5607754
0,0,0.24513264
0,0,0.24513096
0,1,0.5094664
0,1,0.73826647
0,1,0.61179346
1,0,0.3209488
1,1,0.63922334
0,1,0.5395924
0,1,0.7660153
0,0,0.44840598
0,1,0.5719025
1,1,0.60774684
0,0,0.34333503
0,0,0.17454983
0,0,0.41312823
0,0,0.36342525
0,0,0.34312418
1,1,0.6054736
1,1,0.5371922
0,0,0.34883144
1,1,0.79382944
0,0,0.36255357
0,1,0.5582377
1,0,0.43047416
1,0,0.32103145
0,0,0.39673856
0,0,0.36039984
1,1,0.67456216
0,0,0.39677864
0,0,0.23842631
0,1,0.6792977
0,1,0.54176605
0,1,0.67393816
0,0,0.3019547
1,1,0.76102847
0,1,0.55209106
0,1,0.63867843
0,0,0.47422656
0,0,0.42368189
1,0,0.45316187
0,0,0.37048385
0,0,0.37465924
0,0,0.3746531
0,0,0.24204357
0,0,0.3949818
0,1,0.7148857
0,0,0.49031404
0,0,0.26659605
0,0,0.35578647
0,0,0.19253325
0,1,0.62706643
1,0,0.33038253
0,1,0.60749996
1,1,0.6321141
1,1,0.5343627
0,0,0.4434844
1,0,0.3800321
1,1,0.58392394
0,0,0.34005898
0,0,0.35508722
0,1,0.6265677
0,0,0.46290335
0,1,0.5879619
0,1,0.5303502
1,0,0.42311466
0,0,0.4172167
0,0,0.102680124
0,1,0.62001806
1,1,0.6746017
0,1,0.6952145
0,0,0.3591889
1,0,0.4326651
0,0,0.26420718
0,1,0.6741271
0,1,0.68144774
0,0,0.42865127
0,0,0.47279337
1,0,0.38339737
0,0,0.48238328
1,0,0.41176274
0,0,0.37301472
1,1,0.60079944
1,0,0.40019575
0,0,0.3185347
0,0,0.44793314
1,1,0.6760758
0,1,0.55316436
1,1,0.69041026
0,0,0.4612629
1,1,0.6190251
1,1,0.66650516
0,1,0.51771176
1,1,0.7245711
0,1,0.74705446
1,1,0.6526767
1,0,0.16244052
1,0,0.27827156
0,0,0.38333714
0,0,0.44297487
0,1,0.58745074
1,1,0.6312643
1,0,0.39364982
0,1,0.66558135
0,0,0.19443555
0,0,0.2971799
0,1,0.64069116
0,0,0.34887904
0,0,0.31017593
1,1,0.62686574
0,1,0.52116835
0,0,0.43452704
0,0,0.29301155
0,1,0.68262506
0,0,0.24485625
0,1,0.57721037
0,0,0.4245873
0,1,0.7327248
0,1,0.5808904
1,1,0.5171585
0,1,0.5679883
0,1,0.5127038
1,0,0.48478654
0,1,0.5242505
0,1,0.5648684
1,1,0.6325462
0,0,0.44280252
1,1,0.74438566
0,1,0.65155935
1,1,0.71624327
1,0,0.39956874
1,1,0.65338224
0,1,0.59801185
1,0,0.37520185
1,0,0.48014566
0,1,0.68272257
1,0,0.4275526
0,0,0.49183235
0,0,0.35382074
1,1,0.5423976
0,1,0.73878044
1,1,0.82265586
1,0,0.4020937
1,0,0.45322654
1,0,0.4194442
1,1,0.62345016
1,1,0.7056556
0,1,0.59255296
0,1,0.50353
1,0,0.43957916
1,0,0.4142812
0,1,0.5163298
1,1,0.5803185
0,0,0.4566558
0,0,0.32369643
1,1,0.6823931
0,1,0.7216461
0,0,0.4350524
0,0,0.487105
0,1,0.50977993
0,0,0.40972838
0,1,0.62278545
1,1,0.65471673
1,1,0.5867745
1,1,0.7354677
0,0,0.48421875
0,1,0.603295
1,1,0.6637641
0,0,0.4685047
1,1,0.66717184
0,1,0.50810134
0,1,0.6469265
1,1,0.5518552
0,0,0.39581108
0,0,0.42275596
1,1,0.6582252
0,1,0.50866634
0,0,0.3215137
0,1,0.6707208
0,0,0.4059434
1,1,0.5169671
0,0,0.4913488
1,0,0.4637785
0,1,0.6087308
0,0,0.404506
1,1,0.7832037
0,1,0.61495566
0,1,0.5093112
1,0,0.41624254
0,1,0.63561106
0,0,0.43201965
0,0,0.29104683
1,0,0.38522193
0,1,0.5650331
0,0,0.37641743
0,0,0.29830384
1,1,0.5496781
1,1,0.6589363
1,1,0.5862036
1,0,0.38894725
0,1,0.5271572
1,0,0.2980939
0,1,0.50828004
0,0,0.29425746
0,1,0.62139904
0,0,0.4448727
1,1,0.537469
1,1,0.5987435
1,1,0.5809877
0,0,0.4420384
0,1,0.57027054
1,1,0.5421996
0,0,0.3945512
0,0,0.3419146
0,0,0.33361313
0,0,0.19058126
0,1,0.7224393
1,1,0.6662856
0,0,0.45305032
0,1,0.5881778
0,0,0.3329845
0,0,0.42872852
0,1,0.69308555
1,1,0.62634575
1,0,0.30471674
0,1,0.6775111
0,1,0.6273193
0,1,0.7178416
0,1,0.5010476
1,1,0.6236402
0,1,0.60633194
0,0,0.3911756
0,0,0.2866935
1,0,0.2564082
1,0,0.27909833
0,1,0.63754976
0,0,0.34017834
0,0,0.38232547
1,1,0.7147563
1,1,0.768621
0,1,0.5033435
1,1,0.5632019
0,0,0.16557604
0,0,0.28818476
0,0,0.29343888
0,1,0.56637204
1,1,0.5200851
1,1,0.7427579
1,1,0.6322669
0,1,0.51870835
0,0,0.3666561
1,1,0.69789875
0,1,0.53045255
1,1,0.58399856
0,1,0.7474903
0,0,0.41908285
0,0,0.48340535
0,0,0.36977243
1,0,0.30240598
0,0,0.47725484
0,0,0.34624746
0,0,0.4610095
0,1,0.61688304
1,0,0.2686652
0,0,0.4298564
0,0,0.31511354
0,0,0.4683574
1,1,0.6940258
1,0,0.34949526
0,0,0.29479042
1,1,0.5820488
0,0,0.41642556
1,0,0.48755625
1,0,0.47007573
1,1,0.7582612
1,1,0.5640689
0,0,0.48916903
1,0,0.3383683
1,1,0.7791161
0,0,0.32036996
1,1,0.6492311
1,1,0.8035775
0,1,0.7228388
0,0,0.47854158
0,0,0.12668134
0,1,0.7977272
0,0,0.24569069
1,1,0.52390206
0,1,0.6899177
0,0,0.41041076
1,0,0.36441684
0,0,0.4122231
1,1,0.50898564
0,0,0.48947856
0,0,0.41282567
0,0,0.48066366
0,0,0.3830461
0,0,0.29848275
1,1,0.76989204
1,1,0.64296544
1,0,0.373707
1,1,0.7209963
1,0,0.41962638
0,1,0.6401143
1,1,0.54169166
0,1,0.6307982
0,0,0.34537107
1,0,0.41702968
0,0,0.2841015
1,1,0.6209079
0,1,0.5399645
1,1,0.7992508
0,1,0.528618
1,1,0.51499796
1,0,0.30272016
0,0,0.36085397
0,0,0.38262865
1,1,0.5514877
1,1,0.636402
0,0,0.33650017
0,0,0.43627968
0,1,0.7016087
0,1,0.50960445
1,1,0.7530596
1,0,0.37717423
0,1,0.5464574
0,1,0.59186465
0,1,0.6168555
0,0,0.25551978
1,1,0.6567132
0,0,0.26075113
0,0,0.20468503
0,1,0.65742886
0,0,0.29227048
0,0,0.42711574
0,0,0.39941353
1,0,0.35135767
0,0,0.4384695
0,0,0.3337669
1,1,0.66517204
0,0,0.42168066
1,1,0.513988
0,0,0.21244653
0,0,0.4259881
0,1,0.5301869
0,0,0.41664833
0,1,0.65048283
0,0,0.4004993
1,0,0.3541984
0,0,0.32700354
0,0,0.41391355
0,1,0.78697944
1,1,0.68736327
0,0,0.3812221
1,0,0.47012272
0,0,0.39757252
0,0,0.49549618
1,1,0.65338767
1,1,0.5867034
0,0,0.40264338
0,0,0.42721364
0,1,0.71770954
0,0,0.3933613
0,0,0.49242562
1,0,0.48025042
0,1,0.5419538
0,0,0.41014352
1,1,0.66653
0,1,0.58668983
0,1,0.57132435
1,1,0.56392753
1,1,0.50711375
0,0,0.30063125
0,0,0.35235193
0,0,0.42760205
0,0,0.3371291
0,1,0.59782374
0,1,0.5127727
1,0,0.46301794
1,1,0.5555938
0,0,0.31576914
0,0,0.35199705
0,1,0.60700005
1,1,0.6902891
0,0,0.4497469
1,0,0.45813558
1,0,0.38190895
1,1,0.62505233
0,1,0.5028145
0,1,0.55086774
1,0,0.28782773
0,0,0.41883397
0,1,0.6285218
0,0,0.45536643
0,0,0.48850796
0,0,0.43814117
1,1,0.62792444
1,0,0.17180832
1,1,0.71978974
0,0,0.4748815
1,0,0.43270206
1,1,0.5179163
1,1,0.7304348
0,1,0.68781245
0,0,0.39658615
0,0,0.06457403
0,0,0.33524498
0,1,0.59725416
0,0,0.46281075
0,0,0.36430958
0,0,0.40718985
1,0,0.3664105
0,1,0.67669904
0,0,0.32369748
0,1,0.5770917
0,0,0.46040556
1,1,0.73077875
0,0,0.33499482
0,0,0.48337582
0,0,0.37855953
1,1,0.7453444
0,0,0.37482554
1,1,0.5865202
0,0,0.39586404
1,1,0.5464597
1,0,0.48957843
0,0,0.49841696
0,0,0.32672796
0,1,0.52078193
1,1,0.80928516
1,0,0.43087703
1,1,0.5407307
0,1,0.7293074
0,0,0.39523333
1,1,0.53992087
0,0,0.4009879
0,0,0.36010003
0,0,0.1522141
0,0,0.43761927
0,1,0.7352499
1,0,0.4542857
0,0,0.4103019
0,0,0.32658476
0,0,0.1879116
0,1,0.5279552
1,0,0.46701023
0,0,0.28204527
1,1,0.6308592
1,1,0.5135709
0,0,0.25026968
0,1,0.71858764
1,0,0.33216247
0,1,0.6976077
1,1,0.6275928
1,1,0.574062
0,0,0.3721907
1,1,0.5235107
1,1,0.5514498
0,0,0.3990039
0,1,0.51054925
0,0,0.39455563
1,1,0.71063745
0,0,0.43811598
0,0,0.3703647
0,1,0.6642448
0,1,0.53241944
1,1,0.6524829
0,1,0.6175356
0,1,0.5707253
1,0,0.30006233
0,0,0.3652184
0,1,0.5813372
1,0,0.3326624
0,0,0.47126824
1,1,0.6306393
1,0,0.17006835
0,1,0.61877936
1,1,0.6979126
0,1,0.7053875
0,0,0.28043565
0,1,0.55102617
0,0,0.27950642
0,0,0.42802572
1,0,0.42640558
0,0,0.36180574
0,0,0.40478963
1,0,0.36279675
0,1,0.6327218
0,1,0.50613296
0,0,0.31306246
1,1,0.7300822
0,0,0.27477813
1,1,0.68818974
0,0,0.43323472
0,1,0.7050135
0,1,0.64980364
0,0,0.18378115
0,0,0.34878463
0,1,0.5981396
0,0,0.24026722
1,1,0.5451024
1,0,0.4600547
1,1,0.5943096
1,0,0.3134821
1,1,0.6432786
1,0,0.4070862
0,0,0.31072947
0,0,0.42787173
0,0,0.22075905
1,1,0.5951059
0,0,0.19694133
0,0,0.48379275
0,0,0.43531135
0,0,0.4385011
0,1,0.66123104
1,0,0.3884313
0,1,0.55969936
1,1,0.6679493
0,0,0.4745981
0,1,0.6537641
0,0,0.416326
0,0,0.4822473
0,1,0.5684897
0,0,0.27918676
0,1,0.5337386
0,1,0.6742759
0,1,0.5927711
0,1,0.6734973
0,1,0.5468732
0,1,0.5636729
0,0,0.40681368
0,1,0.50683594
0,0,0.49030992
1,1,0.5111072
1,1,0.70900404
0,0,0.24376687
0,1,0.69665074
0,0,0.4279049
1,0,0.3618651
0,0,0.42854092
0,1,0.72704756
0,1,0.6862136
0,0,0.325268
1,1,0.50585973
1,1,0.6727509
1,0,0.403635
0,0,0.3528141
0,1,0.70455325
0,0,0.4846488
1,0,0.41598022
1,0,0.3716284
1,0,0.46675974
1,1,0.5112885
1,1,0.5595819
0,0,0.34138605
0,0,0.44109496
1,1,0.58448124
0,0,0.3188614
1,1,0.61512125
0,1,0.5261104
0,1,0.5577229
0,1,0.5895731
1,1,0.64759505
1,1,0.76343876
1,1,0.55745924
0,0,0.32139927
0,0,0.43808493
1,0,0.46495375
0,1,0.56503356
0,1,0.721352
0,1,0.7482004
0,0,0.3958701
0,0,0.44673392
0,0,0.41850305
0,1,0.5670968
0,0,0.35883704
1,1,0.68867856
1,0,0.36076108
0,0,0.46630272
1,1,0.65719473
0,0,0.14718151
1,1,0.68270504
0,0,0.3309454
0,0,0.37979317
0,0,0.43792117
1,0,0.34102497
0,1,0.55216575
0,0,0.28265765
0,1,0.6110859
1,0,0.39276737
1,1,0.75725317
1,1,0.7259804
1,0,0.3541152
0,0,0.49033678
0,0,0.28810483
0,0,0.446436
0,0,0.43483302
1,1,0.5024455
1,0,0.26497853
1,0,0.42086115
0,1,0.7434706
1,0,0.37113935
1,0,0.29889113
0,1,0.51152694
0,1,0.50955755
0,0,0.20255938
0,1,0.5087682
1,1,0.6312535
0,0,0.24235387
1,1,0.6472872
0,0,0.40476176
0,0,0.23453218
1,1,0.5712732
1,0,0.43304938
0,0,0.4774389
0,0,0.3214291
0,0,0.389961
0,0,0.41285443
0,1,0.507546
0,0,0.22205228
1,0,0.45663285
1,0,0.49370083
1,0,0.37554216
1,0,0.48214898
1,1,0.6630957
0,0,0.44379482
0,0,0.4840434
1,1,0.57389104
1,1,0.6402457
1,0,0.41005233
1,1,0.54219174
0,1,0.6888609
0,0,0.43935663
0,0,0.32501087
1,1,0.50278956
0,1,0.7194467
0,1,0.5032437
0,0,0.47879606
1,1,0.6488819
0,1,0.5942155
0,0,0.3971091
1,0,0.47741866
1,0,0.40538844
0,0,0.44028047
1,1,0.5367236
0,1,0.5599012
0,0,0.39241466
1,1,0.69133675
0,1,0.5275787
1,1,0.6986501
0,0,0.49168465
1,0,0.48790956
1,0,0.3498185
0,1,0.5788007
0,0,0.3981035
0,0,0.4069807
0,0,0.49176022
0,0,0.44451362
1,1,0.6677581
0,0,0.43989
1,0,0.28396577
0,0,0.4358791
1,1,0.76082206
1,1,0.71343267
0,0,0.49768078
0,0,0.48714748
0,0,0.43320677
0,1,0.5560838
0,0,0.42554826
0,0,0.197039
0,0,0.4254575
0,1,0.53065085
0,0,0.31953636
0,0,0.4292001
1,1,0.7646197
0,1,0.69661987
0,0,0.48591867
0,0,0.28099313
0,0,0.24390577
0,0,0.41181302
0,0,0.4339224
1,0,0.48415962
1,1,0.8328697
0,1,0.6065868
0,0,0.42065766
0,1,0.54023147
1,1,0.6152264
0,0,0.31768805
0,0,0.45954153
0,1,0.7470826
1,0,0.45089662
1,1,0.56566906
1,0,0.49143127
1,1,0.65434
0,1,0.62327754
0,0,0.38568196
0,0,0.33863175
1,1,0.526176
0,0,0.38163853
1,0,0.28897163
1,1,0.6501874
0,0,0.36377954
0,1,0.54548633
0,0,0.42812073
0,1,0.5682741
0,0,0.44421464
1,1,0.62397456
0,0,0.41435325
0,0,0.44040763
0,1,0.54307544
1,0,0.47548917
0,0,0.3616699
1,1,0.76878333
1,1,0.606929
0,0,0.40263453
0,1,0.6382445
0,1,0.5181382
0,0,0.3836718
0,1,0.5047324
1,1,0.61461043
0,1,0.55333316
1,0,0.39897987
1,1,0.50239694
0,0,0.3760684
1,1,0.52125704
1,0,0.40631056
0,1,0.6593413
0,1,0.78887576
1,1,0.62000287
0,1,0.6056019
0,0,0.41664344
0,1,0.5045775
0,1,0.5703296
1,1,0.74155843
0,0,0.3657185
1,0,0.440762
1,0,0.42397165
0,0,0.3953061
0,0,0.39401293
1,1,0.5688721
0,1,0.5763424
1,0,0.45656976
0,1,0.7552233
0,1,0.5121369
1,1,0.6122987
0,0,0.2771863
1,1,0.5739113
1,1,0.50581247
0,1,0.5777217
0,0,0.30439258
0,1,0.7230464
0,0,0.36546403
1,1,0.53673553
1,1,0.73802984
0,1,0.5209764
0,0,0.4238589
0,0,0.37923235
0,1,0.5477036
0,1,0.5053264
0,0,0.45754832
0,0,0.38368812
0,0,0.43797538
0,1,0.59200704
0,0,0.21419184
0,0,0.399575
0,0,0.3066225
0,0,0.47499925
0,0,0.4738368
0,1,0.5221672
0,0,0.38054046
0,0,0.36787462
0,1,0.58575
0,0,0.31434938
1,1,0.6179317
0,0,0.23377526
1,1,0.7634577
1,1,0.64337754
1,0,0.40439856
0,1,0.65057606
0,1,0.6515181
0,1,0.5084114
0,1,0.6615187
0,1,0.69479626
0,0,0.43350503
0,1,0.5075102
1,1,0.57548887
1,1,0.81360793
1,0,0.40423262
1,1,0.568349
0,0,0.34475124
0,0,0.49978435
0,0,0.44492134
1,1,0.51331615
0,0,0.24611388
1,0,0.26947078
0,0,0.3080818
0,0,0.34098426
0,0,0.38256404
0,0,0.38335055
1,1,0.6691105
0,1,0.5700017
0,1,0.7527703
0,0,0.36560324
1,0,0.30226249
0,1,0.7383343
0,0,0.12942496
1,1,0.66622305
0,1,0.7453836
1,1,0.6592474
0,0,0.20642698
0,0,0.44965816
0,0,0.4476231
1,0,0.37577415
0,0,0.41735253
0,0,0.41783074
0,0,0.3489057
0,0,0.4880755
0,0,0.37557673
0,0,0.26631522
1,1,0.68757474
0,1,0.67724335
1,1,0.85930324
0,1,0.5006697
1,0,0.3338354
0,0,0.49813274
0,1,0.6703699
0,0,0.2112555
1,1,0.5337534
0,0,0.31949937
0,0,0.30931267
0,0,0.4565437
0,0,0.3450143
1,1,0.81348443
1,1,0.7263897
0,1,0.5195526
0,1,0.5822073
0,1,0.804477
1,1,0.6291737
1,0,0.4602114
1,0,0.44567174
0,0,0.32417938
0,0,0.37378705
0,0,0.48277378
1,1,0.6375948
0,1,0.6757163
1,0,0.47710153
1,0,0.40928924
1,1,0.57086074
0,0,0.308334
0,0,0.33800584
0,0,0.4139471
0,1,0.50292087
0,1,0.5761768
0,0,0.4912046
0,1,0.50807464
1,1,0.61508244
0,0,0.41591457
0,1,0.63178015
0,0,0.35802248
0,0,0.49577853
0,0,0.3602317
1,0,0.4443668
0,0,0.32776138
0,1,0.822602
0,0,0.3029927
0,0,0.45621806
1,1,0.5792148
1,1,0.6911935
0,0,0.40985918
0,0,0.38441584
0,1,0.5949352
0,0,0.49974892
0,0,0.41941363
1,1,0.5673833
1,0,0.41743824
0,1,0.57362086
0,1,0.6386962
0,0,0.27582198
1,0,0.20645109
1,1,0.6240735
0,0,0.36291862
1,0,0.4378725
1,1,0.661857
0,1,0.60473883
1,1,0.70258826
1,0,0.4966956
0,1,0.5273611
0,0,0.37503624
1,1,0.70765686
1,1,0.72693336
0,0,0.2979537
1,1,0.55454993
1,1,0.63681656
0,1,0.62408924
1,1,0.65226793
0,1,0.60064244
0,0,0.48480317
0,0,0.29532403
0,0,0.4030159
0,1,0.6938667
1,0,0.48660088
0,0,0.42343608
0,1,0.5627202
1,1,0.5066304
0,1,0.60956764
0,1,0.6206708
0,1,0.50005674
0,0,0.43299988
0,0,0.31040072
0,1,0.57539845
0,0,0.43338856
0,1,0.65162486
0,0,0.31491798
1,1,0.7189355
0,0,0.39639354
1,0,0.34784797
1,0,0.43727338
0,1,0.71458805
1,1,0.50764775
0,0,0.4407071
1,0,0.38116863
0,0,0.34735385
1,1,0.6065775
1,0,0.49215657
1,1,0.8511561
1,1,0.6875084
1,0,0.3502736
0,0,0.32023796
0,1,0.6596262
1,1,0.6764882
0,0,0.44211385
0,1,0.5047436
0,0,0.43048546
0,1,0.65127325
1,1,0.60620546
0,1,0.69175714
0,0,0.3055154
1,1,0.63390684
0,0,0.38244897
0,0,0.44326162
1,0,0.48104596
0,1,0.6525327
0,0,0.45836222
0,0,0.49748197
0,1,0.5078899
1,1,0.5767112
1,1,0.751702
0,0,0.40181077
0,1,0.56480765
1,1,0.5355478
1,1,0.6395979
1,1,0.6571163
1,1,0.6470523
1,1,0.55786943
0,0,0.4727007
1,1,0.782744
1,1,0.5544652
0,1,0.52081287
1,1,0.6026956
0,0,0.376415
1,1,0.61881125
0,0,0.38091275
1,1,0.573509
1,0,0.32042024
1,1,0.7134417
0,1,0.58600825
0,0,0.23184995
0,1,0.67153
1,1,0.66843027
1,0,0.42368937
0,0,0.42475554
0,0,0.4217553
0,0,0.41518292
0,0,0.36707458
0,1,0.5045998
0,0,0.49996296
1,1,0.63087845
1,1,0.7159128
0,1,0.60930073
0,1,0.7832598
1,1,0.55439556
1,1,0.6405716
1,1,0.5916286
1,1,0.5324135
1,1,0.51314384
1,1,0.70899206
0,1,0.5290414
0,0,0.4133484
0,0,0.22216035
0,0,0.44545078
1,1,0.51461655
0,1,0.53241825
1,0,0.47409746
0,0,0.31043765
0,0,0.25541094
1,1,0.77960455
0,1,0.54326725
0,0,0.3476756
1,0,0.3964109
0,1,0.54304945
0,0,0.46734142
0,0,0.20159177
0,0,0.46717668
0,1,0.5142338
0,0,0.2706328
0,1,0.6755669
0,1,0.56468534
0,0,0.39548758
0,0,0.43543398
1,1,0.5414579
0,0,0.41801557
1,1,0.5839107
1,1,0.5017482
0,1,0.666047
1,1,0.51026976
1,1,0.55793685
0,0,0.27896282
1,1,0.6139735
0,0,0.47705758
0,0,0.46449548
1,1,0.7043791
1,1,0.506155
0,0,0.4660317
1,1,0.79386574
0,0,0.40266857
1,1,0.65739405
1,0,0.48526153
1,0,0.44405374
1,0,0.37997946
0,0,0.3944919
0,1,0.621207
0,1,0.73308265
1,1,0.58683705
0,1,0.56731606
0,0,0.43470848
1,1,0.7049811
0,0,0.32776508
0,1,0.6183611
1,0,0.28222436
0,0,0.4283918
1,1,0.72099376
1,0,0.45666212
0,0,0.42167988
0,0,0.28571117
1,0,0.36812612
0,1,0.506338
0,0,0.3296776
1,1,0.53973746
0,1,0.70101905
0,0,0.45101738
0,0,0.47281283
0,1,0.67372876
0,1,0.50439906
0,1,0.59206843
0,1,0.7222698
0,0,0.18789764
0,1,0.51736367
0,0,0.4809616
1,1,0.51758814
0,1,0.7570459
0,0,0.35468754
0,0,0.39915118
0,0,0.39016467
0,1,0.5615349
0,0,0.2786281
0,1,0.7498938
0,1,0.5180275
1,1,0.5007123
1,0,0.40199405
0,0,0.28666273
1,0,0.39643064
1,0,0.2853601
0,1,0.6357461
0,0,0.35620448
1,1,0.73907447
1,1,0.7317026
1,0,0.3287419
0,0,0.43195128
0,1,0.6687508
0,1,0.68449783
1,1,0.5726316
1,1,0.6657512
1,0,0.31639108
1,1,0.68805456
0,0,0.41934052
1,0,0.2577749
1,0,0.38100648
0,0,0.3923272
0,0,0.40884447
0,1,0.61997724
1,1,0.7256358
1,0,0.43029726
0,0,0.43290606
0,0,0.4175529
0,0,0.45890537
0,0,0.39992598
0,0,0.32669207
1,0,0.2688541
0,0,0.42603058
0,0,0.39535004
1,1,0.55038226
0,1,0.65212476
0,1,0.52850175
1,1,0.6900301
1,1,0.6243944
1,1,0.56533724
0,1,0.5380162
0,0,0.25437018
1,1,0.72078377
0,0,0.11892268
0,0,0.42117405
0,0,0.20199728
1,1,0.57452285
0,0,0.29772997
0,0,0.45113453
0,0,0.4915458
0,0,0.4125722
0,0,0.27477342
1,1,0.72523165
1,0,0.43252414
0,0,0.29533115
1,0,0.4412844
1,1,0.59364533
1,1,0.5463702
1,0,0.44705507
0,0,0.42381814
0,0,0.29984093
0,0,0.2813157
0,0,0.49273095
0,0,0.40044492
0,1,0.5734111
0,0,0.3656144
1,1,0.7487291
1,1,0.6607396
0,0,0.47817746
0,0,0.29848075
0,0,0.31036848
0,0,0.4020385
1,1,0.64791244
1,0,0.3683528
1,1,0.82836676
0,1,0.63109076
1,1,0.55680317
0,0,0.32398868
1,0,0.45233083
0,0,0.43998474
1,0,0.415571
0,0,0.49512017
0,1,0.67214906
1,0,0.48668244
0,1,0.59894764
0,0,0.3020417
1,1,0.6600225
0,0,0.24942443
0,1,0.6663288
0,0,0.36696005
0,1,0.57332313
0,0,0.47018975
0,0,0.41629383
0,0,0.39087394
0,0,0.4284098
0,0,0.41421947
0,1,0.560624
0,1,0.5683372
0,0,0.4210183
0,1,0.53778374
1,1,0.70691156
0,0,0.3076376
0,1,0.6529085
1,1,0.7498232
1,0,0.43680036
0,1,0.54916835
1,0,0.4397423
1,0,0.330047
1,1,0.56179655
1,0,0.18297751
0,0,0.36050504
0,0,0.48092023
0,0,0.43365443
0,0,0.42302388
1,1,0.6223526
0,0,0.35878652
0,0,0.4137865
0,1,0.6237973
0,0,0.39913562
0,0,0.28245476
0,0,0.36098728
0,1,0.65126705
0,0,0.372987
1,0,0.48660913
1,1,0.6484397
0,0,0.38087896
1,1,0.8124522
1,1,0.81921804
0,0,0.25315836
0,0,0.39382797
0,0,0.34742004
1,0,0.39279756
0,1,0.525983
0,0,0.3490112
0,0,0.28088662
0,0,0.3230935
1,1,0.73086023
1,1,0.7346816
1,0,0.39053628
1,0,0.46421647
1,1,0.5349219
0,0,0.43652707
0,0,0.40790454
1,0,0.41011214
1,1,0.58781785
0,0,0.3369627
1,1,0.74536
0,0,0.4325536
0,1,0.6174948
0,0,0.33973324
1,0,0.47046572
0,1,0.70592296
0,0,0.3044308
0,0,0.3058047
0,0,0.45477822
0,0,0.2970735
1,0,0.49148965
1,0,0.26053506
0,1,0.5411502
1,1,0.5896461
1,1,0.70241606
0,0,0.34101358
1,0,0.48394048
1,1,0.67541516
0,0,0.30433324
1,1,0.6619512
0,0,0.38392502
0,0,0.3138919
0,1,0.65528
0,0,0.48226812
0,1,0.5771903
0,0,0.3907806
1,0,0.49293262
0,0,0.366219
0,0,0.49778605
0,0,0.44239715
1,0,0.43240228
0,1,0.64820766
0,0,0.35399014
0,0,0.4130878
0,1,0.59594107
0,0,0.45157567
0,0,0.34397048
1,0,0.4159699
0,0,0.4158278
0,0,0.43473256
0,0,0.39200744
1,0,0.45032915
1,0,0.47524193
0,1,0.54361004
0,1,0.5894202
0,0,0.41239354
1,1,0.7861913
0,1,0.5485884
0,0,0.39578637
0,0,0.32041147
0,0,0.40828767
0,0,0.19414838
0,0,0.4344459
0,0,0.3701023
0,0,0.368456
0,1,0.78903896
1,1,0.5460602
0,0,0.35789776
1,0,0.48628047
0,1,0.60581464
1,1,0.7125789
1,1,0.6007489
1,0,0.37805215
1,0,0.41800323
0,0,0.37396753
1,0,0.48299992
1,0,0.30875537
0,0,0.26121935
1,1,0.7454689
0,1,0.80841756
0,0,0.3457393
0,0,0.43670428
1,0,0.26879486
0,1,0.6125901
0,0,0.4916647
0,1,0.69095105
0,0,0.43899325
1,1,0.6048784
1,1,0.57162035
1,1,0.5896885
0,0,0.43816733
1,1,0.6135607
0,1,0.61928046
0,0,0.3977712
0,1,0.5968535
0,0,0.42906415
0,0,0.34358665
1,0,0.35923484
0,0,0.28202242
1,0,0.4330469
1,1,0.682752
0,1,0.62255013
0,1,0.6303786
0,0,0.35907713
1,0,0.37916824
1,1,0.67362976
0,1,0.5058589
1,1,0.6829556
0,1,0.6036678
1,1,0.678671
1,1,0.7432775
1,1,0.5480393
1,1,0.5208365
0,1,0.63366127
1,0,0.41864365
0,1,0.7086406
0,0,0.24384837
0,1,0.5998639
1,0,0.3037494
0,1,0.63043994
1,1,0.5570697
1,0,0.42558306
0,0,0.31237328
0,1,0.53462553
0,0,0.3187703
0,0,0.25459576
0,1,0.5156183
0,1,0.5935996
0,0,0.41599262
1,1,0.71069336
0,0,0.4819278
0,1,0.6248375
0,0,0.36780524
0,0,0.30783245
1,1,0.729922
1,1,0.5617188
1,0,0.4774646
1,1,0.5515845
1,1,0.6612001
0,0,0.28287873
0,0,0.31616184
1,1,0.6271187
1,1,0.8949787
1,0,0.4263292
1,1,0.6907304
0,0,0.44369096
0,0,0.3617481
0,1,0.5839846
0,0,0.4186378
1,0,0.46291065
1,1,0.7517902
0,1,0.50693965
0,0,0.30985323
0,0,0.36142403
0,1,0.5619017
1,1,0.8248375
0,0,0.2503189
0,0,0.437336
0,0,0.33213598
0,0,0.25598302
0,0,0.38957515
0,0,0.22995996
0,0,0.41574633
0,1,0.5706037
0,0,0.44229126
1,1,0.54349655
1,1,0.69290674
1,1,0.60675013
0,0,0.42409378
0,1,0.65193665
1,1,0.69667125
1,1,0.6297699
0,0,0.28504533
1,1,0.6663915
1,0,0.36474392
0,0,0.32731062
0,1,0.5263351
1,0,0.44801384
0,0,0.4172481
1,0,0.4132436
0,0,0.49213654
1,0,0.3852633
0,0,0.27987638
1,0,0.27021408
1,1,0.72160065
0,0,0.38361272
0,1,0.6278039
1,1,0.6946305
0,0,0.24540532
0,1,0.5321923
0,0,0.30915603
0,0,0.40564275
0,1,0.6068101
0,1,0.5309987
0,0,0.3617123
0,1,0.54168975
0,0,0.37618446
1,0,0.40216652
0,1,0.543211
1,0,0.40993962
0,0,0.33421522
0,1,0.6014029
1,0,0.48393273
1,1,0.5857867
1,1,0.69042146
1,1,0.69649565
0,1,0.51666796
1,0,0.47591183
0,1,0.55408126
1,1,0.57661843
0,0,0.47723332
0,0,0.29922882
1,1,0.5705247
0,0,0.43965942
0,0,0.3752578
1,1,0.63240945
1,1,0.5536288
1,1,0.79407144
1,0,0.3871382
0,0,0.27958432
0,1,0.6245794
1,1,0.5947497
0,0,0.3952783
0,1,0.50223863
0,0,0.45594212
1,1,0.6119071
0,1,0.57908285
1,0,0.4724436
1,1,0.73569536
1,1,0.5485422
1,0,0.49768704
0,0,0.48091918
0,0,0.36842868
0,1,0.68932956
0,1,0.5839242
0,1,0.5723301
0,0,0.47654015
0,1,0.57938623
0,0,0.37896338
0,0,0.45306647
0,0,0.40956077
0,0,0.47413203
0,0,0.21028718
1,1,0.7718296
1,1,0.5437797
0,1,0.5160558
0,0,0.28402844
0,1,0.5438442
0,1,0.6073109
1,1,0.68004453
0,0,0.22345847
1,1,0.6313066
1,1,0.638134
0,1,0.61591846
0,0,0.4400204
0,0,0.31264347
0,0,0.31935605
0,1,0.73445535
0,1,0.599798
0,1,0.7599172
1,1,0.65916014
0,0,0.4244054
1,0,0.39125574
0,0,0.40319037
1,1,0.657835
1,0,0.3318075
0,0,0.38834035
1,0,0.44088623
0,0,0.36574388
1,1,0.51819843
0,0,0.46405435
1,0,0.4340121
0,0,0.47466478
0,1,0.681013
1,1,0.6055138
1,1,0.63417745
0,1,0.5510021
1,0,0.28907993
0,0,0.39905348
1,1,0.77989274
0,0,0.32360804
0,1,0.51319635
0,1,0.6104466
1,1,0.6748078
0,1,0.50639915
1,1,0.604213
0,0,0.29994062
0,0,0.45768607
0,1,0.6407225
0,0,0.30718496
0,0,0.3627103
0,0,0.3855539
1,0,0.38724124
0,0,0.4452672
1,1,0.64094657
0,1,0.5765259
0,0,0.3107519
0,1,0.5232996
0,0,0.33499867
0,1,0.6105738
0,0,0.3079462
0,1,0.71780366
0,0,0.4137747
1,1,0.6869112
1,1,0.55937594
0,0,0.2716972
0,0,0.35630748
0,1,0.6659105
0,0,0.32455784
0,0,0.3554339
0,0,0.4114297
0,0,0.32041612
0,0,0.4723768
0,0,0.4248752
0,0,0.249085
1,1,0.62138146
1,1,0.66724825
0,0,0.46526346
1,1,0.6449309
0,0,0.23695636
0,1,0.6582793
1,1,0.6167607
0,0,0.16275796
1,1,0.73480976
0,0,0.35673463
0,0,0.42607537
0,1,0.54206145
1,1,0.6229588
1,1,0.52681345
0,0,0.4249105
0,0,0.3347266
1,1,0.6375828
1,1,0.7173029
1,1,0.5970216
1,1,0.8008671
1,1,0.5910448
1,0,0.2997708
0,0,0.32099065
0,1,0.7457127
0,0,0.4119975
0,1,0.6226984
0,0,0.39597413
0,0,0.27398056
0,1,0.5296273
0,1,0.5789783
0,1,0.580586
0,1,0.6155401
0,0,0.32759902
0,1,0.5070026
0,0,0.3490964
1,1,0.7798618
0,0,0.35888213
0,0,0.33940694
0,0,0.46226385
1,0,0.4872787
0,0,0.3834281
0,0,0.22043088
0,0,0.44947535
0,0,0.3325166
0,0,0.49458042
0,0,0.21109128
0,0,0.38735428
0,1,0.7521165
0,1,0.53206205
1,0,0.37803078
1,1,0.6834786
1,0,0.37142405
1,1,0.5731622
1,1,0.6300413
0,1,0.5172952
0,0,0.43067577
1,1,0.6009618
0,0,0.4082656
0,0,0.37685657
1,0,0.44693932
0,0,0.46277714
0,0,0.4381392
1,0,0.49257913
0,0,0.3857691
0,1,0.5825691
1,0,0.30451143
0,0,0.32714736
1,1,0.57265806
0,1,0.5102793
0,1,0.6976875
0,1,0.61292785
0,1,0.5135703
0,1,0.69338787
0,0,0.45143917
1,1,0.81382763
1,0,0.43924245
0,0,0.36172426
0,0,0.31391788
1,1,0.55656135
0,1,0.81655604
0,1,0.67447984
1,1,0.62033474
1,0,0.374266
1,0,0.4127804
1,0,0.44220397
0,0,0.37488264
1,1,0.57621324
0,0,0.48613352
1,1,0.77411413
0,1,0.6150929
0,1,0.6353879
0,1,0.5505822
0,1,0.5193734
0,0,0.46033138
1,1,0.7184237
0,0,0.41441613
0,0,0.40603626
0,1,0.5612626
1,1,0.7134981
1,0,0.40080103
0,0,0.24379711
0,1,0.61064875
0,0,0.328002
0,0,0.44511995
0,0,0.33809704
0,0,0.2310575
1,1,0.8078023
1,1,0.5338888
1,1,0.7069442
1,0,0.3910036
0,0,0.31994876
1,1,0.6459266
0,1,0.545465
0,1,0.55603343
1,0,0.3925434
1,0,0.34650055
1,0,0.38390568
0,0,0.46683598
0,1,0.5011097
0,0,0.43409172
0,1,0.570454
0,0,0.42967513
0,1,0.6901571
0,1,0.6798251
1,1,0.5037547
1,1,0.6168052
1,0,0.48808837
0,0,0.28286728
1,1,0.7068988
0,1,0.6937307
0,0,0.43074694
0,1,0.5662595
0,0,0.23369835
0,1,0.67274934
1,0,0.37483844
0,1,0.58816594
0,1,0.5813885
1,1,0.8550352
1,0,0.34744725
0,0,0.42481443
1,0,0.44594157
0,0,0.45115256
0,0,0.4922876
0,0,0.37176332
0,1,0.6003563
0,0,0.3207083
0,0,0.4938151
0,0,0.41101614
0,1,0.714035
1,0,0.4154473
0,0,0.24242824
0,1,0.56364536
0,0,0.34601122
0,0,0.30857748
1,1,0.60999537
0,1,0.7146239
1,0,0.47362512
1,1,0.7098865
0,0,0.33214387
1,0,0.4508422
0,0,0.40219468
1,0,0.47398263
1,1,0.7002462
1,0,0.38650566
0,0,0.44082004
0,1,0.6287494
0,1,0.65674895
0,1,0.70071447
0,0,0.2900882
1,1,0.5116646
0,1,0.5977882
0,0,0.24926789
0,0,0.40153685
0,1,0.7483177
0,0,0.278785
1,1,0.71475184
0,0,0.33479518
0,0,0.45825443
0,0,0.29931828
1,1,0.6402048
0,0,0.41698676
1,1,0.67595816
1,0,0.32571977
0,0,0.42328236
0,0,0.41878107
0,0,0.3123164
0,0,0.29611218
0,0,0.39710322
1,0,0.4550938
1,1,0.5582819
1,1,0.6435182
1,0,0.49829522
1,0,0.4670413
1,0,0.36336052
0,0,0.4888711
0,0,0.41867602
1,1,0.55910194
1,1,0.50207484
0,0,0.43182614
0,0,0.30713573
0,0,0.4729429
1,0,0.29317576
1,1,0.725894
0,1,0.58528876
1,1,0.7191532
0,1,0.5045319
1,1,0.6617629
0,0,0.4241795
0,0,0.4762551
0,1,0.66579527
0,0,0.42701662
0,1,0.7934425
0,0,0.44102874
0,0,0.48973566
0,1,0.5111574
0,0,0.35663548
0,0,0.34838197
1,1,0.5585738
1,1,0.6585382
0,0,0.46309584
0,0,0.4112833
0,0,0.30217353
0,0,0.42724743
1,1,0.66794634
0,0,0.11737128
1,1,0.6703049
0,0,0.3905857
0,0,0.35476837
0,0,0.40657726
0,0,0.45515233
0,0,0.45305178
0,0,0.33971485
1,0,0.32212254
1,1,0.571995
1,1,0.6239985
1,0,0.42602763
1,0,0.3061356
0,0,0.39935544
0,1,0.5228145
0,1,0.55131006
0,1,0.7765925
0,0,0.24896565
0,0,0.45019633
0,0,0.29085666
0,0,0.42149973
1,0,0.4437849
0,0,0.39103487
0,1,0.69421047
0,0,0.3825476
0,1,0.64094615
0,1,0.53223205
0,0,0.40519997
1,1,0.7208991
0,1,0.530612
0,1,0.7057958
1,1,0.69176817
0,0,0.36647218
0,1,0.65116143
0,0,0.39012966
0,0,0.41438228
0,0,0.45666263
0,1,0.6354276
1,1,0.50559443
0,1,0.81602675
0,0,0.38498273
1,1,0.59966457
0,0,0.33056822
0,1,0.63269997
0,1,0.6452422
1,1,0.59691966
0,1,0.57922506
0,1,0.605711
1,1,0.5294516
1,1,0.63678175
0,0,0.37776127
0,1,0.6713362
0,1,0.7460425
1,1,0.76688856
0,1,0.6781112
0,0,0.37674764
0,0,0.35022005
0,1,0.5766445
1,0,0.35027498
0,0,0.4128846
0,1,0.6065031
0,0,0.3882711
0,1,0.638129
0,0,0.39728668
1,1,0.5885236
1,0,0.4193078
0,1,0.72984624
1,1,0.88308996
1,1,0.7533661
0,0,0.2606878
0,0,0.21179578
1,1,0.72462523
1,0,0.42661235
0,0,0.33449522
0,0,0.3714956
0,0,0.36964172
1,0,0.46876645
0,1,0.5177399
0,1,0.6449932
1,1,0.53510976
0,0,0.36897486
0,0,0.40095073
0,0,0.37713888
1,1,0.66842127
0,0,0.31523922
1,1,0.51166993
0,0,0.22299007
0,0,0.4916483
0,0,0.3668822
0,0,0.26293442
0,0,0.34001404
1,1,0.6570813
1,1,0.6090522
0,1,0.5032982
0,1,0.6641251
0,0,0.41531178
1,1,0.7367437
0,0,0.39465597
0,1,0.6465745
0,0,0.41558573
0,0,0.3569
0,1,0.56196624
0,1,0.5331358
0,1,0.5544187
0,0,0.4011626
1,0,0.28405386
0,0,0.3351861
1,1,0.6577605
1,1,0.62577164
0,0,0.16588593
0,1,0.7182685
1,1,0.7380682
1,1,0.5206778
0,0,0.4069102
1,1,0.7726885
0,0,0.4817033
0,1,0.73356426
0,1,0.608055
0,0,0.43087485
1,1,0.6393718
1,1,0.629102
1,1,0.7572688
1,0,0.47446325
0,1,0.5791785
0,0,0.32842857
0,1,0.58767235
1,1,0.5030344
1,0,0.43536437
0,0,0.34923413
0,0,0.4318153
1,1,0.6950549
0,1,0.64104223
1,1,0.5944594
1,1,0.76109684
1,1,0.7504949
0,0,0.33481544
1,0,0.49826849
1,1,0.7076805
1,1,0.74003077
0,0,0.3440556
0,0,0.40430441
0,1,0.54675287
1,1,0.6353322
1,0,0.3175207
1,1,0.68709683
0,1,0.7400727
0,0,0.37499467
1,1,0.6359935
1,0,0.49732855
1,1,0.59242034
1,0,0.45370445
0,1,0.6037464
1,0,0.20088355
0,0,0.30544442
0,0,0.35989994
1,0,0.38147423
0,0,0.33788997
0,1,0.6021543
0,0,0.49171087
0,1,0.5438076
1,1,0.61763775
1,0,0.29776314
0,0,0.3806363
1,1,0.707772
0,1,0.6348624
0,1,0.56141114
0,0,0.24170409
1,0,0.45464703
0,1,0.5805235
1,1,0.67036057
0,0,0.40448081
0,0,0.3582514
0,0,0.32905614
0,0,0.4480005
0,0,0.22863767
1,1,0.7663511
0,0,0.3953598
1,0,0.4223761
0,0,0.43174484
1,0,0.48048443
0,0,0.49284777
0,0,0.43038398
1,1,0.6816013
0,0,0.442815
1,0,0.3888247
0,0,0.29737252
1,1,0.68053424
1,1,0.667876
0,1,0.5118223
0,0,0.3764611
0,0,0.45964724
1,1,0.5610945
0,0,0.4196096
1,1,0.50392014
1,0,0.47119817
0,0,0.34622055
1,1,0.6407553
0,0,0.40916196
0,0,0.44921812
0,1,0.60054344
0,0,0.46260476
0,1,0.7987132
1,0,0.33075467
0,0,0.27944496
1,1,0.5029052
0,0,0.33626863
1,0,0.420363
0,0,0.31233078
0,0,0.24886996
0,0,0.40074193
0,0,0.38701838
1,0,0.44062114
1,1,0.54104096
0,1,0.71901286
1,1,0.64078915
0,0,0.31454808
1,0,0.42125764
0,0,0.40811074
0,0,0.46835452
0,0,0.43279433
1,0,0.49166197
0,0,0.4746638
1,1,0.61617327
0,1,0.71125853
0,1,0.5646992
1,1,0.6282926
0,0,0.48811677
0,1,0.5502108
0,0,0.2885653
1,1,0.62205267
0,0,0.34152442
0,1,0.55096984
0,0,0.37022325
0,0,0.39926016
0,0,0.29460588
1,1,0.69794977
0,0,0.36846235
1,1,0.7727599
1,1,0.6056378
0,0,0.36107832
0,0,0.48622602
0,1,0.50497365
1,0,0.45552495
0,1,0.7353058
0,0,0.3423177
1,1,0.5120548
0,1,0.5666257
0,0,0.4985454
0,1,0.5470686
0,0,0.35733432
0,1,0.5126902
0,1,0.61496586
0,1,0.5175414
1,1,0.5259932
0,0,0.34633902
0,0,0.45429617
1,1,0.58306134
0,0,0.40185654
0,0,0.26681575
1,1,0.7863195
1,1,0.6672243
0,1,0.66689885
0,0,0.45532992
0,0,0.3036453
0,0,0.39086926
0,0,0.26874387
1,0,0.46665117
1,1,0.78032434
1,1,0.6828612
0,0,0.38409048
0,1,0.65196174
0,0,0.46097302
0,0,0.24359427
0,0,0.48446894
1,1,0.86200297
1,1,0.50649285
1,1,0.75028694
0,0,0.3336487
0,1,0.5719913
1,0,0.4017632
0,0,0.47220773
0,0,0.2504865
0,0,0.32729378
1,1,0.7350544
0,0,0.37788862
1,1,0.65997845
0,0,0.47017094
0,0,0.3327521
1,0,0.45435232
0,0,0.36658606
1,1,0.6062421
0,0,0.36358964
0,0,0.44415528
0,0,0.4305678
0,0,0.23018742
0,1,0.56210005
0,0,0.27384278
0,0,0.37194118
0,0,0.37635753
0,1,0.67400646
0,0,0.26161706
1,1,0.63747156
0,1,0.5283124
1,0,0.3065538
1,1,0.7413275
0,1,0.7252172
0,0,0.39523396
1,1,0.6823434
0,0,0.3807386
1,1,0.52520704
0,0,0.3648459
1,1,0.5721725
1,0,0.4106666
0,0,0.2843922
0,1,0.5099734
0,0,0.407653
1,0,0.46114662
1,1,0.62527335
1,1,0.7026729
0,0,0.2661005
0,1,0.65079886
0,1,0.7168517
0,1,0.6034275
0,0,0.29842228
0,1,0.6113658
1,0,0.39948982
0,0,0.32436138
1,1,0.6868601
0,0,0.4233614
0,0,0.18867032
1,1,0.7736831
0,0,0.44310027
0,1,0.5581018
1,0,0.4054989
1,0,0.44279084
1,0,0.4928217
0,0,0.4702275
1,1,0.5722197
0,0,0.23392004
1,0,0.2828462
0,0,0.22116533
0,1,0.7173671
1,0,0.28805697
0,0,0.1994469
0,0,0.38659996
0,1,0.70036596
1,0,0.46765387
0,1,0.6815862
0,1,0.5403726
1,1,0.66167945
0,1,0.61000395
0,0,0.18591337
1,1,0.58476347
0,0,0.43723616
0,0,0.41103077
0,1,0.7291481
1,1,0.681238
0,0,0.102702565
1,0,0.38505754
0,1,0.62742996
0,1,0.6663096
0,1,0.55397576
0,1,0.54839265
0,0,0.42567718
0,0,0.45275235
0,1,0.5438129
0,1,0.6844224
0,0,0.2844807
0,1,0.5578288
0,0,0.4600321
0,0,0.47168085
1,1,0.66038865
0,1,0.5798339
0,1,0.65764046
0,0,0.36899388
1,1,0.7195416
0,1,0.529473
1,1,0.6674609
1,1,0.55455315
0,1,0.53665817
1,1,0.72543555
0,1,0.76055753
0,1,0.6622355
0,0,0.18998986
1,0,0.30816826
0,0,0.2923636
1,0,0.39877588
0,0,0.3824659
0,1,0.5546396
0,0,0.21892554
0,1,0.6435962
0,1,0.55634415
0,0,0.32946146
1,1,0.59055007
1,1,0.70072865
1,0,0.38278845
0,0,0.27512267
0,0,0.4585091
0,0,0.25351992
0,0,0.19278346
0,0,0.42398205
0,0,0.40488562
1,0,0.32002473
0,0,0.31802583
1,1,0.7218163
0,0,0.24392459
1,1,0.6407106
1,1,0.6321113
1,0,0.48341712
1,0,0.38384035
0,0,0.29743123
1,1,0.58736634
0,1,0.57081115
0,1,0.63381815
1,1,0.63790303
0,0,0.38387656
0,0,0.42078885
1,1,0.6090359
1,0,0.3750528
0,0,0.25587288
0,0,0.2463354
0,0,0.40413442
0,0,0.388978
1,1,0.580006
0,0,0.43287888
1,1,0.502387
0,0,0.42054957
0,0,0.40560442
1,0,0.3440707
0,0,0.40876335
0,0,0.493163
1,0,0.48415536
0,1,0.5811578
1,0,0.29762438
1,0,0.3112842
0,0,0.40835878
0,0,0.23480447
1,0,0.2992423
1,0,0.40936047
0,0,0.43298015
0,0,0.47232515
1,0,0.37071487
0,0,0.42347023
0,0,0.41274312
1,1,0.50679576
0,0,0.4361991
0,0,0.20525876
1,0,0.3215651
0,0,0.32347554
0,0,0.28142098
0,0,0.45837808
1,1,0.6895423
1,1,0.76863295
0,0,0.29280245
0,1,0.68813753
0,0,0.30939916
0,0,0.35341102
0,1,0.6372458
0,0,0.44812077
1,0,0.32052508
0,1,0.60066974
0,0,0.28531203
0,1,0.6099628
1,0,0.27984267
0,1,0.5951859
0,0,0.48794478
0,0,0.2772612
1,0,0.49073675
0,0,0.31157815
0,0,0.2645518
0,0,0.22595301
0,0,0.4731897
0,0,0.24628143
1,1,0.5276368
1,1,0.677263
0,0,0.3589339
0,1,0.7042805
1,0,0.45971793
0,0,0.4461596
1,0,0.24926561
1,1,0.78740925
1,1,0.66649187
0,1,0.6432724
0,0,0.21698512
1,1,0.6553119
1,0,0.31551945
1,1,0.68436635
1,1,0.6141503
0,1,0.7634987
1,1,0.5957539
0,1,0.5921434
1,0,0.32926628
0,0,0.41344997
0,0,0.48238707
0,0,0.27636114
1,0,0.3381526
0,0,0.41266656
0,0,0.49919415
1,1,0.6534036
0,1,0.6309426
0,1,0.5264596
0,0,0.44386724
1,0,0.48156223
0,0,0.38456857
0,0,0.43732917
1,1,0.6738179
0,1,0.5129469
0,1,0.6314242
0,1,0.5421343
0,1,0.632825
0,1,0.5402589
0,0,0.4366356
0,1,0.63969696
0,1,0.5150027
1,0,0.29929745
1,1,0.54612446
0,1,0.5152912
1,1,0.5250195
1,1,0.6021812
0,1,0.800155
1,1,0.56031936
0,0,0.41789097
1,1,0.6513208
1,0,0.4311071
0,0,0.21019544
0,1,0.64270914
0,0,0.3832573
0,0,0.4984516
1,0,0.4697518
0,1,0.5091635
0,0,0.40820047
0,1,0.5920685
0,0,0.3245892
0,0,0.39458048
0,0,0.34707612
0,1,0.5258044
0,0,0.38889253
0,0,0.472487
0,1,0.5573882
1,0,0.44549498
1,0,0.47483498
0,0,0.49342182
1,1,0.7742803
1,1,0.6024
0,0,0.39973086
0,0,0.31387657
1,1,0.64845073
1,0,0.37250277
1,1,0.759213
0,0,0.41928208
0,0,0.3672373
0,1,0.5452837
0,0,0.40680888
0,0,0.19227093
1,1,0.7946826
0,1,0.66676444
1,1,0.66568536
1,1,0.592554
1,0,0.22048396
0,1,0.5102477
1,1,0.7322437
0,0,0.43682036
0,0,0.27346936
0,0,0.3865971
0,0,0.27694434
1,1,0.63193756
1,1,0.6794282
0,0,0.4011084
0,0,0.46560127
0,1,0.61390626
1,1,0.5935042
0,0,0.17047349
1,1,0.7452141
0,1,0.5667169
0,0,0.2693045
1,1,0.63468313
0,1,0.56819826
0,0,0.3547865
0,0,0.46135405
0,0,0.4051959
1,0,0.40667957
0,0,0.43164575
0,0,0.36503705
0,1,0.55954194
0,0,0.35289434
1,1,0.53179646
0,0,0.27674532
0,0,0.33928865
0,0,0.45061588
1,1,0.7390293
0,1,0.6560756
0,1,0.63984704
0,1,0.65973
0,0,0.2936276
0,0,0.32697502
1,0,0.48453403
0,1,0.53568625
1,1,0.63778377
1,0,0.42225137
0,0,0.4999041
1,1,0.70469093
0,0,0.4981061
0,0,0.2563721
1,1,0.6294531
0,0,0.35478687
1,1,0.5349186
1,1,0.62344056
1,1,0.8146419
0,0,0.3940653
1,0,0.40807894
0,1,0.7183068
0,1,0.6471033
0,0,0.38919538
1,0,0.42302907
0,0,0.40617523
1,1,0.6697591
1,1,0.66839874
0,0,0.40316087
0,1,0.6948654
1,1,0.52785397
0,0,0.4673077
0,0,0.2529936
0,0,0.44911864
0,1,0.52031827
0,0,0.4430221
0,0,0.39856404
0,0,0.34636244
0,0,0.41737527
1,0,0.4396357
1,0,0.47133154
0,1,0.51628596
0,1,0.5008218
0,0,0.3082321
0,0,0.36014444
0,1,0.66736114
0,0,0.38848054
0,0,0.35178787
0,1,0.5836607
0,1,0.6122528
1,0,0.36065972
0,0,0.32386222
1,1,0.6720785
1,1,0.6053463
0,1,0.5169983
0,0,0.30220038
1,0,0.46690753
0,1,0.5759108
0,0,0.38112047
1,1,0.50402415
0,0,0.3223848
0,0,0.4802651
0,0,0.39329872
1,0,0.45736936
0,0,0.20831744
0,0,0.42296952
0,0,0.25806415
0,1,0.60065913
1,1,0.51592124
1,1,0.607538
1,0,0.35886762
0,1,0.66425145
0,0,0.47606295
1,0,0.4021307
0,0,0.41460535
0,1,0.71425414
0,1,0.6356455
0,0,0.34736893
0,0,0.4092679
0,0,0.2986118
1,0,0.45468768
0,0,0.3338512
0,0,0.38207495
1,1,0.68827987
0,1,0.5357744
1,0,0.43085894
0,1,0.72940016
0,0,0.3485609
0,1,0.5620954
0,0,0.32562658
0,1,0.6569944
1,1,0.5457993
0,0,0.37821382
0,0,0.3886107
0,1,0.66244805
0,0,0.20031492
1,0,0.4436913
0,1,0.586071
0,0,0.2531828
1,0,0.48602018
0,1,0.60837984
0,1,0.74864733
0,1,0.70328087
1,0,0.42435998
0,0,0.4807382
0,0,0.2480189
1,1,0.52689123
1,1,0.76969177
1,1,0.5725981
1,1,0.60369694
0,1,0.61575633
0,0,0.35602215
1,0,0.4186023
1,1,0.76961267
1,1,0.58240104
1,0,0.36243325
0,1,0.64359593
1,1,0.5614188
1,1,0.7252506
0,0,0.32927206
0,1,0.5163065
1,1,0.5373949
1,1,0.68759924
0,1,0.56947124
1,1,0.61095726
0,0,0.40277156
0,0,0.32965156
0,0,0.3360401
1,1,0.6829379
0,0,0.4730706
1,1,0.5175994
0,0,0.44730023
1,0,0.38277403
0,0,0.41109702
1,0,0.48747063
0,0,0.4411293
1,0,0.46295273
1,0,0.40949848
0,0,0.39768958
0,0,0.44329503
0,1,0.8139862
0,1,0.6951972
0,1,0.53570557
0,1,0.5433097
1,1,0.54666924
0,1,0.51341623
0,0,0.4678714
0,1,0.7067468
0,0,0.33583024
0,1,0.58689046
1,1,0.58339417
1,1,0.8089428
0,1,0.6197702
0,0,0.38908362
0,0,0.46383786
1,1,0.60066396
0,0,0.39131278
1,1,0.55630964
1,1,0.64200896
1,1,0.6294167
0,0,0.40769032
1,0,0.44423592
1,1,0.7241549
0,0,0.39593574
0,0,0.4208053
1,1,0.5753492
1,0,0.40534493
0,1,0.5166979
1,1,0.6059507
0,0,0.3882202
0,1,0.59654486
0,1,0.51296306
0,1,0.7398608
0,1,0.5017093
0,0,0.4916446
0,0,0.4391327
0,0,0.49042314
0,0,0.3140409
1,0,0.26502484
0,1,0.7110373
0,1,0.58109695
0,1,0.51149297
1,1,0.5819808
0,1,0.5539154
0,1,0.60273117
1,1,0.5713904
0,1,0.58289766
1,1,0.6376909
1,1,0.5946247
0,1,0.7578284
1,0,0.41553277
1,1,0.6179916
0,0,0.4245446
0,1,0.52428955
0,1,0.70627403
0,0,0.29998207
0,0,0.26058164
0,0,0.3609398
1,1,0.69093186
0,1,0.6587421
1,1,0.6913392
1,0,0.28862143
0,0,0.41618428
0,0,0.3192086
0,0,0.21737821
1,0,0.37338457
0,0,0.28813317
0,0,0.278895
0,0,0.4285974
1,0,0.3323598
0,0,0.4520088
0,0,0.4727562
0,0,0.46535587
0,0,0.48569506
0,0,0.33659303
0,0,0.35084686
0,1,0.5794066
1,1,0.51131356
0,1,0.7029735
1,1,0.7226275
1,1,0.6040222
1,0,0.4457344
0,0,0.2655714
0,0,0.19677986
1,0,0.4788999
0,0,0.24718261
0,1,0.5992737
1,0,0.4811458
1,1,0.8032673
0,0,0.49882582
1,1,0.67768514
1,1,0.64069027
0,1,0.591317
1,1,0.6447135
0,0,0.4823377
0,1,0.5964452
0,0,0.46516085
1,1,0.60424614
0,0,0.34892067
0,0,0.44569892
1,1,0.5527238
0,0,0.38821152
0,1,0.5127548
1,1,0.5806861
0,0,0.40993798
0,1,0.5402304
0,0,0.4201395
0,1,0.6627767
1,0,0.47915798
1,1,0.6894215
0,0,0.38919964
0,1,0.52164197
1,1,0.6050022
0,0,0.34751365
0,1,0.50546575
1,1,0.67327785
0,0,0.46411088
0,0,0.42262286
0,0,0.4632409
1,0,0.44342512
0,0,0.49223194
1,1,0.5022911
1,1,0.5969454
0,0,0.31150284
0,1,0.54669917
0,0,0.26570135
0,1,0.64492714
1,1,0.6007978
0,0,0.41298845
0,0,0.30830792
0,0,0.26756755
1,1,0.5393908
0,1,0.7098158
0,0,0.32735032
0,0,0.33228162
0,0,0.41575035
1,1,0.5466287
0,1,0.5785648
0,0,0.39980882
1,1,0.5045736
1,1,0.6482611
0,1,0.62705374
1,1,0.554219
0,0,0.41623214
0,0,0.363756
0,0,0.43121567
1,0,0.3843542
0,0,0.46441528
0,0,0.43376592
0,0,0.4348018
0,0,0.4212309
0,0,0.47083157
0,1,0.5909442
1,0,0.4522388
0,0,0.39212576
0,0,0.4909183
0,0,0.29842877
0,0,0.2407155
1,1,0.5077833
0,0,0.2368011
0,1,0.56204367
0,1,0.53223217
1,0,0.3858107
1,1,0.708618
1,0,0.4772454
1,1,0.5419948
0,1,0.5384933
0,0,0.34323055
0,0,0.41288516
0,0,0.3508301
1,1,0.60471123
0,1,0.709267
0,1,0.53405756
1,0,0.3368251
1,0,0.45377865
0,0,0.4815198
0,1,0.5981795
0,0,0.31889868
0,0,0.3406302
0,0,0.24617155
0,0,0.37802836
1,0,0.45151865
1,0,0.40728217
0,1,0.54672575
0,0,0.3483903
1,1,0.7582259
1,1,0.51999635
1,1,0.7344649
1,1,0.70887786
0,1,0.5505663
0,0,0.18091075
0,0,0.41444057
0,0,0.401051
1,1,0.6234414
1,0,0.3968782
0,0,0.36604437
1,1,0.6676096
0,0,0.34910214
0,0,0.25419503
0,1,0.56404966
0,1,0.6892853
0,1,0.6399088
0,0,0.38375342
1,0,0.44378525
1,1,0.5881331
0,1,0.69777644
1,1,0.57278204
0,1,0.6188371
0,1,0.67934096
0,1,0.7058264
0,0,0.38795137
1,0,0.41351217
1,0,0.4829365
1,0,0.3355834
0,1,0.7619648
1,1,0.50251174
1,1,0.5461978
1,1,0.61951435
1,1,0.65867436
0,0,0.33196497
1,1,0.7548377
0,0,0.44451547
0,0,0.4037407
1,0,0.37099996
1,1,0.63904333
0,0,0.4801275
0,0,0.41388234
0,0,0.48492134
0,0,0.26437548
1,0,0.42729315
0,1,0.63903964
0,0,0.43116662
0,1,0.76265085
0,1,0.81384873
0,1,0.7898632
1,1,0.6438275
1,1,0.7463136
1,1,0.6311449
0,1,0.56899476
0,0,0.40847075
1,1,0.51461893
0,0,0.38278386
0,0,0.3515108
0,0,0.4484997
0,0,0.4078271
0,1,0.5215994
0,0,0.1583369
1,1,0.6272161
0,1,0.59809756
0,1,0.58649135
1,0,0.46531972
1,1,0.6416415
0,0,0.36383492
0,1,0.53105676
0,1,0.65637517
0,0,0.49966782
0,1,0.6837607
0,1,0.5848993
1,1,0.6881802
1,0,0.43964514
1,0,0.4313383
0,1,0.66025925
0,0,0.32636878
0,0,0.29337975
1,1,0.72023094
0,0,0.36175412
0,1,0.5828754
1,1,0.6664583
0,0,0.23893225
1,0,0.26852807
0,1,0.6788876
0,0,0.2911543
1,0,0.41343382
0,1,0.6636571
1,0,0.36576253
0,0,0.3638062
1,1,0.624568
1,1,0.524539
0,1,0.6258234
0,0,0.3285832
0,0,0.38410413
0,1,0.6493914
0,1,0.5102105
0,0,0.3748566
0,0,0.42847648
0,0,0.30655646
1,0,0.45295683
0,0,0.29787812
0,0,0.17986152
0,1,0.7048274
0,1,0.51524687
1,0,0.4287658
0,1,0.5102307
1,0,0.32387784
1,0,0.41719028
1,0,0.4052073
0,0,0.49930605
0,1,0.75305885
1,1,0.52895194
0,0,0.32904562
0,1,0.7171609
0,0,0.37369788
0,1,0.5265783
0,1,0.6723356
0,0,0.33553433
0,0,0.37110665
1,0,0.41408753
1,1,0.5443431
0,0,0.28447756
0,0,0.23371673
0,0,0.41706693
1,1,0.5836269
0,1,0.5326903
1,1,0.71269864
1,0,0.45336366
0,1,0.63310826
0,1,0.70856357
0,0,0.47867295
1,1,0.6932196
0,1,0.6751027
0,1,0.73872745
0,0,0.462143
1,1,0.71786475
0,1,0.72234046
1,0,0.47677928
0,0,0.23617414
0,1,0.60137737
0,1,0.605134
1,1,0.6434151
0,0,0.3742686
0,0,0.40085107
0,0,0.34389207
1,1,0.7114282
1,0,0.47312042
0,0,0.13577954
0,0,0.38687703
0,0,0.25265065
0,0,0.3714351
0,0,0.44175005
1,0,0.40048864
1,1,0.7131928
0,0,0.3576846
0,1,0.585948
1,0,0.43598133
1,0,0.48829418
1,1,0.8485946
0,0,0.49293172
0,1,0.6054063
0,0,0.4082158
0,1,0.7103324
1,1,0.6378039
1,1,0.6066327
0,1,0.5405594
0,0,0.34567985
0,0,0.4417149
0,0,0.4093723
0,0,0.43641323
0,0,0.2771071
0,1,0.6111647
1,1,0.50273085
1,1,0.58557796
0,1,0.7798113
0,1,0.64684147
0,0,0.26022127
0,1,0.64723665
0,1,0.54282516
0,0,0.28950644
0,0,0.41747445
1,0,0.4560821
1,1,0.5664174
0,0,0.41816118
0,0,0.4328438
1,0,0.3198575
1,0,0.40807825
0,0,0.31041265
1,1,0.8770222
0,0,0.29237044
0,1,0.59754074
0,1,0.7609481
1,1,0.6070101
1,1,0.6346006
0,0,0.43505743
0,0,0.417663
1,0,0.48045665
0,0,0.4800182
0,1,0.57216245
0,1,0.59711087
0,1,0.53438926
1,1,0.58676165
0,0,0.3987131
1,1,0.5244703
0,1,0.67420554
1,0,0.47845548
1,1,0.62542975
0,0,0.41017395
1,1,0.6960794
0,0,0.39353245
0,0,0.28873044
0,0,0.40826288
0,0,0.3412528
0,0,0.31166863
0,0,0.43558365
1,1,0.5357991
0,1,0.5168092
0,0,0.4191715
0,0,0.3237676
0,0,0.28582224
0,0,0.14199916
0,0,0.33168614
0,0,0.3168364
1,1,0.62182355
0,0,0.41778708
1,0,0.24289228
1,0,0.3622737
1,1,0.7252488
1,0,0.36390015
1,0,0.44401336
0,0,0.19843127
1,1,0.72354144
0,0,0.4379286
1,1,0.80491555
0,1,0.7362712
0,0,0.35798976
0,0,0.26135996
0,1,0.5863024
0,0,0.27900127
1,1,0.6047931
1,0,0.48390314
1,0,0.14943722
0,0,0.40709096
0,0,0.3963434
1,1,0.69100356
0,0,0.4610107
1,1,0.532271
1,1,0.72394705
0,1,0.52055866
0,0,0.41458458
0,0,0.42323184
0,1,0.6647948
0,0,0.26625705
1,1,0.5893027
0,1,0.63316417
0,1,0.65780884
1,1,0.6266106
0,0,0.21648908
0,0,0.2658453
0,1,0.60246456
0,0,0.3936024
1,1,0.50137985
0,1,0.67960346
0,0,0.45042676
0,0,0.29109097
1,1,0.52213955
0,0,0.4046784
0,0,0.42462167
0,0,0.20338696
0,1,0.60825014
0,0,0.44128895
1,0,0.41052055
0,1,0.5808375
0,1,0.56895864
1,1,0.6079159
1,1,0.5242274
0,0,0.18586197
0,1,0.62860143
1,1,0.6251701
0,1,0.7805761
0,1,0.56666946
0,0,0.38452882
0,1,0.56919396
1,0,0.35861668
1,1,0.6085502
0,1,0.7531465
0,0,0.328094
1,0,0.3232454
0,0,0.41081756
0,0,0.38562697
0,0,0.3176141
0,1,0.5824928
0,1,0.58074296
1,1,0.528406
0,0,0.40314704
0,0,0.33736548
0,0,0.30755335
0,0,0.2360282
1,0,0.3181002
0,1,0.64580035
0,0,0.34980264
0,0,0.37714204
0,0,0.4664772
1,1,0.5279657
0,1,0.69103813
0,1,0.55388707
0,0,0.38848403
0,0,0.41405985
0,1,0.58043265
1,1,0.6679805
0,0,0.4869758
1,1,0.5427761
0,0,0.40072393
0,1,0.544596
0,0,0.42444822
0,1,0.51843935
1,1,0.64881694
0,1,0.56763196
0,1,0.5060791
1,1,0.7703366
0,0,0.35177037
0,0,0.3394587
0,0,0.27366966
0,1,0.7521962
0,0,0.34161177
1,0,0.3625066
0,1,0.5712255
1,1,0.71546316
0,1,0.5557468
1,0,0.43896404
0,1,0.5602772
0,0,0.3756887
0,0,0.43141025
0,0,0.26133284
1,1,0.7570159
1,1,0.7353618
0,0,0.30021772
0,0,0.39906383
0,1,0.57157886
1,0,0.34981507
1,1,0.6541748
1,0,0.48206672
0,0,0.34142262
1,0,0.48839805
0,1,0.5040792
0,1,0.67972463
1,1,0.66597223
0,0,0.3281602
1,1,0.50720406
0,0,0.27785766
0,0,0.41268605
0,1,0.5877728
0,0,0.3440781
0,1,0.5071054
0,1,0.57326657
0,0,0.43185255
1,0,0.39521456
0,0,0.36584866
0,0,0.35175756
0,0,0.30683714
0,0,0.3136007
0,0,0.27964976
0,1,0.589466
1,0,0.32257414
1,1,0.5736535
0,0,0.44168743
0,0,0.4872668
1,1,0.62943405
0,0,0.2130316
0,1,0.60273075
0,0,0.36252308
0,1,0.6313399
1,1,0.5459395
0,1,0.5493336
0,1,0.6174497
1,0,0.37864533
0,0,0.33626038
1,1,0.6111859
0,0,0.43315172
0,0,0.20893796
0,1,0.6653527
1,0,0.36855376
0,0,0.42703938
0,0,0.4958635
1,1,0.5340011
0,1,0.53674793
0,0,0.4892286
0,0,0.29911262
1,1,0.6417811
1,1,0.6509923
0,0,0.2619098
0,0,0.47798395
1,1,0.6604397
0,0,0.33543065
0,1,0.5372238
1,1,0.62687653
0,1,0.6971465
1,0,0.3837447
0,0,0.44547224
1,0,0.4521731
1,0,0.46874398
0,1,0.6128856
0,0,0.34600726
0,0,0.3949166
0,1,0.5292212
0,1,0.5176073
0,0,0.42663348
0,0,0.43867695
0,0,0.28733498
0,0,0.30929726
1,1,0.66209817
1,0,0.4687271
1,1,0.68140423
0,1,0.52214885
0,0,0.356399
1,0,0.4205977
1,0,0.48786485
1,0,0.35460672
0,0,0.29775572
1,0,0.38913125
1,1,0.6673976
1,1,0.6843623
0,0,0.24199857
0,0,0.4659201
0,0,0.3595322
0,0,0.4352273
0,0,0.40588555
0,0,0.43820724
1,0,0.43187317
0,1,0.5411334
1,0,0.4475818
0,0,0.28528512
1,0,0.35803565
1,1,0.54160154
0,0,0.3222952
1,0,0.3885738
0,0,0.38295645
0,1,0.55996495
0,0,0.20264041
1,1,0.64630073
0,0,0.3246114
0,1,0.65530765
1,0,0.3595818
1,0,0.4817898
1,0,0.24810359
1,1,0.6013823
0,0,0.25707638
1,1,0.7570582
0,0,0.42164356
0,0,0.35615087
1,1,0.8179146
0,0,0.45351142
0,0,0.49356484
0,1,0.5535076
0,0,0.29120556
0,0,0.28058597
1,0,0.46860307
1,1,0.61891365
0,1,0.6657751
0,0,0.41779372
1,1,0.5937743
0,0,0.32434672
0,0,0.3590595
0,0,0.33506113
0,0,0.33539647
0,1,0.5090971
0,0,0.41408
1,0,0.35637498
0,0,0.40498668
0,0,0.363677
1,0,0.48255992
0,0,0.43926087
1,1,0.71205294
0,0,0.23433153
0,1,0.667105
1,1,0.54061544
1,0,0.43365306
1,1,0.78393584
0,0,0.42899778
0,0,0.18108006
1,0,0.37566584
1,1,0.5604749
1,1,0.6793077
1,1,0.7521173
0,0,0.3853141
1,1,0.7139616
1,0,0.40608612
1,0,0.45552367
0,0,0.4868242
0,1,0.6060106
0,1,0.65113324
0,1,0.61670744
0,0,0.3987756
0,1,0.631728
1,1,0.7499413
1,1,0.52081156
0,1,0.52270854
0,1,0.9082055
1,1,0.50843704
1,1,0.6032553
1,0,0.4228242
0,1,0.76271707
1,1,0.65332246
1,0,0.37585032
0,0,0.38860396
1,0,0.40123698
0,0,0.4733026
0,0,0.46708694
1,1,0.7549077
1,0,0.49082905
0,0,0.43886006
0,0,0.38784158
0,0,0.42797825
1,1,0.7104781
1,0,0.46319062
1,1,0.6770735
1,0,0.48094296
0,0,0.35953954
1,0,0.40847358
0,0,0.16525477
1,1,0.66459596
1,1,0.68871474
1,0,0.37009656
0,0,0.40819
0,0,0.39912677
0,1,0.64718485
0,1,0.53860503
0,1,0.6521759
0,0,0.38257694
1,0,0.39042613
0,1,0.68762684
1,0,0.46266624
1,1,0.5281668
1,1,0.6812458
0,1,0.50640965
0,0,0.35212335
0,0,0.4087011
1,0,0.31905827
1,1,0.6452782
0,1,0.63865006
1,0,0.46054536
0,0,0.4633242
1,0,0.4222263
1,0,0.45159698
1,1,0.64232486
1,0,0.4241937
0,1,0.5355531
0,0,0.41169423
0,0,0.42609274
1,1,0.5487385
1,0,0.4596197
1,1,0.6542064
1,0,0.4917505
0,1,0.5981132
0,0,0.3982642
0,1,0.59193456
0,0,0.46188915
1,1,0.63205534
1,0,0.44293576
0,0,0.43110892
0,0,0.3007508
1,0,0.4437038
0,0,0.45566803
1,0,0.4383918
0,0,0.43316093
0,1,0.698231
1,0,0.3932358
0,0,0.40885252
0,0,0.27658534
1,1,0.6297067
0,0,0.3465465
1,1,0.5420947
1,0,0.34917447
0,0,0.27823246
1,1,0.7185265
0,1,0.56054425
0,0,0.37034765
1,1,0.6515729
0,0,0.4706406
0,0,0.36920726
0,1,0.5082153
0,0,0.40549707
0,1,0.5186553
0,0,0.47092095
1,0,0.49469003
1,0,0.47624505
1,0,0.38394868
1,0,0.39879182
0,0,0.24787568
1,0,0.4212272
0,0,0.4504404
0,0,0.3773251
1,1,0.86751294
0,1,0.6709832
0,0,0.38095215
0,0,0.45774698
0,1,0.54378176
0,0,0.37743506
1,1,0.6254177
1,1,0.71098304
0,0,0.38206613
1,1,0.6480389
1,1,0.67054033
0,0,0.33977577
1,0,0.3399193
0,0,0.3276005
1,1,0.5159754
0,0,0.3850148
0,1,0.5084107
0,0,0.39284238
0,1,0.57308435
0,0,0.31547883
1,0,0.41257304
0,1,0.5158996
0,0,0.3988726
0,0,0.4170362
0,0,0.31455138
1,0,0.4938148
0,0,0.3377203
1,0,0.27432403
1,0,0.40589067
1,1,0.722091
1,1,0.6878538
0,0,0.31158754
1,0,0.34448376
0,1,0.57952857
0,0,0.45496055
1,1,0.8511867
0,1,0.6745798
0,0,0.4768275
0,1,0.55579835
1,1,0.7003672
0,0,0.45923987
1,1,0.6003566
0,0,0.4668258
1,0,0.398607
0,0,0.1655912
0,0,0.40480867
1,0,0.36359605
1,0,0.37746847
1,0,0.48192045
0,0,0.42989025
1,0,0.3400229
0,0,0.34108108
0,1,0.533895
0,0,0.31764913
1,1,0.56603724
0,0,0.36520463
0,1,0.6836635
1,0,0.39695898
0,0,0.37980902
0,0,0.19643147
1,1,0.7784822
0,0,0.25918683
1,0,0.36108464
1,1,0.639199
0,1,0.53957
0,1,0.6570349
0,0,0.34025252
0,1,0.5408968
0,1,0.5767243
1,0,0.3555975
0,1,0.59637845
0,0,0.34999645
0,1,0.5102541
1,1,0.71037126
0,1,0.72043324
0,0,0.3029423
1,0,0.3288293
0,0,0.27801535
0,0,0.37275916
1,0,0.43664858
0,0,0.4678964
1,0,0.3183089
0,0,0.2945229
0,1,0.592024
1,0,0.36492258
1,0,0.26132783
0,1,0.59983134
0,0,0.3430026
0,1,0.7199222
0,1,0.5523761
1,0,0.42064723
0,0,0.41111925
0,0,0.3360532
0,1,0.6051841
1,1,0.6084602
0,1,0.68622947
0,1,0.7331711
1,0,0.48025802
1,1,0.8031574
0,0,0.41979977
1,0,0.37380582
1,1,0.8197436
0,0,0.22989024
0,0,0.37790668
0,0,0.23903489
1,1,0.61767757
1,0,0.46079826
1,1,0.7739366
1,1,0.73163587
0,0,0.32558376
0,0,0.294161
1,1,0.6494167
1,1,0.8081569
0,0,0.29903233
0,0,0.3892908
0,0,0.23459837
0,0,0.42368838
1,1,0.792595
1,0,0.4617114
0,0,0.20601359
1,1,0.54110587
0,0,0.31684548
0,1,0.51346314
1,1,0.5987935
0,0,0.26713064
1,0,0.42930317
0,0,0.3992303
0,0,0.43185985
1,1,0.6130835
1,0,0.39905608
1,1,0.58085704
1,0,0.4166335
0,1,0.54222536
0,0,0.26391912
0,0,0.3515855
0,1,0.59782267
1,1,0.76228786
0,0,0.47713065
1,0,0.39978167
1,1,0.5906116
1,0,0.43045685
0,1,0.6920543
0,0,0.46091703
1,1,0.7869538
0,1,0.62531793
1,0,0.3294476
1,1,0.6322005
0,0,0.34822714
0,0,0.41102743
1,1,0.78300107
0,0,0.3039373
0,0,0.34422544
1,0,0.46353298
0,1,0.50009334
1,1,0.5208212
0,0,0.13381296
0,0,0.36621135
1,1,0.51260525
1,0,0.41690445
1,1,0.6937268
1,1,0.76522505
1,1,0.7832877
1,0,0.44429272
0,0,0.36757752
0,0,0.42935777
0,0,0.41444033
0,0,0.18442988
0,0,0.46821392
1,0,0.29528618
1,1,0.6445439
1,1,0.6551173
0,0,0.24714005
0,0,0.36906943
1,1,0.61515653
1,1,0.65712106
0,0,0.4272872
0,0,0.45375937
0,0,0.38953704
0,1,0.72507775
1,0,0.4500301
0,0,0.25076702
0,1,0.6610646
0,0,0.33635348
0,1,0.66778904
0,0,0.45677796
0,1,0.5421981
1,1,0.72881824
0,0,0.4586552
0,0,0.45174643
1,0,0.29484856
1,0,0.41426286
1,0,0.3549818
1,1,0.53379345
0,0,0.3006183
0,0,0.4552159
0,0,0.45075765
0,0,0.46033725
0,1,0.5735301
1,1,0.5149373
1,1,0.64551663
0,0,0.41400492
0,0,0.36070007
0,0,0.4426538
1,1,0.5497592
0,1,0.61990345
1,0,0.4617326
0,1,0.54943794
0,1,0.5273005
0,0,0.24991973
1,0,0.40299878
1,1,0.67066693
0,1,0.5433321
0,0,0.47572297
0,1,0.5719311
0,0,0.2525785
0,0,0.4646577
1,1,0.6744219
1,0,0.35517973
0,1,0.5048971
1,0,0.4305129
1,1,0.7298763
1,1,0.697193
1,0,0.4427944
0,0,0.25867033
0,0,0.48963383
1,0,0.41244644
0,1,0.6621088
1,1,0.6663065
0,0,0.3542715
1,0,0.2289623
1,1,0.73361814
0,0,0.41936433
0,0,0.42379016
0,0,0.4356004
1,1,0.67867565
0,1,0.5534313
1,0,0.3123113
1,0,0.32350847
0,0,0.361795
0,0,0.33681807
1,1,0.5921494
0,0,0.31956604
0,1,0.5220773
0,0,0.3916909
0,0,0.3610047
1,1,0.5039642
0,0,0.3710181
0,0,0.26913196
0,0,0.40520623
0,0,0.48154736
0,0,0.28182164
0,1,0.5512713
1,1,0.64198565
0,1,0.6112325
0,0,0.32767957
1,1,0.5976356
0,1,0.50068974
1,0,0.47465643
1,0,0.38130298
0,0,0.38662615
1,1,0.75747496
0,1,0.64897835
0,0,0.2727239
0,1,0.68655634
0,0,0.37566063
0,1,0.6676618
0,1,0.5862185
0,0,0.2660523
0,0,0.3950189
0,1,0.61379725
1,0,0.4878782
1,1,0.6787183
0,1,0.5808108
1,1,0.71471846
1,0,0.32405132
1,0,0.35126394
1,1,0.5893575
0,0,0.37493128
0,1,0.64418495
1,1,0.86432326
0,0,0.41236737
0,0,0.29502147
0,1,0.50230175
1,1,0.6338862
1,1,0.5947089
0,1,0.5709669
0,0,0.3462694
0,0,0.3484668
0,1,0.52618015
0,0,0.32957795
0,0,0.3757794
0,0,0.45456412
1,1,0.6860255
1,1,0.73230624
1,0,0.42062175
0,1,0.587255
0,0,0.4663221
0,0,0.4370804
0,1,0.64807683
1,0,0.46932858
1,0,0.31114227
0,1,0.60904866
1,1,0.5021516
0,1,0.53054786
1,1,0.5994682
0,0,0.3233334
1,0,0.33562678
0,0,0.344869
0,0,0.37604636
1,0,0.23175976
0,0,0.40084243
0,0,0.2857539
1,1,0.7555386
0,0,0.33120126
0,0,0.37267154
1,1,0.7515205
0,0,0.48981196
1,1,0.5200958
1,1,0.78366625
1,0,0.33908975
0,1,0.5046041
0,1,0.60483503
0,0,0.3641393
1,1,0.6210562
0,1,0.7092122
0,0,0.40128472
0,1,0.58791256
1,0,0.37438917
1,0,0.48166698
0,1,0.6435391
0,1,0.531275
0,0,0.25179923
0,0,0.48909208
1,1,0.5485274
0,0,0.30677637
0,0,0.4310004
1,1,0.6195215
0,0,0.33765742
0,0,0.4152206
1,0,0.48581305
1,1,0.57906187
0,1,0.8034091
1,1,0.6041542
0,0,0.37916875
1,0,0.39776152
0,0,0.3786052
1,1,0.6384876
0,1,0.7462574
0,0,0.49948713
1,1,0.6754241
0,0,0.3059001
1,0,0.31915107
1,1,0.69537294
0,1,0.5609845
1,0,0.4388387
0,1,0.50759906
0,0,0.26058254
1,1,0.6069368
1,1,0.5067104
1,0,0.493817
0,0,0.30787995
0,0,0.40853673
1,1,0.67322624
0,0,0.42017695
1,0,0.42434633
0,0,0.38306716
0,0,0.37005818
1,0,0.49480927
0,0,0.369034
0,0,0.39133608
1,0,0.47945288
0,0,0.34174642
1,0,0.22576644
1,1,0.52987057
1,1,0.5587381
1,0,0.4136607
0,0,0.37577194
0,0,0.44639292
0,0,0.27798614
0,0,0.4210756
0,1,0.6179415
1,0,0.34411973
1,0,0.35022327
0,1,0.6215684
0,0,0.37618458
1,0,0.36748266
0,1,0.6671927
0,1,0.56815726
0,0,0.29754847
1,0,0.41195294
0,0,0.43898594
0,0,0.48346025
0,1,0.5061045
0,1,0.5123215
0,0,0.27772635
1,1,0.53808784
0,0,0.20568608
1,1,0.6742648
0,0,0.43647096
1,1,0.7152635
0,1,0.52643627
1,1,0.70010626
0,0,0.3687596
0,0,0.3976548
1,0,0.3409498
0,0,0.3879538
1,1,0.54287064
0,1,0.5729325
0,0,0.49672997
1,0,0.4625319
0,0,0.41889492
1,1,0.74173534
0,0,0.26797646
0,0,0.43604317
0,0,0.40802586
0,0,0.40098354
0,1,0.5858025
0,1,0.5076817
0,0,0.40870842
0,0,0.47785896
0,0,0.33329186
0,1,0.6227852
0,1,0.5477955
0,0,0.31077254
1,0,0.43571034
0,0,0.49654475
1,1,0.80097646
0,0,0.2590511
1,0,0.31393352
0,0,0.4152966
0,0,0.33723363
0,0,0.36916807
1,0,0.42921114
0,0,0.49246377
0,1,0.6197686
0,0,0.47798678
1,1,0.6959345
1,1,0.5932753
1,1,0.62636256
1,1,0.67103994
0,1,0.846461
1,1,0.60873425
1,1,0.56562364
0,0,0.40004405
0,0,0.34502852
0,1,0.5636978
0,0,0.4734395
0,0,0.4744242
0,0,0.29305616
0,0,0.27222273
1,1,0.63810515
1,0,0.43681896
0,0,0.49591985
0,0,0.121563755
0,0,0.47013754
0,0,0.3443589
0,0,0.31700727
0,0,0.46603513
0,1,0.5598639
0,1,0.5022592
1,1,0.7051639
0,0,0.3898861
1,0,0.44584906
0,0,0.328381
0,0,0.3940084
0,0,0.3117498
0,1,0.6730549
0,0,0.41972518
1,1,0.5635772
0,1,0.5776639
1,0,0.4829871
0,1,0.575403
1,0,0.48825452
1,1,0.59496987
0,0,0.4211623
0,0,0.28125012
0,0,0.40320072
0,1,0.52270675
0,1,0.6155277
0,1,0.6053239
1,1,0.55131805
0,0,0.45220256
0,0,0.29519424
0,0,0.30520415
1,1,0.7423316
0,1,0.6697432
1,1,0.582302
0,1,0.5877609
1,1,0.81575036
1,0,0.45236656
0,0,0.35802403
1,1,0.57465786
0,0,0.4591516
0,0,0.40945777
0,1,0.58026206
1,1,0.6596353
1,1,0.58081067
0,0,0.34352773
0,0,0.4492485
1,1,0.5449584
0,0,0.33416945
1,0,0.42874825
1,0,0.41616908
1,0,0.37734038
0,1,0.52958643
0,1,0.67890114
0,0,0.28471383
0,0,0.38442618
0,1,0.5523115
1,0,0.4967854
1,1,0.65306205
1,1,0.54564136
0,1,0.6291672
0,0,0.25791016
0,1,0.79412
0,0,0.2135325
0,0,0.24523275
0,1,0.73065484
1,1,0.6325948
0,1,0.6156299
0,1,0.5386374
1,0,0.47500762
0,1,0.55664897
1,0,0.48262998
0,0,0.37183324
1,0,0.3352217
1,1,0.54716
0,0,0.28943065
0,0,0.3022725
0,1,0.53904825
1,1,0.694833
0,0,0.43080667
1,1,0.83909565
1,0,0.40487963
1,1,0.55475056
0,0,0.4366011
0,1,0.60055524
1,1,0.5265861
0,0,0.37709093
0,1,0.7863049
0,1,0.6891
1,1,0.60562646
0,0,0.41070512
0,0,0.22998142
1,1,0.60424685
0,0,0.36958593
1,1,0.721624
1,0,0.37959695
0,1,0.73842657
0,1,0.70249856
0,1,0.55466884
1,0,0.36891353
1,0,0.4227299
1,1,0.69115627
0,1,0.64763916
1,1,0.6910832
0,0,0.39640224
0,0,0.33397353
1,0,0.31617662
1,1,0.6605787
0,0,0.3520711
1,0,0.32934913
0,0,0.14222391
1,0,0.27280363
0,1,0.72145855
1,1,0.52923524
1,0,0.34257102
0,0,0.30227923
1,1,0.6204871
0,0,0.31189042
0,0,0.3019082
1,1,0.51939034
0,0,0.41576797
0,0,0.33218208
1,0,0.34162182
0,0,0.4820638
1,1,0.57612026
1,0,0.3618121
0,0,0.39031675
0,1,0.50814986
0,1,0.76482207
0,1,0.5456133
0,0,0.42581272
1,0,0.49408722
0,0,0.30606002
1,0,0.28431496
0,0,0.4066173
0,0,0.31408048
0,0,0.42413008
0,0,0.26941374
0,0,0.2620122
0,0,0.44715756
0,0,0.4775174
0,0,0.31879956
0,0,0.4083754
0,0,0.3976242
0,0,0.31161895
0,0,0.37406138
1,0,0.46218652
0,0,0.2699848
0,1,0.8001603
0,1,0.6133168
0,1,0.5472642
0,0,0.48010102
1,1,0.6454158
1,0,0.32773668
1,0,0.36652723
0,0,0.3208415
0,0,0.35203686
1,1,0.70361114
0,0,0.29580605
1,1,0.5442605
1,1,0.6214086
0,1,0.8295495
0,0,0.49627504
0,1,0.50210905
1,1,0.88374937
0,0,0.33490455
1,1,0.6310183
1,1,0.5539992
0,0,0.2293517
0,0,0.39982003
0,0,0.27240577
0,0,0.2796785
0,0,0.42686197
1,1,0.50110734
0,0,0.23420721
1,0,0.49283814
0,1,0.7024964
0,0,0.24955015
0,0,0.39834923
1,1,0.716756
0,1,0.6808647
0,0,0.26127833
1,0,0.3441817
1,1,0.68960315
1,0,0.21272941
1,1,0.8184418
0,0,0.46398264
0,1,0.6055541
1,1,0.633845
0,1,0.6576673
1,0,0.26834655
0,1,0.81359565
0,0,0.443916
1,0,0.2435466
1,1,0.5100162
1,1,0.6404903
0,0,0.48954174
0,0,0.4709917
0,0,0.25291675
1,0,0.42813694
1,1,0.6472315
0,1,0.5211258
1,1,0.64592135
0,1,0.6029253
0,1,0.6276013
1,1,0.5098483
0,1,0.5865712
0,1,0.6336162
1,0,0.3337684
1,1,0.6749443
0,1,0.6121511
1,1,0.5015491
0,0,0.37026867
0,1,0.5144674
0,0,0.42371967
1,0,0.4590545
0,0,0.36869055
0,1,0.72633696
1,0,0.4454635
1,0,0.44377604
0,0,0.28844553
0,0,0.3007401
0,0,0.41279307
0,0,0.41784725
0,1,0.6973027
0,1,0.64159274
1,1,0.681172
0,0,0.32493284
1,0,0.419261
0,0,0.49591535
1,0,0.2860494
0,1,0.54272544
1,0,0.4129794
0,1,0.73976994
1,0,0.4713401
0,0,0.3477812
0,0,0.42585588
1,0,0.43847808
0,0,0.3929711
1,0,0.24926695
0,0,0.2871778
0,0,0.35629845
0,0,0.3900386
0,0,0.21995203
1,1,0.6085074
1,0,0.44267145
1,1,0.53204155
1,0,0.31214425
0,0,0.23636925
0,0,0.13684122
0,0,0.4859438
0,1,0.5459807
1,0,0.32939285
1,1,0.8380333
1,1,0.6721333
0,0,0.32343778
0,1,0.6932899
1,1,0.7039499
0,0,0.40960965
0,0,0.41596106
0,0,0.35195124
0,1,0.61939347
1,1,0.81830096
0,0,0.20293014
1,0,0.34805948
0,0,0.49216723
0,0,0.23547882
0,0,0.2056462
0,0,0.31659278
0,0,0.3003019
0,0,0.3291976
0,0,0.22513683
0,0,0.3157123
1,1,0.5525272
1,0,0.3899109
0,0,0.4210328
0,1,0.6287991
0,0,0.48347014
0,1,0.6465434
1,1,0.5220845
0,0,0.32234332
0,0,0.4867164
0,1,0.6774364
0,1,0.5964566
1,0,0.49208063
0,0,0.4475292
0,1,0.57811415
0,1,0.5672411
0,0,0.37652847
0,1,0.5096712
1,1,0.68250555
0,0,0.45804062
0,0,0.15627424
1,1,0.5006845
1,1,0.59676856
0,1,0.7498965
0,1,0.5000055
0,0,0.46312368
1,1,0.68974966
1,1,0.6631799
0,0,0.4515439
0,0,0.29048935
1,1,0.6419662
0,0,0.28913844
0,1,0.6650777
0,1,0.5148611
0,0,0.47389844
0,0,0.4101123
1,1,0.653942
1,0,0.39332485
1,1,0.67386574
0,1,0.7581254
1,0,0.31160933
0,1,0.65101516
0,0,0.4083279
0,0,0.2945475
1,1,0.57700527
1,0,0.39997694
1,1,0.6830158
0,0,0.4477409
1,0,0.37759396
1,0,0.4883775
0,0,0.30720273
0,0,0.38660106
1,0,0.34934115
0,0,0.34637666
0,0,0.31894404
0,1,0.65598065
0,1,0.5414299
1,1,0.6641515
0,0,0.4194459
0,1,0.6418493
1,0,0.42909747
1,1,0.57087207
0,1,0.5765157
0,0,0.42745987
0,0,0.34627733
1,1,0.53084946
1,0,0.42132515
0,0,0.47435033
0,0,0.4148308
0,0,0.3512731
1,1,0.5520879
1,1,0.568315
0,0,0.43699655
1,1,0.7372203
0,1,0.54960746
1,1,0.6783788
0,1,0.60986614
0,0,0.28510788
0,0,0.3109238
1,1,0.5540401
1,0,0.48485705
0,0,0.4196711
1,1,0.7009744
1,0,0.48766994
0,1,0.506482
0,1,0.5021956
1,0,0.4235051
1,1,0.59222585
0,0,0.2772752
1,0,0.41785452
1,0,0.42977166
0,0,0.26482657
1,0,0.41454855
0,0,0.1905257
1,1,0.53592706
1,1,0.6402771
0,0,0.42235163
0,0,0.4341388
0,0,0.32629424
0,0,0.26978594
0,0,0.4231325
1,1,0.5906407
0,0,0.24638136
0,0,0.41405207
1,0,0.40303063
0,0,0.46631342
0,0,0.45865154
0,0,0.35681623
0,0,0.42666522
0,1,0.5714574
0,1,0.6611744
0,0,0.47619686
0,0,0.34756616
0,0,0.4082258
0,1,0.5821614
0,0,0.30717787
1,1,0.76755774
1,0,0.34329352
1,0,0.39354488
0,0,0.39895388
0,1,0.6177239
0,0,0.39174783
0,0,0.39463627
0,0,0.39387405
1,1,0.61110187
0,0,0.2807228
0,0,0.2658534
1,0,0.31289908
0,0,0.29138502
0,1,0.7481548
0,0,0.45519635
1,1,0.73436916
0,1,0.60506165
0,0,0.43853235
1,0,0.41837925
1,1,0.5121888
0,1,0.6786623
0,1,0.5803708
1,1,0.597499
0,1,0.7229874
0,1,0.788281
0,1,0.70935297
1,0,0.39735904
0,1,0.52598757
0,0,0.4959733
0,1,0.5694338
0,1,0.605039
0,1,0.71474075
0,0,0.40560576
0,0,0.25473624
0,0,0.48658958
0,0,0.19305865
0,0,0.29273513
0,0,0.45893738
0,0,0.39447126
0,0,0.40071675
0,0,0.39749235
1,0,0.4788571
0,0,0.38636914
1,0,0.48187688
0,0,0.4360159
0,0,0.35005057
0,0,0.26428014
0,0,0.3788069
0,1,0.80371374
1,1,0.59793967
1,1,0.6738812
1,1,0.6856232
0,0,0.41808483
0,1,0.7553513
0,1,0.60246354
0,1,0.5574434
0,0,0.2805271
0,1,0.6607844
0,0,0.37488845
1,1,0.69891226
1,0,0.49670854
0,0,0.36696014
1,0,0.4740718
1,0,0.47817582
0,1,0.73320127
0,0,0.42922503
0,1,0.61510646
1,1,0.6988483
0,1,0.6393043
0,1,0.56624126
1,0,0.48767474
1,1,0.7122898
0,1,0.52182686
0,0,0.35988763
1,0,0.39230454
0,0,0.46682853
1,1,0.77802473
1,1,0.6988915
0,0,0.39854985
0,0,0.36506483
0,0,0.45007104
0,0,0.3675797
0,1,0.6388223
1,1,0.6178476
1,1,0.6967791
0,0,0.4100452
0,0,0.29257584
1,1,0.63574207
0,1,0.65110826
0,0,0.34970987
0,0,0.3254338
1,1,0.71267813
1,0,0.47505158
1,1,0.532979
0,0,0.34281725
0,1,0.5500426
0,0,0.46650308
1,0,0.26577175
0,0,0.47778803
1,1,0.6810218
0,0,0.36161637
1,0,0.49670842
1,1,0.62205803
0,0,0.4853065
0,0,0.44573513
0,1,0.5094545
1,0,0.46584928
0,0,0.4130237
0,0,0.37265334
1,1,0.6408837
1,1,0.5400316
1,1,0.5345851
1,1,0.669523
0,0,0.32396242
1,1,0.5210223
0,0,0.36043653
1,0,0.45269963
0,1,0.66590476
0,1,0.58696485
1,1,0.677454
0,0,0.438871
0,1,0.6874604
0,1,0.56428915
0,0,0.397366
1,0,0.43427575
0,0,0.2899288
1,1,0.66064125
0,0,0.28582066
1,1,0.5354109
0,0,0.2724099
0,0,0.40198255
0,0,0.45558974
0,0,0.45895094
1,1,0.7333959
0,0,0.38464215
0,1,0.5980487
0,0,0.38634896
0,0,0.41090748
0,0,0.4466994
1,1,0.5489893
1,0,0.38828474
0,1,0.703193
0,1,0.69163036
1,1,0.53953904
1,1,0.7298051
0,0,0.44080886
0,0,0.3836098
0,0,0.1394903
1,1,0.70482427
1,1,0.5214714
0,0,0.29590854
1,1,0.7654227
0,0,0.2672299
0,1,0.5376135
0,1,0.5410621
0,0,0.28571457
1,1,0.6511741
0,0,0.20943925
0,0,0.3913707
1,1,0.57197356
0,0,0.37745494
0,0,0.39590183
0,0,0.31357688
0,0,0.38209203
0,1,0.6438527
0,0,0.44892967
1,0,0.44334036
1,1,0.6231642
0,0,0.3436909
0,0,0.36386076
1,1,0.7274536
1,0,0.47935843
1,1,0.60941505
1,1,0.502547
1,0,0.45183656
0,1,0.5440072
0,0,0.43169656
0,1,0.51380837
1,1,0.7078358
0,0,0.48313543
1,1,0.6253034
1,0,0.30816087
0,0,0.37710273
0,1,0.7369009
0,1,0.74379253
1,1,0.5734763
0,0,0.3399595
1,0,0.38573208
0,0,0.1416924
1,0,0.16883673
0,0,0.33331507
0,0,0.42066124
1,1,0.792319
0,1,0.773438
1,1,0.5569576
0,0,0.47368923
1,1,0.65733683
1,1,0.63633883
1,1,0.7600045
0,1,0.6363686
0,1,0.5370718
1,0,0.38058096
0,1,0.54595613
1,0,0.34425133
1,0,0.46818048
1,0,0.48567888
0,0,0.27991155
0,0,0.30578804
0,0,0.40028274
0,1,0.5665686
1,1,0.6160159
0,1,0.52363205
0,1,0.536937
1,1,0.5427549
0,0,0.38586852
0,1,0.5885483
0,0,0.37761435
0,0,0.36426374
1,1,0.60696423
0,0,0.30065498
1,1,0.77157664
0,0,0.4314121
0,0,0.35047632
0,0,0.45109347
1,1,0.7762234
0,1,0.6177609
1,0,0.36401114
1,0,0.43847942
1,1,0.7728145
1,0,0.4230446
0,1,0.5033182
0,0,0.4339681
0,0,0.118490614
0,0,0.2791225
0,1,0.72110474
0,0,0.35186714
0,0,0.32754895
0,0,0.26231867
1,0,0.44752437
1,0,0.44492143
0,1,0.5450309
0,0,0.40333715
1,0,0.35907334
1,0,0.47271195
0,0,0.4266686
0,0,0.40136543
0,1,0.5940023
0,0,0.34222662
0,0,0.35561344
0,0,0.39820653
0,1,0.50390553
1,1,0.6015249
0,0,0.37758034
0,0,0.22273026
1,0,0.42341956
1,1,0.55454016
1,0,0.39736253
1,1,0.54903495
1,1,0.5096472
1,0,0.37865794
0,1,0.6092365
1,1,0.5880175
0,0,0.36803734
0,0,0.4669931
1,0,0.23116857
1,1,0.657537
0,0,0.37173882
0,0,0.24039951
1,1,0.6643358
0,1,0.6525717
1,1,0.7105248
0,1,0.5899403
0,1,0.5838157
0,1,0.68885916
1,0,0.458636
0,0,0.42045513
0,0,0.41073123
0,0,0.4993103
1,0,0.40312552
1,1,0.7880967
1,1,0.70103186
0,1,0.6502028
1,0,0.49532756
0,1,0.6446336
0,0,0.401672
0,1,0.5372726
0,0,0.4111964
0,0,0.43751046
0,0,0.29000825
1,1,0.52230465
0,0,0.19103806
1,1,0.6131828
1,0,0.41981798
0,0,0.3767552
1,1,0.5793772
0,1,0.5727954
0,0,0.35127118
1,0,0.39364272
0,0,0.36326674
0,0,0.32950705
0,0,0.25178558
1,1,0.55216885
0,0,0.30610043
0,0,0.32393774
0,0,0.4795035
0,0,0.42547375
0,0,0.486285
0,1,0.7263339
0,1,0.6485199
1,1,0.88475406
0,0,0.30868658
0,0,0.43920708
0,0,0.45921218
0,0,0.45448563
0,0,0.21052335
0,0,0.29491788
0,0,0.49515268
1,1,0.56506217
1,1,0.71915495
1,0,0.38708165
0,1,0.6787776
1,1,0.78917396
0,0,0.38237646
0,0,0.42682377
1,1,0.60235125
1,1,0.7255609
0,0,0.2560994
0,0,0.29527658
1,1,0.6860286
0,1,0.7067207
1,1,0.5096016
1,1,0.6427072
0,0,0.30891168
0,1,0.59466946
0,0,0.2853132
1,0,0.4222229
0,1,0.74605733
0,0,0.43544152
0,0,0.46445072
0,0,0.4168416
0,0,0.49390343
1,1,0.5013992
0,0,0.23897423
1,1,0.560284
1,0,0.42597628
0,0,0.1498055
0,1,0.5238638
0,0,0.2930973
0,0,0.25946856
0,1,0.598138
0,1,0.5045723
0,0,0.449756
0,0,0.3107011
1,1,0.544138
0,0,0.3844963
0,1,0.7057359
1,1,0.7169956
0,0,0.20507024
1,1,0.6137772
0,1,0.52368295
1,0,0.38160837
0,0,0.4287999
0,0,0.35277328
1,1,0.5438719
0,0,0.48808572
1,0,0.4636672
0,0,0.29999468
0,1,0.630612
0,1,0.5474556
0,1,0.57687354
1,0,0.36961398
0,0,0.4405662
0,0,0.29581824
1,0,0.45253688
0,0,0.24504593
0,0,0.32429105
0,1,0.60976696
1,1,0.69533217
0,0,0.3932538
0,0,0.39195374
0,1,0.56012225
1,0,0.4977223
0,0,0.48480675
1,0,0.30443487
0,0,0.28415442
1,1,0.7606772
0,0,0.23020755
0,0,0.41488072
0,0,0.47536066
0,0,0.4390992
1,1,0.6416196
1,1,0.7438066
0,0,0.37587854
1,0,0.44998056
0,0,0.41180742
0,1,0.5830705
0,0,0.3711844
0,0,0.3179082
0,0,0.35607234
0,1,0.6223143
1,1,0.7923369
0,1,0.5054233
0,0,0.25356796
1,0,0.46025273
0,0,0.39984724
0,0,0.46884748
1,1,0.68340105
0,0,0.4063252
1,0,0.4381696
1,0,0.2562124
0,0,0.42655748
1,1,0.7699432
0,0,0.373862
0,1,0.6143142
1,0,0.477998
1,1,0.6943265
0,0,0.32842457
1,0,0.4217843
1,1,0.53236246
0,0,0.4849943
1,0,0.31029627
1,1,0.77387017
0,1,0.6041277
0,1,0.5388522
1,1,0.63259184
0,0,0.4184965
0,0,0.3628951
0,0,0.22798492
1,1,0.5066574
0,0,0.4363939
0,0,0.41987523
0,1,0.55159056
0,1,0.5905355
0,0,0.2644374
0,0,0.32756144
0,1,0.7917792
1,0,0.48591357
0,0,0.3502735
0,0,0.36013293
1,0,0.29477334
1,1,0.84856236
0,0,0.27612776
0,0,0.3885256
0,0,0.26748887
0,0,0.3998449
0,0,0.3293198
1,1,0.712642
0,1,0.54599106
0,0,0.23554018
0,0,0.34055
0,1,0.6846449
1,1,0.55109406
0,0,0.3823821
0,0,0.3277685
0,0,0.17383131
0,1,0.5643496
0,0,0.4283194
1,1,0.5223093
0,0,0.30345327
1,1,0.6503961
0,0,0.39055392
1,0,0.41079113
1,1,0.74878085
0,1,0.55947506
0,0,0.31335244
0,0,0.43501002
0,1,0.55077934
0,0,0.26533824
1,1,0.5783583
0,0,0.18804404
0,1,0.6334738
0,0,0.38876933
0,0,0.3878842
1,1,0.5058986
0,1,0.65798706
0,0,0.37639657
0,1,0.6602177
1,0,0.40007585
0,0,0.33905363
0,1,0.52128196
0,0,0.36491996
0,1,0.6385707
0,0,0.40043724
1,0,0.41934913
0,0,0.18634893
0,1,0.736537
1,0,0.3370294
0,1,0.5700369
0,1,0.5453649
0,0,0.36714172
0,1,0.7003149
1,0,0.29807553
1,1,0.61685246
0,1,0.60638964
0,0,0.41976926
0,1,0.5016519
1,1,0.6621249
0,1,0.67147136
0,1,0.5660877
1,1,0.74677634
1,1,0.7920383
0,0,0.25947195
0,0,0.34895295
0,0,0.20900325
0,1,0.7568568
0,1,0.56763387
0,1,0.5518219
1,1,0.6582159
0,0,0.41728058
0,0,0.41564813
0,1,0.68585813
0,0,0.42553693
0,0,0.42141056
0,1,0.7514804
0,0,0.34390852
1,1,0.64188874
1,1,0.5026348
0,1,0.6215706
0,1,0.70651007
1,1,0.64980304
1,0,0.35713238
1,1,0.72023743
0,1,0.5039667
1,0,0.41415226
0,1,0.55022526
1,1,0.70524675
1,1,0.6893542
0,0,0.3901336
0,0,0.4173897
0,0,0.1353195
1,0,0.46662262
0,0,0.4324337
0,1,0.5610836
1,1,0.732761
1,1,0.70627695
0,1,0.5156232
0,0,0.32444736
0,1,0.540128
0,0,0.46357897
0,1,0.50547117
0,0,0.35069352
1,1,0.74557686
1,0,0.45325682
0,0,0.49971125
0,1,0.55216205
0,1,0.61880857
0,0,0.44498497
0,0,0.47309807
0,0,0.31317538
0,0,0.4145071
1,1,0.74095625
0,1,0.61787826
1,0,0.21800491
1,0,0.49573565
0,0,0.41032496
1,1,0.6750748
1,1,0.5628277
0,1,0.7755597
0,0,0.28210106
0,0,0.34414893
0,0,0.49296835
0,0,0.4161156
1,1,0.77343965
0,0,0.4187229
1,1,0.53367054
0,0,0.42198077
0,0,0.14429581
0,1,0.70979035
0,0,0.4372138
0,1,0.6654041
0,0,0.42595893
0,0,0.46450862
0,1,0.7011727
0,0,0.4055109
0,0,0.3995714
0,0,0.3431327
0,0,0.4165455
1,0,0.39872143
0,0,0.43413234
1,0,0.49354905
0,0,0.47370553
1,1,0.61240506
1,1,0.56514543
0,0,0.407623
0,0,0.41042575
0,1,0.52511513
0,0,0.34147778
0,0,0.43244216
1,1,0.5839605
0,0,0.31264386
0,0,0.45207947
0,0,0.47578245
0,0,0.25740188
1,0,0.49948362
0,1,0.5281685
1,0,0.49267754
0,0,0.34653744
1,1,0.7859201
0,1,0.54183114
1,1,0.6998712
0,0,0.41125688
1,0,0.29548183
1,0,0.45907265
1,1,0.50000507
0,0,0.4756278
0,1,0.5978456
0,1,0.77549815
0,0,0.27811992
0,0,0.28702688
0,1,0.6629676
0,1,0.5855644
0,0,0.49014905
1,0,0.30001834
0,1,0.5204128
1,1,0.6770028
0,1,0.50410414
0,0,0.48977262
1,0,0.28320065
0,0,0.37745893
0,1,0.6603489
0,0,0.43190703
0,0,0.32284653
0,0,0.444351
1,0,0.49540427
0,1,0.5699315
0,0,0.38436362
0,0,0.3780004
1,1,0.77156794
0,1,0.69466406
0,1,0.51151216
0,0,0.47056586
1,1,0.57447207
0,0,0.23452531
1,0,0.41373262
0,0,0.35525236
0,0,0.37048247
0,0,0.4651084
0,0,0.21965851
1,0,0.27473837
0,1,0.50682634
0,0,0.38559788
0,1,0.5189978
0,1,0.65523446
1,1,0.70194197
0,0,0.34437543
0,0,0.44171268
1,1,0.5475041
1,0,0.37862924
1,1,0.5166273
0,0,0.35290948
1,1,0.7774705
1,1,0.7099982
0,0,0.34929386
0,0,0.4016995
0,0,0.48268074
0,0,0.44258833
1,0,0.453056
1,1,0.5363787
0,0,0.28265783
0,1,0.500733
0,1,0.6724552
0,1,0.5594415
0,0,0.25640613
0,0,0.36813226
0,1,0.61630535
0,0,0.46478885
0,0,0.37906805
0,1,0.7086027
1,1,0.78899956
0,0,0.41248113
1,0,0.33336252
0,0,0.46994516
0,0,0.36424783
1,0,0.49123818
1,0,0.46890292
0,1,0.5937021
1,1,0.58352935
1,1,0.7918279
0,0,0.28431442
1,0,0.36258912
1,0,0.36253983
0,0,0.36807242
0,0,0.24962793
1,1,0.64382565
1,1,0.60553974
0,0,0.37231234
0,0,0.33456194
1,1,0.5272703
0,0,0.3464231
0,0,0.31311396
0,0,0.393417
1,0,0.47725725
0,1,0.6243504
0,1,0.5640419
0,0,0.49250042
0,1,0.61584496
1,1,0.6595992
0,0,0.3072572
0,1,0.55353665
1,1,0.62999773
0,0,0.41259748
1,1,0.65903366
0,1,0.85803807
0,0,0.24271642
0,0,0.4525061
1,0,0.28043085
0,1,0.6193875
0,0,0.42831522
1,1,0.65277255
0,0,0.38147467
0,1,0.57471216
1,1,0.7484972
1,1,0.6101022
0,0,0.28325158
0,0,0.33397862
0,0,0.3495589
0,0,0.35106942
0,0,0.41303647
0,0,0.31892014
1,1,0.60353994
0,1,0.68077826
0,0,0.4482901
1,1,0.65192497
0,0,0.27746028
0,0,0.48308823
1,1,0.6658907
1,1,0.5115442
1,0,0.44730225
1,1,0.75219935
1,1,0.6103073
1,1,0.8057287
0,0,0.37280366
0,0,0.35577187
0,1,0.59218407
0,0,0.18379276
0,0,0.33728495
0,0,0.49059048
0,1,0.64632
0,1,0.5053647
0,0,0.36455524
0,0,0.49945286
0,0,0.4972576
0,0,0.39359415
0,1,0.6344676
0,1,0.6069089
0,0,0.48182338
0,1,0.73076093
0,1,0.6883466
0,0,0.41431996
0,0,0.37238503
0,0,0.3968782
1,1,0.5855316
1,1,0.7896359
0,0,0.27760145
0,1,0.52370346
1,1,0.5715338
1,1,0.6070639
0,1,0.6585622
1,1,0.6595378
0,1,0.50545037
0,1,0.6706228
0,0,0.40747562
0,0,0.48169214
0,0,0.23854196
0,0,0.39086553
0,0,0.3276681
0,0,0.30439767
0,0,0.45514357
0,0,0.42654032
0,0,0.3654478
0,0,0.1367397
0,1,0.5322385
0,1,0.63045055
0,0,0.26093766
0,0,0.47148523
1,1,0.68829703
0,0,0.49035364
1,1,0.609498
1,1,0.78466594
1,1,0.5462178
1,0,0.46890214
0,0,0.45007965
1,0,0.44434673
0,0,0.3779459
1,1,0.5833905
0,0,0.4153223
0,0,0.28537658
0,0,0.29182863
0,0,0.4154679
0,1,0.66141737
0,0,0.34251967
0,0,0.32410493
0,0,0.40144822
0,1,0.55357635
0,0,0.41459963
0,0,0.35218918
0,0,0.34035546
1,1,0.68496895
0,0,0.4281336
0,1,0.7419425
1,0,0.33718017
0,0,0.37664634
0,0,0.41657174
1,0,0.42379835
0,0,0.31856588
1,1,0.8433986
1,1,0.6197934
1,0,0.37812382
0,0,0.28079605
0,0,0.3615874
1,1,0.76539665
0,0,0.48385084
0,1,0.6233455
0,1,0.60650814
0,0,0.4700582
1,1,0.5675976
0,0,0.18115228
0,1,0.610573
0,0,0.38821155
1,1,0.62346387
0,0,0.42810467
0,0,0.36186564
1,0,0.3896376
0,1,0.65678024
0,0,0.32354546
1,0,0.43203843
1,1,0.6840812
1,1,0.6704901
0,1,0.60727036
1,0,0.4340318
0,0,0.4228675
0,0,0.41821817
0,0,0.41666764
1,0,0.37910855
1,1,0.61467135
0,0,0.481609
0,0,0.45012757
1,1,0.61998737
1,1,0.5994842
0,0,0.2543619
0,1,0.5781565
1,1,0.58373785
1,1,0.74376094
1,1,0.6547636
1,0,0.47064906
0,0,0.43453163
0,0,0.47324818
1,0,0.48316288
0,0,0.33761954
0,0,0.40557837
0,0,0.2527831
0,0,0.4919503
1,1,0.54131365
0,0,0.1652816
0,0,0.37298846
0,1,0.6672714
0,0,0.29775056
0,0,0.3030867
0,0,0.35761452
0,1,0.793592
0,1,0.72785234
0,1,0.58492506
1,0,0.32583547
0,0,0.2489328
0,1,0.5648328
0,0,0.22992893
0,0,0.3467189
0,0,0.3715207
1,1,0.68936586
0,0,0.32890165
0,1,0.5384376
0,0,0.16464646
1,1,0.567968
0,0,0.4106216
1,1,0.7217624
1,1,0.5136433
1,1,0.598735
1,0,0.45828784
0,1,0.5017967
0,0,0.14191939
0,1,0.56950486
0,0,0.4701429
0,0,0.20202848
0,0,0.27094203
1,1,0.6259438
0,0,0.28691912
0,0,0.48585236
0,0,0.48935553
1,1,0.57287055
0,1,0.6508516
1,0,0.23124835
0,0,0.3212612
0,1,0.52266204
0,1,0.65534115
0,0,0.38030308
0,0,0.22465567
0,0,0.4230677
1,0,0.35409766
1,1,0.56884766
0,1,0.6020827
0,1,0.64465725
1,1,0.63919747
1,1,0.6855391
1,1,0.5064246
1,0,0.44325528
1,1,0.74107385
1,0,0.4497181
1,1,0.75805736
0,0,0.26623216
0,1,0.544001
0,1,0.7231967
1,1,0.72177225
0,0,0.38161242
1,1,0.6121849
0,1,0.6521342
0,1,0.6688435
0,1,0.51977694
1,0,0.35448632
0,0,0.32205966
1,0,0.24813387
1,1,0.78526145
1,1,0.52141345
1,0,0.42891288
0,1,0.57793283
0,0,0.087131724
0,0,0.37045795
1,0,0.42662796
0,1,0.8261189
0,0,0.34739894
1,1,0.6040004
0,0,0.46025786
1,0,0.42146495
1,0,0.49714676
0,0,0.31946915
1,0,0.3449635
1,0,0.35728112
0,1,0.707829
0,1,0.5294801
0,0,0.17346454
1,1,0.71133256
0,0,0.3856787
0,0,0.36446175
1,1,0.7643708
0,0,0.27891853
1,1,0.74203813
0,1,0.5002315
0,1,0.75852925
0,0,0.35729176
0,1,0.6987072
0,0,0.4362996
1,0,0.49354365
0,1,0.6308044
1,1,0.7610152
0,0,0.33443853
0,1,0.6619682
0,1,0.56400573
0,1,0.6368258
0,0,0.4501358
0,1,0.52445865
0,1,0.54671514
0,1,0.5903479
0,0,0.44652498
1,0,0.43549988
0,1,0.699238
0,0,0.49624738
1,0,0.4894841
1,1,0.8165863
0,0,0.45613086
1,0,0.47657922
0,0,0.40454674
0,1,0.73343563
1,1,0.53979063
1,1,0.7127669
1,1,0.722669
0,1,0.6907686
0,1,0.66363585
1,0,0.41884235
0,0,0.38887483
0,0,0.3566566
1,1,0.6452337
1,1,0.5941907
0,0,0.42103085
0,1,0.5525392
0,1,0.5867913
0,0,0.44063017
0,0,0.4229483
0,0,0.317858
0,1,0.56520796
0,1,0.5885117
1,0,0.23666526
0,1,0.5950693
1,0,0.40292025
0,1,0.6798574
1,1,0.5808923
0,0,0.46059754
1,1,0.6939552
1,1,0.6276798
0,0,0.29414785
0,0,0.34994358
1,1,0.60426116
0,0,0.4394231
0,0,0.33033174
0,1,0.61471117
0,1,0.5186616
0,0,0.37623167
1,1,0.81811386
0,0,0.41647202
0,0,0.4562707
1,1,0.5838325
0,0,0.46412918
0,0,0.46150014
0,1,0.66357964
1,1,0.6321365
1,1,0.6414833
1,1,0.59945023
0,0,0.4063447
1,1,0.5090449
1,0,0.45510665
0,0,0.4262087
0,0,0.33204842
0,1,0.63273203
1,1,0.6119877
0,0,0.1716714
1,0,0.47360224
0,1,0.52670044
0,1,0.60598266
0,0,0.40635312
1,1,0.80537033
0,1,0.6087142
1,1,0.5632732
0,0,0.37888333
0,1,0.52321136
1,0,0.44506034
0,1,0.52983326
1,1,0.8052439
0,0,0.4505881
0,1,0.7233503
0,0,0.3736417
1,1,0.5945724
0,0,0.304887
1,1,0.63644695
0,1,0.63003063
1,1,0.607235
1,0,0.33485362
1,1,0.61959344
0,0,0.31149012
1,1,0.6937027
1,1,0.5983309
1,1,0.58238006
0,0,0.19121894
0,1,0.50529754
1,1,0.58570313
1,0,0.4987037
0,0,0.31885836
1,0,0.4505529
1,1,0.61670053
0,1,0.7804936
0,1,0.6945107
1,0,0.3339254
0,0,0.2890878
0,0,0.42672375
0,0,0.23272678
0,0,0.32093734
1,0,0.4186931
0,0,0.31516197
1,0,0.45332485
1,0,0.45561314
1,1,0.6100513
0,0,0.49406868
1,1,0.53624386
1,1,0.5580695
0,0,0.37821072
0,0,0.32086557
1,1,0.59136486
0,1,0.6344634
0,1,0.7374426
1,1,0.53238785
1,0,0.38413057
1,0,0.44452378
0,0,0.30845222
0,1,0.7032933
0,1,0.6107695
0,0,0.36832052
0,1,0.82800466
1,0,0.42154616
0,1,0.68479013
1,0,0.4462347
0,0,0.4375641
0,1,0.7111298
0,1,0.66556704
0,1,0.6786299
0,1,0.6416191
0,0,0.2821023
1,0,0.40220287
1,0,0.3034345
0,0,0.41281992
1,1,0.60995084
0,0,0.3507697
1,1,0.752014
0,1,0.8143989
0,0,0.4736578
1,0,0.38434473
1,0,0.37056082
0,0,0.44358608
0,0,0.40872946
0,0,0.3093559
0,0,0.40745488
0,0,0.32855198
0,1,0.7236444
1,0,0.49691343
0,1,0.5392158
0,0,0.47148094
1,1,0.7308419
1,1,0.5633414
1,1,0.63204575
0,1,0.5939393
1,1,0.5326835
1,1,0.68149066
1,1,0.63011587
0,1,0.6698398
0,0,0.44887137
0,1,0.6650871
0,0,0.39430618
1,0,0.44128373
0,0,0.429773
0,0,0.35218045
0,0,0.31402844
0,0,0.42512205
0,0,0.30360478
1,1,0.51595896
0,1,0.66871226
0,0,0.4737563
0,0,0.34714386
1,0,0.42548338
0,1,0.5671973
1,1,0.71485937
0,0,0.42915577
1,1,0.74511576
1,0,0.39659032
0,0,0.33533117
0,0,0.3906783
0,0,0.39327195
0,1,0.5098146
0,0,0.3325129
1,0,0.40972897
1,1,0.63388705
1,0,0.33087766
0,0,0.47247142
1,1,0.5912172
1,1,0.66719615
0,0,0.30795288
1,1,0.5358578
1,0,0.18595329
1,1,0.50265217
1,0,0.39014956
0,0,0.45929828
1,0,0.46247983
0,1,0.6034547
0,0,0.3601309
0,0,0.32549787
0,1,0.575998
0,1,0.60121024
0,0,0.34905258
0,0,0.33605614
0,0,0.1836892
1,1,0.6469319
1,1,0.6377048
1,1,0.70196605
1,0,0.49689347
0,0,0.36914843
1,1,0.5350383
1,1,0.6367656
0,0,0.38419932
0,0,0.3877247
0,0,0.48193356
0,0,0.42132375
0,0,0.4327498
1,1,0.7614585
1,0,0.40855542
1,0,0.44123992
1,1,0.5841985
0,0,0.47134098
0,1,0.6357074
0,0,0.39312574
0,0,0.3770175
0,0,0.36756188
0,0,0.41753903
1,1,0.6273
1,1,0.55729413
0,1,0.53283405
0,0,0.3318734
1,1,0.7076988
0,1,0.5041573
0,1,0.6634474
0,0,0.38664266
0,0,0.31293264
1,0,0.43782783
1,1,0.73220885
1,1,0.7734227
1,1,0.5797955
1,0,0.42909414
0,1,0.5362729
0,0,0.39613596
0,1,0.59506476
0,0,0.19297342
0,0,0.3232085
0,0,0.45192647
1,0,0.29859605
1,1,0.6553928
0,1,0.5198612
1,0,0.41868198
1,1,0.68983984
1,1,0.6011499
1,1,0.54803526
0,1,0.5179612
1,0,0.36993557
0,1,0.7271427
0,0,0.37866282
1,1,0.7938943
0,1,0.7239709
0,0,0.3526504
1,1,0.704246
0,1,0.68158805
1,1,0.6514505
0,0,0.36453345
1,1,0.6125805
0,0,0.48516494
0,1,0.7147244
0,0,0.3085235
0,1,0.5618229
0,0,0.43628284
0,0,0.27229822
1,0,0.41244417
0,0,0.38922864
1,1,0.6960275
0,0,0.42354098
0,0,0.34270918
1,0,0.3665447
0,1,0.6589633
1,1,0.6795386
1,0,0.46479928
0,0,0.4816552
1,1,0.6469476
0,0,0.3245267
1,1,0.7833322
0,0,0.3892733
0,0,0.49355552
0,1,0.74159503
1,1,0.6077659
0,1,0.6029736
0,1,0.56122696
0,1,0.56989706
0,0,0.48214194
1,1,0.5555786
1,0,0.41128957
0,1,0.6182027
0,0,0.41206774
0,0,0.4125272
0,0,0.31006232
1,1,0.5250283
0,0,0.20405315
1,0,0.29742974
1,1,0.6912524
1,1,0.66902304
0,0,0.31588057
0,1,0.60000795
0,1,0.7512082
1,0,0.47402546
1,1,0.5606613
0,0,0.35076216
0,1,0.64158094
1,0,0.48394606
1,0,0.3854671
0,0,0.4629481
0,0,0.46105927
0,0,0.28795022
0,0,0.35944644
1,1,0.6843967
0,1,0.6561458
0,0,0.2730751
1,1,0.52577937
0,0,0.37429145
0,0,0.36744896
1,1,0.7393621
0,1,0.5279681
1,0,0.42483708
1,1,0.51373184
0,0,0.4461489
1,1,0.67542183
0,0,0.20206295
0,0,0.38564417
0,1,0.6289631
1,1,0.52321744
1,0,0.36884746
1,1,0.54513556
1,1,0.71616673
1,1,0.6414842
1,1,0.58999866
0,0,0.42581612
0,1,0.57128346
0,0,0.414699
1,0,0.3822995
0,0,0.23451918
0,1,0.60501003
0,1,0.62847424
1,0,0.46358737
0,1,0.6671643
1,0,0.42180744
0,0,0.4376484
0,1,0.61029387
1,0,0.47831553
0,1,0.7017398
0,0,0.3061894
0,0,0.30661407
1,0,0.43009347
1,0,0.42652157
0,1,0.6383809
0,1,0.546604
1,0,0.4156787
0,0,0.39835578
0,0,0.39726755
1,0,0.26914594
1,0,0.4577549
1,0,0.33719608
0,0,0.34808052
1,1,0.7836396
0,0,0.39766484
0,1,0.60798913
0,0,0.31139424
0,0,0.35784045
1,1,0.5257317
1,1,0.6763202
1,1,0.71553284
0,0,0.22960392
1,0,0.34157827
0,0,0.4876545
0,0,0.23318422
1,0,0.4618782
0,0,0.37997663
1,1,0.7052069
0,0,0.3264743
1,1,0.52330375
1,0,0.36710095
0,1,0.62303257
1,1,0.76813394
0,0,0.43140405
0,0,0.35576823
1,1,0.5531341
1,0,0.39260855
1,0,0.3403867
0,0,0.39810392
0,1,0.5197234
0,1,0.5678302
1,1,0.66854954
0,0,0.2760548
0,0,0.4146034
0,0,0.46810293
0,1,0.7685093
1,1,0.7045793
0,0,0.26054236
1,1,0.61944383
0,0,0.40181342
1,0,0.49650162
0,0,0.4513246
0,0,0.37673986
0,0,0.36858478
0,0,0.35693604
1,1,0.6945363
1,1,0.591089
0,0,0.32445446
1,1,0.84532607
0,0,0.42285755
0,0,0.3732013
0,0,0.39923286
0,0,0.3953402
1,1,0.6060554
0,0,0.27361363
0,0,0.14086437
1,1,0.6235694
1,1,0.7124524
0,0,0.2633199
1,1,0.7048825
0,0,0.4123313
1,1,0.51742977
1,1,0.7851465
0,0,0.41032976
1,1,0.6807546
1,0,0.3320778
0,1,0.70733213
1,1,0.5302725
1,1,0.5212712
1,1,0.6542895
0,0,0.46852928
0,1,0.52428067
0,0,0.35843056
0,0,0.36627698
0,0,0.33975127
0,0,0.4027947
0,0,0.42936042
1,1,0.7529226
1,0,0.4353776
0,0,0.42495492
0,0,0.46393946
1,1,0.54406923
1,1,0.7375213
1,1,0.61791956
1,0,0.4593244
0,1,0.68276525
0,0,0.3455771
1,0,0.4521799
1,1,0.5132327
1,0,0.16750784
1,1,0.7976391
0,1,0.5559553
0,1,0.778659
1,1,0.7245689
1,1,0.67746043
0,0,0.3864536
0,0,0.47153598
0,0,0.4201001
1,1,0.6054667
0,0,0.45382982
0,0,0.37393457
1,1,0.7966434
0,1,0.6017839
0,0,0.40866482
1,1,0.8119942
0,1,0.5047869
1,1,0.695355
1,1,0.68724585
1,0,0.4501887
0,1,0.6427448
0,0,0.38755333
1,0,0.30134144
0,1,0.5595192
0,0,0.25232682
1,0,0.32768396
0,1,0.5477917
0,1,0.59767014
1,1,0.72595346
0,0,0.34241197
1,0,0.44388884
0,0,0.24158211
1,1,0.6406604
1,1,0.62780374
0,0,0.3660473
0,1,0.65903574
1,1,0.5429293
0,0,0.3596305
0,1,0.76715916
0,0,0.41479194
0,1,0.57971895
1,0,0.23268671
0,0,0.41482255
1,1,0.6027841
1,1,0.67183197
0,0,0.40121964
1,1,0.69903666
0,0,0.3128763
1,1,0.61891824
0,1,0.55306125
1,0,0.47375134
0,0,0.3364515
0,0,0.4676639
0,0,0.4599402
1,1,0.651104
0,0,0.46816865
0,0,0.4114859
0,1,0.54693127
0,0,0.2680569
0,1,0.65835035
0,0,0.40114284
1,1,0.69032013
1,0,0.38278255
0,0,0.39723325
0,0,0.34664315
0,0,0.36025774
1,0,0.46717578
0,1,0.8260577
1,0,0.4222668
0,1,0.77217376
0,0,0.3855343
0,0,0.3940505
0,0,0.4181868
0,0,0.3957302
1,0,0.27410278
0,0,0.21420285
0,1,0.52675325
0,0,0.35710567
0,0,0.1312291
1,0,0.49369285
0,1,0.69852716
0,0,0.4808793
1,0,0.29902264
0,0,0.39484635
1,1,0.5239288
0,0,0.49051666
1,1,0.509403
0,0,0.45232257
1,0,0.33128548
0,0,0.4086893
1,1,0.69343007
1,0,0.41131967
0,0,0.32332808
0,1,0.7344445
1,0,0.39986262
0,0,0.38219213
0,1,0.70007014
1,0,0.37838122
0,0,0.39576158
0,0,0.4173748
0,1,0.5973122
1,1,0.5695424
1,0,0.4435618
0,1,0.61166036
1,1,0.73834586
1,1,0.70566356
0,0,0.3503397
0,1,0.65079767
1,1,0.52350855
0,0,0.36587214
0,0,0.4515029
1,0,0.40568402
0,0,0.22380339
0,0,0.37230596
1,0,0.33595583
0,1,0.6253149
1,1,0.6538234
0,1,0.68547976
0,0,0.46345404
0,0,0.23782164
1,0,0.42061067
1,0,0.30163684
0,0,0.4030016
0,0,0.41793358
0,0,0.28625932
1,0,0.48411816
0,1,0.67694044
0,0,0.31330428
1,0,0.43295842
1,0,0.48323426
0,1,0.5215282
0,0,0.38991582
0,0,0.3222835
1,0,0.41411904
0,1,0.6639962
0,0,0.3103637
0,1,0.7818115
0,0,0.2822017
1,1,0.67338616
1,1,0.6821102
1,0,0.49602598
0,1,0.56807995
1,0,0.32444274
0,0,0.46929
0,0,0.20404978
1,0,0.28861824
1,0,0.4011556
0,1,0.64647883
0,0,0.23089086
0,1,0.6277349
0,0,0.21893528
0,0,0.4472126
0,1,0.7707805
1,0,0.35840583
0,1,0.726732
0,1,0.5368563
0,0,0.38877577
1,1,0.60433745
0,0,0.42560852
0,0,0.38407558
0,1,0.5499169
1,1,0.7965467
0,0,0.40448785
0,1,0.54930234
0,0,0.36994782
1,1,0.55913186
0,0,0.2998799
1,1,0.51054287
0,0,0.45092726
0,0,0.3050781
0,0,0.4990003
0,0,0.35126716
0,0,0.4481279
0,1,0.7873099
0,0,0.41515413
1,1,0.6425173
0,1,0.7047223
1,1,0.5719195
0,0,0.4535065
0,1,0.5892943
1,1,0.6939865
0,1,0.5421989
1,1,0.6072334
1,1,0.64612997
0,0,0.3207188
0,0,0.48841998
0,0,0.3534201
1,1,0.7572279
1,1,0.81364363
0,0,0.34528852
0,1,0.672076
1,0,0.4934022
1,0,0.42557618
0,1,0.6034864
1,0,0.34270227
0,0,0.41086134
0,1,0.7807098
1,1,0.76434493
0,0,0.3331064
0,0,0.3712866
1,1,0.5583124
1,1,0.60593385
0,0,0.43948242
1,0,0.44264182
1,1,0.72906756
0,0,0.45698193
0,1,0.6061426
1,1,0.67217356
0,0,0.4082208
0,0,0.3561136
1,1,0.506246
1,1,0.51579654
1,1,0.7282368
1,1,0.63787615
0,0,0.45413274
0,0,0.39486197
0,1,0.6086613
1,1,0.63542426
0,0,0.49267274
0,0,0.33778968
0,0,0.3787889
0,0,0.4225441
0,1,0.62596726
1,1,0.6178768
0,1,0.50653374
0,0,0.3490968
1,1,0.7584274
0,0,0.3263506
0,1,0.51041484
0,1,0.51392806
0,0,0.25509492
1,1,0.5329517
0,1,0.5411058
0,0,0.4096397
0,1,0.62268496
0,0,0.28705537
0,0,0.38525787
0,1,0.6459609
1,1,0.61068034
0,0,0.44045675
0,0,0.35841894
1,0,0.49413347
0,0,0.4931818
1,1,0.67233396
1,1,0.73403925
1,1,0.54231346
0,1,0.68928605
1,1,0.6104653
0,1,0.5092802
1,1,0.5293617
1,1,0.6328256
0,0,0.46007964
0,0,0.21203773
0,1,0.5742774
0,0,0.2824182
0,1,0.51969284
1,0,0.37623602
1,1,0.6453965
0,0,0.27894428
0,0,0.29068983
1,1,0.5327739
0,0,0.3300607
0,0,0.39069298
1,1,0.56673634
0,0,0.41350988
1,0,0.4388799
0,1,0.53265846
0,0,0.3038768
1,0,0.2959736
1,0,0.43308088
0,0,0.48052466
0,0,0.2631173
0,1,0.6774367
0,1,0.52013
1,0,0.41681188
1,0,0.25659826
0,0,0.23130389
0,0,0.46269363
0,1,0.6276168
1,1,0.532382
0,0,0.4886807
1,1,0.7055089
0,0,0.4010038
1,1,0.510839
0,1,0.5716785
0,1,0.57019496
0,1,0.5999589
1,1,0.7888682
0,0,0.49810234
0,0,0.26110286
0,0,0.20075788
0,0,0.2576755
0,1,0.585183
0,0,0.46172425
0,0,0.36554226
0,0,0.41985512
0,0,0.37030417
1,1,0.71397674
0,0,0.35438156
0,0,0.3515222
0,0,0.32422033
0,1,0.5550511
0,0,0.47359017
0,0,0.38569915
0,0,0.46768865
0,1,0.53602016
0,0,0.3516482
0,0,0.29975873
1,0,0.49846247
0,0,0.46347803
0,0,0.30264348
0,0,0.48342228
0,0,0.45832667
0,1,0.670294
0,0,0.40189502
0,0,0.18681069
1,1,0.74470234
0,0,0.24939658
0,0,0.42243
0,1,0.6686917
0,0,0.29260817
0,1,0.62144655
1,1,0.6566404
0,0,0.47219023
0,0,0.4498973
1,0,0.4570779
0,0,0.36308947
0,0,0.34632853
0,1,0.5118171
0,0,0.4585887
0,1,0.6553879
1,0,0.33623976
1,0,0.4252151
0,1,0.7100838
1,0,0.37603462
0,1,0.52502567
0,1,0.74254775
0,0,0.20504951
0,0,0.39475423
0,0,0.43066296
0,0,0.39901337
0,1,0.50441384
0,0,0.33722737
0,1,0.8242198
1,1,0.64807904
0,1,0.6577479
0,0,0.45933834
0,0,0.47956687
0,0,0.36288092
0,0,0.42894444
1,1,0.7014681
1,0,0.35270336
0,0,0.4805541
1,1,0.6240221
0,1,0.5685984
1,1,0.66184103
0,0,0.25531092
1,1,0.79422826
0,0,0.32358727
1,1,0.65222514
0,1,0.6154898
1,0,0.39530656
1,1,0.7440946
0,0,0.3406867
0,1,0.62016
0,0,0.235905
1,1,0.5195874
1,1,0.52947265
0,1,0.7155627
1,0,0.35308394
1,1,0.77343905
0,0,0.33665606
0,0,0.3833389
0,0,0.27456284
1,0,0.46383908
0,0,0.44427815
0,0,0.46681538
1,1,0.6190558
0,0,0.29920614
0,0,0.4210455
0,0,0.37360233
0,0,0.37901437
1,0,0.40057424
1,1,0.7291427
1,0,0.45365107
0,0,0.38229814
0,0,0.283889
0,1,0.7446563
0,0,0.3176349
1,0,0.4195391
1,1,0.7752329
1,1,0.76525116
0,1,0.6491921
1,0,0.32901952
0,0,0.1807055
0,1,0.76312083
1,1,0.82982147
0,1,0.5999198
0,1,0.6511309
0,0,0.3714883
0,0,0.2070889
0,1,0.6283282
0,1,0.6256663
1,1,0.5249113
1,1,0.7199136
1,1,0.5900592
0,1,0.85604036
0,0,0.39754942
0,1,0.56597304
0,1,0.56907666
1,1,0.5397683
0,0,0.40187526
1,0,0.37302306
0,0,0.43719265
1,1,0.56217134
0,0,0.33647612
0,1,0.5943922
0,0,0.36750078
0,0,0.46338284
0,0,0.289622
1,1,0.53137267
1,1,0.63543177
1,0,0.40079013
1,0,0.43540323
0,0,0.42174646
0,0,0.4595503
0,0,0.39506915
0,0,0.3187609
0,0,0.4281644
1,1,0.67517173
1,0,0.2531295
0,0,0.28301394
1,1,0.59801507
1,1,0.69640255
0,0,0.41280794
1,0,0.3599186
0,0,0.42743316
0,1,0.60890263
1,1,0.54073226
0,1,0.7347446
0,0,0.3064317
0,0,0.46679884
0,0,0.36407351
0,1,0.61062694
1,1,0.7702477
0,1,0.61234957
0,0,0.28960356
0,1,0.56307495
1,1,0.77727795
0,0,0.43671808
1,1,0.552294
1,0,0.4067417
0,0,0.32820535
0,0,0.4785207
1,0,0.45323864
0,1,0.55163777
0,0,0.3437807
1,0,0.43030986
0,0,0.30033115
0,0,0.41740093
0,0,0.47717214
1,1,0.6970794
0,0,0.45655394
0,0,0.37962738
1,1,0.60367703
0,1,0.69815636
1,0,0.39763367
0,0,0.44543654
1,0,0.3923816
0,1,0.70659506
0,0,0.36254486
1,1,0.5975418
0,0,0.17098306
0,0,0.4872687
0,0,0.4284665
0,1,0.7103623
1,0,0.23326851
1,0,0.42608052
0,0,0.46933925
0,0,0.3697667
1,1,0.6445329
1,0,0.23100957
1,1,0.52563083
0,0,0.38651812
1,0,0.2852101
1,1,0.68686724
1,1,0.7131324
1,1,0.50104487
0,0,0.28755316
0,1,0.7666492
1,0,0.34161147
0,0,0.4709399
0,0,0.39912027
0,0,0.3328854
1,0,0.31861004
0,1,0.69151807
0,1,0.5629153
0,0,0.41159987
1,1,0.5948527
0,0,0.46225792
0,1,0.50356174
0,0,0.42115504
0,0,0.48327458
0,0,0.36267394
0,0,0.31211025
1,1,0.66165364
1,1,0.8402645
1,0,0.40868056
0,0,0.47113994
1,1,0.816648
1,1,0.7151834
0,1,0.7638788
0,0,0.4153725
0,0,0.39834478
0,1,0.6291826
1,1,0.7740971
1,1,0.6853833
1,0,0.44529957
0,0,0.22147797
1,1,0.5378519
1,1,0.8580332
1,1,0.6152109
1,1,0.65900767
0,0,0.4878957
0,0,0.25255683
0,0,0.35030672
0,1,0.60510576
0,0,0.28254944
1,1,0.62687325
0,0,0.4785419
0,0,0.36174178
0,1,0.6964847
1,1,0.59027845
0,0,0.38625583
1,1,0.556502
0,1,0.52571934
0,1,0.5142503
0,0,0.27028233
0,0,0.35760853
0,0,0.4799839
0,1,0.5862359
0,0,0.43738842
0,0,0.46642196
0,0,0.46234107
0,0,0.37962985
0,0,0.20150545
0,1,0.7567585
0,1,0.6971829
0,0,0.33077443
0,0,0.31279522
0,0,0.33827257
0,1,0.5484552
0,0,0.3652517
0,1,0.5513574
1,1,0.71243185
1,1,0.6936494
1,0,0.40457666
0,0,0.30280292
0,1,0.5958661
0,0,0.42580804
1,0,0.47962856
1,0,0.44773635
0,1,0.6006533
0,1,0.5154648
0,0,0.38194597
0,1,0.66441643
0,0,0.3511111
0,0,0.4975549
0,0,0.16580345
1,1,0.65123856
0,0,0.3842594
1,1,0.54036295
0,1,0.5464412
0,0,0.18248895
0,0,0.36149138
1,1,0.77455974
1,1,0.50701356
0,0,0.3259825
0,1,0.51937747
0,1,0.5069579
0,1,0.5350692
0,0,0.35056874
1,0,0.47430095
0,0,0.44004425
1,1,0.65410006
1,1,0.6050266
0,1,0.52303135
1,1,0.6908268
0,0,0.48992097
0,0,0.41169074
0,1,0.84301764
1,0,0.40941322
0,0,0.3317856
1,0,0.43811733
0,0,0.44564492
1,0,0.4501793
1,1,0.6880177
0,0,0.2017646
0,1,0.53287995
0,0,0.24466243
0,0,0.34021145
1,1,0.67166364
0,1,0.53866935
1,0,0.42615077
0,0,0.2831178
0,0,0.41741744
1,1,0.6493919
0,0,0.46919906
0,0,0.43975985
0,0,0.40169713
0,0,0.30263782
1,1,0.5198803
0,1,0.659687
0,0,0.2604986
1,1,0.5674534
0,0,0.3983991
0,0,0.3850797
0,1,0.5951196
0,0,0.410623
0,1,0.52241015
1,0,0.39050812
1,1,0.69195235
0,0,0.28931165
0,1,0.62378275
1,0,0.4688335
0,1,0.78810954
1,0,0.308872
0,1,0.58962166
0,0,0.30247918
1,1,0.75641906
1,0,0.41967502
1,1,0.5242095
1,1,0.69884956
0,0,0.4435617
0,0,0.33695704
0,1,0.61743855
0,0,0.4929016
0,1,0.6239607
1,0,0.3748847
0,0,0.39101923
0,0,0.20246021
0,0,0.31265345
1,0,0.3510114
0,0,0.4602947
1,0,0.37488365
0,0,0.3593438
0,0,0.21127994
0,1,0.5806005
0,0,0.28408533
0,0,0.3510144
1,0,0.3572051
1,1,0.8453574
0,0,0.29516628
0,1,0.5235942
0,1,0.68004227
0,0,0.26642507
0,1,0.67858976
0,0,0.30916858
1,1,0.62116337
0,0,0.44382685
0,1,0.714875
0,0,0.30176216
0,0,0.31804135
0,0,0.34350628
0,0,0.20915917
1,0,0.4990307
0,0,0.26905093
0,0,0.3459937
0,1,0.5657084
0,0,0.17823057
0,0,0.23897432
0,1,0.7442862
1,1,0.60132945
1,0,0.27446598
0,0,0.4309712
1,0,0.41335955
0,1,0.6149439
1,1,0.54910606
1,1,0.6832429
0,0,0.2835147
0,0,0.39669394
0,0,0.44917694
0,0,0.24612348
1,0,0.27404165
1,1,0.6400306
1,0,0.33362523
1,0,0.43995288
0,1,0.52611965
1,1,0.61520827
1,1,0.59703934
0,0,0.47211716
0,0,0.44038787
1,1,0.62824106
0,1,0.69038785
0,0,0.27200153
1,0,0.43526998
0,0,0.2930573
1,0,0.43287113
1,1,0.53677857
0,1,0.5518823
1,1,0.6138098
1,1,0.50452864
1,0,0.41783217
0,1,0.73507243
0,0,0.30102894
1,1,0.50765383
0,0,0.42149726
0,1,0.62849355
0,0,0.39557976
0,0,0.35772875
0,0,0.3101003
0,1,0.6374525
1,1,0.73956287
1,0,0.39863995
0,1,0.64863575
0,1,0.59915406
0,0,0.44626394
0,0,0.3986989
1,1,0.72372735
0,0,0.37445498
0,0,0.33374497
1,1,0.6699393
0,1,0.5094559
0,0,0.43231133
1,1,0.5708341
0,1,0.5450956
0,0,0.4203393
1,0,0.37156683
1,0,0.44728327
0,0,0.41270447
0,0,0.39165628
0,0,0.3489027
1,1,0.6329535
0,0,0.21109381
0,0,0.3504019
0,0,0.46476343
1,1,0.5519393
0,0,0.46932605
0,1,0.7529679
1,0,0.41829857
0,1,0.6312281
0,1,0.51353323
0,0,0.2797728
1,1,0.8724564
0,1,0.56107056
1,0,0.46290314
1,1,0.72973084
1,1,0.6869407
0,0,0.39290082
0,0,0.37527183
0,0,0.3948553
1,1,0.8113384
0,0,0.3448512
0,1,0.5578059
0,0,0.3688966
0,0,0.47272933
0,1,0.51504236
1,0,0.48727176
0,1,0.52559423
0,0,0.49710527
0,1,0.5168666
0,0,0.39815238
0,1,0.7739766
1,0,0.46176517
1,1,0.5185945
0,0,0.4342599
0,1,0.5220164
1,0,0.48312843
0,1,0.60757565
0,1,0.50163853
0,0,0.3429958
0,0,0.2063986
1,1,0.52426684
0,0,0.4502657
0,0,0.3770207
1,0,0.3897103
0,0,0.32757103
0,1,0.5433296
0,0,0.24949342
0,0,0.44322354
0,0,0.22561802
0,0,0.4859111
1,0,0.38428706
1,1,0.71770084
0,1,0.70975304
0,0,0.497197
1,1,0.7255028
0,0,0.3272831
1,1,0.56113595
0,0,0.37155595
0,1,0.6164926
1,0,0.49121657
0,1,0.57644415
0,1,0.54914606
0,1,0.5077895
1,0,0.42581972
0,0,0.28104237
0,0,0.39881414
0,1,0.6376041
0,1,0.6147989
1,1,0.738272
0,1,0.69647545
0,0,0.38742706
0,1,0.6431377
1,0,0.32456705
0,0,0.44512907
0,1,0.6821581
1,1,0.50834465
1,1,0.7419268
0,0,0.36574018
1,1,0.8326596
1,1,0.5742551
0,0,0.2797479
1,1,0.8293538
0,0,0.4258459
0,1,0.7434235
1,1,0.7291971
1,0,0.41281247
0,0,0.4874367
0,0,0.34302267
1,0,0.31577575
0,1,0.6039901
1,0,0.4818459
1,1,0.7008985
1,1,0.5024283
1,0,0.4334799
1,1,0.7932149
1,1,0.7439308
1,0,0.39611503
0,1,0.6589093
0,1,0.6503575
0,1,0.77034813
1,1,0.5283152
1,1,0.76216114
0,0,0.35519332
0,0,0.36697987
0,0,0.37692738
0,1,0.7789668
1,1,0.7082299
0,1,0.5709543
0,1,0.72000146
0,0,0.3474434
1,1,0.68803525
0,0,0.45838782
0,0,0.37794143
0,1,0.6081386
1,1,0.6089671
0,0,0.4902479
0,0,0.31679565
0,0,0.4070344
0,1,0.5921035
0,0,0.20214933
0,0,0.35254326
0,0,0.355346
1,1,0.5626072
0,0,0.45459008
1,0,0.4274325
0,0,0.4281413
1,1,0.7097256
1,0,0.48319182
0,0,0.37441376
0,0,0.33879197
0,0,0.46015242
0,0,0.4171971
1,1,0.5300026
1,1,0.5199967
0,1,0.7540632
0,1,0.54527855
0,0,0.35698894
1,0,0.38455823
0,0,0.47407424
0,0,0.41319582
0,1,0.7424153
0,0,0.28975093
1,0,0.42935807
0,0,0.32077318
0,0,0.3138745
1,1,0.65337956
1,1,0.51420975
1,1,0.56847835
0,0,0.41388398
0,0,0.4022122
0,0,0.27160165
1,0,0.4916031
0,1,0.7373204
1,0,0.36801106
0,0,0.45874056
0,0,0.44778433
0,1,0.638929
0,1,0.63053346
0,1,0.570644
0,0,0.40731576
0,1,0.61994827
0,1,0.5283918
1,1,0.7911619
1,1,0.69712424
1,0,0.38433656
1,1,0.71531105
0,1,0.53095114
1,1,0.6105647
1,1,0.59675467
0,1,0.5312861
1,0,0.40464845
0,0,0.47671455
0,1,0.5250083
1,1,0.75714576
0,0,0.4011173
1,1,0.6119807
1,0,0.3041712
0,0,0.3722542
1,0,0.49175984
1,1,0.8728678
0,0,0.4081581
0,0,0.4344915
0,0,0.24214768
0,0,0.17000495
0,1,0.8093313
0,1,0.5591614
0,0,0.46713877
1,1,0.657635
0,1,0.51489687
0,0,0.32535404
1,0,0.33783787
1,1,0.63864493
1,1,0.5921205
1,1,0.5228151
0,0,0.3468582
0,1,0.5372875
0,1,0.7125528
0,0,0.29646876
0,0,0.35886425
0,0,0.3440625
0,0,0.22068612
0,1,0.5411363
1,1,0.6069981
0,0,0.31913078
1,1,0.555057
1,0,0.46831268
1,0,0.38511956
1,0,0.46340817
0,0,0.42008835
0,1,0.68070275
0,0,0.42343342
1,1,0.5100417
0,0,0.47993734
0,0,0.3159998
0,0,0.37627238
1,0,0.4488454
0,1,0.8041424
0,0,0.4335671
0,1,0.52165294
1,1,0.62024724
0,1,0.6547736
0,1,0.5163642
1,1,0.6515185
0,0,0.30249354
0,0,0.28035584
0,1,0.6361326
0,0,0.4952616
0,0,0.3947356
0,1,0.7086537
0,0,0.43791905
0,0,0.443921
0,1,0.6420816
0,1,0.6376056
0,0,0.077682175
0,1,0.50571895
1,0,0.3714946
0,0,0.32928064
0,0,0.39129943
0,0,0.2964524
1,0,0.35642335
1,1,0.682137
1,0,0.2524095
0,0,0.39441437
1,1,0.5965017
0,0,0.49712223
0,0,0.47054067
0,0,0.24125478
0,0,0.3034611
1,0,0.32909164
1,1,0.6840323
0,0,0.24393623
0,0,0.22697182
0,0,0.44979823
0,1,0.5357089
0,0,0.39219898
0,0,0.101483345
0,0,0.417451
0,1,0.5420181
1,1,0.52362573
0,0,0.20719014
0,0,0.30833337
1,0,0.34183636
0,0,0.4304998
0,0,0.43193763
1,0,0.47926947
0,1,0.63586617
0,1,0.5877341
0,0,0.3619878
1,1,0.67065257
0,0,0.3721191
1,1,0.64211607
1,1,0.5935862
1,0,0.36544982
0,0,0.443872
0,0,0.3346934
0,1,0.62568784
0,0,0.28773904
0,1,0.73787177
1,0,0.32225072
1,1,0.73376966
1,0,0.42133763
1,0,0.39933336
1,1,0.729834
1,1,0.6583036
0,0,0.41486013
1,1,0.7431434
0,1,0.506086
0,0,0.30944836
0,0,0.31519645
0,1,0.63128877
1,0,0.42055476
1,0,0.49285027
1,1,0.55952674
0,1,0.60064995
1,0,0.4273145
0,0,0.4057923
1,1,0.57408845
1,1,0.7505097
0,0,0.42911536
1,1,0.7848841
0,0,0.42499188
0,0,0.37547472
1,1,0.6521449
1,1,0.68667495
1,0,0.41504887
1,0,0.38825348
0,0,0.36480108
0,0,0.35911974
0,0,0.31724024
0,0,0.16664359
0,1,0.5239204
1,1,0.627279
0,0,0.46723393
0,0,0.31713846
0,0,0.4287718
0,0,0.39718056
0,0,0.4185974
1,0,0.44089276
0,0,0.31648362
1,0,0.46617034
0,0,0.22885832
0,1,0.769621
0,1,0.5998714
0,0,0.26643947
0,0,0.47477564
1,1,0.509577
0,1,0.66752493
0,0,0.41627708
0,1,0.520676
0,0,0.39080676
0,1,0.5272953
0,1,0.5217849
1,1,0.5776472
1,0,0.45233172
0,0,0.3009656
0,0,0.422913
0,0,0.45839372
0,0,0.43281457
1,1,0.686385
0,1,0.77914304
1,1,0.63372326
1,0,0.2783523
0,0,0.42824423
0,0,0.3232365
0,0,0.42902672
1,1,0.5233655
0,0,0.3615386
0,0,0.39087883
1,0,0.45276368
0,1,0.5611023
0,1,0.56399596
1,1,0.5123319
0,1,0.5767946
0,1,0.51421976
1,1,0.65639424
0,0,0.30293784
0,0,0.21290748
0,0,0.3226106
1,0,0.35819134
0,0,0.45307764
1,0,0.4758704
0,0,0.41613427
0,0,0.28022024
0,0,0.43628424
1,1,0.5323929
0,0,0.27588022
1,1,0.5964637
0,1,0.51161873
1,0,0.3814227
0,1,0.6867323
0,0,0.4697875
0,0,0.29835996
0,0,0.39906257
0,1,0.7320252
1,1,0.6702758
0,0,0.43766484
1,1,0.61694574
0,0,0.42308268
1,1,0.5629033
1,1,0.66207755
1,1,0.66159415
0,1,0.7745583
0,0,0.39681044
1,0,0.23840903
0,1,0.53358644
0,0,0.40666935
0,0,0.3165726
1,1,0.7942785
0,1,0.62275577
1,1,0.5235219
0,0,0.39413983
1,1,0.67993224
0,1,0.6675107
1,1,0.7335397
0,1,0.71368766
1,1,0.6384396
0,1,0.61023057
1,0,0.38937482
0,1,0.654027
1,1,0.60091484
0,0,0.48389652
1,1,0.80143636
0,0,0.44483477
0,1,0.65097857
0,0,0.430493
1,1,0.518253
1,0,0.37770417
1,1,0.59588695
0,0,0.3715531
0,0,0.48584318
1,0,0.44081664
0,0,0.30662557
1,1,0.6433672
0,0,0.3475247
1,0,0.4414817
0,0,0.2794125
1,0,0.43219614
0,0,0.36891684
1,1,0.54932725
0,0,0.44469404
1,1,0.6374241
0,1,0.6563494
0,0,0.42663163
0,0,0.47379884
0,1,0.7909318
0,0,0.25346127
0,0,0.48010713
1,0,0.40640262
0,0,0.3654123
1,1,0.65186477
0,0,0.32972574
0,0,0.2829727
0,0,0.42425185
1,1,0.6837652
0,0,0.32329434
0,1,0.64599675
0,0,0.3591513
0,0,0.4089475
1,1,0.7121851
0,0,0.41613078
0,1,0.5420743
1,1,0.5363271
0,0,0.4830039
0,1,0.6601815
0,0,0.33748603
0,0,0.3138693
1,0,0.11845975
0,1,0.5651139
0,0,0.49343446
0,1,0.6517546
0,0,0.41443393
1,1,0.7635576
1,0,0.25891435
1,0,0.3100712
0,0,0.23739643
1,1,0.5470297
1,0,0.39224616
0,0,0.24726132
1,1,0.53623116
0,0,0.49784774
0,0,0.26261598
0,1,0.63722366
1,1,0.57189155
0,1,0.630579
0,0,0.4301917
0,1,0.5488919
1,1,0.5730904
0,0,0.3580438
0,0,0.33602
0,0,0.23618536
1,1,0.6272323
0,0,0.44370434
1,1,0.5008298
0,0,0.30557334
1,1,0.7757484
0,1,0.7795205
1,1,0.5630205
1,0,0.38955787
0,0,0.49349186
0,1,0.742392
0,0,0.22231255
1,1,0.6979901
1,1,0.61877316
1,1,0.55098176
0,1,0.51167196
0,1,0.5150863
0,0,0.42939642
1,0,0.4291918
0,1,0.5646061
0,0,0.4716548
1,1,0.6866412
1,1,0.5908946
1,0,0.4279771
0,0,0.41328087
0,0,0.17720823
1,1,0.6612667
0,0,0.44716007
0,0,0.47793746
1,1,0.69178003
0,0,0.4177887
0,1,0.60479116
1,1,0.7137301
0,1,0.61392266
0,1,0.59873927
0,0,0.35353374
0,1,0.6571816
0,0,0.4532298
1,1,0.7404039
0,1,0.6389765
0,0,0.27837804
1,0,0.42161623
0,1,0.5050085
0,1,0.602884
1,0,0.47742355
0,1,0.50794315
0,0,0.36378756
1,1,0.6979016
1,0,0.32618096
1,1,0.613606
0,0,0.3819171
0,0,0.44718492
0,0,0.4015461
1,1,0.5490209
0,1,0.6273087
0,1,0.6631842
0,1,0.56382424
0,0,0.22401762
0,1,0.5507337
0,0,0.24067938
0,0,0.2712075
1,1,0.5399729
0,0,0.37430915
0,0,0.2832664
0,1,0.5507684
0,0,0.2291455
1,1,0.6398089
1,1,0.7349709
1,0,0.42074093
0,1,0.63139033
0,0,0.30408943
0,1,0.59004843
0,0,0.34248173
1,0,0.45323208
1,0,0.3538
0,0,0.32251233
0,1,0.81101954
1,0,0.31638128
0,0,0.42249042
1,1,0.5772147
1,0,0.46571234
1,1,0.7257489
1,1,0.70434284
0,1,0.54692924
0,0,0.40590346
0,1,0.6369746
0,1,0.6686805
1,1,0.58963764
0,0,0.4048873
0,1,0.50817955
1,1,0.7428019
0,1,0.5049592
1,1,0.6960348
0,0,0.41064188
1,0,0.37399378
1,0,0.39366066
0,1,0.60144246
0,0,0.40248823
0,0,0.42080915
0,0,0.37464502
0,0,0.411774
0,1,0.6234921
0,1,0.53818214
1,1,0.68181765
0,0,0.40955162
0,1,0.54779416
0,0,0.39810374
0,0,0.31546485
1,1,0.8180144
0,1,0.6502421
1,0,0.377684
0,1,0.60423315
0,0,0.35842785
0,0,0.30417153
1,0,0.44433922
0,0,0.48438632
1,0,0.49112904
0,0,0.46319225
1,0,0.4011916
0,0,0.4548079
0,1,0.68432355
0,0,0.36455393
0,1,0.548205
0,1,0.50562435
0,0,0.385186
0,1,0.56643784
1,0,0.34423444
1,0,0.3851707
0,0,0.2963274
0,0,0.22309111
1,0,0.4428124
0,1,0.5677484
0,0,0.4020498
0,1,0.77396977
0,1,0.54115367
0,1,0.6047413
1,0,0.32727262
1,1,0.8017255
1,0,0.21767448
1,0,0.29516435
0,1,0.54143304
1,0,0.401819
0,0,0.39497045
0,0,0.41178027
0,0,0.39583036
0,0,0.39995107
1,1,0.5523079
0,0,0.2665873
1,0,0.36474124
0,1,0.7049061
0,0,0.3028357
1,1,0.6084885
1,1,0.56311345
1,1,0.64179707
0,1,0.57565975
0,0,0.3269254
1,1,0.5285201
0,1,0.5796325
0,1,0.50176656
0,0,0.40828073
0,0,0.32391757
0,0,0.30786696
0,0,0.2441517
0,1,0.65509033
1,1,0.5052633
1,1,0.6459789
1,0,0.36898082
1,1,0.75858593
0,0,0.45287946
0,0,0.43154955
1,1,0.69427425
0,0,0.38717362
0,0,0.38907537
0,0,0.45198777
1,0,0.42734736
0,0,0.25284076
0,1,0.6567935
0,1,0.594182
0,0,0.2891527
0,0,0.3544018
0,1,0.5657935
1,1,0.55591524
0,1,0.6011121
1,1,0.7873804
0,0,0.4122357
0,1,0.6049935
1,1,0.6250049
1,1,0.74445176
0,1,0.51699984
1,0,0.3731508
0,1,0.59012055
0,1,0.5434066
0,0,0.18140095
0,0,0.3247329
0,0,0.40185693
0,0,0.27437964
1,1,0.76778674
0,1,0.5941903
1,1,0.7140259
0,0,0.3228635
0,1,0.53775495
1,0,0.3842565
0,0,0.43843454
0,0,0.3950856
0,0,0.36640015
1,1,0.6951865
1,1,0.6064952
0,1,0.56669015
1,0,0.28913864
1,1,0.64464664
1,1,0.5111964
0,1,0.5015669
0,0,0.40110087
1,0,0.40611494
0,0,0.37188625
1,1,0.6629674
0,0,0.40190196
1,1,0.56068623
0,0,0.2682854
1,1,0.7982451
0,1,0.5637489
0,0,0.4852089
0,0,0.4114765
0,0,0.3055212
1,1,0.57938975
0,0,0.38622153
0,1,0.6278263
1,1,0.57671213
0,0,0.3437187
0,0,0.40335828
1,1,0.68752325
1,0,0.16998741
0,1,0.7849916
1,1,0.7496327
0,0,0.3697713
0,0,0.3684025
1,1,0.86386895
0,1,0.69932485
0,0,0.17648979
0,0,0.2788143
0,0,0.3669324
1,1,0.6450896
0,0,0.24466942
0,0,0.42683753
1,0,0.43491927
1,0,0.2540089
1,1,0.5829716
0,0,0.421868
1,1,0.51464975
1,0,0.43632615
1,0,0.3620466
1,1,0.55886793
0,1,0.7064371
1,1,0.7103927
1,1,0.68372726
0,0,0.40665835
0,1,0.68319
0,0,0.43059897
0,0,0.2513799
0,0,0.36561635
0,1,0.7055628
1,0,0.4105535
0,0,0.09607419
1,1,0.7030979
0,0,0.47712094
0,1,0.7142242
1,1,0.7142199
0,1,0.693984
1,1,0.6537273
1,0,0.38326457
0,1,0.5253774
1,0,0.4633586
0,0,0.44475785
0,0,0.31671432
0,0,0.3329541
0,0,0.38886058
1,1,0.7629336
0,0,0.47973794
1,1,0.66462195
1,1,0.7368591
1,1,0.7396225
0,0,0.36384186
0,0,0.4922513
0,0,0.41457307
0,0,0.31125036
0,0,0.4349051
0,1,0.7907177
0,0,0.31933206
0,0,0.32151136
1,0,0.49517208
0,1,0.6654097
0,0,0.39555892
0,0,0.3634728
0,0,0.4393913
0,0,0.42367327
0,0,0.49254346
0,0,0.26228756
0,1,0.6304853
1,0,0.3157805
0,0,0.3568241
1,1,0.6399417
0,1,0.6561104
0,0,0.42532188
0,0,0.46594244
0,0,0.32710397
0,1,0.61762613
1,0,0.28226462
1,1,0.666654
0,0,0.34852162
0,1,0.5506494
0,1,0.57469225
1,0,0.48819885
1,1,0.68188626
0,0,0.35130554
0,0,0.27018833
1,1,0.6911254
0,1,0.57627213
0,0,0.30290177
0,1,0.50737244
0,1,0.535132
0,1,0.5386007
1,1,0.69527054
1,1,0.6016637
1,0,0.29331592
0,0,0.34239063
1,0,0.45616663
0,0,0.4506089
0,0,0.4090859
0,1,0.5482744
0,0,0.38312823
0,0,0.23420757
0,0,0.46393517
1,1,0.5745819
0,1,0.66210115
1,0,0.33383375
1,1,0.6864134
1,1,0.56512475
0,0,0.35362208
0,0,0.26565287
0,0,0.4974717
0,1,0.53504324
0,0,0.28426984
0,0,0.31290555
0,0,0.41748127
0,0,0.41176158
0,1,0.5748218
0,1,0.6039556
0,0,0.26336098
0,1,0.64574206
0,0,0.39514592
1,0,0.44584867
0,0,0.30328673
0,1,0.6584918
0,0,0.42141625
0,0,0.38843095
0,1,0.7056434
0,0,0.3430529
0,0,0.39664784
0,1,0.71590376
0,0,0.37692535
1,1,0.6832539
0,0,0.49307767
0,0,0.4416744
0,0,0.40144637
1,1,0.5022371
1,1,0.67473453
0,1,0.6144981
0,1,0.72895384
0,1,0.55232996
0,0,0.46323785
1,0,0.46846798
0,1,0.53370327
1,1,0.7112193
0,0,0.38881123
0,0,0.41524678
1,0,0.36760607
0,0,0.42866555
0,1,0.6399614
0,1,0.59219974
0,1,0.55390346
0,0,0.40033835
0,1,0.66713953
1,1,0.66162825
1,1,0.5083544
0,0,0.33343422
0,0,0.48276266
1,0,0.42498752
0,0,0.2040083
1,1,0.6071979
1,0,0.42176825
1,1,0.79810685
0,1,0.55266833
1,1,0.67358434
0,1,0.7831412
1,1,0.5464598
1,1,0.64828223
0,0,0.368859
0,0,0.38713112
1,0,0.46852294
1,0,0.27242798
0,1,0.6506609
1,1,0.59871745
0,0,0.32865682
1,0,0.47706357
0,0,0.45048058
1,1,0.6824217
1,1,0.6309432
0,1,0.7014725
1,1,0.65715367
0,1,0.52246875
0,1,0.5011846
1,1,0.7216449
0,0,0.4039937
0,0,0.4110231
1,1,0.5726851
1,1,0.7751658
0,1,0.7062148
1,0,0.36518005
1,0,0.37273017
0,0,0.4990973
0,1,0.50955975
1,1,0.5348749
0,0,0.36191282
1,1,0.6684645
0,0,0.34800565
0,0,0.40650028
0,1,0.7182256
1,1,0.53278786
1,1,0.84083647
0,0,0.21937047
1,1,0.6748189
0,1,0.5712119
1,0,0.45941955
1,0,0.41998947
0,0,0.44071648
1,1,0.727653
0,0,0.43487468
1,0,0.35145128
1,1,0.6261395
0,0,0.35861072
0,0,0.3917934
0,0,0.3223978
1,1,0.58625734
1,0,0.49064654
1,1,0.70275676
1,0,0.35561514
0,1,0.7043698
0,1,0.5134633
1,1,0.6573301
0,0,0.4992991
0,1,0.57018733
0,0,0.31876174
0,0,0.4181026
0,0,0.44221193
1,0,0.41428953
0,1,0.6575025
0,1,0.6598134
1,0,0.45995465
1,0,0.41692737
1,0,0.4099432
0,0,0.32495648
0,1,0.63209474
0,1,0.5236326
1,1,0.5548173
0,0,0.23084886
0,1,0.6180268
1,1,0.6617669
1,1,0.6115148
1,1,0.658811
1,0,0.15649058
1,0,0.35310572
1,0,0.3802837
0,0,0.37204418
0,1,0.7403334
0,1,0.58565927
0,1,0.5832695
0,1,0.53617096
0,0,0.28824443
0,0,0.4057279
0,0,0.2725331
0,0,0.28237674
0,1,0.5829056
0,0,0.45646006
0,1,0.5763993
1,0,0.37092242
1,1,0.540883
0,0,0.38240364
0,0,0.40895763
1,1,0.6030133
1,0,0.39905807
1,0,0.38827407
0,1,0.58472866
0,0,0.40483198
0,0,0.3216737
1,0,0.49592406
1,1,0.5301136
0,0,0.45612153
0,1,0.6566739
0,1,0.69391656
0,0,0.23026505
0,0,0.45318946
0,0,0.439408
0,1,0.5213102
1,0,0.226218
0,0,0.38406575
1,1,0.6562699
0,0,0.3976803
1,1,0.7506501
0,0,0.29819193
0,0,0.45421174
0,1,0.70719266
0,1,0.61857486
0,0,0.42535856
1,0,0.47352228
0,0,0.12919818
0,0,0.27238572
1,1,0.65919363
0,0,0.4969252
1,1,0.8032813
0,0,0.4739766
0,1,0.5910448
0,0,0.46035218
0,1,0.58030224
0,0,0.3461583
0,1,0.5847299
0,1,0.58994913
1,0,0.41888535
0,0,0.35380015
1,1,0.7041702
0,1,0.69821775
0,1,0.5630568
0,1,0.5318114
1,0,0.41429117
1,1,0.74001
0,0,0.35831478
1,1,0.55611944
0,0,0.31065053
1,1,0.5561508
1,0,0.3583506
0,1,0.64850324
0,0,0.49018398
1,1,0.63074756
0,0,0.31953272
1,0,0.44163483
0,0,0.323559
0,0,0.35398418
0,0,0.48999646
0,0,0.36912623
1,1,0.7408668
1,0,0.4859664
0,1,0.5615096
1,1,0.6577244
0,1,0.6804785
0,0,0.49848723
1,0,0.43116555
0,0,0.26310393
0,0,0.42182872
1,0,0.4368872
0,0,0.40434632
0,1,0.72346425
1,0,0.49592048
0,0,0.38911432
0,0,0.34770486
0,0,0.488806
1,1,0.63447165
0,1,0.5226657
0,0,0.42898136
0,0,0.39464414
1,1,0.56764495
0,1,0.65306425
1,1,0.53071487
1,1,0.7744143
0,0,0.18764079
0,0,0.2911638
0,0,0.3002083
1,0,0.4915691
0,1,0.5667031
0,0,0.43299264
0,1,0.61481106
0,1,0.7665164
1,0,0.29341677
1,1,0.78939104
0,0,0.46281117
0,0,0.34126982
0,0,0.3569055
1,1,0.78947
0,0,0.46496075
1,1,0.664688
1,1,0.7447707
0,0,0.49179727
1,1,0.63069993
0,0,0.22432423
1,0,0.38979378
0,0,0.35740048
1,1,0.58852565
0,1,0.62920046
1,1,0.65969205
0,0,0.20918176
0,0,0.4034202
1,0,0.2631789
0,1,0.58817613
0,0,0.49868107
1,0,0.42721608
1,1,0.7543926
0,0,0.42205006
0,0,0.34072405
0,0,0.4996143
1,0,0.38831815
0,1,0.63528204
0,0,0.44456512
0,1,0.7570478
0,1,0.62859464
1,1,0.81856626
0,0,0.14584833
0,0,0.3178273
1,1,0.56883323
0,0,0.4384365
0,0,0.40261403
0,0,0.1882687
1,1,0.62768954
1,1,0.7075878
0,0,0.36985114
1,0,0.46764404
0,1,0.609498
0,0,0.24158114
0,0,0.49177623
0,1,0.69140065
0,1,0.72700655
0,0,0.40172005
1,1,0.5289271
1,1,0.6563405
1,0,0.34515965
1,0,0.3444852
1,1,0.8692808
1,1,0.6317495
0,0,0.35694256
0,0,0.42180523
0,1,0.53483933
0,1,0.5702486
0,0,0.25526634
0,1,0.5056262
1,0,0.3707491
0,0,0.318322
1,1,0.55329406
0,0,0.35532126
0,0,0.48591194
0,0,0.37804264
1,0,0.36718792
1,0,0.32261586
1,1,0.6946281
1,1,0.57756925
0,0,0.43536404
0,0,0.49588093
0,0,0.42544243
0,0,0.23845084
0,1,0.6843116
0,0,0.4482067
1,1,0.80407953
1,0,0.33922723
1,1,0.7231839
1,0,0.31004643
1,1,0.61846644
0,0,0.36471307
1,0,0.46105203
1,0,0.4846386
1,0,0.23834288
0,1,0.5480982
0,1,0.69032556
0,0,0.4450025
1,1,0.6259327
0,1,0.7304828
0,1,0.519007
1,1,0.76545835
0,0,0.4397225
1,1,0.61048484
0,1,0.5434582
1,0,0.4819218
1,0,0.48661834
0,1,0.58636296
1,1,0.5843544
0,0,0.2494104
1,1,0.65065205
0,0,0.23842989
0,0,0.4305567
0,0,0.40770277
1,1,0.62714994
1,1,0.52298826
0,1,0.66736126
1,1,0.5404897
1,1,0.5148425
1,0,0.44506472
1,0,0.45642495
1,0,0.44832626
1,0,0.4822396
0,0,0.24702859
1,1,0.5636443
0,1,0.6543982
0,1,0.58054215
1,0,0.40299392
1,0,0.38060772
1,1,0.5796204
0,1,0.66630965
0,1,0.7421256
0,0,0.36244813
0,0,0.34627387
0,1,0.6439482
0,0,0.317508
0,1,0.5565235
1,1,0.6111713
1,0,0.4428764
1,1,0.6939006
0,0,0.36745343
0,0,0.3003792
0,0,0.4961808
0,0,0.28372368
0,0,0.3621734
0,0,0.41069356
0,1,0.6210722
0,1,0.55261135
1,0,0.44894966
0,0,0.21626264
0,0,0.40932754
1,1,0.566242
0,1,0.608641
0,1,0.52552974
0,1,0.52869093
0,1,0.52405417
1,0,0.38830826
0,1,0.5094843
0,0,0.4022453
0,0,0.35991597
0,0,0.2935642
1,1,0.60888195
0,0,0.3558775
0,0,0.3762635
0,0,0.41457778
1,1,0.6639824
1,1,0.6989758
1,1,0.59240615
1,1,0.6251538
0,1,0.63739336
0,0,0.39333224
1,0,0.25852898
0,0,0.39947543
1,0,0.3595475
0,0,0.34782943
0,0,0.38887653
0,0,0.42162305
0,0,0.38425145
0,1,0.5035839
0,1,0.59836555
1,0,0.43576458
0,1,0.6691034
1,0,0.35426652
1,1,0.64275837
0,1,0.52520037
1,1,0.7733323
0,0,0.4394217
0,0,0.3609996
0,1,0.73106855
0,0,0.36435777
0,0,0.49296147
1,0,0.36893526
1,1,0.5440825
0,0,0.49166822
0,0,0.40007636
1,1,0.7872528
0,0,0.39470714
0,0,0.49107698
0,0,0.3483911
1,1,0.60039175
0,1,0.63664854
0,1,0.6315634
0,1,0.5605625
0,1,0.5130911
1,1,0.6165718
0,0,0.15357396
1,1,0.60143787
0,0,0.45612767
0,1,0.6611222
0,0,0.26442143
0,1,0.6509313
0,0,0.34264925
0,0,0.36783782
1,1,0.5349202
0,0,0.42492837
0,1,0.6413507
0,0,0.44553858
0,1,0.53314257
1,1,0.64147866
0,1,0.70368874
1,1,0.66272134
0,1,0.5493556
0,0,0.4154763
0,0,0.27272528
1,0,0.48215505
0,0,0.45067665
1,1,0.6407082
0,0,0.43567234
0,1,0.5794148
0,1,0.5068642
0,0,0.43889138
1,1,0.5378792
0,1,0.62178546
0,1,0.5144337
1,0,0.37494135
0,0,0.48829547
0,0,0.49144545
1,1,0.59384435
0,1,0.57210064
0,1,0.5365659
0,1,0.67995816
0,1,0.7500218
0,0,0.17025088
0,1,0.74900174
1,0,0.41423145
0,1,0.5971384
1,1,0.64091665
0,1,0.5968232
0,0,0.44384262
0,0,0.39067504
1,0,0.4108451
1,1,0.56302524
0,0,0.34203604
0,1,0.6548687
1,1,0.5203893
0,0,0.3089871
1,0,0.47351122
0,0,0.2767457
0,0,0.3620359
1,1,0.5981486
0,1,0.5162469
1,0,0.43465894
0,0,0.40171555
0,0,0.43572763
0,1,0.56515473
0,1,0.5564077
1,0,0.35908866
0,1,0.54567957
1,1,0.5446433
0,0,0.40385368
0,0,0.31099433
0,0,0.27307165
1,0,0.42678076
0,0,0.26604033
0,0,0.46939406
0,0,0.38873506
0,0,0.447155
1,0,0.3966301
0,0,0.35983428
0,1,0.65050447
0,0,0.1250247
0,0,0.4790251
0,1,0.7195622
0,1,0.7821327
0,0,0.37941235
1,1,0.7349086
0,0,0.28051102
0,0,0.35417902
0,0,0.34900305
0,0,0.48737106
0,0,0.37437737
0,1,0.5077008
0,0,0.47515088
0,1,0.6365274
1,0,0.35646147
0,0,0.30239004
0,1,0.7039768
0,0,0.3744174
0,0,0.22875448
0,0,0.39217094
0,0,0.2859118
0,1,0.5090953
1,1,0.6489423
1,0,0.40231135
0,0,0.39906707
0,0,0.43079725
1,0,0.383489
0,0,0.21864219
0,1,0.6521104
0,0,0.3992482
0,0,0.35518605
0,0,0.40459168
1,1,0.5650161
0,0,0.3530308
0,1,0.6172275
0,0,0.32097825
1,0,0.27241623
0,0,0.45508778
1,1,0.50781506
0,1,0.5340054
0,1,0.5815879
0,0,0.2734716
1,1,0.8108769
0,1,0.5611276
1,1,0.65023935
0,0,0.20100485
1,1,0.53204495
0,0,0.42532608
1,1,0.5787451
1,0,0.38927013
0,0,0.3824501
0,0,0.4201031
0,0,0.4496204
0,0,0.2015382
0,0,0.26831773
0,0,0.41630247
0,0,0.3170314
1,1,0.6249217
0,0,0.24433374
0,1,0.6261145
0,0,0.4957684
0,0,0.43464434
0,1,0.5437851
0,0,0.31698847
0,0,0.2834832
1,0,0.28896698
1,1,0.5937307
0,0,0.38443762
0,0,0.32310486
0,0,0.39185113
1,1,0.5497476
0,1,0.55474234
0,0,0.43603674
0,0,0.4398629
1,0,0.40353823
1,0,0.31444332
0,0,0.4020054
0,1,0.670836
0,1,0.6247517
0,0,0.36838987
0,0,0.4089902
0,0,0.30770057
0,1,0.6087699
0,1,0.5335026
0,1,0.6895473
1,0,0.33065587
0,1,0.56197447
1,0,0.37705573
0,0,0.38069245
0,0,0.41524088
0,0,0.39040318
0,1,0.5655346
0,0,0.33134657
0,0,0.3355833
0,0,0.34862432
0,0,0.41470653
1,1,0.51576203
1,1,0.62064445
0,1,0.5277835
0,0,0.37368274
0,0,0.43335536
1,1,0.5185871
0,0,0.29010457
0,0,0.34952897
1,1,0.5512638
0,0,0.38177663
0,0,0.3886036
1,1,0.6912925
0,0,0.32574102
1,0,0.42936662
1,0,0.44540808
1,0,0.419492
1,0,0.42675737
0,1,0.58245885
0,0,0.19758607
0,0,0.3667539
0,0,0.27975824
1,1,0.5734434
0,1,0.5738163
0,1,0.5613978
1,1,0.52276504
1,1,0.8089526
1,0,0.36620647
0,0,0.38778698
1,0,0.4001992
0,0,0.37925577
0,0,0.23236503
0,0,0.20905879
0,0,0.43110713
0,0,0.32147038
1,1,0.71024406
0,1,0.55342746
1,0,0.37281507
0,0,0.43582904
0,0,0.41654167
0,0,0.26770213
0,0,0.3935668
0,0,0.30698878
1,0,0.29230738
1,1,0.68671894
0,0,0.40595204
1,1,0.6676805
1,1,0.5492403
0,0,0.49305737
0,0,0.27503002
0,0,0.30856797
0,0,0.41138062
0,0,0.4918041
1,0,0.30170465
1,1,0.57387555
0,0,0.29097486
1,1,0.5540582
1,1,0.55360353
0,0,0.43584406
1,1,0.6468086
0,0,0.48522198
1,1,0.6567562
0,1,0.6412554
0,0,0.48474112
1,0,0.480768
0,1,0.6452868
0,0,0.35373378
1,1,0.64134073
1,1,0.5518217
0,0,0.46662188
0,0,0.3178256
1,1,0.6419572
0,0,0.22827162
1,0,0.48380387
1,0,0.4240617
0,0,0.3619195
1,0,0.3273844
1,1,0.6203001
0,1,0.66935694
1,1,0.84913623
1,0,0.47082457
0,0,0.4913876
0,0,0.3544003
1,0,0.37642026
0,1,0.50629795
1,0,0.46779352
0,0,0.34518635
0,0,0.45148566
0,0,0.3189612
1,1,0.7008591
0,1,0.6173892
1,0,0.32404515
0,1,0.5017902
1,1,0.70386636
0,0,0.35120222
0,0,0.1961252
1,0,0.41466603
1,1,0.51744264
1,0,0.37131062
0,0,0.32377306
1,0,0.4134717
0,1,0.5807643
0,0,0.20275034
0,1,0.516035
0,0,0.3546688
0,1,0.50035733
0,0,0.33261994
1,1,0.6691853
0,1,0.5082818
1,1,0.65555257
0,0,0.35820714
1,0,0.47413456
0,0,0.21764904
0,0,0.49020782
0,0,0.3937713
0,1,0.62385666
0,0,0.23736407
0,1,0.73934543
1,1,0.6247066
0,1,0.7535167
1,0,0.41726542
0,0,0.331115
1,1,0.5543027
1,1,0.67212236
0,0,0.3246005
1,1,0.77373904
0,1,0.51262283
0,0,0.4987709
1,0,0.43958578
0,0,0.32526392
1,1,0.5370218
0,1,0.5045895
1,0,0.35005626
0,0,0.37866879
1,0,0.38737193
0,1,0.64154565
0,0,0.2729597
0,0,0.43120262
1,1,0.5771307
1,1,0.61919844
1,1,0.51949847
1,0,0.4792784
0,1,0.6418067
0,0,0.26466402
0,0,0.29886806
0,0,0.33527958
0,0,0.46907783
0,0,0.38408542
1,0,0.43566492
0,0,0.32181412
1,1,0.5857568
0,0,0.35876313
1,0,0.49807727
0,0,0.3652356
0,0,0.3139681
0,0,0.41735804
0,1,0.5779371
1,1,0.7550591
0,0,0.20061834
0,1,0.6121921
0,0,0.31377128
1,1,0.71210563
0,0,0.49826977
0,0,0.4522535
1,0,0.39585835
1,1,0.70674837
0,1,0.6449368
0,0,0.36437175
0,1,0.5891516
1,1,0.56675124
1,0,0.32533556
0,1,0.7185184
1,1,0.6088197
0,0,0.46638784
0,1,0.7657966
1,1,0.7097765
1,0,0.38218406
0,1,0.6344243
0,0,0.302852
0,0,0.28908667
0,0,0.45950565
0,0,0.437062
0,0,0.18738899
0,1,0.6629296
1,0,0.4914888
0,0,0.35000002
1,1,0.5953201
0,0,0.46488616
0,0,0.3532654
0,1,0.59910965
0,0,0.4513516
1,0,0.4706946
0,0,0.3251781
0,0,0.3206094
0,0,0.42265895
0,0,0.48337355
0,0,0.4106657
1,1,0.7459447
1,1,0.6857647
0,1,0.71849316
0,1,0.61350816
0,0,0.42456943
0,0,0.30474573
0,0,0.45331198
0,1,0.5236773
0,0,0.33159855
0,0,0.37436932
1,1,0.6958163
1,1,0.6054673
1,0,0.39779148
1,1,0.71674275
0,0,0.39599597
0,0,0.38997656
0,1,0.5844948
1,1,0.5484712
0,0,0.41487274
0,1,0.6383507
0,1,0.7460183
1,0,0.42413718
0,0,0.4684978
0,0,0.24270324
0,1,0.8469527
0,1,0.51565605
0,0,0.31565052
0,0,0.3917558
0,0,0.23310618
0,0,0.3808388
0,0,0.3780079
1,1,0.6176695
1,1,0.7362852
0,1,0.6675607
1,0,0.45619354
0,0,0.44589415
1,1,0.6046353
0,0,0.39962605
0,0,0.44538683
0,1,0.6736778
1,0,0.32126763
1,0,0.42802492
1,0,0.4594525
0,0,0.46257013
1,1,0.6409981
0,1,0.51097727
0,0,0.3951016
0,0,0.353121
1,1,0.5391016
1,1,0.67337865
0,0,0.4059679
0,1,0.515071
0,0,0.3489041
1,0,0.45157745
0,1,0.7684939
0,1,0.66611135
0,0,0.17568481
0,0,0.36355156
0,1,0.578856
0,0,0.40426934
1,0,0.36365607
0,0,0.48731804
0,0,0.3243676
0,0,0.35940352
0,0,0.3698515
0,1,0.56257087
0,0,0.4314193
0,0,0.37681666
0,0,0.47304544
1,0,0.4044905
1,1,0.58017915
0,1,0.65024316
1,0,0.4863246
1,1,0.5953933
0,1,0.62371665
1,1,0.8463994
0,1,0.5498682
0,0,0.25541523
0,0,0.36680213
0,1,0.5759901
0,1,0.63262784
0,1,0.5970868
0,0,0.4153343
0,1,0.5240788
0,1,0.7300075
0,0,0.321959
1,0,0.37914756
1,0,0.48654094
0,0,0.30850595
0,0,0.249987
0,1,0.5926515
0,1,0.61743385
1,1,0.88494194
0,0,0.43358353
0,0,0.24636339
0,1,0.57690483
0,1,0.55383873
0,0,0.33683574
0,0,0.4211434
1,0,0.43941176
1,1,0.6537247
0,0,0.41786885
0,0,0.3480748
1,1,0.6351706
0,0,0.35697618
0,0,0.4778029
0,1,0.5963096
1,1,0.5908974
0,1,0.6098708
0,0,0.435386
0,1,0.6466772
1,1,0.63056207
1,1,0.6376802
0,1,0.52940947
0,1,0.59230393
0,1,0.5346372
1,0,0.41314912
0,0,0.29628056
0,0,0.36045578
0,1,0.5819962
1,1,0.72755784
0,1,0.5078205
0,1,0.5573504
0,0,0.44827548
1,1,0.83401835
0,0,0.443598
0,1,0.6784134
0,1,0.616063
0,0,0.4962509
0,1,0.6552675
1,1,0.63128996
1,1,0.6290977
0,0,0.3755403
0,0,0.28061503
0,1,0.5217968
0,1,0.5626925
0,0,0.43530977
0,1,0.6012672
0,1,0.51129746
0,1,0.6991592
0,0,0.1607108
0,0,0.30769238
1,1,0.67065877
0,1,0.56572425
0,0,0.27973786
1,1,0.75331014
0,0,0.31021583
0,0,0.2795239
1,0,0.4832344
0,0,0.45904815
0,1,0.55046654
1,1,0.5428709
1,1,0.5370009
1,1,0.57087046
0,1,0.5461128
0,1,0.61724377
0,1,0.5694376
0,0,0.48230994
0,0,0.4687027
0,0,0.4071327
0,0,0.37531725
0,1,0.6856134
0,0,0.33251032
1,0,0.38195413
0,1,0.54283917
0,0,0.26078716
0,0,0.20726171
0,1,0.68580556
0,0,0.30052796
1,1,0.60777783
0,0,0.2347933
1,1,0.75287664
0,0,0.20867991
0,1,0.75338364
0,1,0.74764967
1,1,0.71180624
0,0,0.49486017
0,0,0.42997247
0,0,0.2924114
0,0,0.25662863
1,1,0.68463075
1,1,0.5858129
1,0,0.3057201
0,0,0.41751623
1,1,0.7236775
0,1,0.6736469
0,0,0.34331682
1,0,0.17001721
0,0,0.36133078
0,0,0.24817999
0,1,0.5210391
1,0,0.36975557
0,0,0.3914606
1,0,0.37385514
0,1,0.52822477
0,0,0.409251
0,0,0.440228
1,0,0.48233864
1,0,0.34209365
0,1,0.6033113
1,0,0.46014667
0,0,0.40874
0,0,0.3813652
1,0,0.45632228
0,1,0.56042886
1,1,0.56281376
1,0,0.16939977
1,0,0.4683831
1,0,0.3692422
0,1,0.5653512
0,0,0.49317855
0,0,0.36904177
0,0,0.35425857
1,1,0.7021636
1,1,0.5950679
0,0,0.33319226
1,1,0.6133509
0,0,0.42713976
0,0,0.15347949
1,1,0.54588306
0,1,0.5132704
1,1,0.6833729
0,0,0.44121242
0,1,0.58283734
0,1,0.6109965
0,0,0.40590852
0,0,0.46910802
0,1,0.72495496
0,1,0.67163974
1,0,0.3727106
0,0,0.27146834
0,0,0.43088788
0,0,0.4373829
0,1,0.5355564
1,0,0.33176485
0,0,0.2683579
0,1,0.608195
0,1,0.66498566
0,0,0.48151416
1,0,0.38445693
0,0,0.34538966
1,0,0.49898732
0,1,0.75628126
1,1,0.69552505
0,0,0.3120156
1,1,0.74597204
0,1,0.58868057
0,0,0.4880886
1,1,0.718382
0,0,0.45148107
0,0,0.34635657
0,0,0.39215982
0,1,0.5370468
0,0,0.42039064
0,0,0.42723155
0,1,0.5618875
1,1,0.58178794
0,1,0.57195234
0,0,0.3795241
1,0,0.3693501
1,0,0.44610056
0,1,0.58301973
0,0,0.25294268
1,1,0.5315062
1,1,0.7744568
1,0,0.3053608
0,1,0.62676394
0,1,0.5454453
0,0,0.3937786
0,1,0.5753459
1,0,0.23070444
0,0,0.38647777
0,0,0.4490929
0,0,0.44478232
0,1,0.56869894
0,0,0.31450933
0,0,0.47452766
0,1,0.73593104
0,0,0.26969445
1,1,0.6804553
0,1,0.696246
0,0,0.49967536
0,1,0.5890225
0,0,0.37559605
1,1,0.6230022
0,0,0.38271642
0,0,0.33369645
1,1,0.67097926
0,1,0.50661016
0,1,0.53707224
1,1,0.68117595
1,0,0.3932503
1,1,0.74840474
0,0,0.43033293
0,1,0.7387683
0,0,0.33485323
0,0,0.4075464
1,0,0.28654265
1,1,0.80424535
1,0,0.36281127
1,1,0.76734364
0,0,0.40415898
0,0,0.4395982
0,0,0.22684239
1,1,0.62956476
0,1,0.6544223
0,1,0.6308423
1,1,0.55909544
0,1,0.6244172
0,0,0.4871047
0,1,0.56125605
0,0,0.38910705
0,0,0.27940047
0,0,0.40015557
1,0,0.45487016
0,0,0.3420525
0,1,0.63249886
0,0,0.48303515
0,0,0.31508607
1,0,0.40615126
1,1,0.6624303
0,0,0.48613447
0,0,0.4406979
0,0,0.27203688
0,1,0.6569345
0,0,0.26104376
0,0,0.44105417
0,1,0.7082225
0,0,0.3544961
0,0,0.41291863
0,1,0.5147591
0,1,0.5171244
0,0,0.40128306
0,0,0.22747618
0,0,0.49482343
0,0,0.19393101
0,0,0.23944397
1,0,0.3935153
0,0,0.26612234
1,1,0.5125438
1,0,0.37825102
0,0,0.46858534
1,1,0.53117
0,0,0.43012246
0,0,0.46804583
0,1,0.56076634
0,0,0.48958188
0,1,0.50690687
0,0,0.4144374
1,1,0.7517101
0,0,0.42383137
0,0,0.4936151
0,1,0.5392304
0,1,0.5933629
0,1,0.52973914
0,1,0.72623515
0,0,0.22273491
0,0,0.39801115
0,0,0.3862967
1,0,0.4280683
1,0,0.42085147
0,0,0.39896005
1,1,0.6326217
1,0,0.48135987
1,1,0.5051117
0,1,0.610645
0,1,0.600267
0,0,0.32631993
1,1,0.5907463
0,0,0.27865168
0,0,0.43288353
0,1,0.5482539
0,1,0.5011482
0,0,0.4042316
1,0,0.4524359
0,1,0.5224124
1,0,0.38857558
0,0,0.32115164
1,0,0.46065244
0,0,0.44636378
0,0,0.28090632
0,0,0.36666626
0,0,0.4203304
0,0,0.38676965
1,1,0.56942314
1,0,0.46933463
0,1,0.75063956
0,1,0.7257838
0,1,0.6671458
1,0,0.4277962
1,1,0.6838157
0,0,0.49539575
0,1,0.68511796
1,1,0.6668909
0,1,0.5144605
0,1,0.6126369
1,0,0.47040048
0,1,0.6419147
1,1,0.83320904
1,0,0.43811542
0,1,0.52158904
1,1,0.7632741
1,0,0.40042028
1,0,0.48622414
0,0,0.39586425
0,0,0.45045993
0,1,0.53660476
0,0,0.36432138
0,1,0.5451084
0,0,0.34267023
0,0,0.29362854
1,0,0.4475179
0,0,0.44454157
0,0,0.21717699
1,1,0.6388662
0,0,0.46042627
0,0,0.31430113
0,0,0.39942652
1,1,0.60496897
0,0,0.3763504
0,0,0.46725538
0,0,0.4001522
0,0,0.2514789
0,0,0.31880155
0,1,0.7309586
0,0,0.37808666
0,0,0.3259885
0,0,0.27814487
0,0,0.3772098
0,0,0.46104747
1,1,0.79428333
0,1,0.53366876
0,0,0.37815368
1,1,0.75793403
0,0,0.38004032
0,0,0.39076823
0,0,0.37502673
0,0,0.27046534
1,1,0.6057917
0,1,0.53942335
0,1,0.5422019
0,1,0.5082629
0,0,0.4399718
0,0,0.41427898
0,0,0.41340473
0,0,0.3299082
0,0,0.19345376
1,1,0.6204034
0,0,0.46244717
0,0,0.3525312
0,1,0.5579675
1,1,0.6422366
0,0,0.39344484
0,1,0.5553265
0,1,0.73523045
0,0,0.39904076
1,0,0.40469286
1,1,0.702516
0,1,0.7238244
0,0,0.42960423
0,0,0.41979364
1,1,0.83370286
0,0,0.32012945
1,0,0.45457152
0,0,0.35454834
0,1,0.71311486
0,1,0.50534284
1,0,0.46373358
0,0,0.10154484
0,1,0.67453885
1,1,0.65929997
0,0,0.3625936
0,0,0.37259248
0,1,0.68132246
0,0,0.43590513
1,1,0.57613957
0,0,0.46648848
0,1,0.63136625
0,1,0.6552251
1,0,0.4756091
1,0,0.411601
0,0,0.3553183
0,0,0.42672065
1,0,0.3947246
0,0,0.40569884
0,1,0.6629889
0,0,0.40276274
0,1,0.5131498
0,1,0.6352403
1,1,0.5322449
0,1,0.6802572
1,1,0.6259259
0,1,0.5074317
1,0,0.3722807
1,1,0.7330494
1,0,0.4817556
1,1,0.699702
0,0,0.40825027
1,1,0.7053821
1,1,0.63480335
0,1,0.6811483
0,1,0.6460521
1,1,0.59421784
1,0,0.447183
0,1,0.540326
0,1,0.71750796
1,0,0.48684582
1,0,0.49242836
0,0,0.4085415
0,0,0.43729347
0,0,0.4515216
0,0,0.46787044
1,1,0.6897652
0,0,0.3911638
0,0,0.39387983
1,0,0.34157658
0,0,0.433761
0,0,0.28337508
0,0,0.21969551
1,0,0.45316252
1,0,0.49539843
0,0,0.38883278
0,0,0.419403
0,0,0.39973992
0,0,0.47471625
0,0,0.43110344
0,0,0.20821653
0,0,0.32271245
0,0,0.24122074
0,1,0.5902096
0,0,0.3597393
1,1,0.5885438
0,0,0.30462205
0,1,0.5593598
0,0,0.34889942
0,1,0.7724708
1,1,0.73678875
0,0,0.4751392
0,0,0.37807134
0,1,0.5054977
1,1,0.76998276
1,1,0.7359283
0,1,0.5692522
1,1,0.5940872
0,1,0.6031171
0,1,0.6702708
1,1,0.7145152
1,0,0.49512845
0,0,0.47710928
0,1,0.65990007
0,0,0.18063883
0,1,0.5526793
0,1,0.585701
1,1,0.77067596
1,0,0.42722756
1,1,0.6032239
1,0,0.28777587
0,1,0.7611844
0,0,0.4607348
1,1,0.58215606
0,0,0.36680007
0,0,0.33729276
1,1,0.53180015
1,0,0.34547752
1,1,0.81407607
1,0,0.47787896
0,0,0.3358195
0,0,0.4512736
0,1,0.5403097
1,1,0.58824515
0,0,0.38940355
1,0,0.42028922
0,0,0.47272137
0,0,0.41784585
0,0,0.2502857
0,0,0.35166147
0,0,0.31979904
0,0,0.3457494
0,0,0.33706552
0,1,0.7680383
0,0,0.28607887
0,0,0.3791919
0,1,0.73699534
0,0,0.4933455
0,0,0.38417152
1,1,0.53505445
0,1,0.60622597
1,1,0.5040617
0,1,0.70554346
0,0,0.3243505
0,1,0.6153352
0,0,0.43887234
0,0,0.446748
0,0,0.46025017
0,0,0.407619
0,0,0.35153234
0,0,0.3295353
0,0,0.43765348
0,1,0.6187861
0,0,0.37478197
1,1,0.6043283
1,1,0.76536214
1,1,0.60873264
0,1,0.53559804
0,0,0.34882963
0,0,0.42875576
0,0,0.40255573
1,1,0.737605
0,0,0.37806082
0,0,0.41380382
1,1,0.5767744
0,0,0.38747415
0,0,0.35502398
0,0,0.46526676
0,0,0.45403248
0,0,0.44037694
1,0,0.3460641
1,0,0.24815986
0,0,0.45379907
1,0,0.41358382
1,0,0.39933115
1,1,0.7545427
0,0,0.2637823
0,0,0.2653743
1,0,0.3919666
1,1,0.59002733
0,0,0.27372396
1,1,0.6177819
0,1,0.6085563
1,1,0.6659291
1,0,0.29195663
0,1,0.70760095
1,1,0.7296181
0,0,0.31248134
1,0,0.48772195
0,1,0.506042
1,1,0.87409633
1,1,0.8295872
0,0,0.47844076
0,0,0.3398612
0,1,0.58456355
0,1,0.7215282
0,0,0.32795677
0,1,0.6971055
1,1,0.6036695
1,1,0.73200536
1,1,0.5683759
0,0,0.39396006
1,1,0.72198975
1,0,0.42705685
1,0,0.46930763
1,1,0.5891267
0,0,0.20246352
1,1,0.7443011
0,0,0.4957627
0,0,0.26094154
1,1,0.7115803
1,0,0.3782549
1,1,0.5161644
1,1,0.5459961
1,0,0.4005237
1,1,0.6717168
0,0,0.40376982
1,1,0.64289856
1,1,0.57151484
1,0,0.46936652
1,1,0.5636704
0,0,0.49184024
1,1,0.5169337
1,1,0.5887933
0,0,0.45317906
0,0,0.43893206
0,0,0.49016285
0,0,0.42797685
0,0,0.42719388
0,0,0.41128227
0,1,0.6045023
1,0,0.2810752
0,0,0.46230602
1,1,0.7689196
1,1,0.6494726
1,0,0.30460697
1,1,0.55820525
0,1,0.7173176
0,0,0.36944595
0,1,0.70828015
0,1,0.5736546
0,0,0.48710102
0,0,0.40498564
0,0,0.47365555
0,0,0.42778134
1,1,0.6752825
1,1,0.6560962
0,1,0.6928855
0,0,0.48711288
1,1,0.57313263
1,0,0.44728118
0,0,0.22017285
0,0,0.44274816
0,1,0.66182387
0,0,0.48242575
1,1,0.6475303
1,1,0.6509818
1,0,0.41569197
0,0,0.41958323
0,1,0.61801696
0,0,0.37088898
0,0,0.41331512
0,0,0.48271656
1,1,0.7755955
0,0,0.38498136
1,0,0.31050533
0,1,0.6401262
1,0,0.36696854
0,0,0.4218579
0,0,0.3919899
0,0,0.32319027
0,0,0.4935351
0,0,0.2747956
0,0,0.37934512
1,0,0.39051446
0,0,0.3528848
1,1,0.64929307
1,1,0.649637
0,0,0.1912908
0,0,0.4261561
1,1,0.6591749
0,0,0.49217558
1,1,0.70804477
1,0,0.40058804
0,1,0.6851171
0,0,0.36201954
1,1,0.55211014
0,0,0.3238614
1,1,0.759344
0,0,0.4398897
0,0,0.41179892
0,1,0.6550963
0,0,0.490306
1,0,0.49017644
1,1,0.6662252
0,1,0.7100449
1,0,0.31822568
0,1,0.7167243
0,0,0.3368735
1,0,0.4299614
1,1,0.5251682
0,1,0.64584696
0,1,0.5384456
0,0,0.302728
0,0,0.3269713
1,1,0.7994919
0,1,0.5667055
1,1,0.7459108
0,1,0.61590827
0,1,0.50968343
0,1,0.54683685
0,0,0.35178825
1,1,0.6089076
0,0,0.4141399
1,0,0.4015146
0,0,0.30660713
1,1,0.77803123
1,1,0.55928946
0,0,0.48297244
0,0,0.41699454
1,1,0.72900534
0,0,0.27984822
1,1,0.58700436
0,1,0.5116331
0,0,0.32840982
0,0,0.4290721
1,0,0.4242874
1,0,0.42504358
0,0,0.4797379
1,1,0.86290777
0,0,0.3820282
1,1,0.6963874
1,1,0.5670208
0,1,0.6622109
1,1,0.6511359
1,1,0.6375258
0,1,0.6872068
0,0,0.3747381
1,0,0.2934545
1,0,0.34939042
1,1,0.5153959
0,0,0.27571243
0,0,0.29256287
0,0,0.18496993
0,1,0.725117
0,0,0.3570913
1,1,0.8223839
0,0,0.48089215
1,0,0.35850257
0,1,0.5357523
1,0,0.42309833
0,0,0.38438916
0,0,0.39051327
0,1,0.6061624
0,0,0.40909424
0,0,0.2964907
0,1,0.5658952
0,1,0.5906874
1,0,0.38487464
1,0,0.3724351
1,1,0.584188
1,1,0.7444533
0,1,0.53671837
1,1,0.72057486
1,1,0.6436651
0,1,0.6111314
1,1,0.7819065
0,1,0.5235064
1,1,0.6262536
0,1,0.6122539
1,0,0.2966422
0,0,0.2595855
0,0,0.3170317
0,0,0.42753854
1,0,0.37330666
0,0,0.4431932
0,0,0.4217516
0,0,0.42840177
0,0,0.3697139
0,1,0.5413815
0,0,0.38554633
0,0,0.22801241
1,0,0.42904985
0,0,0.40720415
0,1,0.68474996
0,1,0.59743166
0,0,0.34645846
0,1,0.701571
0,0,0.3832695
0,1,0.5624888
0,0,0.44755685
1,0,0.32502273
0,0,0.4426698
0,1,0.52611816
0,1,0.6379298
1,1,0.6244732
0,0,0.4094584
0,1,0.6024343
0,1,0.57446754
1,1,0.6177795
1,0,0.44756594
0,1,0.6960788
1,1,0.6703602
0,0,0.4170671
0,1,0.50302076
1,1,0.5673995
0,0,0.33914843
0,0,0.43696657
0,0,0.30325142
0,1,0.7120495
1,0,0.44548738
0,0,0.48942846
0,0,0.31755105
1,0,0.3885244
1,0,0.457582
1,1,0.6740008
0,1,0.605373
0,1,0.5797504
0,1,0.59286416
0,1,0.6908797
0,0,0.4008912
0,1,0.55955446
1,1,0.536936
0,0,0.4977887
1,1,0.6151076
0,0,0.43695113
1,1,0.66470754
0,1,0.633456
0,0,0.33721164
0,0,0.4194235
1,0,0.375061
1,1,0.63465685
0,0,0.39855957
0,0,0.35768074
0,0,0.37089846
0,0,0.28121874
0,0,0.39788702
1,1,0.6664964
1,1,0.66503334
0,0,0.24249981
0,0,0.43296152
0,0,0.23398153
1,0,0.4101609
0,0,0.40236557
0,1,0.5529734
1,1,0.7708844
0,0,0.40187687
0,0,0.25038296
0,0,0.3849808
0,0,0.49025184
0,1,0.6595081
0,1,0.5405185
0,1,0.638915
1,0,0.35684708
0,1,0.75858194
0,0,0.48243308
1,1,0.8287246
0,1,0.5790316
0,0,0.30083597
1,0,0.49352634
1,0,0.18416895
1,0,0.3466769
0,1,0.5187222
0,0,0.48100737
0,1,0.58989364
1,0,0.4148782
0,0,0.418931
0,0,0.43860066
1,0,0.37387004
1,0,0.40850547
0,1,0.6621764
0,0,0.40852824
1,1,0.62095183
0,1,0.78071177
0,0,0.21986796
0,0,0.4979344
0,1,0.58318293
1,1,0.7111978
1,1,0.5626113
1,1,0.57203907
0,1,0.5997776
0,1,0.5359014
1,1,0.6373323
1,0,0.29058263
0,0,0.32560614
0,0,0.4174643
1,0,0.42357987
1,0,0.30687237
1,1,0.7537637
0,0,0.2606853
0,1,0.71235144
0,0,0.41345832
1,0,0.4100606
0,0,0.3487775
0,0,0.33430135
0,0,0.22489873
1,1,0.6084107
0,0,0.3691233
0,1,0.5121837
0,1,0.5318831
0,0,0.34511402
0,0,0.3462607
0,0,0.22921541
1,0,0.40773964
0,0,0.2165093
0,0,0.41146502
0,1,0.538443
1,1,0.5895149
1,1,0.6634989
1,1,0.5977664
0,0,0.46906748
0,1,0.5377332
1,1,0.81746155
0,1,0.58949697
0,0,0.36648336
1,1,0.5240183
0,0,0.29479533
0,1,0.7285635
0,0,0.3955746
1,0,0.37691277
1,0,0.43833923
1,1,0.6414873
0,1,0.5607462
1,0,0.35370564
1,0,0.27057266
0,0,0.31141755
0,0,0.21945141
0,0,0.28529197
0,1,0.51503265
1,0,0.4234616
0,1,0.5937019
1,0,0.33861715
1,1,0.5682131
0,0,0.369438
0,0,0.4171528
0,0,0.3917625
0,0,0.31672418
0,0,0.39800417
1,1,0.7232372
1,0,0.40337753
0,0,0.37223718
0,1,0.6488063
0,1,0.5442599
0,0,0.3247217
0,0,0.27495417
1,1,0.57067156
1,1,0.72072595
0,1,0.732224
0,0,0.4632872
0,0,0.33370426
1,1,0.63946843
1,1,0.78851175
1,0,0.26276484
0,0,0.44172442
0,1,0.5632708
0,0,0.49054217
0,0,0.3776558
0,1,0.71574354
0,0,0.3803963
0,0,0.47957605
0,1,0.54992175
0,0,0.20617041
0,0,0.28849185
1,0,0.45071074
1,1,0.76070637
0,1,0.81771773
0,0,0.48392573
1,0,0.27463263
0,0,0.42383295
0,0,0.4221362
0,1,0.6181207
0,1,0.5285508
0,0,0.43191284
0,0,0.45021752
0,0,0.41305673
0,0,0.40021256
1,1,0.5272304
1,1,0.7168393
0,0,0.38497898
0,1,0.7965375
0,0,0.29537833
1,0,0.44715124
1,1,0.72642606
0,0,0.2984068
0,0,0.33707157
1,1,0.51395655
0,0,0.35705757
1,1,0.7162569
0,0,0.35738492
0,1,0.5204014
1,1,0.5858452
0,0,0.41915542
0,0,0.35140318
1,1,0.56603324
1,0,0.3686101
0,0,0.40393153
0,0,0.4089908
1,0,0.29424083
0,1,0.58246136
0,0,0.3881413
0,0,0.43736532
0,0,0.4627083
0,0,0.44332346
0,1,0.5411812
1,1,0.64354503
1,1,0.6351296
1,0,0.4561503
0,0,0.3157332
1,1,0.72218853
0,0,0.42037115
1,1,0.67177653
1,1,0.6749941
0,1,0.54765236
0,0,0.4561192
0,0,0.3456247
0,0,0.38284257
1,1,0.69657016
0,0,0.42066064
0,0,0.37434888
0,0,0.34587544
0,0,0.47642252
0,1,0.7320422
1,1,0.5203104
0,0,0.33813068
0,1,0.7005689
1,0,0.45168412
1,1,0.624938
0,1,0.73028374
0,0,0.39130265
0,0,0.46930167
1,1,0.637007
0,1,0.5643269
1,0,0.44161212
0,0,0.40849763
1,1,0.67489684
1,1,0.5906507
1,0,0.48801905
0,0,0.452953
0,0,0.2657205
0,0,0.24719787
1,0,0.39475918
0,0,0.40277803
0,0,0.33240566
1,1,0.61899805
1,1,0.66429114
1,1,0.6821134
0,0,0.34299007
0,0,0.41541123
1,1,0.72505414
1,1,0.7071335
0,0,0.17068067
0,0,0.31783542
0,0,0.48042464
0,1,0.55605096
0,1,0.57908994
0,1,0.6369614
0,0,0.43368578
0,0,0.31452817
1,1,0.60924727
0,1,0.6878818
0,0,0.35355693
1,1,0.678496
1,1,0.65881
0,0,0.3870308
1,1,0.8603075
1,1,0.63117003
0,0,0.42850363
0,0,0.29030043
0,0,0.3388363
1,1,0.51585317
1,0,0.4968482
1,1,0.7559178
1,1,0.60130656
0,1,0.7385753
1,1,0.6421193
0,1,0.6029908
0,1,0.52397263
0,1,0.524256
0,0,0.23394091
0,0,0.16905013
0,0,0.41533402
1,0,0.27500913
1,1,0.5219475
1,1,0.51257324
0,0,0.40533608
0,1,0.6578202
0,1,0.5776409
0,1,0.62533224
0,0,0.3894253
1,1,0.5976026
0,0,0.41933617
0,1,0.7095692
0,1,0.5965637
0,0,0.49703005
0,1,0.5828079
0,1,0.6035409
0,1,0.5455252
0,0,0.40381995
0,0,0.19612016
0,0,0.23115295
1,1,0.74255407
1,1,0.7473949
0,0,0.47765914
1,1,0.605075
0,0,0.3746364
1,1,0.52903545
0,1,0.6687449
1,0,0.49568385
0,1,0.5587101
0,1,0.61635685
1,0,0.495039
0,0,0.4078385
1,0,0.34680662
0,0,0.39762342
1,1,0.8412788
0,1,0.696741
0,0,0.41290292
1,1,0.57692987
1,1,0.71424973
1,0,0.2953657
0,0,0.43764526
1,0,0.39867735
1,1,0.6603906
0,0,0.23988731
0,1,0.52502215
1,1,0.6661265
0,1,0.649549
1,1,0.77653766
0,0,0.49646613
0,1,0.6494477
1,1,0.64425915
1,0,0.36969233
1,1,0.5394343
0,0,0.40066224
0,0,0.39936867
0,0,0.21617645
1,0,0.3709196
0,1,0.50563586
0,1,0.5685528
0,0,0.44247177
1,1,0.6134537
0,0,0.4901629
0,0,0.29067835
1,0,0.31047145
1,0,0.4684895
1,0,0.3800472
1,1,0.68446946
1,1,0.79681027
0,0,0.28718054
0,1,0.63578653
0,1,0.63625515
1,1,0.60781187
1,0,0.46239504
1,1,0.51598394
0,0,0.4574473
0,0,0.41015416
1,1,0.5401981
1,0,0.4829291
0,0,0.45684543
1,1,0.70241
0,0,0.44929668
0,0,0.43636593
0,0,0.32477927
1,1,0.52695
0,1,0.64544404
1,0,0.41079602
1,1,0.5294745
1,1,0.70324326
1,0,0.47035822
0,0,0.39658698
0,0,0.31997162
0,0,0.3789516
1,1,0.7649353
1,1,0.5781262
1,1,0.60225856
1,1,0.64939946
0,1,0.5748373
0,0,0.4053015
0,0,0.23876067
0,1,0.6405138
0,0,0.47301874
0,0,0.2821825
0,0,0.24463442
0,0,0.34542042
1,1,0.6108619
0,0,0.38779113
1,0,0.3428628
0,0,0.4523334
1,1,0.616838
0,0,0.4775198
1,1,0.67330074
0,1,0.51070184
1,1,0.6881269
0,1,0.66599774
0,0,0.36252457
0,0,0.4106757
0,0,0.41860697
0,0,0.33829394
0,0,0.49892148
0,1,0.7113159
0,0,0.31157115
0,0,0.49351418
0,1,0.73662734
0,0,0.33171293
1,1,0.53897303
0,0,0.37805542
0,1,0.5406349
1,0,0.46351916
1,1,0.6484599
0,1,0.58270997
0,0,0.3706675
0,1,0.7625236
1,0,0.4414249
1,0,0.49616835
0,1,0.62450635
0,0,0.47715634
0,0,0.44666678
1,0,0.40771863
0,0,0.34048533
0,1,0.60168016
0,0,0.16526274
1,1,0.64623797
0,0,0.32472467
0,1,0.7793015
0,1,0.55656683
0,0,0.367516
0,0,0.41955772
0,0,0.3432508
1,1,0.66223407
1,1,0.64685464
0,1,0.7136693
0,1,0.50756156
1,0,0.35440874
0,1,0.64634526
0,0,0.38994706
0,0,0.20414108
0,1,0.60895634
0,0,0.4049122
0,0,0.2738657
0,0,0.38080564
0,1,0.68551433
0,0,0.17445514
1,1,0.5483515
0,0,0.4679369
1,0,0.4387193
0,0,0.27324405
1,1,0.641602
0,0,0.4665056
0,0,0.33285704
0,0,0.35722488
0,0,0.39482358
1,1,0.61736023
1,0,0.41228935
0,0,0.4091553
1,1,0.6511097
0,0,0.39607656
0,0,0.37959862
0,0,0.3433429
0,1,0.55671
0,1,0.56596154
1,0,0.44718495
1,0,0.29483604
0,1,0.7575387
1,0,0.45176965
0,0,0.41163942
0,0,0.23029698
0,1,0.64289415
0,1,0.74010295
0,1,0.5422572
1,0,0.35666478
0,0,0.24827343
0,0,0.2782434
1,1,0.6346978
0,1,0.5567427
0,0,0.376841
0,0,0.41561913
1,0,0.4288163
0,0,0.44274762
1,1,0.531543
0,1,0.62565184
0,0,0.40053603
0,0,0.16559538
0,0,0.37685412
1,1,0.5677242
0,1,0.5007875
1,0,0.4856549
0,0,0.3710729
0,0,0.35909155
1,1,0.6171778
1,1,0.6398449
0,0,0.38881707
0,0,0.40906414
1,1,0.88243914
0,1,0.6422383
0,0,0.3043572
0,0,0.45932934
0,0,0.48049226
0,1,0.7756143
0,0,0.3809249
1,1,0.51338524
1,1,0.63597035
0,0,0.39711723
0,0,0.17413358
1,1,0.61193335
0,1,0.78596133
0,1,0.5058252
0,0,0.38690987
1,1,0.72265244
1,1,0.67449915
0,0,0.31721577
0,0,0.4406357
0,1,0.6787859
1,0,0.3906049
1,0,0.27986935
0,0,0.35340914
0,0,0.25425807
0,0,0.28331435
0,0,0.35631102
0,0,0.41030303
0,0,0.23667826
1,1,0.57705677
1,1,0.6175804
0,0,0.3860687
0,0,0.41749662
0,0,0.26048744
1,1,0.69681066
1,0,0.38618696
0,0,0.21507065
1,1,0.68255603
0,0,0.42747158
0,0,0.46781406
0,0,0.40842846
1,1,0.7199526
0,0,0.29158303
1,1,0.6594705
1,0,0.40182975
1,1,0.62450695
0,0,0.46939
0,1,0.6698966
1,0,0.3800628
1,0,0.34887764
1,1,0.65740514
0,1,0.5860757
0,1,0.6772696
0,1,0.60768026
1,1,0.56560963
0,0,0.38946897
0,1,0.6506096
0,0,0.20619218
1,1,0.54793113
0,0,0.37207142
0,1,0.75801706
0,0,0.25570405
1,0,0.42275175
1,1,0.7674673
1,1,0.5995754
1,1,0.6952067
1,0,0.32559064
0,1,0.61826754
0,0,0.34211156
1,1,0.7740952
0,0,0.2955039
0,0,0.34366703
1,1,0.5170265
0,0,0.42989665
0,0,0.26105356
1,0,0.39674237
1,1,0.68715364
0,0,0.151186
0,0,0.34920406
1,1,0.71451646
1,1,0.71613324
1,1,0.6634567
1,1,0.793886
0,1,0.718237
0,0,0.23220652
0,0,0.4466739
0,1,0.547766
1,0,0.40633824
0,0,0.2513979
0,0,0.4899477
0,0,0.46950778
1,1,0.6329421
0,1,0.51492447
1,1,0.54750395
0,1,0.63559306
1,1,0.7145643
0,1,0.6547561
1,1,0.66906124
0,1,0.5417156
1,1,0.53895473
0,0,0.31880817
0,0,0.38001493
1,1,0.7840849
0,0,0.392695
0,0,0.42486957
1,0,0.38076094
0,0,0.2688098
1,0,0.34562406
0,0,0.3259438
1,0,0.49873158
0,0,0.460886
0,1,0.55724657
0,0,0.3889381
0,1,0.7062464
1,1,0.7881334
1,1,0.7033715
0,0,0.38062564
0,0,0.3163023
0,0,0.33922935
1,1,0.6279608
1,1,0.5468854
0,0,0.43753558
0,0,0.4482007
0,1,0.8015886
0,0,0.4002572
0,0,0.47527602
0,1,0.6274547
0,0,0.31224522
0,0,0.3864118
0,0,0.44036758
1,0,0.47337666
1,1,0.6545086
0,1,0.6710186
1,1,0.52105033
0,0,0.3474413
1,1,0.5782932
0,0,0.4332743
0,0,0.3470122
0,1,0.5406802
1,1,0.68377495
0,1,0.60912156
0,0,0.3501182
0,0,0.18957457
0,0,0.43279144
0,1,0.67092085
0,0,0.40936825
1,0,0.2888036
1,1,0.5577818
0,1,0.6176598
0,0,0.334562
1,1,0.5854368
1,0,0.34318396
0,0,0.381244
1,1,0.6027844
0,0,0.19883072
1,0,0.47104973
1,0,0.36993706
0,0,0.36950603
0,1,0.75292003
1,1,0.593617
0,0,0.21771277
0,0,0.38982007
1,1,0.7240568
1,0,0.34104106
0,1,0.5852593
0,0,0.20461899
0,1,0.5030979
1,1,0.53552866
0,0,0.4027565
1,1,0.6186267
1,1,0.73712856
1,0,0.35903072
0,0,0.32288054
0,1,0.5796999
0,0,0.38631985
0,1,0.57336617
1,0,0.35841033
1,1,0.5223113
1,1,0.59757006
1,0,0.15174891
1,1,0.67561543
1,1,0.8824534
0,1,0.5487704
1,1,0.6293982
0,0,0.2595315
0,0,0.47182253
0,0,0.24585341
0,0,0.41496745
0,1,0.67456067
1,0,0.44382632
1,1,0.78808516
0,0,0.4002407
0,1,0.65373456
0,0,0.40899324
0,1,0.56973195
0,1,0.57581425
0,0,0.27082106
0,0,0.21631314
0,0,0.4480812
0,0,0.36203638
0,1,0.5744097
0,1,0.6671833
0,0,0.41448078
0,0,0.3150346
1,0,0.24636628
0,0,0.37289527
0,0,0.26881644
0,1,0.7512635
0,0,0.4097616
1,0,0.4690799
0,0,0.2597258
0,1,0.55909085
0,0,0.15801495
0,0,0.4374235
0,1,0.5091368
0,0,0.40871853
1,0,0.33368555
0,1,0.597988
0,0,0.37897462
0,0,0.17424992
0,0,0.3996568
0,1,0.7379943
0,0,0.18800014
0,1,0.6803524
0,1,0.7176157
1,0,0.38356557
0,0,0.3523584
0,0,0.37251642
0,0,0.4906531
1,1,0.76661456
1,0,0.4491999
0,0,0.40384352
0,1,0.648303
0,0,0.21274424
0,1,0.5864879
0,0,0.47954687
0,1,0.5779997
0,1,0.52866995
1,1,0.51086056
1,1,0.69290483
0,1,0.6755842
1,1,0.6713147
0,0,0.49312887
0,0,0.41637698
0,0,0.27510592
0,1,0.52493834
1,1,0.6462871
1,0,0.28716516
0,0,0.3336505
1,0,0.4369622
0,1,0.60577697
0,1,0.5828713
1,1,0.70946
1,1,0.8193734
1,0,0.43083826
0,0,0.4415951
1,1,0.7701792
0,0,0.35883865
0,1,0.5523808
0,0,0.3934346
1,0,0.37710232
1,0,0.41441226
1,1,0.8063581
0,1,0.6918126
0,1,0.81057125
0,0,0.43695983
1,1,0.5056045
1,0,0.38829932
0,1,0.6962371
1,1,0.701566
1,1,0.77785814
1,0,0.2759956
0,0,0.36261094
1,1,0.53605485
0,1,0.71703666
0,1,0.53644365
1,0,0.35947394
0,1,0.54717815
0,0,0.47687936
1,0,0.44067237
0,0,0.11879751
0,0,0.4604014
1,1,0.66441214
0,0,0.34647837
1,0,0.36416632
0,0,0.25408933
0,0,0.19572893
1,1,0.77241623
1,0,0.49104765
1,0,0.28497878
1,1,0.63397884
1,0,0.39576346
0,0,0.25435245
1,1,0.5447216
1,1,0.6890954
0,0,0.49424776
0,0,0.42199802
0,0,0.36098924
0,0,0.41548133
0,0,0.3001574
1,1,0.72356594
0,0,0.36129352
0,1,0.7390051
1,0,0.2874811
1,0,0.39112794
1,0,0.4964691
1,0,0.44546556
0,0,0.43185484
0,1,0.7458484
0,1,0.62461114
0,0,0.46488386
1,0,0.3686631
1,1,0.5330735
0,1,0.6322111
0,0,0.47314906
0,0,0.32513613
0,0,0.33970174
0,0,0.40834844
0,1,0.50533384
0,0,0.39308494
1,1,0.6378814
0,1,0.7049173
0,0,0.35002354
1,1,0.738798
1,0,0.491716
1,0,0.30866057
0,0,0.3663455
0,0,0.34096512
0,0,0.39570436
0,1,0.61385
0,0,0.3631995
1,1,0.67523444
1,1,0.5635803
0,0,0.3851511
0,0,0.3626582
0,0,0.43155697
1,0,0.42041665
1,1,0.59753186
1,1,0.7961744
0,0,0.17652492
1,1,0.72647595
0,0,0.33848614
0,1,0.67739356
0,1,0.58220273
1,1,0.8585217
1,0,0.41574225
0,0,0.38483998
0,0,0.27475733
1,0,0.34240773
0,0,0.4230945
1,0,0.4399786
1,1,0.68644345
1,1,0.78023237
0,0,0.40162298
1,0,0.40572745
1,1,0.7347011
1,1,0.7445683
1,1,0.524463
0,1,0.55028284
1,1,0.64642256
1,0,0.44090188
0,1,0.7241211
0,0,0.4491894
0,0,0.44921523
0,0,0.38466635
0,0,0.22772363
0,0,0.32850993
1,1,0.64963835
0,0,0.29185358
0,0,0.25176653
1,1,0.63435566
0,0,0.34850752
0,1,0.66154814
0,1,0.5055561
0,0,0.37565935
0,0,0.44290704
0,0,0.3794206
0,1,0.6537022
0,1,0.69424295
0,0,0.43386915
0,0,0.26587716
0,0,0.4820225
0,0,0.35580006
0,1,0.5473701
1,1,0.53665006
0,0,0.23580548
0,0,0.33380497
0,1,0.7534714
0,1,0.6317222
1,0,0.29851836
1,0,0.4625941
1,1,0.6414051
1,1,0.5919501
1,1,0.81143385
0,0,0.3412583
1,1,0.6327208
0,0,0.41160646
0,1,0.53200597
0,0,0.4401879
0,0,0.44296443
0,0,0.30449912
0,1,0.551779
1,1,0.60651696
0,0,0.4069607
0,1,0.65439457
1,0,0.3735006
0,1,0.6356702
1,1,0.5136558
1,0,0.48496267
0,0,0.41400862
0,1,0.56599456
0,1,0.61673445
0,0,0.35153413
0,1,0.7525833
1,1,0.7316637
1,1,0.6687522
1,1,0.6001889
0,1,0.6939794
1,1,0.5208185
0,0,0.3777723
1,0,0.43042088
0,0,0.24279381
0,1,0.5909712
0,1,0.5738944
1,0,0.32078943
0,0,0.4676548
0,0,0.45043385
0,0,0.38178673
0,0,0.435028
0,1,0.5907749
1,0,0.4752348
0,1,0.74197245
0,1,0.5232118
0,1,0.5487449
0,1,0.63011354
1,0,0.49531773
0,0,0.4982323
0,0,0.25956583
0,1,0.5176467
0,0,0.23696879
1,0,0.38781238
1,1,0.6741705
0,1,0.5945292
0,0,0.48865265
1,1,0.64791834
0,0,0.2211741
1,0,0.3463974
0,0,0.33251318
0,0,0.47980493
0,1,0.6289826
0,0,0.25628874
0,0,0.18302825
1,1,0.66335046
1,1,0.59828573
0,0,0.21084051
0,0,0.40133524
0,0,0.42819077
0,0,0.40727
0,0,0.43853873
1,1,0.6748861
0,0,0.32047498
0,1,0.5340509
0,0,0.42219344
0,0,0.39817494
0,0,0.34025523
0,0,0.37719402
0,0,0.27215552
0,0,0.396427
0,1,0.6247738
0,1,0.532591
1,0,0.36420164
1,0,0.45756164
0,0,0.40967104
0,0,0.32056892
1,0,0.16637716
0,0,0.3516371
0,0,0.44410113
0,0,0.2885582
1,1,0.7761456
1,1,0.69960916
0,0,0.39406556
1,1,0.5395801
0,0,0.32774404
0,0,0.18703417
1,0,0.37442878
1,1,0.6775243
0,1,0.60855424
1,1,0.6953387
0,0,0.33810318
0,1,0.6830224
1,1,0.6634866
1,1,0.68831265
1,0,0.34839004
0,0,0.43732014
1,1,0.61221373
0,0,0.15953197
1,0,0.41764632
0,0,0.37608403
1,1,0.6879686
1,1,0.5548003
1,0,0.46381447
0,1,0.62690467
0,0,0.42825186
0,0,0.2230245
0,1,0.6489495
0,0,0.3621187
1,1,0.5210823
0,1,0.52749705
1,1,0.5252192
1,0,0.39479998
0,0,0.49206623
0,0,0.4291449
0,1,0.50095004
1,1,0.7515597
1,0,0.25901794
0,1,0.76695985
1,0,0.42524558
0,0,0.41430733
0,0,0.2653565
1,1,0.6099497
1,0,0.39917237
0,1,0.6999261
1,1,0.5514159
0,0,0.36161354
1,0,0.4217195
0,0,0.2732732
0,1,0.67548263
0,1,0.6370585
1,1,0.5601704
0,1,0.6565993
1,1,0.7473308
0,0,0.456179
0,0,0.30543476
1,1,0.58375746
1,1,0.72207034
0,0,0.3752456
0,0,0.25001583
0,0,0.3051736
1,0,0.41314805
0,1,0.5190722
0,0,0.33100522
0,0,0.31296536
0,1,0.55847996
0,1,0.61010647
1,1,0.64187
1,1,0.67078936
0,0,0.4131597
0,0,0.48924512
1,1,0.831419
0,1,0.58352184
0,0,0.2748547
1,1,0.7045186
0,0,0.42043886
0,0,0.48975107
0,0,0.31581154
0,0,0.37045702
1,1,0.5516571
0,0,0.3280163
0,1,0.6609289
0,0,0.47147992
1,1,0.553414
1,0,0.32804856
1,0,0.24336278
0,1,0.69882953
1,1,0.51077914
0,1,0.54071176
1,0,0.40777752
1,1,0.5435224
0,0,0.36754796
1,1,0.7675799
1,1,0.81192553
0,0,0.42177147
0,1,0.5457276
0,0,0.4403207
0,0,0.48062354
0,1,0.6140433
1,0,0.39198786
1,1,0.6017362
0,0,0.37445617
0,0,0.35768557
1,0,0.49354953
0,1,0.5406417
1,1,0.55037326
0,1,0.6071845
1,1,0.75267786
0,0,0.39565882
0,0,0.38686728
0,1,0.76994693
0,0,0.33717695
1,1,0.746088
0,1,0.67586863
1,1,0.8791837
1,1,0.75960916
0,1,0.6312232
1,1,0.76928765
1,0,0.43807465
1,1,0.7993951
0,1,0.66692734
0,0,0.43819317
1,0,0.33675265
1,1,0.6102741
1,0,0.43944785
1,1,0.7834598
1,0,0.45657188
0,0,0.208183
1,1,0.6780736
0,1,0.605587
0,0,0.3048435
0,0,0.41754082
1,0,0.44808805
0,0,0.398072
1,1,0.5184637
0,1,0.74101293
1,1,0.6973608
1,0,0.39623034
0,0,0.23900642
0,0,0.41573745
0,0,0.20304261
0,1,0.5406894
0,0,0.36956415
0,1,0.5047466
0,0,0.27340224
0,0,0.34195855
0,1,0.50677836
0,0,0.34693667
1,0,0.27794448
0,0,0.28659755
0,0,0.4041726
0,0,0.35388267
0,0,0.49459156
1,0,0.38520205
1,1,0.51953745
0,1,0.52339995
1,1,0.5187838
0,0,0.3526414
0,0,0.24704455
0,1,0.5408665
1,0,0.3815779
0,0,0.49498463
1,0,0.45628566
0,1,0.57604057
0,0,0.2379185
0,0,0.42031187
0,0,0.42378792
1,1,0.71453583
1,0,0.35150954
1,0,0.42274776
0,0,0.27796492
0,1,0.5122804
0,0,0.34049118
0,0,0.2973928
1,1,0.76628715
1,0,0.3537737
0,1,0.53297675
1,1,0.52338415
0,0,0.43011728
0,0,0.3897286
0,0,0.2860124
0,0,0.34454635
0,0,0.31423935
0,0,0.2777741
1,1,0.8089728
1,0,0.45054477
0,0,0.35517266
0,1,0.67823136
0,0,0.49285093
0,1,0.644861
0,0,0.49509186
1,0,0.36821133
0,0,0.3708533
1,0,0.35094762
1,1,0.79037297
1,0,0.44026902
0,0,0.35366032
0,0,0.43653244
1,1,0.730671
0,0,0.21743716
1,1,0.533254
0,1,0.6476726
0,1,0.6955285
0,0,0.48018184
0,0,0.4547774
0,0,0.3248021
0,1,0.77609
0,0,0.41669428
1,0,0.45016527
1,1,0.55103207
0,0,0.36870804
1,0,0.3007352
0,1,0.65185106
0,1,0.51215076
0,1,0.56706846
0,0,0.35396677
1,1,0.5843555
1,1,0.71365654
1,0,0.26278412
1,0,0.40532762
1,0,0.38074496
0,0,0.43193534
1,1,0.8023036
0,0,0.35839966
0,1,0.8433417
0,0,0.49927005
1,1,0.5091501
0,0,0.41804
0,0,0.37123126
0,0,0.30953386
0,0,0.3251244
1,1,0.6710974
1,1,0.616577
0,1,0.5787647
0,1,0.5397304
0,0,0.4058555
0,0,0.28893632
0,0,0.28400806
1,1,0.8025128
0,1,0.7517954
1,1,0.6493188
0,0,0.41108826
1,0,0.45831484
0,1,0.6944964
1,1,0.63015306
1,0,0.48852587
1,0,0.46087024
0,1,0.5411272
0,0,0.32028565
0,0,0.33896708
0,1,0.5919328
1,0,0.28346756
0,1,0.63663757
0,1,0.7588098
0,1,0.52347046
0,0,0.2322187
0,0,0.3837681
0,0,0.2873242
1,1,0.6417204
0,0,0.43096906
0,1,0.6701381
1,1,0.51378196
0,0,0.33216706
1,1,0.7800056
1,1,0.76609576
0,0,0.40087253
1,1,0.5843041
0,0,0.3082859
1,1,0.7245878
1,1,0.6866687
0,0,0.21053587
0,1,0.5064311
0,1,0.70927256
0,0,0.32026005
0,1,0.59177613
0,0,0.35024852
0,1,0.7108865
1,1,0.6778579
1,0,0.49166617
