actual_label,predicted_label,predicted_probability
0,0,0.39574152
0,0,0.3871457
0,1,0.5068759
0,0,0.41726568
0,1,0.507975
1,1,0.5506722
0,0,0.23501693
1,0,0.4854319
0,0,0.42984918
0,0,0.48990932
1,1,0.51041734
0,1,0.5317099
0,1,0.508
0,1,0.6393311
0,1,0.5385112
0,0,0.44481134
0,0,0.4636183
0,1,0.5680145
0,1,0.53184175
0,0,0.43932906
1,1,0.5693394
0,1,0.5003171
1,1,0.55987877
0,0,0.4214961
0,0,0.4517402
0,0,0.4387417
0,0,0.44454986
0,0,0.46806717
1,0,0.44119203
0,0,0.393717
0,1,0.6270455
0,1,0.55865073
0,0,0.3220059
0,0,0.4267333
0,0,0.47899386
0,1,0.58731765
0,0,0.27863777
0,1,0.5126164
0,0,0.4473308
0,1,0.5446453
0,1,0.5910463
0,0,0.44582048
0,0,0.4331204
0,0,0.4552265
1,0,0.4487349
0,1,0.5169168
0,1,0.58390725
0,0,0.41409144
0,0,0.4151342
1,0,0.49641356
0,0,0.3885436
0,1,0.5962662
1,1,0.6131426
0,0,0.39424846
0,1,0.54377747
0,0,0.44379568
1,1,0.54108524
0,0,0.49803346
0,1,0.5697205
0,0,0.45253262
0,1,0.620139
1,0,0.44817537
1,0,0.3363274
0,1,0.5152104
0,0,0.44830638
0,0,0.41491228
0,0,0.4739367
0,0,0.4898692
1,1,0.52632076
0,0,0.42288896
0,1,0.55492425
0,0,0.35033476
0,0,0.39229152
0,1,0.53890216
0,0,0.23248237
0,1,0.50304437
0,1,0.5342605
0,0,0.42270958
0,0,0.4382402
1,1,0.5585277
0,1,0.5957668
0,1,0.5992757
0,1,0.5218669
0,1,0.55553925
0,0,0.45818153
0,0,0.47019425
1,1,0.5674207
0,0,0.46033096
0,1,0.5230737
1,0,0.46349898
0,0,0.45400593
0,0,0.41927657
0,0,0.3820701
1,1,0.54311407
1,1,0.5041857
0,0,0.33409786
0,0,0.43495736
0,0,0.377221
0,0,0.46703255
0,0,0.4447241
0,0,0.42970732
0,1,0.5215347
1,0,0.469822
0,0,0.49586836
1,0,0.36845797
1,1,0.6290854
0,0,0.46295562
0,1,0.5031674
1,1,0.52205276
1,1,0.6499731
0,1,0.533571
0,1,0.59863365
0,1,0.55577475
1,0,0.33528104
0,1,0.57731545
0,0,0.45026127
0,0,0.49023518
1,0,0.48276964
0,1,0.53809845
0,0,0.38938305
0,0,0.40369442
0,1,0.5652367
0,0,0.4274849
0,0,0.493059
0,0,0.48597488
0,0,0.45892644
0,0,0.34340787
0,0,0.494965
0,0,0.39797518
0,1,0.5944661
0,1,0.626384
0,1,0.5971805
1,0,0.41911623
0,0,0.46413782
0,1,0.62158805
0,0,0.45578218
0,0,0.31488025
0,1,0.53437996
0,0,0.47292197
0,1,0.50628114
0,0,0.44046688
0,0,0.44608214
0,1,0.5008491
0,1,0.51710737
0,0,0.42051604
0,0,0.46469137
0,0,0.48865122
0,0,0.465534
0,0,0.4862952
0,0,0.36208794
0,0,0.36086002
0,0,0.43870232
0,0,0.4564154
0,1,0.61169624
0,0,0.45734233
0,0,0.42413267
0,1,0.5491022
0,1,0.54912853
0,1,0.61337364
0,0,0.4193595
0,0,0.3758863
1,1,0.5691818
0,0,0.41491592
0,1,0.51809156
0,0,0.2938203
1,1,0.5825148
0,0,0.34104702
0,0,0.48101777
0,1,0.6045166
0,0,0.42919922
0,0,0.4506498
0,0,0.47828007
0,1,0.51972294
0,0,0.39887366
0,1,0.61604166
1,1,0.6024704
0,0,0.45342582
0,0,0.44496673
0,0,0.43492785
0,0,0.32781985
0,0,0.43473372
1,0,0.4673659
1,0,0.4495326
0,0,0.44482648
0,1,0.5269091
0,0,0.34124002
0,0,0.40089986
0,0,0.4364702
0,0,0.48974994
0,1,0.5288682
1,1,0.6700477
0,0,0.4075295
0,0,0.32696828
0,1,0.5660373
0,1,0.5374205
0,0,0.41177508
1,1,0.53132844
0,1,0.5680606
0,0,0.30353016
1,0,0.34516564
0,0,0.3319065
0,1,0.50071096
0,0,0.43966383
0,1,0.5847231
1,0,0.4803035
1,1,0.58401227
1,1,0.5485568
1,1,0.57678276
0,0,0.3707392
0,1,0.54348725
0,1,0.5919094
0,1,0.54710084
0,0,0.40793356
0,0,0.28446597
0,1,0.66670597
0,1,0.59343493
0,1,0.520429
0,1,0.52978027
1,1,0.54469705
0,0,0.39221585
0,0,0.42137057
1,0,0.49118814
0,0,0.40328273
0,1,0.6188594
0,1,0.53686476
0,0,0.38364002
0,1,0.6408211
0,0,0.42475307
0,1,0.58336246
0,0,0.4807051
0,1,0.53781676
0,1,0.51805335
0,0,0.39582998
0,1,0.5098351
0,1,0.50504327
0,1,0.54751307
0,0,0.42082596
1,1,0.50997674
0,1,0.50983024
1,1,0.58612925
0,0,0.34264654
0,0,0.4165543
0,0,0.43410856
0,0,0.315374
0,0,0.39200708
0,0,0.41927725
0,0,0.38253585
1,1,0.52293205
0,0,0.4377287
0,1,0.52997303
0,1,0.5388253
0,1,0.55087376
0,1,0.5039859
0,0,0.40991074
0,1,0.5669437
0,0,0.4230097
0,1,0.52429926
0,0,0.42651412
1,0,0.4977864
0,0,0.32822168
0,0,0.43344954
0,0,0.43721274
1,1,0.5136955
0,1,0.5914172
0,0,0.49991566
0,0,0.4520372
0,1,0.5007684
0,1,0.55841917
1,1,0.5493193
1,1,0.6238037
0,0,0.24650352
0,1,0.5286087
0,0,0.46079922
0,0,0.23663525
0,0,0.49420753
0,0,0.44678688
0,0,0.49133423
0,0,0.48915705
0,1,0.51381624
0,0,0.36676833
0,0,0.31381962
0,1,0.5140369
0,1,0.6216655
1,1,0.58815336
0,0,0.42931858
0,0,0.43955424
1,0,0.4380254
0,1,0.5584953
0,0,0.3877147
1,1,0.6289886
0,0,0.47377467
0,1,0.59073436
0,0,0.46159595
0,0,0.3557165
0,0,0.43051162
0,1,0.54359794
1,1,0.628192
0,1,0.58421236
0,0,0.20111491
0,0,0.4446078
0,1,0.583583
1,0,0.4812628
1,1,0.55287
1,0,0.41518205
0,1,0.52572453
0,0,0.3814119
0,0,0.47376865
1,1,0.5311175
0,1,0.50496244
0,0,0.34015268
0,1,0.5732517
0,1,0.59985137
1,1,0.73322517
0,0,0.26392075
0,0,0.46656144
0,0,0.49518767
0,0,0.36580914
0,1,0.56848603
0,0,0.21958485
1,0,0.2700025
0,0,0.4400703
0,0,0.48679608
0,0,0.37075785
1,1,0.5177175
0,1,0.57442486
1,0,0.41326085
0,1,0.5215893
0,1,0.5572485
0,1,0.5072722
1,0,0.46609166
0,1,0.5587611
0,0,0.39757624
0,0,0.27010283
0,1,0.52824366
1,0,0.3846798
0,0,0.4035171
1,1,0.5642967
0,1,0.5155745
1,0,0.4130767
0,1,0.60530317
0,0,0.41700348
0,0,0.32567856
0,0,0.3696676
0,0,0.38327688
0,0,0.3850145
0,1,0.55180174
0,0,0.4740238
0,0,0.44945928
0,0,0.4419823
0,0,0.28269923
0,0,0.49177897
0,1,0.5210552
0,0,0.3784602
0,1,0.5666883
1,0,0.44404584
0,1,0.5618619
0,0,0.42041636
0,1,0.5229668
1,1,0.61765313
0,1,0.54093236
0,0,0.4509922
0,0,0.44267818
1,0,0.44524974
0,0,0.31318048
0,0,0.37640175
1,1,0.51127106
0,1,0.566435
0,0,0.4627359
0,0,0.42627627
0,1,0.54498523
0,0,0.4818362
0,0,0.361635
0,0,0.48758063
0,1,0.52632356
1,0,0.47329876
0,0,0.41516152
0,0,0.48542053
0,0,0.47881517
0,0,0.49955505
0,0,0.4146097
0,1,0.52501947
0,1,0.6977726
0,0,0.34891775
0,0,0.48004925
1,1,0.553241
0,0,0.3487171
0,0,0.3686588
0,0,0.484332
0,0,0.48988226
0,0,0.2998188
0,1,0.53251576
0,1,0.5230084
0,0,0.39228103
0,0,0.46394855
0,0,0.4037192
0,0,0.35186994
1,0,0.48403004
1,1,0.5104264
0,0,0.2758361
0,0,0.47520724
0,1,0.5469341
0,0,0.3406935
0,1,0.51126623
0,0,0.3713584
0,1,0.50370723
0,1,0.64931786
0,0,0.31620815
0,0,0.49051878
0,0,0.46996838
0,0,0.28165454
0,0,0.43255055
0,0,0.36996934
0,0,0.4694986
0,0,0.3859493
1,1,0.59944606
0,1,0.5025104
0,1,0.51018286
1,1,0.53654957
0,1,0.5916428
0,1,0.54913986
0,1,0.56316954
0,0,0.39319265
0,0,0.36064157
0,1,0.54176027
0,0,0.45585403
0,1,0.5678048
1,1,0.63418925
0,1,0.5483909
0,0,0.33769965
0,1,0.5007185
0,1,0.560976
0,1,0.6020998
1,0,0.48588103
0,1,0.60585797
1,1,0.5890578
0,1,0.57907355
0,1,0.5686892
0,0,0.20941995
0,0,0.24010743
0,1,0.59441215
0,1,0.5238905
0,0,0.4611613
1,0,0.45341396
0,0,0.4696194
0,0,0.36530167
0,0,0.41121948
0,0,0.46176934
0,1,0.5494673
0,0,0.43111902
0,1,0.54321814
0,0,0.48417807
0,0,0.44188005
0,0,0.4244058
0,0,0.35205987
0,0,0.45228174
0,0,0.36797896
0,0,0.4770595
0,1,0.5064017
0,0,0.4051804
0,0,0.48620576
0,0,0.3432859
0,1,0.5738748
1,1,0.53121793
1,1,0.5976114
1,1,0.6158743
0,1,0.589111
1,1,0.50624573
1,0,0.4807639
0,1,0.530245
0,0,0.40799052
0,1,0.5505469
0,0,0.35066092
0,0,0.37965053
1,1,0.5630466
0,0,0.44696176
0,0,0.28302586
0,0,0.32590932
0,1,0.55461663
0,0,0.4687807
0,0,0.21491058
0,0,0.36272764
0,0,0.41034243
1,1,0.62194276
0,1,0.7467978
0,1,0.5811714
0,0,0.4834794
0,1,0.5031044
0,0,0.4767603
0,0,0.46364692
0,1,0.6032649
0,0,0.47880682
0,1,0.5290791
0,0,0.4755912
0,1,0.5335741
1,0,0.48754418
0,0,0.35121375
0,0,0.32369694
0,0,0.23902324
0,1,0.5626902
0,0,0.45155337
0,0,0.43530363
0,0,0.43752557
0,0,0.45952955
0,0,0.3857586
0,1,0.5343003
0,1,0.5398184
1,1,0.6719549
0,1,0.5244327
1,0,0.4822799
0,1,0.537855
0,0,0.4096628
0,0,0.36218584
1,1,0.5012813
0,0,0.43078357
0,1,0.6172137
0,0,0.48640564
0,0,0.31545302
1,0,0.49869528
1,1,0.53206605
0,1,0.5553078
0,1,0.51401246
1,1,0.58016413
0,1,0.5393153
0,0,0.4436361
0,0,0.38754886
0,1,0.57743096
0,0,0.43158093
0,0,0.2870601
0,0,0.36726126
0,0,0.3901285
0,0,0.44299015
0,1,0.61641395
0,0,0.37308747
0,1,0.565765
0,0,0.48951432
0,0,0.41888735
0,0,0.3222945
0,1,0.6378113
0,0,0.36304796
0,0,0.40209422
1,0,0.36703628
0,0,0.4148402
0,0,0.42473158
0,0,0.22096361
0,0,0.40774998
0,1,0.57500577
0,0,0.31077883
1,0,0.49961582
0,0,0.3214963
0,0,0.4815881
0,0,0.4432268
1,0,0.443726
0,0,0.47271898
0,0,0.47665778
0,0,0.48375633
0,0,0.40305194
0,1,0.55481327
0,0,0.4097827
0,0,0.47778556
0,0,0.2776563
0,1,0.5105543
1,1,0.6288453
1,0,0.48019844
1,1,0.5460827
0,1,0.5763973
0,0,0.48939484
0,1,0.5297402
0,1,0.5033944
0,0,0.36234784
0,1,0.6115354
0,1,0.5579734
0,0,0.37801933
0,0,0.30758506
0,0,0.48319766
0,0,0.45667747
1,1,0.58849317
1,0,0.45769978
0,1,0.6264049
0,0,0.40172058
0,0,0.37325525
0,1,0.53480715
1,0,0.39709643
0,0,0.4512757
0,0,0.48623815
0,0,0.47720698
0,1,0.5124117
0,0,0.43593988
0,1,0.61412823
0,1,0.5177026
0,0,0.23034753
0,0,0.4103598
0,0,0.39116
0,1,0.5449695
0,1,0.58816576
0,1,0.56252104
0,0,0.34364346
0,1,0.6437489
0,0,0.48266485
0,0,0.31578472
0,0,0.30978507
0,0,0.45700806
0,1,0.5967507
0,0,0.47683796
1,1,0.50032735
0,1,0.5154185
1,0,0.44766968
1,1,0.53112173
1,1,0.6241987
0,1,0.5325197
0,1,0.5038486
0,0,0.46970975
0,0,0.3749145
0,0,0.361158
0,0,0.30419585
0,1,0.50879765
0,0,0.38661045
0,0,0.44608858
0,0,0.43879977
0,0,0.44982758
1,0,0.44246885
0,0,0.47246653
1,1,0.7206049
0,0,0.3827021
1,0,0.3905399
0,0,0.38507482
0,0,0.38252395
0,1,0.55680156
0,0,0.4760729
1,1,0.51099586
0,0,0.46992835
0,1,0.54337215
0,1,0.5471046
0,0,0.34111688
0,1,0.53411466
1,0,0.4656987
0,0,0.3965688
0,0,0.48517525
0,0,0.43089062
0,1,0.51997566
1,1,0.57567316
0,0,0.37107688
0,0,0.45816228
0,0,0.30604842
0,0,0.4811755
1,1,0.5574603
0,0,0.41865942
1,0,0.38620538
0,0,0.2528098
0,0,0.34156436
0,1,0.51191753
0,0,0.47575614
1,1,0.5497258
0,0,0.39810863
0,0,0.47436193
0,0,0.45437703
0,1,0.5612725
0,0,0.4248619
0,1,0.5487788
0,1,0.53015894
0,0,0.48787907
0,0,0.46986505
0,1,0.52080476
0,1,0.5388592
0,1,0.5650277
0,0,0.41442674
0,0,0.46155927
1,1,0.5400754
0,0,0.42953768
0,0,0.39760938
1,1,0.5554308
1,1,0.5386152
0,1,0.54995
1,0,0.39712763
1,1,0.5486311
0,1,0.54443634
0,0,0.34894928
0,1,0.52777195
0,0,0.47691077
0,0,0.4762254
0,0,0.34764856
0,0,0.3905019
0,1,0.53299284
0,1,0.5356989
0,1,0.57227325
0,1,0.5667124
0,0,0.42661658
0,0,0.45527643
0,0,0.3251899
0,1,0.51798844
0,1,0.5105075
0,0,0.4322247
0,0,0.49082485
0,1,0.621174
0,0,0.43528035
1,1,0.58605486
0,1,0.5790445
0,0,0.4943802
1,1,0.5496329
0,0,0.44598168
0,0,0.41437194
0,1,0.5694588
0,0,0.30821282
1,0,0.44934776
0,0,0.40716186
0,1,0.5560527
0,1,0.5046842
0,1,0.5688207
0,1,0.5224604
0,0,0.44734243
1,1,0.57144153
0,0,0.35839647
0,0,0.4138341
1,1,0.50200593
0,1,0.6154942
0,1,0.60454625
0,0,0.49377888
0,1,0.54098815
0,1,0.595544
0,0,0.48816165
0,0,0.40271857
1,0,0.44543537
0,1,0.52461183
1,0,0.43099675
0,0,0.47187698
1,1,0.6262939
0,0,0.39038226
0,0,0.45997646
0,0,0.44393536
0,0,0.40703046
0,0,0.29502338
0,0,0.32729092
1,0,0.45779976
1,0,0.3997182
0,1,0.5464221
1,0,0.47919497
0,0,0.35111174
0,0,0.35825846
0,0,0.44922578
0,0,0.46126303
0,0,0.43052357
0,0,0.3282987
0,0,0.38576373
0,1,0.61742914
0,0,0.48789397
0,1,0.58860636
1,0,0.49519226
0,0,0.4939306
0,1,0.5457946
0,1,0.5466714
0,1,0.5213244
0,0,0.4467424
1,1,0.54557157
0,0,0.4833095
0,1,0.5826501
0,1,0.56600666
0,0,0.246528
1,0,0.32966882
1,0,0.48394042
0,0,0.38827702
1,0,0.23790343
0,0,0.40666506
0,0,0.40527147
1,1,0.52516973
0,0,0.4180107
0,1,0.5285371
0,1,0.5437273
0,0,0.33607826
0,0,0.4860466
0,1,0.5641728
0,1,0.5410572
0,0,0.47832897
0,1,0.5647358
0,1,0.5908768
0,0,0.473063
0,0,0.4628167
0,0,0.4641914
1,0,0.46108142
0,0,0.48616663
0,1,0.5037111
0,0,0.47645625
0,0,0.44307977
0,1,0.52801466
0,1,0.58317745
0,1,0.5346335
0,0,0.32995862
0,0,0.34111047
0,0,0.3949483
0,0,0.32841137
0,1,0.51076686
0,0,0.46959612
0,0,0.40786952
0,0,0.4755652
0,1,0.5515243
0,1,0.6370657
0,0,0.38340428
0,0,0.42402476
0,1,0.6392556
0,1,0.603978
0,0,0.4728448
1,0,0.33154723
1,0,0.3829451
0,0,0.46290976
0,0,0.47269282
0,1,0.55486
0,1,0.5118302
0,1,0.56839424
0,1,0.5998696
0,0,0.42507887
0,0,0.40991795
0,1,0.54779553
0,1,0.5101813
1,0,0.43115205
0,1,0.53052104
0,1,0.503931
0,0,0.48702002
0,1,0.5374718
0,0,0.48778725
1,0,0.41535017
1,1,0.54863405
0,0,0.2716796
0,1,0.5595228
0,0,0.38825935
0,0,0.41735312
0,1,0.60880286
0,1,0.5380388
0,0,0.47700298
0,0,0.44743496
0,0,0.48309723
0,1,0.60303473
0,0,0.47902453
0,1,0.5989437
0,0,0.33949
0,0,0.4394464
0,0,0.48841625
0,0,0.46119377
0,0,0.34044728
0,0,0.36961123
0,1,0.5664938
0,0,0.25836274
1,1,0.55196023
1,1,0.56129193
0,0,0.40014407
0,1,0.5608778
0,0,0.40372485
0,0,0.46713862
0,0,0.38661638
0,1,0.58008444
0,0,0.49963343
0,1,0.56816113
1,1,0.5738728
0,0,0.4448437
0,1,0.590122
0,0,0.29548374
0,0,0.41836727
0,0,0.4289573
1,1,0.56244147
0,0,0.37972412
0,0,0.34002018
0,0,0.4290717
0,0,0.4132708
0,0,0.4707608
0,1,0.5103809
0,1,0.52809787
0,1,0.5445932
1,0,0.4389021
0,0,0.4461155
0,1,0.55834997
0,0,0.35726315
0,1,0.51332724
0,1,0.68751824
0,0,0.35474598
0,1,0.5257726
0,0,0.41759485
1,0,0.4104077
0,0,0.42916107
0,0,0.49925685
0,0,0.40614167
0,0,0.4549725
0,1,0.62577695
0,1,0.5341351
0,0,0.4537092
0,0,0.4540027
0,1,0.5008818
0,0,0.45174336
0,1,0.57219136
0,0,0.42323148
0,0,0.4505461
0,1,0.5161919
0,0,0.4237505
1,0,0.43450147
0,1,0.56052864
0,0,0.4008212
0,0,0.49092823
0,1,0.5639975
0,0,0.38905358
0,1,0.6100992
0,1,0.56198406
0,0,0.49059796
0,0,0.48985612
0,0,0.443804
0,0,0.45453164
0,0,0.4057112
0,0,0.43410772
0,0,0.2199707
0,1,0.5775386
0,1,0.5117638
0,0,0.40454307
1,1,0.52469677
0,1,0.56674814
0,1,0.6292815
0,0,0.29608592
0,0,0.42070398
1,1,0.520424
1,0,0.4330787
0,0,0.37665522
0,0,0.4458175
0,1,0.50671995
0,0,0.4391546
1,1,0.6075536
0,0,0.40273902
1,0,0.35719377
1,1,0.53239393
0,0,0.431597
0,0,0.44186264
1,0,0.48294544
0,1,0.5518501
1,0,0.37389985
0,1,0.6435721
0,0,0.40634838
0,0,0.38910723
0,1,0.5300887
1,1,0.5838386
0,0,0.32185468
0,0,0.4501474
1,1,0.5150572
0,1,0.5217617
0,1,0.5510986
0,0,0.2629324
0,0,0.49362722
0,0,0.3791134
1,1,0.5592276
0,0,0.2610508
0,1,0.5717875
0,0,0.4606759
0,0,0.41060466
0,0,0.30702963
0,0,0.4706104
1,1,0.5659592
0,0,0.38849643
0,1,0.5522299
0,0,0.39277804
0,0,0.43799952
0,0,0.4945991
1,1,0.52761817
0,0,0.46199167
0,0,0.45689183
1,1,0.54859805
0,0,0.43816316
1,1,0.6142689
0,0,0.43992975
0,0,0.46527255
0,1,0.5418891
0,0,0.47634658
0,1,0.55199134
0,1,0.6115513
1,0,0.39262953
1,1,0.5195757
0,0,0.34524876
0,1,0.5314706
0,0,0.35493875
0,0,0.4517859
0,0,0.48030168
0,0,0.44507977
0,1,0.55020654
0,1,0.5953562
0,0,0.4468281
0,1,0.562063
0,0,0.39858857
1,1,0.543168
0,0,0.32425258
0,1,0.66694343
0,1,0.5253536
0,0,0.37224114
0,0,0.46515793
0,1,0.5267825
0,0,0.40963256
0,0,0.37488088
0,0,0.48409638
0,1,0.55136347
0,0,0.49462712
0,0,0.463628
0,1,0.5133401
0,1,0.52236843
0,1,0.5932714
1,1,0.5161412
0,1,0.54113144
0,1,0.55738366
0,1,0.64231443
0,1,0.5037564
0,0,0.44465852
0,1,0.507578
0,0,0.37053472
0,0,0.4894187
0,0,0.46500525
0,1,0.5309231
0,1,0.5506159
0,0,0.41657364
1,1,0.52325666
0,0,0.42440334
1,1,0.5324526
0,1,0.51207936
0,0,0.25449
0,0,0.47125575
1,0,0.4475934
0,1,0.5593293
0,1,0.5650202
0,0,0.46762398
0,0,0.2435308
0,1,0.5988815
0,0,0.4437327
0,0,0.36053672
0,1,0.5235243
0,1,0.54756117
1,0,0.48570484
1,1,0.5285773
1,1,0.5469295
1,1,0.5936233
0,1,0.544487
0,1,0.6518922
1,0,0.29614806
0,1,0.51292765
0,0,0.49229148
0,0,0.43644145
0,1,0.5569321
0,1,0.51955247
0,0,0.43927914
0,1,0.51537293
0,0,0.49238354
0,1,0.5350844
0,0,0.26056126
0,0,0.445285
0,0,0.4968115
0,0,0.43165323
0,1,0.53436315
0,0,0.4244746
0,1,0.523175
1,1,0.54882896
0,0,0.4301408
0,1,0.5304146
0,0,0.30261463
0,1,0.51209986
1,0,0.43804008
0,1,0.6051539
0,0,0.45174465
0,0,0.32100877
1,0,0.46509436
0,1,0.51835525
0,0,0.39122608
1,1,0.5303633
1,0,0.42450124
0,1,0.5480287
0,0,0.31050646
0,0,0.3912496
0,1,0.5055806
1,1,0.60559857
0,1,0.56633294
0,0,0.44129053
0,1,0.5420948
0,0,0.36270022
0,1,0.54322004
0,0,0.49558288
0,1,0.5225742
0,0,0.3468484
0,1,0.5319366
1,1,0.5232034
0,1,0.6268871
1,0,0.42722
1,0,0.48090672
0,0,0.4962638
0,0,0.3548188
0,1,0.58452725
1,0,0.35645384
1,0,0.4276593
0,1,0.60508007
0,1,0.5503013
1,0,0.432836
0,0,0.43942824
0,0,0.46931908
1,1,0.6050708
0,0,0.48661593
0,0,0.42314813
0,1,0.50925386
0,0,0.43410006
0,0,0.4010257
0,0,0.37693045
0,0,0.38110706
1,1,0.55877113
0,0,0.46333244
0,0,0.4478079
0,0,0.40028885
0,1,0.522894
0,0,0.45377418
1,1,0.50503254
0,1,0.5782745
0,0,0.20614323
0,0,0.49596146
0,0,0.4370856
0,0,0.44019052
0,0,0.4939662
0,0,0.43211317
0,0,0.30274352
0,1,0.5484928
0,0,0.44527188
0,0,0.43191472
1,1,0.55661416
1,1,0.55323327
0,1,0.6087971
0,1,0.5450518
1,1,0.57649267
0,0,0.42663595
0,0,0.31648284
0,0,0.45081738
0,1,0.5127092
0,0,0.4167674
0,1,0.5508728
1,0,0.47362733
1,0,0.4811596
0,0,0.47389814
0,0,0.3988834
1,0,0.40229666
0,1,0.6255578
0,1,0.64634097
0,0,0.4655462
0,0,0.33703446
0,0,0.24383251
1,1,0.5209569
1,0,0.2903077
0,0,0.41630596
0,1,0.68961227
0,1,0.55831325
0,0,0.48515555
1,0,0.48825017
0,1,0.6419531
0,1,0.57553864
0,0,0.38261047
0,0,0.45466745
1,1,0.5226127
1,0,0.49775895
0,1,0.5419811
0,0,0.43942818
0,0,0.41554078
0,0,0.4541909
0,0,0.48674378
0,0,0.47328314
0,0,0.42692408
1,1,0.5753194
0,1,0.52886677
0,0,0.47942233
1,1,0.5348605
0,0,0.48937845
0,0,0.30333298
0,0,0.36073765
1,0,0.4273232
1,1,0.53509116
0,1,0.55263436
0,1,0.5247396
0,0,0.4183428
0,0,0.41032586
0,1,0.5701574
0,0,0.3451449
1,1,0.5436715
0,0,0.42904156
0,0,0.47276995
0,0,0.47967482
0,0,0.3827612
1,1,0.5568681
0,1,0.5836785
1,0,0.49398404
0,0,0.49657655
0,1,0.5179311
0,0,0.26572275
0,0,0.2283437
1,1,0.63739026
1,1,0.5664309
0,1,0.56259173
0,1,0.5252981
0,0,0.45755324
0,0,0.4753627
0,1,0.5287671
1,1,0.605384
0,1,0.59914714
0,1,0.711445
0,0,0.3990293
0,0,0.48874488
0,1,0.5263717
0,0,0.4241572
0,0,0.41965058
0,1,0.62485325
0,0,0.33316568
0,0,0.2999358
1,1,0.60442185
0,0,0.43176323
0,0,0.38318515
0,1,0.5328562
0,0,0.40173674
0,0,0.4134589
0,0,0.39209375
0,1,0.53867495
0,1,0.5793493
1,1,0.57418394
1,1,0.5505438
0,1,0.5355313
1,1,0.5668529
0,0,0.43852553
0,1,0.5151475
1,0,0.46048194
0,1,0.5251197
1,0,0.4174129
1,1,0.5317187
0,0,0.32605177
0,0,0.17926314
0,0,0.2889143
0,1,0.53429353
1,1,0.51129335
1,0,0.4546761
0,0,0.31306294
0,1,0.58334965
0,0,0.4169389
0,0,0.31598517
0,0,0.21078919
0,1,0.50123876
0,0,0.48776442
0,1,0.59339
0,1,0.56775016
0,0,0.43051937
0,0,0.30475265
1,1,0.54017967
1,0,0.45906895
0,1,0.5004438
0,0,0.33805218
0,0,0.43251932
0,1,0.5908219
1,1,0.53177106
1,1,0.6036087
0,1,0.59086293
0,0,0.39590254
1,1,0.5656974
0,1,0.52672637
0,0,0.41481906
0,1,0.5417074
0,0,0.32583585
0,0,0.4453962
0,1,0.5882143
0,1,0.55553544
0,0,0.37558782
0,0,0.373321
0,1,0.59539914
1,1,0.6312302
0,0,0.42804444
1,1,0.5138444
1,0,0.38242656
0,1,0.61568356
0,1,0.6556879
1,1,0.5189409
0,0,0.46824312
0,0,0.4147813
1,1,0.62009895
0,1,0.60334957
0,0,0.3930188
1,0,0.43915594
0,0,0.4130236
0,0,0.4761458
0,0,0.3005907
1,0,0.3250659
1,0,0.47926357
1,1,0.64828914
0,1,0.6915667
0,1,0.5508055
0,1,0.5334078
0,0,0.36902985
0,0,0.47148123
0,0,0.39408484
0,1,0.50162697
0,0,0.29381967
0,0,0.29163352
0,0,0.35865146
0,1,0.51833916
0,1,0.5402931
0,0,0.42197326
0,0,0.31272143
1,1,0.56284827
1,1,0.5120597
0,1,0.5307797
0,1,0.56417036
0,0,0.4299214
0,1,0.5951443
0,0,0.2718585
0,1,0.5265085
1,0,0.4520277
0,1,0.54829
1,1,0.61924946
0,1,0.5121645
1,1,0.5316464
0,0,0.391331
0,1,0.5108049
0,1,0.648785
0,1,0.5155684
0,0,0.28200164
0,1,0.6519079
0,1,0.508238
0,0,0.4646452
0,0,0.44002113
0,1,0.5399411
1,1,0.58233833
0,1,0.507136
1,1,0.5618471
0,1,0.5462438
0,0,0.2905864
0,1,0.502279
0,0,0.47976604
0,0,0.42872924
0,1,0.5720351
0,0,0.4597333
0,0,0.32847568
0,0,0.3337662
1,0,0.36852401
0,1,0.54364556
0,0,0.46172094
0,1,0.6904641
0,0,0.46950626
1,1,0.5610001
1,1,0.51503265
0,0,0.421889
1,1,0.58585364
0,1,0.5589571
0,1,0.67758834
0,0,0.4838193
1,0,0.3215037
0,1,0.70730317
1,0,0.42737797
0,0,0.4087587
0,0,0.4129122
0,0,0.28418064
0,1,0.5979829
1,0,0.35970607
0,1,0.5584558
0,1,0.53864735
1,0,0.48226652
1,0,0.45752326
1,0,0.4891872
1,1,0.517609
1,0,0.46130994
0,1,0.6239085
0,0,0.4738153
0,1,0.53862107
0,0,0.2639078
0,1,0.53094506
0,1,0.5119147
0,0,0.4980264
0,1,0.5034412
0,1,0.5626037
0,0,0.4731525
0,0,0.35755244
0,1,0.54545426
1,1,0.51749516
0,0,0.46214098
0,0,0.47033355
0,1,0.5824871
0,1,0.59379196
0,0,0.45104775
0,0,0.47346383
0,1,0.51323235
0,1,0.59174705
0,1,0.5187504
0,0,0.3578308
0,0,0.30067176
0,0,0.27663928
1,1,0.5276044
0,0,0.41009903
0,0,0.26551077
0,0,0.24906811
0,1,0.5186217
0,0,0.44164893
0,1,0.5038626
0,1,0.61662394
0,1,0.6086008
0,1,0.5143621
1,0,0.38789633
0,1,0.50178504
0,0,0.45568514
0,1,0.5632983
1,1,0.5823159
0,0,0.43337905
0,1,0.53817713
0,1,0.5509384
0,0,0.21499969
1,0,0.4735029
0,0,0.4293879
1,1,0.5998066
1,1,0.5155231
0,0,0.34697723
0,0,0.39345595
0,0,0.37379983
0,1,0.5172672
0,1,0.68821406
0,0,0.47579873
0,1,0.57353055
0,1,0.5101004
0,0,0.41203514
0,1,0.5442954
0,1,0.5205138
0,1,0.5724442
0,1,0.5330609
1,1,0.58894324
0,1,0.6841226
0,1,0.5362774
0,1,0.51602125
0,1,0.54585475
1,1,0.65940166
0,0,0.44310442
0,0,0.40573722
0,0,0.46065217
0,1,0.55015707
0,0,0.30001193
0,0,0.31339288
0,0,0.3520427
1,1,0.6333035
0,0,0.43450272
1,0,0.4958201
1,0,0.47300538
0,0,0.31714255
1,0,0.47471327
0,0,0.48248526
0,0,0.4795791
0,0,0.4636234
0,0,0.486229
0,1,0.5458038
0,0,0.41317663
0,0,0.39359003
1,1,0.6383953
1,0,0.4355678
0,0,0.339354
0,0,0.3522333
0,0,0.47831675
0,1,0.55324054
0,0,0.4982153
0,0,0.46866003
0,1,0.52839565
0,0,0.42466113
0,0,0.42204285
0,1,0.61261
0,0,0.46034038
0,0,0.35552996
0,0,0.45875573
1,1,0.557867
0,1,0.56839323
0,1,0.65106654
0,0,0.4484437
0,0,0.38035458
0,0,0.41027945
0,0,0.435819
0,0,0.30340615
0,1,0.55289006
0,0,0.4863774
0,1,0.5310979
0,0,0.44408786
0,0,0.41533288
0,1,0.521436
0,0,0.38825214
0,0,0.44515732
0,0,0.37789243
0,0,0.42315075
1,1,0.51086885
0,0,0.44303128
0,1,0.5931813
0,0,0.4262064
0,1,0.54151
1,0,0.35160533
1,0,0.379643
0,1,0.54078656
1,1,0.57073534
0,1,0.6570262
1,1,0.58717144
0,1,0.6071762
0,0,0.46015394
0,0,0.37181392
1,0,0.40323043
0,1,0.5125344
0,0,0.3218947
0,0,0.24249339
0,0,0.43714824
0,0,0.3434159
0,0,0.4624823
0,0,0.4982359
1,1,0.5487939
0,0,0.46235698
1,0,0.49071643
0,1,0.52188796
0,1,0.7070093
0,0,0.19128038
0,1,0.55391407
1,0,0.4709497
0,0,0.4101772
0,1,0.5850967
0,0,0.3918296
0,0,0.45873925
0,1,0.5410886
0,0,0.3986753
0,1,0.5885146
1,1,0.55184174
0,1,0.5756815
0,0,0.48291817
0,1,0.60761523
0,1,0.56104743
1,1,0.611619
0,0,0.42903864
0,0,0.49931204
0,0,0.4707893
0,0,0.41918105
0,1,0.51202834
0,1,0.50503445
0,0,0.28700697
0,1,0.6035776
0,0,0.42469645
1,0,0.4669387
0,0,0.45886648
0,1,0.6642986
1,1,0.5474404
0,1,0.6752988
0,1,0.55546105
0,0,0.4994979
0,0,0.47156352
0,0,0.47402444
0,0,0.32887268
0,0,0.4432323
0,1,0.5326344
0,1,0.6305603
1,0,0.4851119
0,1,0.5909567
0,1,0.5200034
0,1,0.5072733
1,0,0.4593233
0,0,0.46335697
0,0,0.4455515
0,0,0.34331757
0,1,0.5002965
0,0,0.2853675
0,0,0.42454478
0,0,0.40323085
1,0,0.4163868
0,0,0.47783047
0,0,0.43065813
0,0,0.32777882
0,0,0.28310415
1,0,0.3709103
0,0,0.30944973
0,0,0.44767398
0,0,0.2820825
0,0,0.33696944
1,1,0.5187533
0,0,0.43713254
0,0,0.44438353
0,0,0.44201073
0,1,0.53628373
1,1,0.51848155
0,0,0.47107673
0,0,0.4522467
0,0,0.4253961
0,0,0.41674048
0,0,0.4263606
0,0,0.3035206
0,1,0.52329326
1,1,0.5476675
1,0,0.47465584
0,0,0.44336286
1,0,0.46909827
0,0,0.4380756
0,0,0.2654233
0,0,0.35847604
1,1,0.6117378
0,0,0.48655105
0,1,0.5112507
0,0,0.4425042
0,1,0.56035817
0,1,0.577406
0,1,0.5381231
0,0,0.47470167
0,0,0.23865753
1,1,0.53387564
0,1,0.51015735
0,0,0.44637498
0,0,0.41593942
0,0,0.38138574
0,1,0.59242046
0,0,0.39234802
0,0,0.49884927
0,0,0.2124133
0,0,0.38866746
0,1,0.59389114
1,0,0.4157479
1,1,0.5046501
1,1,0.59352326
0,0,0.27123642
0,0,0.39653066
0,1,0.5518974
0,1,0.5366292
0,0,0.27232143
0,1,0.6254381
0,0,0.4233549
0,0,0.4151203
0,1,0.5362676
0,1,0.5300299
0,0,0.44083354
0,0,0.39130244
1,0,0.43958607
0,0,0.42302224
0,0,0.372316
0,0,0.42580146
0,1,0.65929407
0,1,0.51433074
1,0,0.488129
1,0,0.42298758
1,0,0.42755088
0,0,0.3700987
0,0,0.37574548
0,0,0.48404077
0,0,0.37671742
0,1,0.5184607
0,0,0.49010304
0,0,0.25437993
1,1,0.5633675
0,1,0.5739665
0,0,0.47676882
0,0,0.3165704
0,1,0.62426937
0,0,0.4197889
0,0,0.32561895
0,1,0.5249785
0,0,0.2928495
0,0,0.46950233
0,1,0.5623367
0,0,0.4858281
0,1,0.5816275
0,1,0.5225507
0,0,0.3559833
0,0,0.26875624
0,0,0.45260096
1,0,0.47412923
0,1,0.5012039
0,1,0.5447624
0,0,0.30103442
0,0,0.34950325
0,0,0.45912454
0,1,0.51527286
0,1,0.5429964
0,1,0.5648055
0,1,0.59282297
0,0,0.4334458
0,1,0.55413246
0,0,0.4641428
1,1,0.5559636
0,0,0.46152422
0,1,0.55496013
0,0,0.1821766
0,1,0.5338057
0,0,0.4608982
0,0,0.44701937
0,0,0.41216215
0,0,0.4712084
1,1,0.5374787
1,1,0.5634126
0,1,0.5052672
0,0,0.455045
0,0,0.29965553
0,1,0.5222316
1,0,0.23312038
1,0,0.43447214
0,0,0.47123244
0,0,0.13392623
0,1,0.51888824
0,0,0.40170595
0,0,0.3950016
1,0,0.42810836
0,1,0.571525
0,0,0.45046812
0,0,0.33322307
0,0,0.35357288
0,0,0.43099284
1,0,0.46699053
0,1,0.50298584
1,0,0.45336065
0,0,0.46641248
0,0,0.44786206
0,0,0.4063124
0,0,0.45464852
1,1,0.5898163
0,0,0.46635547
0,0,0.31716493
1,1,0.6171665
0,0,0.4681564
0,0,0.3335767
1,1,0.539571
1,0,0.24318567
0,0,0.3311705
0,0,0.20307146
0,1,0.5263897
1,0,0.49090588
0,0,0.30829066
0,0,0.46613762
0,0,0.43890002
0,1,0.5482385
1,1,0.54079366
0,0,0.49811378
0,1,0.6371547
0,0,0.4577827
1,1,0.57119507
0,0,0.4787809
0,1,0.5466631
0,1,0.5318892
0,0,0.4722855
1,0,0.4896902
0,0,0.47259918
0,0,0.41056693
1,0,0.49788824
0,1,0.5066776
0,0,0.49656445
1,0,0.4829146
0,1,0.56772244
0,0,0.43639806
0,1,0.5438056
0,0,0.45338812
0,0,0.46412334
1,1,0.56341714
0,1,0.5824331
0,0,0.46563604
0,1,0.54660106
1,0,0.45827106
0,0,0.42888752
0,1,0.6681941
0,1,0.51504815
0,0,0.31826267
0,1,0.526171
1,0,0.39288694
0,0,0.44562557
0,1,0.55848134
1,1,0.56173813
1,1,0.5538046
0,1,0.5210277
0,1,0.50647604
0,0,0.44281417
0,1,0.5551983
0,0,0.4994701
0,0,0.29336187
0,0,0.41216815
1,0,0.444225
0,0,0.3612408
0,0,0.39698517
0,0,0.2890699
0,0,0.32522857
0,1,0.5012846
0,0,0.3431678
0,0,0.34807396
0,0,0.27201387
1,1,0.58135766
0,1,0.526984
0,0,0.38338715
1,0,0.47975388
1,1,0.6325427
0,0,0.47359753
1,0,0.4222984
0,0,0.4298874
0,0,0.362332
0,0,0.40866
1,0,0.29875353
0,1,0.5735465
0,0,0.4123174
1,0,0.3914929
0,1,0.50236726
0,0,0.33885887
1,0,0.46600038
0,0,0.31184316
0,1,0.561465
0,0,0.3542196
0,0,0.31991005
0,1,0.5035932
0,0,0.3623457
0,0,0.34054545
1,0,0.46874145
0,0,0.4041904
0,1,0.5896646
0,1,0.54952407
0,0,0.34723213
1,0,0.39966178
0,0,0.44187626
0,1,0.5514202
1,1,0.5188081
0,0,0.3471415
0,0,0.34002903
1,1,0.7225909
0,1,0.5029278
0,1,0.5144035
0,0,0.31328568
1,0,0.46043584
0,1,0.5501229
1,0,0.46315393
0,0,0.49030268
0,0,0.47417873
1,1,0.5024593
0,1,0.65394306
0,0,0.39231732
0,1,0.53049356
0,1,0.57671976
0,1,0.7975305
1,0,0.47629872
0,1,0.5894071
1,0,0.42278355
1,1,0.64096034
0,0,0.3936448
0,0,0.37534878
1,1,0.5767451
0,0,0.46151027
1,1,0.5506258
0,0,0.4745382
0,0,0.42613843
0,0,0.2951166
1,0,0.45833334
1,1,0.54164404
0,0,0.1590071
0,1,0.6291629
0,0,0.4017801
1,0,0.46379077
0,0,0.31093213
1,1,0.6389831
0,1,0.5779711
0,0,0.41902184
1,1,0.55926955
0,1,0.57903063
0,0,0.3513961
0,0,0.2902797
0,0,0.31435096
0,1,0.537515
0,1,0.5489402
0,1,0.56552124
0,0,0.48778674
1,1,0.52725494
0,1,0.51476973
1,1,0.5126728
1,1,0.5238509
0,1,0.59543914
1,1,0.5125952
0,0,0.47717398
1,1,0.67606306
0,0,0.36771917
0,0,0.3723639
0,1,0.65032554
0,0,0.44643572
0,0,0.4481637
0,0,0.38898495
0,1,0.51906216
0,1,0.5101675
0,0,0.34386468
1,1,0.6513795
0,1,0.5857706
0,0,0.48532876
0,0,0.43476385
0,0,0.4825241
0,0,0.38823017
0,0,0.3778709
0,0,0.4326372
0,1,0.60389364
1,0,0.3375008
0,1,0.5257023
0,0,0.43806517
0,0,0.4729483
1,1,0.6790225
0,0,0.37869403
0,0,0.46738482
0,0,0.37811172
1,1,0.54381955
0,0,0.3191048
0,0,0.30452642
0,1,0.5824976
0,0,0.46726283
0,1,0.55469286
1,0,0.46821773
1,1,0.557935
0,1,0.55410224
0,0,0.2745526
0,0,0.44805285
1,1,0.5438484
0,1,0.5735332
0,1,0.53083193
0,1,0.5449369
0,1,0.58731925
0,0,0.37542814
0,0,0.4978829
1,1,0.57190096
0,0,0.33569467
0,0,0.37158695
0,1,0.58386886
0,0,0.43004814
0,0,0.31423858
0,1,0.5336028
1,0,0.3535274
0,0,0.47149622
0,1,0.6156399
1,0,0.4593795
0,0,0.46373913
0,0,0.366176
0,1,0.5455337
0,0,0.40628156
0,1,0.54511607
0,0,0.32243365
0,0,0.49581325
0,0,0.28781614
0,0,0.411016
0,0,0.40559486
0,0,0.42899057
0,0,0.4288356
0,0,0.4186234
0,0,0.4685906
0,1,0.5272204
0,0,0.4836915
1,0,0.4553363
0,0,0.48560897
1,1,0.57986283
0,1,0.6298544
0,0,0.33168057
0,0,0.46988657
0,0,0.4275448
0,0,0.49156195
0,0,0.47267118
0,1,0.5721559
0,0,0.34209582
0,0,0.48097226
0,1,0.5193943
0,1,0.5710602
1,0,0.37890702
0,1,0.5282371
0,1,0.5121397
0,1,0.52040696
0,0,0.3581943
0,1,0.5033678
0,0,0.46857068
1,1,0.5657325
0,1,0.50525904
1,1,0.65939426
0,1,0.5541603
0,0,0.35780427
0,1,0.577612
0,0,0.3790976
0,1,0.5106293
0,0,0.30352157
0,1,0.5674331
0,0,0.36005214
0,1,0.50960624
0,1,0.62491333
0,0,0.46679607
0,0,0.25925222
0,0,0.42122564
0,0,0.46153545
0,0,0.43241945
0,0,0.41516903
0,1,0.5246844
0,1,0.55798584
0,0,0.4075166
0,1,0.5106759
0,0,0.42135176
0,1,0.62179726
0,0,0.43345645
1,1,0.5749396
0,1,0.5373931
0,1,0.5061852
0,0,0.4202094
0,1,0.5027219
0,1,0.5149034
0,0,0.43633154
0,0,0.45952514
1,0,0.46449938
0,0,0.49621144
0,0,0.3050004
0,0,0.43740118
0,1,0.565307
1,1,0.52458763
0,0,0.46618733
1,1,0.59506357
0,0,0.40018055
0,0,0.41024163
0,0,0.48401278
0,1,0.5956457
0,1,0.57134974
0,1,0.545701
0,0,0.45684615
1,1,0.53894114
0,1,0.50915456
0,0,0.42136943
0,0,0.48093957
0,0,0.3364057
0,0,0.3616704
0,0,0.22584818
0,1,0.51341295
0,0,0.49682614
0,1,0.51625824
0,0,0.4397688
0,1,0.5639909
1,1,0.5219604
0,0,0.4478369
0,0,0.4746628
0,0,0.47781116
0,1,0.5452423
0,0,0.403512
0,0,0.40678975
0,1,0.52991694
0,0,0.32586485
0,0,0.27840683
0,0,0.37356144
0,0,0.4223859
0,0,0.45497254
0,1,0.55207324
0,1,0.5431112
0,1,0.50659287
0,0,0.37490967
0,0,0.26957643
0,1,0.527136
0,0,0.45958677
0,0,0.36509386
1,0,0.41893694
0,1,0.52087384
1,0,0.48708886
1,1,0.54326826
0,1,0.5290482
0,0,0.33968803
0,1,0.5412102
0,1,0.53680444
0,1,0.5452164
0,1,0.53011703
0,0,0.24324197
1,1,0.55547404
0,0,0.29462793
0,1,0.5248352
0,0,0.3521912
0,1,0.62677133
0,1,0.5680092
0,0,0.34483248
0,0,0.43325296
0,0,0.4777327
0,1,0.5453845
0,0,0.42221132
0,1,0.5946853
0,0,0.3989142
0,0,0.37097695
0,1,0.5056528
0,0,0.3296849
0,1,0.51521426
0,0,0.36891487
0,1,0.51031584
0,0,0.4897916
0,0,0.43794206
1,1,0.50909317
0,0,0.24271372
0,0,0.42803183
0,1,0.5283555
1,0,0.44430903
0,0,0.2924408
1,1,0.7038598
0,0,0.43884236
1,1,0.54225147
0,0,0.3728115
0,1,0.5722678
0,0,0.18403982
0,0,0.34440732
0,1,0.5792129
0,0,0.46948478
1,0,0.46361843
0,1,0.5912657
0,1,0.51440954
0,0,0.20800443
0,1,0.50102687
1,1,0.60830694
0,0,0.4197042
0,1,0.6203259
0,0,0.44410428
0,0,0.49665213
1,0,0.38758436
0,0,0.42396295
0,1,0.5552101
0,0,0.36626577
0,0,0.45077544
0,0,0.45785055
0,1,0.54646266
0,1,0.5223056
0,0,0.34437436
0,0,0.4846423
0,1,0.54765666
1,0,0.4274898
0,1,0.586658
0,0,0.29365537
0,0,0.4641729
0,0,0.4167437
0,1,0.5171579
1,0,0.46078572
1,0,0.36814925
0,0,0.49544683
0,0,0.40887368
0,1,0.50657797
0,0,0.48530832
0,0,0.41507566
0,1,0.6331483
0,0,0.40768385
1,0,0.43969178
0,0,0.39344242
1,0,0.4521624
0,0,0.4672325
1,1,0.5821231
0,1,0.5380137
0,1,0.5369569
0,1,0.56781185
0,0,0.39602858
0,0,0.44994476
0,1,0.65174925
1,0,0.48405194
0,0,0.4794255
0,0,0.38730925
0,1,0.5036179
0,1,0.5581471
0,0,0.4212559
0,0,0.48623085
0,0,0.4882255
0,0,0.41148394
0,0,0.30594856
0,0,0.40999523
0,0,0.391051
0,1,0.61204004
1,1,0.5809559
0,1,0.5728301
0,0,0.43949202
1,1,0.55242366
0,0,0.1665413
0,0,0.4802539
0,0,0.42417386
0,0,0.36440572
0,0,0.4288427
0,0,0.3667584
0,0,0.37592837
0,1,0.5676608
0,1,0.5447434
1,1,0.5234761
0,1,0.5373354
0,1,0.52541995
0,0,0.4249125
0,0,0.4989578
0,0,0.42990893
0,0,0.43021253
0,0,0.4932682
0,0,0.43995056
0,0,0.4574877
0,1,0.6620419
0,0,0.4913092
1,1,0.54167247
0,1,0.5266596
0,1,0.5472255
0,0,0.31512657
0,1,0.63898057
0,0,0.34629902
1,1,0.5635279
0,1,0.5803707
1,0,0.45825288
0,0,0.42740867
1,1,0.54140055
0,0,0.34733668
1,1,0.6217836
0,1,0.6193687
0,0,0.28307742
0,0,0.48163864
0,1,0.5436281
0,1,0.6595002
1,1,0.5142333
1,1,0.550655
0,0,0.25433013
0,0,0.38136867
0,0,0.39163822
1,0,0.45136118
0,0,0.31791064
0,1,0.5518829
0,0,0.31909847
0,0,0.29789627
0,0,0.35857737
0,0,0.38300037
1,0,0.4093051
0,0,0.48735788
0,1,0.5665854
0,0,0.43505597
0,0,0.3475029
1,0,0.4885984
0,0,0.37375432
0,1,0.5286699
0,1,0.52713406
0,1,0.5257555
0,1,0.53995776
0,0,0.48455563
0,0,0.32547447
0,0,0.40018883
0,1,0.5205107
1,1,0.65081406
0,0,0.4981398
0,0,0.45232254
0,1,0.5834964
0,0,0.41940734
0,0,0.2527368
0,1,0.53465974
0,0,0.28537628
0,0,0.4409948
0,1,0.626544
1,1,0.5909495
0,0,0.4280699
0,1,0.606913
0,1,0.57383585
0,1,0.5285556
1,1,0.54325765
0,0,0.36450994
1,1,0.5255437
0,1,0.5988141
0,0,0.4932237
0,0,0.44319224
0,0,0.39632145
1,1,0.6638448
1,0,0.44833845
1,1,0.5199522
1,0,0.41164684
0,0,0.46908462
1,1,0.5486846
0,0,0.49661002
0,1,0.6102223
0,0,0.32808414
0,1,0.5273471
0,0,0.2835932
0,0,0.3948534
0,1,0.54373217
0,1,0.5084138
0,0,0.30437583
0,0,0.44325987
0,1,0.63010806
0,0,0.3355867
0,0,0.4962319
0,1,0.5550637
0,1,0.5478333
0,0,0.35899657
0,0,0.4623447
0,0,0.37481946
1,1,0.5740148
0,0,0.43297952
0,0,0.4436688
0,1,0.5360746
1,0,0.3580319
0,1,0.6425642
0,0,0.37330714
1,0,0.38050467
0,0,0.36199352
1,1,0.51078486
1,1,0.5143535
1,0,0.47066048
1,0,0.43894604
0,0,0.46425992
0,1,0.5405297
0,0,0.4547684
0,1,0.51730824
0,1,0.5310565
0,1,0.55587065
0,1,0.5202855
0,0,0.36949363
0,1,0.6325835
0,0,0.4397687
1,1,0.5195423
0,1,0.534726
0,1,0.5665517
1,0,0.4538454
0,0,0.43889672
1,0,0.4685455
1,0,0.45224217
1,0,0.4837046
0,1,0.54209447
1,1,0.63428456
0,1,0.57252496
0,1,0.5167616
0,0,0.43340325
0,0,0.4987945
0,1,0.6141288
0,0,0.48239118
0,0,0.43501443
0,0,0.48136425
0,0,0.45283014
0,1,0.58542246
0,0,0.35512087
0,0,0.3351509
0,0,0.23706041
0,0,0.49426815
0,1,0.597823
0,0,0.45569968
0,0,0.3808518
0,0,0.39108402
0,0,0.37406307
0,1,0.5811146
0,1,0.5926801
1,1,0.5380928
0,1,0.5772775
0,0,0.44013208
1,0,0.40236667
0,0,0.43111587
0,1,0.59365296
0,0,0.2022753
0,0,0.24660502
0,1,0.5610368
1,0,0.45358646
0,1,0.57003236
0,0,0.35211068
0,0,0.30764836
0,0,0.37100887
1,1,0.59463334
1,0,0.47813797
0,0,0.40158486
0,0,0.47907475
0,0,0.43522942
0,0,0.4726843
0,0,0.3847484
0,0,0.46315497
0,1,0.5329647
0,0,0.41097453
0,0,0.32457945
0,0,0.43414718
1,0,0.48409212
0,0,0.46011552
0,0,0.44503665
0,0,0.4729446
0,0,0.484812
0,1,0.5100982
0,0,0.454914
0,1,0.58261764
0,0,0.38777485
0,0,0.29493585
0,1,0.63045335
0,1,0.58594406
0,1,0.5314554
1,0,0.4526929
0,1,0.6535834
0,0,0.4558882
0,0,0.35723493
1,0,0.4525739
0,0,0.46651492
0,0,0.2407022
0,0,0.4667137
0,0,0.435864
0,1,0.521688
0,1,0.52023804
0,0,0.40048856
0,0,0.26315147
0,0,0.4559946
0,0,0.32967815
0,1,0.5334533
0,0,0.35190806
0,0,0.46328276
0,0,0.29318935
0,0,0.45395315
0,0,0.4392703
0,0,0.38512442
0,1,0.5715735
1,1,0.56253153
0,1,0.53785574
0,1,0.56939936
0,1,0.61671585
0,1,0.6632064
0,0,0.4441294
0,1,0.5241931
0,1,0.5092745
0,0,0.4316016
1,1,0.5492352
0,0,0.47119296
0,1,0.50814354
0,0,0.41418597
0,0,0.4425514
0,0,0.49587387
0,0,0.37068653
0,1,0.65875196
1,1,0.6178396
1,1,0.5158603
1,1,0.5977446
0,1,0.5396023
0,0,0.28132132
1,1,0.5573082
0,1,0.5215229
1,1,0.5402019
0,0,0.46260852
0,0,0.43797034
0,0,0.4688315
0,1,0.63291967
0,0,0.40829542
0,0,0.4514013
0,0,0.4666586
0,0,0.3118926
0,1,0.5552702
0,0,0.33789375
1,1,0.517124
0,0,0.43645644
1,1,0.5138756
1,0,0.43758947
0,1,0.5214625
0,1,0.65198195
0,0,0.41029122
0,0,0.4225459
1,0,0.45590973
1,0,0.38601986
0,1,0.50524294
1,0,0.47529626
1,0,0.3704503
0,1,0.54409957
0,0,0.47267053
1,1,0.57263243
0,0,0.4712728
0,1,0.5385058
1,1,0.52517605
0,0,0.410305
0,0,0.45556855
0,0,0.3929186
1,0,0.4411579
0,1,0.67991996
0,0,0.40577954
1,1,0.6376493
0,0,0.3376564
0,0,0.43987826
0,0,0.26860136
0,1,0.63796604
0,1,0.57120293
0,0,0.40625274
1,0,0.40784818
0,0,0.38750386
0,0,0.4683372
1,1,0.6991166
0,0,0.436018
1,0,0.4071475
0,1,0.5361323
0,0,0.3015643
1,0,0.4693588
0,1,0.55330604
0,1,0.56703305
0,1,0.60328317
1,0,0.44544747
0,1,0.51743317
0,1,0.6246766
1,1,0.5934957
0,1,0.5564172
1,1,0.58560175
1,1,0.547433
0,1,0.57272303
0,1,0.5464278
0,1,0.51848704
1,1,0.5119653
0,1,0.53406644
0,0,0.46851385
0,1,0.58265114
1,0,0.4657507
1,0,0.36311316
0,0,0.474242
1,0,0.32703847
1,1,0.5025213
0,0,0.3279481
0,1,0.6075231
0,1,0.5067849
1,0,0.48398238
1,0,0.45565227
0,0,0.38548034
0,1,0.58040935
0,0,0.44770226
1,1,0.5228307
0,0,0.48818284
1,0,0.42997244
0,1,0.552107
1,0,0.4836336
1,0,0.4642066
0,0,0.37369353
1,0,0.4020585
0,1,0.5731571
0,1,0.5554321
0,1,0.5341084
0,0,0.46520185
0,1,0.5191684
1,1,0.6419178
0,0,0.41809168
0,0,0.40673992
0,0,0.43147174
0,0,0.41877607
0,1,0.5391803
0,1,0.5537803
0,1,0.5293859
0,1,0.5382958
1,1,0.5236147
0,0,0.41541204
0,0,0.41524494
0,1,0.52247375
0,1,0.58618116
0,0,0.49628857
0,1,0.5022304
0,0,0.21030945
0,0,0.47694275
0,0,0.49402314
1,1,0.6623767
0,0,0.3708191
0,0,0.404313
0,0,0.28948474
0,0,0.37148812
0,0,0.14581475
0,1,0.5467267
1,1,0.5338184
0,0,0.48335367
0,0,0.44379666
0,0,0.2329484
0,1,0.71616423
0,0,0.38875887
0,0,0.41956368
0,0,0.40934464
0,0,0.40418497
0,0,0.35867724
0,0,0.4637647
0,0,0.42875046
0,1,0.5775937
0,0,0.21119478
0,0,0.4412734
0,1,0.589851
0,0,0.49391642
1,1,0.5121975
0,0,0.4594381
1,1,0.5607469
1,0,0.42999616
0,0,0.45595962
0,0,0.30732453
0,0,0.46997952
1,1,0.54717493
0,0,0.48920837
0,1,0.5173469
1,1,0.5426224
0,0,0.3415078
0,1,0.5234965
1,1,0.5744275
0,0,0.38998398
1,0,0.40691724
0,0,0.43927807
0,1,0.512303
0,0,0.28863326
0,1,0.59490156
0,1,0.5620372
0,0,0.49678093
0,1,0.5474794
0,0,0.17522365
0,0,0.4552309
1,1,0.59863263
1,0,0.4340628
0,0,0.34058973
0,1,0.5099791
1,0,0.37784135
0,0,0.386834
1,0,0.2895508
1,0,0.45574722
0,1,0.538484
0,1,0.6163062
0,0,0.36559057
0,0,0.44268507
0,1,0.5568422
1,0,0.42363042
0,0,0.43670574
0,0,0.4458457
0,0,0.47571754
0,0,0.398127
0,1,0.5032625
1,1,0.6725875
0,0,0.370534
0,0,0.25310782
1,1,0.5508388
0,0,0.43881392
0,0,0.45638108
0,0,0.34958982
0,0,0.48318145
1,0,0.45168445
1,0,0.4534792
0,1,0.518584
0,1,0.5234616
1,1,0.568268
0,1,0.56569684
0,0,0.28231665
0,0,0.4353577
0,1,0.53031373
0,0,0.28255787
0,1,0.50203824
0,0,0.27555695
0,0,0.4513919
0,0,0.43346143
0,0,0.4117749
0,0,0.49206075
0,0,0.36200616
0,1,0.61552256
1,0,0.46858978
0,1,0.5026978
0,1,0.5232882
1,0,0.36980295
0,0,0.4742007
0,0,0.42793924
0,1,0.5645483
1,0,0.48668265
0,0,0.4020646
0,1,0.51932484
0,0,0.40216392
0,0,0.48538455
0,0,0.38276303
0,0,0.40816164
0,1,0.5030514
0,1,0.5251927
0,1,0.546985
0,0,0.4568227
0,0,0.29683164
0,1,0.5199779
0,1,0.5690923
0,0,0.4126055
0,1,0.5137978
0,0,0.20622618
1,1,0.5599256
1,1,0.6315545
1,1,0.62451017
0,0,0.418365
0,0,0.3865418
0,0,0.35969582
0,0,0.49502754
0,1,0.54493785
0,0,0.35985926
0,0,0.47582778
0,1,0.6955825
0,1,0.5599207
0,0,0.49114144
0,0,0.2941287
0,0,0.39511985
0,1,0.52565545
0,0,0.42917666
0,1,0.6339997
0,0,0.4775461
0,0,0.23046875
0,1,0.53331935
0,0,0.4834755
0,1,0.52818036
1,1,0.6471189
0,0,0.37517995
1,1,0.5289882
0,0,0.46792856
1,1,0.55978435
0,0,0.45580038
1,0,0.36323664
0,0,0.41272658
0,0,0.39246738
0,0,0.47676197
0,1,0.59089726
0,1,0.62970436
0,0,0.3324671
0,0,0.3826969
0,1,0.54149294
0,0,0.39637327
0,1,0.5433792
0,0,0.43742707
0,1,0.5976976
0,1,0.50577724
0,1,0.51266557
0,0,0.46895933
0,1,0.6055616
0,1,0.51112753
0,0,0.4666566
0,0,0.41612688
0,0,0.46539158
0,0,0.41258422
0,0,0.49279523
1,1,0.52446955
0,0,0.4594153
1,1,0.5013236
1,1,0.5177232
0,1,0.56249845
0,1,0.55937576
0,0,0.27355614
0,0,0.30692163
0,1,0.56951517
0,0,0.46335524
0,1,0.51370883
0,0,0.40290546
0,0,0.4789954
1,1,0.52060723
0,0,0.43803224
1,1,0.6379046
1,1,0.59058285
1,1,0.53312075
0,0,0.4964943
1,1,0.5973512
0,1,0.562748
0,0,0.2950485
1,0,0.41728705
0,0,0.49323863
0,1,0.53236973
0,0,0.47344258
0,0,0.45534185
1,1,0.5128784
0,0,0.4131635
0,0,0.4569734
0,0,0.48463303
0,1,0.56154305
1,1,0.61571693
0,1,0.5058651
0,0,0.4239298
0,0,0.4261268
1,1,0.511711
0,0,0.45717055
0,1,0.6064383
0,0,0.39220408
0,0,0.33757043
0,1,0.53578955
0,0,0.44341138
1,0,0.39186266
0,1,0.56971985
0,0,0.4749857
0,0,0.42010722
0,0,0.41066384
0,0,0.49265084
0,0,0.46286723
0,1,0.51340985
0,0,0.22074154
0,0,0.15990481
1,0,0.46848047
0,1,0.52395916
0,1,0.5204982
1,0,0.36304525
0,1,0.5368195
0,1,0.59106123
0,1,0.51799667
0,1,0.5330162
0,0,0.26387948
1,1,0.50432754
0,1,0.50817406
0,0,0.38380268
0,1,0.54813886
0,1,0.6209559
0,0,0.4044636
0,0,0.47904012
0,1,0.50799024
0,0,0.4885647
0,0,0.47807553
0,0,0.4531166
0,1,0.57923317
0,0,0.48257515
0,0,0.31669566
0,0,0.40640277
0,0,0.43539694
0,0,0.44058257
0,0,0.4121703
0,0,0.44048682
0,0,0.22524916
0,1,0.5496588
0,0,0.23068134
0,0,0.2524392
1,1,0.5154331
0,0,0.42221814
0,0,0.4307118
0,0,0.409997
0,0,0.41761625
0,1,0.5704045
0,1,0.5556257
1,1,0.5767952
0,0,0.46583924
0,0,0.3538545
0,0,0.45580503
0,0,0.35848108
1,1,0.52543527
0,1,0.545321
1,0,0.30958405
0,0,0.27432463
0,0,0.45147827
0,1,0.52578425
0,0,0.3924205
1,1,0.5268961
0,0,0.47321215
0,0,0.37051433
0,0,0.49821657
1,0,0.39670154
0,0,0.4247036
1,0,0.48389724
0,1,0.55135
0,1,0.5040026
1,1,0.5804468
0,0,0.4517766
1,0,0.4768525
0,1,0.6018795
0,0,0.4014191
0,0,0.45604515
0,0,0.4893534
0,0,0.45851332
0,0,0.26707497
0,1,0.67859864
0,0,0.39117235
0,0,0.44551498
0,0,0.4051009
0,0,0.28558004
0,0,0.4047061
1,1,0.5015737
0,1,0.51533973
0,0,0.46758488
0,0,0.31538022
0,0,0.3822278
0,0,0.41227457
1,0,0.45175883
0,0,0.34858954
0,1,0.5257727
0,0,0.46423727
0,0,0.32202396
0,0,0.30257893
0,0,0.31766018
1,1,0.532185
1,1,0.5071939
0,1,0.6218442
1,0,0.4969913
0,0,0.38937333
0,1,0.52052146
0,0,0.44126347
0,1,0.54619026
0,0,0.28158233
1,0,0.39477623
0,0,0.32709152
0,1,0.531891
1,1,0.51113653
0,0,0.35118145
0,1,0.50987065
0,0,0.48817098
0,0,0.4674356
0,0,0.41840458
0,1,0.5540932
0,0,0.45819807
0,0,0.396189
0,0,0.49123403
0,0,0.43084234
0,0,0.44176656
0,1,0.51642597
0,1,0.6368155
0,0,0.44506377
0,0,0.49503726
0,0,0.43047494
0,0,0.35901222
0,0,0.27208334
0,0,0.4414202
0,1,0.5297442
0,1,0.5314486
0,0,0.17244956
1,1,0.5139466
0,0,0.36090064
0,0,0.48656514
0,0,0.47169623
0,0,0.4485649
0,0,0.4999725
0,1,0.5370617
0,1,0.58435726
1,0,0.40589795
1,0,0.4006144
1,1,0.6275298
0,0,0.28057942
0,0,0.47206858
0,0,0.40311593
0,0,0.42947304
0,0,0.40262726
1,0,0.43533367
0,0,0.48544472
0,1,0.5281764
0,0,0.4320256
0,0,0.42195478
1,0,0.47792614
0,0,0.40885323
1,1,0.69653225
0,0,0.37871593
0,0,0.42222834
1,1,0.6378709
0,0,0.3847531
0,0,0.4705628
0,1,0.52672046
1,0,0.49466
0,0,0.42727715
0,0,0.4261464
1,1,0.56688744
0,0,0.4378055
0,1,0.5892018
0,1,0.50509703
0,0,0.40283015
0,0,0.46386123
0,0,0.47122905
1,1,0.54806113
0,1,0.53246784
0,0,0.4965049
0,0,0.48581776
0,1,0.54754394
0,0,0.4217557
0,0,0.49935535
0,1,0.64404356
0,0,0.42844063
1,1,0.51628804
0,1,0.5466844
0,0,0.44789156
0,1,0.651514
0,1,0.5180204
1,0,0.4509496
0,1,0.525702
0,0,0.34079194
1,0,0.44043967
1,1,0.5503521
0,1,0.50404227
0,1,0.61070573
0,1,0.5137849
0,1,0.55173874
0,0,0.3582373
1,1,0.6042235
0,0,0.42540762
1,0,0.35603735
0,0,0.45696005
0,0,0.45785013
0,1,0.5611806
1,0,0.49664596
0,1,0.5795938
0,1,0.58559847
0,0,0.43205565
0,1,0.5035664
0,0,0.36307094
0,1,0.5357063
1,1,0.59428245
0,0,0.47779515
0,0,0.1996493
1,1,0.556914
0,0,0.4235008
0,1,0.51193136
0,0,0.38024047
0,0,0.44413534
0,0,0.46673077
0,0,0.47297838
0,0,0.45315638
0,0,0.28602037
0,0,0.31317914
1,1,0.6864476
0,0,0.4947257
1,0,0.46500984
0,0,0.44150543
0,1,0.5373827
0,0,0.46492943
0,0,0.4767126
0,1,0.5365256
1,0,0.38314366
0,0,0.49554488
0,0,0.36727566
0,1,0.560755
0,1,0.5073317
0,1,0.5431035
0,0,0.45231515
0,0,0.46850017
0,0,0.41880512
1,0,0.3834312
0,1,0.51117456
0,0,0.3630713
0,0,0.4304792
0,0,0.38000113
1,0,0.27101663
0,1,0.53663146
0,0,0.4100332
0,1,0.6222844
0,0,0.47573876
0,1,0.6420076
0,0,0.28911963
0,1,0.5301175
0,0,0.44188586
0,0,0.46001133
0,1,0.52537394
0,0,0.49435455
0,0,0.32437336
0,1,0.53182375
1,0,0.4450372
0,0,0.42689103
1,1,0.5408045
0,1,0.52491444
0,1,0.54895073
0,0,0.4252697
0,0,0.39410773
0,0,0.42188278
1,0,0.4901551
0,0,0.48475066
1,1,0.541201
1,0,0.3925597
0,1,0.50899494
0,0,0.42233533
0,0,0.42640957
0,1,0.5907678
1,0,0.4425962
0,0,0.47031045
0,0,0.40278992
0,1,0.55839235
0,0,0.37538803
0,0,0.45764482
0,0,0.35201982
0,0,0.28434208
0,1,0.67282426
0,0,0.44484398
0,0,0.38205782
1,0,0.45557645
0,0,0.42443985
1,0,0.48177218
0,0,0.2701855
0,0,0.49011585
0,1,0.508765
0,0,0.45172364
0,1,0.53384686
0,0,0.4241037
0,0,0.307406
1,1,0.66952443
1,0,0.3213066
1,1,0.56447655
0,0,0.39694282
0,1,0.5285593
0,0,0.46057856
0,0,0.38990635
0,0,0.40638614
0,0,0.45871487
0,1,0.562744
0,1,0.5338524
0,0,0.45449787
0,0,0.29709426
0,0,0.41586345
0,0,0.33255735
0,0,0.4242914
0,0,0.40482852
1,1,0.6945766
0,0,0.44258344
0,0,0.46377492
0,0,0.46357682
0,1,0.5009099
1,1,0.5717832
0,1,0.5042836
0,1,0.63176525
0,0,0.41022563
0,1,0.59304976
0,1,0.5055659
0,0,0.3292038
1,1,0.61464757
0,1,0.6234202
1,1,0.6104615
0,0,0.22085476
0,0,0.43871388
0,0,0.30524433
0,0,0.4899679
0,1,0.617558
0,1,0.5456296
1,0,0.49418485
1,1,0.6069666
0,1,0.5696314
0,0,0.30246124
0,1,0.5492544
0,0,0.4707023
0,1,0.51619196
0,1,0.5199709
0,1,0.5088699
1,0,0.4434999
0,1,0.5270424
0,0,0.2644008
0,1,0.51255786
0,1,0.6747889
1,0,0.407335
0,1,0.5148212
0,0,0.4032068
0,0,0.30568212
0,0,0.42748776
1,0,0.42923817
0,1,0.5179961
0,1,0.62063515
0,1,0.55203414
1,1,0.5442951
0,1,0.52622306
0,0,0.46987382
0,0,0.43954122
0,1,0.5510769
0,1,0.5323905
0,1,0.5441587
0,0,0.43081123
0,0,0.28437603
0,0,0.33487728
0,0,0.42470968
0,1,0.5146302
0,0,0.49026448
1,1,0.56990504
0,1,0.6688474
0,0,0.4115292
0,1,0.50038755
1,1,0.5261343
0,0,0.34950086
0,0,0.31408188
0,1,0.5238581
0,0,0.36166444
0,0,0.47642207
0,0,0.4256132
0,0,0.42912492
0,0,0.45382172
1,0,0.41601005
0,0,0.41537118
0,1,0.55051494
0,0,0.43181837
0,1,0.5250731
1,1,0.5985154
0,0,0.44266388
1,1,0.5132501
0,0,0.47091648
0,0,0.49135125
0,0,0.46947947
0,0,0.46091577
0,1,0.55063105
0,0,0.33966213
1,0,0.41213018
0,0,0.4325114
0,0,0.34858996
0,1,0.5423913
0,0,0.46066257
1,1,0.5352373
0,1,0.520369
0,1,0.5988467
0,0,0.28871167
0,1,0.6041539
0,0,0.47937056
0,1,0.5562111
0,0,0.49414483
0,1,0.67737746
0,1,0.5242473
0,0,0.19394316
1,1,0.5512514
1,0,0.4954123
0,1,0.5037917
0,0,0.20077586
0,0,0.4567707
0,1,0.5314362
0,1,0.5522397
0,1,0.56462145
0,0,0.3505159
1,0,0.36447498
0,1,0.5723866
0,0,0.47445354
0,1,0.5252114
0,0,0.4774361
0,1,0.5502924
1,0,0.49802044
1,1,0.5506914
0,0,0.48626906
0,1,0.50361156
0,0,0.47655198
0,0,0.47377187
0,0,0.3400858
0,1,0.52783406
0,1,0.5724692
0,1,0.5106674
0,0,0.35280916
0,0,0.38987505
1,0,0.43153006
0,0,0.45646197
0,1,0.5375299
0,0,0.45723405
0,0,0.38811684
0,0,0.37601972
0,1,0.6439805
0,1,0.76303726
0,1,0.5319245
0,1,0.5387033
0,0,0.39445153
0,1,0.5359865
0,1,0.5197488
0,1,0.5196047
0,1,0.5083248
0,0,0.44279337
0,1,0.5725953
0,1,0.5800657
0,0,0.3861948
1,1,0.66017365
0,1,0.52314645
0,1,0.6021091
1,0,0.445171
0,1,0.5989075
0,1,0.5963665
0,0,0.31894866
1,1,0.5602664
0,0,0.33346796
0,1,0.5204024
0,0,0.40035933
1,1,0.62477875
0,0,0.48559168
0,1,0.58290434
0,0,0.38591266
1,1,0.5361806
0,1,0.6185665
1,1,0.5139601
0,0,0.39305615
1,1,0.60172594
0,0,0.38156843
0,0,0.46242505
0,1,0.5811477
0,0,0.4443351
0,1,0.50118065
0,1,0.5779339
0,0,0.38204905
0,0,0.45538008
0,0,0.4687345
0,1,0.54486454
0,0,0.39282674
0,0,0.2696763
0,0,0.48630172
0,0,0.456511
0,0,0.44037312
0,0,0.48866397
0,0,0.4124366
0,0,0.47360593
1,1,0.58246195
0,0,0.4413996
0,0,0.43857685
0,0,0.49383795
0,0,0.4302012
0,0,0.39417636
0,0,0.37329736
1,1,0.6060194
0,0,0.48258394
0,0,0.44342822
0,0,0.49812627
0,1,0.58164644
0,1,0.7240459
1,1,0.58570194
1,0,0.32158372
0,1,0.56850827
0,0,0.43869358
0,1,0.64388156
0,0,0.4499514
0,0,0.47246468
0,1,0.51780283
0,0,0.45616335
0,0,0.36462873
0,0,0.4813619
0,1,0.56222534
0,0,0.37978476
1,1,0.5676098
0,0,0.436589
0,0,0.47927806
1,1,0.54608333
0,0,0.48975816
0,1,0.6257795
0,0,0.4467341
0,0,0.47198722
1,0,0.4303601
0,1,0.55217195
0,0,0.45938003
0,0,0.48704588
0,0,0.48548397
0,0,0.31397778
0,1,0.53561515
0,1,0.5378015
0,1,0.5514204
1,1,0.52874625
0,1,0.5449126
0,0,0.46893027
0,1,0.6106358
0,1,0.5697808
1,0,0.4712997
1,1,0.52302027
1,1,0.59058774
0,0,0.37627217
0,0,0.39424145
0,0,0.32162696
0,0,0.4188799
0,0,0.46017236
0,0,0.28750134
0,1,0.5583041
0,0,0.21554282
0,0,0.30646196
0,0,0.24526916
0,1,0.5312052
0,1,0.5658599
0,1,0.53869677
0,1,0.58527565
1,1,0.54241866
0,0,0.4520315
0,0,0.49775574
0,0,0.47730222
0,1,0.53548265
0,0,0.45154727
0,0,0.4454671
1,0,0.35743752
0,0,0.34195283
0,0,0.4923881
1,1,0.51564455
1,0,0.48386356
0,1,0.5343979
0,1,0.5158776
0,0,0.46737844
0,1,0.58672446
0,1,0.60266876
0,1,0.5612297
1,0,0.33918455
1,1,0.51159906
0,1,0.5473702
0,0,0.49900916
0,1,0.5428782
0,1,0.577108
0,0,0.35158423
0,1,0.53450227
1,0,0.38533747
0,1,0.5847317
0,1,0.58357894
0,0,0.46991935
1,0,0.40038276
0,0,0.44771105
0,1,0.5026446
0,0,0.46193102
0,0,0.2723466
0,0,0.36252102
0,1,0.51642066
0,1,0.5219698
1,1,0.5242752
0,0,0.2835136
0,0,0.35771233
0,0,0.45718327
0,1,0.56314003
0,0,0.34385294
0,1,0.5402299
0,0,0.30689186
0,0,0.48013118
0,0,0.37214276
0,1,0.6071225
0,1,0.5453808
0,1,0.5057887
1,0,0.39762077
1,1,0.51310205
0,1,0.5447769
0,1,0.52722967
0,0,0.47873157
1,1,0.5083854
0,0,0.35598862
0,1,0.5344573
0,0,0.42853284
0,0,0.4813489
0,0,0.3973622
0,0,0.44550937
0,0,0.41724002
0,0,0.28748345
0,0,0.49254844
0,0,0.4484379
0,0,0.47180724
1,1,0.66299796
0,0,0.33796075
0,0,0.49405396
1,0,0.45665544
0,0,0.22448932
0,0,0.4527318
1,1,0.57881546
0,0,0.30563486
0,0,0.44848236
1,1,0.56824976
0,1,0.5634078
0,0,0.4881203
0,0,0.42885265
0,0,0.4423525
1,1,0.5033529
0,0,0.25055346
0,0,0.46520948
0,1,0.5332516
0,0,0.42189577
1,0,0.4493803
0,0,0.3996607
0,1,0.6209366
0,0,0.2901059
0,0,0.42705214
0,1,0.50135475
0,0,0.4764546
0,0,0.38739568
0,0,0.37179124
0,0,0.40107304
0,0,0.39943185
1,1,0.6367702
0,0,0.44208646
0,0,0.32916495
0,0,0.4237542
0,0,0.37596086
0,1,0.5737845
1,1,0.54250544
0,0,0.44885164
0,0,0.42279592
0,1,0.5148449
0,1,0.5296767
1,1,0.5520009
0,0,0.34139168
0,0,0.34676093
0,0,0.43462765
0,0,0.4641209
1,1,0.50139076
0,0,0.38261682
1,1,0.5349748
0,1,0.53072834
0,0,0.48495004
0,0,0.49042842
0,0,0.47051618
0,0,0.38859352
0,0,0.4776256
1,0,0.45080188
1,0,0.21141507
1,1,0.636795
0,0,0.28899089
0,1,0.51662505
0,0,0.48415112
1,1,0.6577478
0,0,0.40274468
0,0,0.4581756
0,0,0.485025
1,1,0.5051268
0,0,0.35377085
0,1,0.6331085
1,0,0.48953286
1,1,0.5117281
1,1,0.546029
0,0,0.47920242
0,1,0.52312875
1,0,0.46241727
1,1,0.56278193
0,0,0.30604464
0,1,0.5732343
0,1,0.5876529
1,0,0.46138474
0,0,0.4088101
0,1,0.5648886
0,0,0.4915609
0,1,0.64050853
0,0,0.38452885
1,1,0.5891212
0,0,0.42690802
0,1,0.50425255
0,0,0.47354692
0,0,0.4218135
0,0,0.3956089
0,0,0.42586812
1,0,0.3592482
1,1,0.5051775
0,0,0.3071861
0,0,0.3624349
0,1,0.5384908
0,0,0.434619
0,0,0.4664646
1,0,0.3656784
0,1,0.5365131
0,1,0.5698687
0,0,0.4404725
0,0,0.45702654
1,1,0.74360687
0,0,0.47542125
0,0,0.3447584
0,1,0.5817447
0,0,0.19222705
0,0,0.44436327
0,0,0.39107707
0,1,0.5575799
1,0,0.4777794
1,0,0.4805632
0,0,0.4884738
0,0,0.45083478
0,1,0.51469404
1,0,0.49902338
0,0,0.42357585
0,0,0.42389745
0,1,0.5492519
1,1,0.5745696
1,1,0.6757678
0,1,0.5532536
1,0,0.4432814
0,1,0.52694726
0,0,0.40438253
0,1,0.5167235
1,1,0.56110215
0,0,0.4237573
0,0,0.47808298
0,0,0.46005008
0,1,0.54173887
0,1,0.5909995
0,0,0.46512005
0,0,0.49358433
1,1,0.5070954
0,0,0.3906433
1,0,0.47632924
0,0,0.34849584
0,0,0.48370385
0,0,0.13164252
0,0,0.42820686
1,0,0.49413475
0,1,0.51592505
0,0,0.47735295
0,0,0.44754493
1,1,0.5117562
0,1,0.58055043
0,1,0.5038419
0,0,0.48022306
0,0,0.40878627
0,1,0.5878308
0,1,0.5195297
1,1,0.5388713
1,1,0.5626692
0,1,0.59129786
0,0,0.40160066
0,1,0.552243
1,0,0.455917
1,0,0.4254006
0,1,0.5203688
1,1,0.5199734
0,0,0.4876731
0,0,0.45366895
0,1,0.59541786
0,0,0.28266007
1,1,0.53573394
1,1,0.66515553
0,1,0.59584635
0,0,0.49759203
0,1,0.59133565
0,0,0.342632
0,0,0.3760974
0,1,0.53900385
0,0,0.42887214
0,0,0.41002578
0,0,0.36559388
0,0,0.35816306
0,1,0.50858897
0,0,0.39794627
0,1,0.5338744
0,0,0.2593359
0,0,0.21874775
0,0,0.48192298
1,0,0.47694653
0,0,0.43774033
0,0,0.4390615
0,0,0.44966495
0,0,0.47102365
0,1,0.5356177
0,0,0.43845263
0,1,0.55994946
0,0,0.43803957
0,0,0.44155586
0,0,0.43111742
1,0,0.43979684
0,0,0.4298323
0,1,0.56520784
0,0,0.35696244
0,0,0.40502957
0,1,0.5599857
0,1,0.5651137
0,1,0.56358653
0,0,0.37598622
0,0,0.39673102
0,1,0.60655224
0,0,0.20310217
0,0,0.45019957
0,0,0.49982467
0,1,0.5814767
0,0,0.47138822
0,1,0.5114216
0,0,0.40247527
0,0,0.41414595
0,0,0.4584276
0,0,0.29201072
0,0,0.44397932
0,0,0.44148755
0,0,0.32057813
0,1,0.5086664
0,0,0.37995973
0,1,0.5017741
0,0,0.2534775
1,0,0.43587255
0,0,0.49581787
0,0,0.44536284
0,1,0.665558
0,0,0.3809497
0,1,0.5156765
1,1,0.6529759
0,1,0.54226696
0,0,0.48318017
0,0,0.4157283
0,0,0.32308227
0,0,0.4737978
0,1,0.5273792
1,1,0.5091989
0,1,0.55437374
1,0,0.40237254
0,0,0.37592095
0,0,0.1885085
0,0,0.4880536
1,0,0.49797383
1,1,0.5221057
0,0,0.3890169
0,0,0.441039
0,0,0.39478374
0,0,0.4804136
0,0,0.32933083
1,0,0.39215934
0,0,0.3508739
0,1,0.5150734
1,0,0.46679664
1,0,0.37417498
0,0,0.39602754
0,1,0.5040039
1,1,0.54649115
1,0,0.49375647
0,1,0.5027733
1,0,0.4375126
0,1,0.56472677
0,1,0.51218283
0,0,0.4739906
0,0,0.22998604
0,0,0.4575545
1,1,0.5320505
0,1,0.55806166
0,0,0.46913046
1,1,0.53745925
1,0,0.46674198
0,0,0.48493257
0,0,0.30978066
0,1,0.5539044
1,1,0.6531906
0,1,0.5803487
0,0,0.4345963
0,0,0.40092528
1,0,0.40315077
0,0,0.47510085
0,1,0.5843826
1,0,0.41959444
0,0,0.4829827
0,0,0.49707124
0,0,0.41414922
0,1,0.73681927
0,1,0.52443826
1,0,0.24266115
0,0,0.49498507
0,0,0.4612748
1,0,0.40567365
1,1,0.53166133
0,1,0.51676035
0,0,0.3778516
0,0,0.4419599
0,1,0.5724368
0,0,0.42056715
0,0,0.46857667
0,1,0.51562834
0,0,0.35195932
0,1,0.5570228
0,1,0.581341
0,1,0.56701845
1,0,0.42890382
0,0,0.4459966
0,1,0.56046456
0,0,0.4465941
0,0,0.46964136
0,1,0.6306125
0,0,0.3647064
0,1,0.5539228
0,1,0.5561876
0,0,0.47018635
0,1,0.59103286
0,0,0.38642043
0,0,0.343877
0,0,0.36761168
1,0,0.26421472
1,1,0.6290102
0,0,0.3901974
0,0,0.34530807
0,1,0.5797914
0,1,0.58230865
1,0,0.453877
0,0,0.3346022
0,1,0.53029263
0,0,0.3910472
0,1,0.6318002
1,0,0.4368509
0,0,0.47649187
0,0,0.4987468
0,1,0.57669365
0,0,0.39560065
0,0,0.39299965
0,1,0.563909
0,0,0.33803296
0,1,0.55576074
0,0,0.21664332
0,0,0.35539803
1,1,0.6046263
0,0,0.45311245
1,1,0.5023771
0,1,0.5705203
0,0,0.36682853
1,0,0.46454984
0,1,0.50841653
0,1,0.5334976
0,0,0.35222578
0,1,0.5154605
0,0,0.34633172
0,0,0.4595982
0,0,0.4609715
0,0,0.42827868
0,0,0.39673066
0,0,0.41638473
0,1,0.56815946
0,0,0.40149766
0,0,0.33701354
0,1,0.5759376
1,1,0.5696565
1,1,0.5824512
0,0,0.35812867
0,1,0.7175649
1,0,0.39503172
0,0,0.41803318
0,0,0.42235115
1,1,0.5404813
0,1,0.6459414
0,0,0.47850853
0,1,0.5406178
0,0,0.28577873
0,0,0.48213437
0,0,0.41400942
1,0,0.48813957
0,1,0.5785774
1,0,0.43809125
1,0,0.4894165
0,0,0.46965677
0,0,0.35650587
0,0,0.41773695
0,0,0.46044695
0,1,0.6198455
0,1,0.60897803
0,1,0.57259643
0,1,0.5033823
0,1,0.6140275
0,1,0.5633031
0,0,0.443162
0,1,0.5090325
0,1,0.5683863
1,0,0.49366376
0,0,0.47816676
0,0,0.31415284
0,0,0.42820013
1,0,0.37497932
0,0,0.36228484
0,0,0.3762633
1,1,0.52225953
0,0,0.49678805
0,0,0.44155198
0,1,0.62630486
0,0,0.3761314
0,1,0.5666768
0,0,0.42617282
1,0,0.4214567
0,0,0.44087595
0,1,0.6404053
0,0,0.48170662
0,0,0.3750341
0,0,0.33957678
0,0,0.30638665
0,1,0.512921
0,0,0.44222635
0,1,0.5054828
0,1,0.5303695
0,1,0.5013772
0,1,0.6186972
0,0,0.38473937
0,1,0.5633977
1,1,0.56343997
1,0,0.47432116
0,0,0.43460461
0,0,0.4930901
0,1,0.55102754
0,0,0.30461937
0,0,0.4497373
1,0,0.45731574
0,1,0.5917414
0,0,0.3754772
0,0,0.49008957
0,1,0.55076766
1,1,0.5630379
0,1,0.58714795
0,1,0.5844414
0,1,0.6077782
0,0,0.31374398
1,0,0.44663036
0,1,0.5322815
0,0,0.48550853
0,0,0.4725251
1,1,0.51830506
1,0,0.45149732
1,0,0.43848607
1,1,0.5865123
1,0,0.40482822
0,0,0.4271797
0,0,0.3883583
0,0,0.46763372
1,0,0.46430296
0,0,0.3213963
0,0,0.3628931
1,1,0.5358453
0,0,0.45879847
0,0,0.46037337
0,0,0.47128528
0,0,0.47052425
0,0,0.46168014
1,1,0.50961554
0,0,0.36231983
0,1,0.56184494
0,0,0.44344026
0,1,0.58694184
0,0,0.27902362
0,0,0.43914518
0,0,0.37828735
1,0,0.46220005
0,1,0.50303876
0,1,0.5635674
0,1,0.5130143
0,0,0.4120195
0,0,0.39668232
1,1,0.5355128
0,0,0.41036326
0,0,0.44362667
0,0,0.48820916
0,0,0.43233684
0,1,0.543041
0,0,0.40629187
0,0,0.38222656
0,0,0.46751177
0,0,0.37289345
0,0,0.49183533
0,1,0.54494596
0,0,0.4258083
0,1,0.5748948
0,0,0.41615152
0,0,0.22129369
0,0,0.48861936
0,1,0.5787622
0,1,0.5301708
1,0,0.49658832
0,1,0.5952219
1,1,0.5223515
0,0,0.21695735
1,1,0.5359135
0,0,0.37552774
0,0,0.28026688
0,0,0.35174742
1,1,0.508235
0,1,0.5210962
0,1,0.5084293
0,1,0.58164674
0,0,0.33807343
0,0,0.49061653
0,1,0.63620657
0,0,0.47823867
0,0,0.48711288
1,1,0.6245892
0,0,0.18206535
1,0,0.41391957
0,1,0.6196201
0,0,0.2808103
0,0,0.4331934
0,1,0.52319264
0,1,0.5378667
0,0,0.4686277
0,1,0.5737473
0,0,0.33021227
0,0,0.45049587
1,0,0.38618836
0,0,0.4450356
0,0,0.49187344
0,1,0.5695057
0,0,0.48329085
0,0,0.49360016
1,1,0.50342774
0,1,0.5013114
0,1,0.5540904
0,0,0.4494793
0,1,0.5515773
0,0,0.24474524
0,1,0.50658864
0,1,0.57291937
0,0,0.46493796
1,1,0.58253074
0,1,0.6138103
1,0,0.39367512
0,0,0.47753167
0,0,0.49380082
1,1,0.53663635
0,0,0.35650155
0,0,0.25925246
0,0,0.48383823
0,1,0.5437336
0,0,0.49885976
1,0,0.42986646
0,1,0.6100879
1,1,0.5278243
0,0,0.39833567
0,0,0.46111596
0,0,0.29755235
0,0,0.48373112
0,0,0.43503582
0,1,0.54795945
1,0,0.24043922
0,0,0.44125128
0,1,0.5429851
1,0,0.38574827
0,0,0.3877915
0,1,0.6119492
0,1,0.5193577
0,1,0.57977664
0,0,0.469458
0,1,0.5074327
0,1,0.5211488
0,0,0.3612649
1,1,0.53208804
0,1,0.56046605
0,1,0.5164462
0,1,0.58959436
0,1,0.50317705
0,0,0.47535297
0,1,0.51083255
1,1,0.5573522
0,0,0.46374613
0,0,0.32476473
0,0,0.43969262
0,0,0.46573952
0,0,0.49925077
1,1,0.56473875
1,1,0.5213819
0,0,0.265551
0,0,0.4571007
0,1,0.5202982
0,1,0.57735926
0,0,0.4353407
0,0,0.37568253
1,0,0.4111787
0,0,0.39552164
0,0,0.3893341
0,1,0.50368285
0,0,0.43047035
0,1,0.5517042
1,1,0.6123467
0,1,0.54111826
0,1,0.5046125
1,1,0.55106485
0,0,0.48203763
0,0,0.39792642
1,0,0.49246526
0,1,0.58912206
0,0,0.44249788
1,1,0.63264215
0,0,0.45333797
0,0,0.30822697
0,0,0.4689737
1,1,0.6660212
0,0,0.4385717
0,0,0.47802672
0,0,0.40452814
0,1,0.50371414
0,1,0.5553773
0,1,0.5965624
0,0,0.26710463
0,0,0.39416814
0,0,0.23215955
0,0,0.42624316
0,0,0.46051404
0,0,0.40990916
1,1,0.5350792
0,1,0.50637376
0,0,0.45695442
0,1,0.55002534
0,0,0.35015184
1,0,0.348701
0,1,0.54579365
0,1,0.5796201
0,1,0.54518247
1,1,0.58084035
0,0,0.40098524
0,1,0.5560193
0,1,0.58644986
0,1,0.51365006
0,1,0.59677035
0,0,0.48914027
0,1,0.55613995
0,1,0.5833045
1,0,0.47349578
0,0,0.44307983
0,0,0.4794864
0,0,0.46405044
0,0,0.46527946
0,0,0.44006607
0,1,0.50075114
0,1,0.52189624
1,0,0.48105878
0,0,0.44819114
0,0,0.37178662
0,0,0.4292275
1,1,0.58706427
0,0,0.31686762
1,1,0.5288054
0,0,0.44484237
1,1,0.6000845
0,1,0.5205524
1,1,0.61933625
0,1,0.54882085
0,1,0.5699433
0,0,0.3599218
0,0,0.33852035
0,0,0.46579996
0,0,0.49947932
0,0,0.41989756
1,0,0.3783466
0,1,0.54301864
0,0,0.3880166
0,1,0.59217954
1,0,0.42089456
1,0,0.46416163
0,0,0.49953824
0,0,0.40668705
0,0,0.2842403
0,0,0.27690935
0,1,0.6161865
0,0,0.37036988
0,1,0.60071254
0,1,0.5094613
1,1,0.57373935
0,1,0.53077424
0,0,0.28438553
0,0,0.47078785
0,1,0.53348744
0,0,0.34790137
0,1,0.5187219
0,1,0.58130205
0,0,0.39903
0,0,0.40696135
0,1,0.53869325
0,1,0.517686
0,0,0.47047797
0,0,0.39636323
0,0,0.4586121
0,1,0.50926954
0,1,0.5062457
1,1,0.5781975
0,0,0.3108253
0,0,0.37320974
0,0,0.38336775
1,1,0.5242312
0,1,0.6116895
0,1,0.5135292
0,0,0.44163176
0,0,0.41903374
0,0,0.4386836
0,1,0.5285505
0,0,0.37990412
0,0,0.4472056
0,0,0.39432597
1,0,0.388626
1,0,0.4025043
0,1,0.5518841
0,1,0.52039814
0,1,0.55006295
0,0,0.49387875
1,0,0.23841058
0,0,0.38034496
0,0,0.31012967
0,1,0.65442383
1,1,0.64507854
0,0,0.45765814
0,0,0.48175415
0,1,0.50876737
1,1,0.55200064
0,1,0.5276611
0,0,0.4737493
0,1,0.537693
0,1,0.53862464
0,1,0.56848717
0,1,0.5644125
0,1,0.5454028
0,0,0.3848275
0,1,0.56188536
0,1,0.56266844
1,0,0.43600607
0,1,0.5503967
0,0,0.26417655
0,0,0.467916
0,1,0.6127511
1,0,0.38553247
0,0,0.4244823
0,1,0.5335199
0,0,0.3615219
0,0,0.3849845
0,1,0.6372082
0,1,0.5656134
0,1,0.523926
0,0,0.41482323
1,0,0.4246373
0,1,0.64729583
1,1,0.5640824
0,1,0.56934714
0,0,0.24158384
0,0,0.48605657
0,0,0.363232
0,1,0.5407065
0,1,0.5389129
0,0,0.3960898
1,1,0.6181289
0,0,0.3831246
0,0,0.41004354
1,0,0.4561984
0,0,0.3567151
0,0,0.4748416
1,1,0.505818
0,0,0.41950896
0,1,0.5734031
0,0,0.3477448
0,1,0.5415609
0,1,0.5281076
0,0,0.4347174
0,0,0.4593167
0,1,0.5935607
0,1,0.61641026
1,1,0.5122727
0,1,0.5133786
0,0,0.4953602
1,1,0.5589102
1,1,0.5311408
1,1,0.50877106
0,1,0.67441255
0,1,0.6226995
1,0,0.40589422
1,1,0.56776446
0,0,0.49481604
0,1,0.65319085
0,0,0.4987569
1,1,0.66275
0,0,0.4122273
1,0,0.4167924
0,1,0.5167805
0,0,0.48063612
0,0,0.4513085
0,0,0.48439142
0,0,0.19895259
1,1,0.6620437
0,0,0.45113972
0,0,0.3230479
1,0,0.38084194
0,0,0.30630603
0,0,0.49612856
1,0,0.28846517
1,0,0.47998434
1,1,0.5970758
0,1,0.55042857
1,1,0.5576341
0,0,0.42151317
0,0,0.43648997
0,0,0.438032
0,0,0.35600254
0,0,0.38392842
0,1,0.5645164
0,0,0.48025846
1,0,0.20845084
0,0,0.49790385
0,0,0.3838363
0,0,0.49500316
0,0,0.33631203
1,1,0.564522
1,1,0.5117818
0,1,0.54554474
1,1,0.5843444
0,0,0.4251108
0,0,0.45749295
0,0,0.41135702
1,0,0.47353593
0,0,0.46094206
0,0,0.19269322
0,0,0.48307008
0,1,0.5068961
0,1,0.56654835
0,0,0.4809824
0,0,0.43146333
0,1,0.5169947
0,0,0.45883974
1,0,0.4517301
1,1,0.5333943
0,1,0.67864394
0,1,0.5670872
0,0,0.45484298
0,1,0.5422076
0,1,0.5365064
0,0,0.3057929
0,0,0.4320283
0,0,0.2792807
0,0,0.44725215
0,1,0.6047119
1,0,0.3437888
0,1,0.503406
0,0,0.47562885
0,0,0.43656325
0,0,0.45787987
0,1,0.54726774
0,1,0.5576106
1,1,0.5256977
0,0,0.44935936
0,0,0.25317222
0,0,0.37140298
0,1,0.6206713
0,0,0.27492073
0,0,0.28851008
0,1,0.60582125
0,0,0.4160878
0,1,0.50936246
0,1,0.51519406
0,1,0.5110537
0,0,0.42167613
0,1,0.52820295
0,1,0.57445025
0,1,0.54626846
0,0,0.48217085
0,0,0.49183872
0,1,0.63580894
0,1,0.5869969
0,1,0.6792945
0,1,0.5364685
1,0,0.47418118
0,1,0.5348463
0,0,0.46123755
0,0,0.41387457
0,1,0.5262376
0,1,0.5041432
0,0,0.30600885
0,1,0.5708098
0,0,0.19070224
1,0,0.36741883
0,0,0.40502456
0,0,0.2692677
0,1,0.5054637
0,1,0.5296623
0,0,0.15458319
0,0,0.42653564
1,1,0.54897416
1,0,0.32104772
1,1,0.51390624
1,1,0.6598115
0,1,0.56608415
0,0,0.4364132
0,1,0.65437233
0,0,0.47983736
1,1,0.57899547
0,0,0.3874413
0,0,0.3727466
0,1,0.5294099
0,0,0.34711027
0,0,0.4695122
0,0,0.44346845
1,0,0.31351915
0,1,0.55897635
0,0,0.49146152
0,0,0.4822866
0,1,0.5207522
0,0,0.36172876
0,1,0.56569034
1,1,0.56524986
0,1,0.5649326
0,1,0.51895165
0,1,0.61100644
0,1,0.5181997
0,0,0.44697455
1,0,0.45386863
0,0,0.4114164
0,1,0.54575163
0,0,0.3211917
0,1,0.5449071
1,0,0.3241236
0,0,0.38601443
0,0,0.48990285
0,0,0.37491646
0,0,0.35552046
0,1,0.6387318
0,1,0.5422131
0,1,0.5187269
0,0,0.47421262
0,1,0.60469675
1,1,0.5155083
0,1,0.55912876
0,1,0.6073886
0,1,0.62524754
0,1,0.5230522
0,1,0.59185123
0,0,0.41737148
0,0,0.4044237
0,0,0.44455665
0,1,0.5930568
1,0,0.42920357
0,0,0.44141048
0,0,0.44030055
0,1,0.5776959
0,1,0.56169665
1,1,0.6814439
1,1,0.53808796
0,0,0.3953998
1,1,0.52355975
0,0,0.35326084
0,1,0.5588031
1,1,0.55357015
0,0,0.4446622
1,1,0.622618
1,0,0.38949874
0,0,0.35186338
1,0,0.4265131
0,0,0.38498527
1,0,0.1876718
0,0,0.47821796
0,1,0.51942563
1,0,0.48108673
0,0,0.40997234
0,1,0.5263388
0,0,0.44509068
0,1,0.6941835
0,1,0.6031362
0,0,0.47186804
1,0,0.40684223
0,0,0.4552358
0,0,0.46883208
0,1,0.62393093
0,1,0.5066753
0,1,0.5147864
1,0,0.47847953
0,0,0.36318612
0,1,0.51218975
0,0,0.39326626
0,0,0.2018977
0,0,0.43894872
0,0,0.41665736
0,1,0.5158448
0,0,0.35747036
0,1,0.54602695
0,0,0.43757164
0,1,0.58611333
0,1,0.5073577
0,1,0.57634294
1,0,0.49523836
0,1,0.5679662
1,1,0.5322091
0,0,0.47173846
1,1,0.50170577
0,1,0.629365
1,0,0.49056104
0,0,0.3981026
0,0,0.36333472
0,0,0.34766555
0,0,0.47637677
0,0,0.3847602
0,0,0.47845492
1,0,0.40589467
1,1,0.6314655
0,1,0.52811706
0,1,0.5508565
0,1,0.62886703
0,1,0.5213325
1,1,0.6083753
0,0,0.44428122
0,0,0.34915346
0,0,0.39616045
0,1,0.54356766
1,0,0.4837744
1,1,0.5466199
1,0,0.4151146
1,0,0.43776408
1,0,0.48843572
1,1,0.53059953
0,0,0.47911647
1,0,0.3962798
1,1,0.52656364
0,1,0.5271516
0,1,0.5113107
0,1,0.51611996
0,1,0.5432863
0,0,0.37120488
0,1,0.5506371
0,1,0.5599096
0,0,0.3775688
0,1,0.5765301
0,1,0.55621207
0,0,0.39742285
0,0,0.34965855
0,0,0.46660322
1,0,0.4636834
1,1,0.54267824
1,0,0.34951305
1,1,0.6724192
0,0,0.4092097
0,0,0.47204658
0,1,0.6053928
0,0,0.3190578
0,0,0.44559065
0,0,0.43822193
0,0,0.44102484
0,1,0.5537361
0,0,0.4500772
0,0,0.4564002
0,1,0.6602446
0,0,0.41664428
1,0,0.4088227
0,0,0.3711189
0,0,0.43361697
1,0,0.47639677
1,1,0.5162578
0,0,0.49746302
0,0,0.45049825
0,0,0.44791368
0,1,0.5507256
0,1,0.5796603
0,0,0.35762295
0,0,0.48269072
1,0,0.44456702
0,0,0.45000976
0,1,0.53548336
0,1,0.51486206
0,0,0.29027
0,0,0.4710223
0,1,0.5873767
0,0,0.49401453
0,0,0.390796
0,0,0.4071864
0,0,0.31981435
0,0,0.42264837
0,0,0.46495742
0,1,0.51829815
0,0,0.28943056
0,1,0.6278497
0,0,0.3204305
0,1,0.59298563
0,0,0.45760927
0,1,0.52217376
0,0,0.41645184
0,0,0.46777713
0,0,0.4455986
0,0,0.4089858
0,1,0.5044267
0,0,0.39894027
0,1,0.70112747
0,1,0.5373081
0,1,0.57818156
1,1,0.5366899
1,1,0.53240335
0,0,0.3880172
0,1,0.59216785
0,1,0.6062397
1,0,0.47086802
1,0,0.44974402
0,1,0.5906161
0,0,0.35205823
0,0,0.45376858
0,0,0.23194297
0,1,0.71914893
0,1,0.52781415
0,1,0.5222963
0,0,0.41966006
1,0,0.41196227
0,0,0.2581064
0,1,0.5167616
0,1,0.5062388
0,0,0.3573954
0,0,0.3911003
0,0,0.37923816
0,0,0.2542805
0,1,0.5936049
0,1,0.5967386
1,0,0.3522332
1,0,0.45528516
0,0,0.42002934
0,0,0.4360594
0,0,0.4743174
0,1,0.5766834
0,1,0.60899913
0,0,0.30491698
0,0,0.41980883
0,0,0.39636445
0,0,0.3882107
0,0,0.393321
0,0,0.2080473
0,0,0.47187987
0,0,0.31296563
0,0,0.38689432
0,0,0.35986692
0,1,0.5003363
1,1,0.6819948
1,0,0.4870724
0,0,0.1743361
0,1,0.5722201
0,0,0.43233427
0,0,0.3514483
0,1,0.547081
0,0,0.48578963
0,0,0.44343373
0,0,0.43478593
1,0,0.42943448
0,1,0.5984179
0,0,0.345956
0,0,0.43410832
0,0,0.44449162
1,0,0.45390874
0,0,0.3473258
0,0,0.42834842
0,0,0.41622654
0,1,0.62150025
0,0,0.44103712
1,1,0.5973745
0,0,0.46337494
0,0,0.4287615
0,1,0.6054523
0,0,0.43660015
1,1,0.66616124
0,0,0.30592272
1,0,0.41155496
0,0,0.4982732
0,1,0.6183746
0,0,0.45183682
1,1,0.53661454
1,0,0.31696016
0,1,0.520918
0,0,0.44568932
0,1,0.5216222
0,1,0.5163496
0,1,0.5349462
0,0,0.46741813
0,0,0.46321115
1,1,0.5663602
0,1,0.56873196
0,1,0.5413852
1,0,0.49294868
0,0,0.4790837
0,0,0.20505217
0,0,0.45667833
0,1,0.5496026
0,0,0.4687072
0,1,0.5480187
0,0,0.4646938
0,0,0.3305049
0,0,0.34507427
1,1,0.7104286
1,0,0.34289172
0,1,0.5448757
0,0,0.32072967
0,1,0.51693046
0,0,0.46798086
0,0,0.4026541
0,0,0.410184
0,0,0.45913333
0,1,0.5991262
0,0,0.44553664
0,0,0.400954
0,1,0.5054448
0,0,0.45045978
0,1,0.593819
0,0,0.3693665
1,0,0.44910592
0,0,0.37960112
0,1,0.54070747
0,0,0.31263292
0,0,0.4867819
0,1,0.5655754
0,1,0.6278088
0,1,0.6596751
0,1,0.5130503
0,0,0.4508262
0,0,0.39677316
0,0,0.44310403
0,0,0.2726376
0,0,0.42149752
0,0,0.44437775
0,0,0.40667474
0,0,0.434975
0,1,0.5618296
0,1,0.5674318
0,0,0.45641857
0,0,0.3652741
0,0,0.28606892
0,0,0.33426818
0,1,0.5026641
0,0,0.48977584
0,0,0.38585332
1,1,0.5567289
0,1,0.6061125
1,0,0.49364975
1,1,0.5184081
0,1,0.5727204
0,0,0.48705253
1,0,0.47357613
0,0,0.4470216
0,0,0.39905015
1,0,0.47917822
1,1,0.5842651
0,1,0.50679183
1,0,0.4081123
0,0,0.4773529
0,0,0.41343758
0,0,0.49530298
0,0,0.45667055
0,0,0.44820672
1,0,0.43257242
0,0,0.351833
1,0,0.48184472
0,0,0.41535047
0,1,0.62568575
0,0,0.48707926
0,0,0.34459692
0,0,0.392919
0,1,0.5930009
0,0,0.4288085
0,1,0.55511653
0,0,0.47044086
0,1,0.5017544
0,1,0.5678834
0,1,0.5134795
0,1,0.5206368
1,0,0.45320278
1,0,0.4709971
1,0,0.48880103
1,1,0.6023179
0,0,0.45573965
1,0,0.49161255
1,1,0.5408671
0,0,0.39455777
0,1,0.533618
0,0,0.39036354
0,0,0.42680523
0,0,0.3956152
0,0,0.35232562
0,1,0.5039592
0,0,0.25257307
1,1,0.5423782
0,0,0.4599726
0,0,0.48252612
0,0,0.49892968
0,1,0.5647603
0,0,0.42939094
1,0,0.44696316
0,1,0.6787076
0,1,0.56776154
0,0,0.42637926
1,0,0.4683122
0,0,0.41765666
1,1,0.5539691
0,1,0.525524
1,1,0.7085775
0,0,0.30974633
0,1,0.50963247
0,1,0.53864425
0,0,0.42752647
0,1,0.54565156
1,1,0.7726888
0,0,0.3855846
0,1,0.5107522
1,0,0.3880138
0,1,0.61366415
0,0,0.42603633
0,0,0.4859809
0,0,0.40816134
0,0,0.2676691
0,0,0.32085273
0,0,0.47566906
0,1,0.6342864
0,1,0.5002452
0,0,0.46189106
0,0,0.41609707
0,1,0.5089303
0,1,0.53633547
0,0,0.26791266
0,0,0.33688748
0,0,0.40371656
1,1,0.6139015
0,0,0.4520424
0,1,0.50412595
0,1,0.5625057
0,1,0.5422792
0,0,0.42070204
0,1,0.51643884
1,0,0.4595654
0,1,0.6335484
1,0,0.33471018
0,0,0.28484914
0,0,0.471324
0,0,0.33255622
0,1,0.56263447
0,1,0.53086156
0,0,0.41599423
1,1,0.509109
1,1,0.52075446
0,0,0.40250763
0,0,0.40910655
0,1,0.59276325
1,1,0.6841208
1,1,0.531981
0,0,0.33610883
0,1,0.6938015
0,1,0.59776855
1,0,0.44591582
0,1,0.5327283
0,1,0.6220294
0,1,0.528003
0,1,0.5494833
0,1,0.5692092
1,1,0.5602215
0,1,0.5469979
0,0,0.3743448
0,0,0.35621274
0,0,0.4317245
0,0,0.49545512
0,0,0.4226358
0,1,0.5404412
0,1,0.5899567
0,0,0.4714246
1,1,0.6225369
0,0,0.3966903
0,0,0.40241614
1,1,0.50987065
0,0,0.46077192
0,1,0.5587865
0,0,0.40870628
0,1,0.5816229
0,1,0.5025898
0,1,0.5714924
0,0,0.46396098
0,0,0.43442217
0,0,0.29947445
1,1,0.5905167
1,0,0.47139275
0,0,0.42142028
0,1,0.51738846
0,1,0.5301862
1,1,0.54611623
1,0,0.38042817
0,0,0.35736376
0,0,0.45569754
0,0,0.38949245
0,0,0.39452198
0,0,0.48117357
0,0,0.34053499
0,0,0.47489163
0,0,0.297687
0,0,0.3889164
0,0,0.4200374
0,0,0.34669167
1,0,0.41352296
0,1,0.5666046
0,0,0.35652864
0,0,0.3250566
0,0,0.37813607
0,0,0.36337072
0,0,0.44031182
0,0,0.35288456
1,1,0.5722052
0,0,0.31674588
1,1,0.53243524
0,1,0.5947306
0,1,0.6074797
0,0,0.47572002
0,1,0.56939507
1,0,0.49483162
0,0,0.35098466
0,1,0.5147332
1,1,0.6467167
0,0,0.23226419
0,0,0.43855688
1,1,0.61123526
0,0,0.4752943
0,0,0.27943906
1,0,0.3894022
0,0,0.47208333
0,0,0.4769181
0,1,0.5800481
0,0,0.44617638
0,1,0.5200033
0,0,0.34515074
0,0,0.49392793
0,1,0.57135344
0,0,0.42019323
0,0,0.37608963
0,0,0.43222356
0,1,0.5275739
0,1,0.51924324
0,0,0.2461683
1,0,0.3817191
1,1,0.5953473
0,1,0.5650693
1,0,0.44229665
1,0,0.4198878
0,1,0.54065526
1,1,0.64876777
0,0,0.4991281
0,1,0.6043353
0,1,0.5557062
0,0,0.3884497
0,1,0.5244529
0,1,0.5231578
0,0,0.41412038
0,0,0.48235068
0,0,0.33844477
0,1,0.76691926
0,0,0.48793095
0,0,0.36886242
0,1,0.6488904
1,0,0.4404166
0,0,0.4271628
0,0,0.40701032
0,0,0.47770107
1,0,0.35515803
0,0,0.45854527
0,0,0.40180913
0,1,0.5467395
0,0,0.4301711
1,0,0.4454713
0,0,0.38457707
0,0,0.48368737
0,1,0.57173693
0,0,0.44833255
0,0,0.42690444
0,0,0.47149548
0,0,0.45132536
1,0,0.48749393
0,0,0.486656
0,0,0.40827104
0,0,0.4595823
0,0,0.40636787
0,1,0.51658887
0,0,0.48120254
0,1,0.5389683
0,1,0.5174802
1,0,0.34268484
0,0,0.45008773
0,1,0.57874465
0,1,0.54120606
1,0,0.41408786
0,0,0.37272885
0,0,0.4333546
0,0,0.4912438
0,0,0.43922973
0,1,0.61381495
0,0,0.35572222
1,0,0.41291028
0,1,0.5343627
1,1,0.6306704
0,1,0.5778472
1,1,0.5867279
0,1,0.51586366
0,0,0.48064995
0,0,0.49214134
0,1,0.52521205
1,0,0.49624905
0,1,0.5263466
0,0,0.3590645
0,0,0.23686017
0,1,0.5274689
0,0,0.32907182
0,1,0.5875201
0,1,0.65923756
0,1,0.5550412
1,1,0.54770374
1,0,0.43097392
0,0,0.42598447
0,1,0.54174614
0,1,0.55222964
0,0,0.43649513
1,0,0.40953955
0,0,0.42950135
1,0,0.44810146
0,0,0.3931997
0,0,0.45280623
0,1,0.5718431
1,1,0.5517688
0,1,0.5285281
0,0,0.46473816
1,1,0.5069941
0,0,0.46663427
0,0,0.44339684
0,0,0.27461
0,0,0.46823725
0,1,0.59866554
0,0,0.38932443
0,0,0.45510828
0,0,0.4805289
1,0,0.39217466
0,0,0.43229985
0,0,0.41250804
0,0,0.3785047
1,1,0.5513143
0,0,0.33427966
0,0,0.33326745
0,0,0.38158494
0,0,0.25535294
0,1,0.5832699
0,0,0.36936072
0,1,0.5668483
0,0,0.4771978
1,1,0.5126451
0,0,0.47026235
0,0,0.46884298
0,0,0.42559007
0,0,0.37990028
0,0,0.47632512
0,0,0.34108785
0,0,0.42670852
0,1,0.56035686
0,1,0.56070817
0,0,0.48216197
0,1,0.5689908
0,1,0.53680813
0,0,0.47530216
0,0,0.44007593
0,0,0.24151033
0,0,0.42253327
0,0,0.4531026
0,0,0.44371003
1,1,0.50666666
0,0,0.30394578
0,0,0.4339186
0,0,0.45959193
0,1,0.5642177
0,0,0.45605505
0,1,0.5304996
1,1,0.522432
0,1,0.56639385
1,0,0.34820375
0,1,0.5082151
0,1,0.5550252
0,1,0.5649476
0,0,0.39070627
0,1,0.51418996
0,0,0.42804182
0,0,0.34859538
0,0,0.44083762
0,1,0.56787896
1,0,0.4426447
0,0,0.33010632
1,1,0.52763677
0,0,0.4914873
0,0,0.42724407
0,0,0.4228303
0,1,0.51839435
0,0,0.49025264
0,0,0.37447366
0,0,0.40070066
0,1,0.54777634
0,1,0.52186215
0,0,0.39891717
0,0,0.44795957
0,0,0.29869282
0,0,0.4969548
0,0,0.45670614
0,1,0.5831542
0,0,0.4864063
0,0,0.20557377
1,0,0.46340558
1,0,0.4079301
1,0,0.4056445
0,0,0.48095617
0,1,0.5324961
1,1,0.54929435
0,0,0.4624833
0,0,0.42364088
0,0,0.48496193
0,0,0.4121886
1,0,0.4313784
0,1,0.5683384
0,0,0.36366686
1,1,0.6305219
0,0,0.3882729
0,0,0.47924793
0,0,0.42516586
0,0,0.43234795
0,0,0.33331853
0,0,0.39554238
0,0,0.4696107
0,0,0.4222921
0,0,0.3577406
0,1,0.59191096
0,0,0.45437184
0,1,0.5175806
0,0,0.4628929
0,0,0.41891122
0,0,0.41485775
0,0,0.46390447
0,1,0.54645836
0,0,0.3721575
0,0,0.40290755
0,0,0.4542064
0,1,0.59686494
0,1,0.5477745
0,1,0.5415061
0,0,0.4987531
0,0,0.33576372
1,1,0.52785057
0,1,0.59199536
1,0,0.38523462
0,0,0.46363896
0,0,0.408033
0,0,0.49912953
0,0,0.47589383
0,0,0.40828875
0,0,0.41542697
0,0,0.47193944
0,1,0.5424055
0,0,0.45900294
0,0,0.44888425
0,0,0.31286418
0,0,0.47080335
0,0,0.34340164
0,1,0.54524946
0,0,0.49383923
1,1,0.5069158
0,1,0.5532912
1,1,0.590049
0,0,0.49771228
0,0,0.15973574
0,1,0.52420855
0,0,0.4243366
0,0,0.37150759
0,1,0.63882315
0,0,0.3607894
0,1,0.5641638
1,0,0.40900552
0,1,0.6217179
0,0,0.41891393
0,0,0.40804893
0,0,0.30390432
0,0,0.46995413
0,1,0.504755
0,1,0.5601276
0,1,0.6319509
1,0,0.45471567
0,1,0.52348286
1,1,0.58275044
0,0,0.4874334
0,1,0.6523601
1,1,0.6171716
0,0,0.37468967
0,0,0.4364933
0,1,0.58180237
0,0,0.35320482
0,0,0.47241136
0,1,0.5711604
0,0,0.20824239
1,1,0.51232904
0,1,0.56410325
0,1,0.5389847
0,0,0.39626765
0,1,0.5555563
0,0,0.45711404
1,0,0.2942011
0,0,0.42573953
0,0,0.35576075
1,0,0.30286714
0,1,0.5514382
0,1,0.55089706
0,0,0.45791972
0,0,0.34259877
0,0,0.427905
0,1,0.5774035
1,1,0.5592026
0,1,0.60348004
0,1,0.6547923
0,0,0.4042144
0,0,0.48466596
0,0,0.31761023
0,1,0.54517496
0,1,0.53389096
0,1,0.57093865
0,1,0.57187915
0,1,0.5493798
0,1,0.5787662
0,0,0.41868702
0,1,0.5040858
1,1,0.5301599
0,1,0.5648758
0,0,0.4255107
0,1,0.60168695
0,0,0.41799513
0,1,0.5673583
1,0,0.39885247
0,1,0.64027214
0,0,0.3948659
1,0,0.3419628
0,0,0.44495285
0,0,0.45982328
0,0,0.3568631
0,1,0.5429725
1,1,0.6007978
0,0,0.4721284
0,0,0.2505045
0,1,0.5071978
0,0,0.46055955
0,0,0.27369767
0,1,0.5477724
1,0,0.2352717
1,0,0.4184224
0,0,0.41608155
0,0,0.4403898
0,1,0.51873946
0,0,0.29700592
0,0,0.38931224
0,1,0.55431414
0,1,0.5434233
1,0,0.24576303
1,0,0.49481204
0,0,0.47581714
0,1,0.6188989
1,0,0.3893262
0,1,0.52096474
1,0,0.45052966
0,0,0.47417623
0,1,0.5027714
0,0,0.39672118
0,1,0.5583584
0,1,0.52120984
0,1,0.53142923
0,0,0.49626487
1,0,0.39307046
0,0,0.22958286
0,1,0.5939
1,0,0.42837018
0,1,0.50104105
1,0,0.47578725
0,0,0.32740712
0,0,0.47745132
0,0,0.29143217
0,0,0.4651944
0,0,0.43326646
1,0,0.4023972
0,0,0.30171832
0,1,0.50160384
0,0,0.33134097
1,1,0.5655986
1,1,0.54194105
0,1,0.54499286
0,0,0.46740034
0,0,0.47174665
0,0,0.46858844
1,1,0.6040622
0,0,0.4824133
0,0,0.40858036
0,0,0.18734197
0,0,0.43967322
0,1,0.5224371
0,0,0.4929236
0,0,0.32627267
0,0,0.3192256
1,1,0.526312
1,1,0.58612335
0,0,0.4245791
0,0,0.40810633
0,0,0.46009493
1,0,0.4414948
0,1,0.50986475
1,0,0.45924568
0,0,0.4077996
0,0,0.41160554
0,1,0.5684156
0,0,0.33385664
0,1,0.52216554
0,0,0.31900248
1,1,0.6718466
0,0,0.34120536
0,1,0.5046388
0,0,0.3254544
0,0,0.44342187
0,0,0.25361905
1,0,0.28473797
0,0,0.41879338
0,1,0.5015549
0,0,0.23006807
0,0,0.33721358
0,1,0.5639036
1,0,0.44636473
0,1,0.51095515
1,1,0.67541385
1,1,0.51770175
0,0,0.46123272
0,0,0.43900353
0,0,0.33275288
0,0,0.38620102
0,0,0.43753746
0,1,0.5561835
1,1,0.5044443
0,0,0.46343613
0,0,0.35165283
1,0,0.449175
1,0,0.3870712
0,0,0.4241835
0,1,0.5545967
0,0,0.40565363
0,0,0.34122235
0,1,0.5161772
0,0,0.28807336
1,0,0.39731526
1,1,0.55160314
0,0,0.2920561
0,0,0.41767287
0,1,0.5938926
0,0,0.49681297
1,0,0.4707337
0,0,0.44575495
0,0,0.48270184
0,0,0.3831441
0,1,0.52452004
0,0,0.40535122
0,0,0.3270364
1,1,0.61206764
0,0,0.48599604
0,0,0.4363676
0,0,0.3758678
0,1,0.5486557
0,1,0.524601
0,1,0.52278614
0,0,0.47580063
0,0,0.4417726
0,1,0.5974853
1,1,0.5858223
0,1,0.55665195
0,0,0.33360162
0,1,0.7153734
0,0,0.42758018
0,1,0.541484
0,0,0.42208818
0,1,0.5880122
0,1,0.50328195
0,0,0.39155245
1,0,0.3981107
0,1,0.548497
0,1,0.54368114
1,0,0.43582606
0,0,0.48437142
0,1,0.5948498
0,0,0.39874354
0,0,0.29379746
0,0,0.17856139
0,0,0.35985047
0,0,0.27493224
0,1,0.59037
1,1,0.5092061
0,0,0.25045437
1,0,0.49605602
0,1,0.56179047
0,0,0.45708704
0,1,0.53847086
0,1,0.55328596
0,1,0.577471
0,1,0.53684986
1,0,0.4208808
0,0,0.47589323
1,1,0.53355753
1,1,0.68578994
0,0,0.37446013
0,1,0.5033039
0,1,0.6218229
1,0,0.4482173
0,1,0.50661486
0,0,0.44571847
0,0,0.47262803
0,1,0.57406414
0,0,0.45880812
1,0,0.45216006
0,0,0.31832772
0,0,0.48633528
0,0,0.41902852
0,1,0.5075351
0,0,0.18508865
0,0,0.3702467
0,0,0.3146108
0,1,0.6027149
0,1,0.5034447
0,0,0.43174627
0,0,0.16715579
0,0,0.30994335
0,1,0.568804
0,0,0.3605931
0,0,0.41505748
0,0,0.46218166
1,0,0.476994
0,0,0.4278904
0,1,0.5256238
0,1,0.5439789
0,1,0.52737045
0,0,0.48536757
0,0,0.43553615
0,0,0.34014097
0,0,0.38964167
0,1,0.547724
0,1,0.5384893
0,0,0.46799684
0,0,0.26363334
0,0,0.32673243
0,0,0.44719803
0,0,0.3412983
0,0,0.4542351
0,1,0.56245285
0,0,0.42009142
0,1,0.7023034
0,0,0.39067835
0,0,0.47771975
0,1,0.5528081
1,0,0.48226655
0,0,0.44326273
0,0,0.44785604
0,0,0.40488854
0,0,0.4518472
0,1,0.5807632
0,0,0.35398766
0,1,0.5186691
1,1,0.6053962
0,1,0.5462009
0,0,0.39546648
0,0,0.36664528
0,1,0.51287687
0,0,0.48642963
0,1,0.53710043
0,0,0.4446602
0,0,0.44306388
0,1,0.5650603
0,0,0.4195003
0,0,0.36985365
0,0,0.37467623
0,1,0.5001263
1,1,0.57626545
0,0,0.44280294
0,1,0.5150559
0,1,0.52978015
1,1,0.55637515
0,0,0.49310553
0,1,0.644663
0,0,0.4559438
0,1,0.5154886
1,0,0.47956237
0,1,0.54141307
1,1,0.68389785
0,1,0.5378164
0,0,0.25215963
0,0,0.48040825
0,0,0.37756455
0,0,0.48773494
1,0,0.47788945
0,1,0.5420183
0,0,0.31940356
0,1,0.5022128
1,1,0.5555277
0,1,0.6025576
0,1,0.53229904
0,0,0.32096246
1,1,0.56613517
0,1,0.5352501
0,1,0.5222815
1,0,0.48889792
0,1,0.5654509
1,0,0.44233802
0,1,0.69418645
0,1,0.6239773
0,0,0.4752702
0,1,0.57736164
0,0,0.45061386
0,0,0.4014963
1,1,0.57406974
0,0,0.49368364
0,1,0.527661
0,0,0.39442638
0,1,0.5006043
1,1,0.5398481
1,0,0.41745457
0,1,0.5767282
0,1,0.52288246
0,1,0.54060227
0,1,0.5057932
0,1,0.5164083
1,1,0.51425004
0,1,0.62890553
0,0,0.4201357
0,1,0.6073709
0,0,0.28237292
0,0,0.48690155
0,0,0.36696455
0,0,0.38874745
0,1,0.6302829
1,1,0.5174714
0,0,0.27331302
1,1,0.5962863
0,1,0.5464604
0,0,0.45698452
0,1,0.5006066
0,0,0.47975382
1,0,0.19138283
0,0,0.46979132
1,1,0.55252683
0,0,0.44980514
0,0,0.42230222
0,1,0.6379373
0,0,0.421819
0,0,0.39017388
0,1,0.51632774
1,1,0.50723577
0,0,0.428589
1,1,0.58831275
0,0,0.4610818
1,1,0.5461545
1,1,0.62978756
1,1,0.55321306
0,0,0.43647462
0,0,0.44730133
1,1,0.58454716
1,1,0.5085458
0,0,0.45374238
0,0,0.42225865
0,0,0.45593688
0,0,0.23112662
0,1,0.68109024
0,0,0.389408
0,0,0.42768002
0,1,0.6019467
0,0,0.3860857
0,1,0.5127573
0,0,0.49859402
0,0,0.44743916
0,0,0.45117143
0,1,0.5726371
0,0,0.38245666
0,1,0.5291469
0,0,0.45624268
1,0,0.46749845
0,0,0.38111526
1,1,0.54513603
0,1,0.5049907
0,1,0.5551807
0,1,0.5317465
1,1,0.55212307
0,0,0.28462014
1,0,0.43261743
0,0,0.4793957
0,1,0.5697808
0,0,0.22064431
0,0,0.47401297
0,0,0.314504
0,1,0.5589123
1,1,0.5290446
0,1,0.5280584
0,1,0.6968107
1,0,0.32148165
1,1,0.598197
1,1,0.58487034
0,0,0.4443585
1,1,0.58222026
1,0,0.4429652
0,1,0.53447485
0,0,0.36890876
0,0,0.43924868
0,1,0.5690273
0,1,0.51460636
0,0,0.4857078
0,0,0.26200294
1,0,0.47086716
0,0,0.38869908
1,1,0.59719723
0,1,0.53463686
0,0,0.2971301
1,1,0.54928946
1,1,0.5240595
0,0,0.4265273
0,1,0.539291
0,1,0.54304504
0,0,0.4258623
1,1,0.5665356
0,1,0.52860194
0,1,0.5195562
0,0,0.3847181
0,1,0.5628779
0,0,0.47446206
0,0,0.45961255
1,0,0.41360784
0,1,0.50559485
0,0,0.45916492
0,0,0.45643166
0,0,0.40756318
0,1,0.70257413
0,0,0.26559564
0,0,0.4644304
0,0,0.4799137
0,0,0.38718703
0,0,0.45969516
1,0,0.48161104
0,1,0.50771606
0,0,0.3599707
0,0,0.3990941
0,1,0.56424975
1,0,0.3600536
0,1,0.6237401
1,1,0.54827034
1,0,0.25082076
0,0,0.478654
1,0,0.45663214
0,0,0.26317623
0,0,0.38817826
0,0,0.38878256
0,0,0.40983945
1,1,0.5480502
0,0,0.15915808
0,0,0.47470814
0,0,0.37941033
0,1,0.5066286
1,1,0.70374453
0,0,0.457274
0,1,0.5011137
0,0,0.3678657
0,0,0.45185062
0,1,0.548782
0,0,0.49762192
1,1,0.54085755
0,0,0.45454627
0,0,0.4261341
1,1,0.5391263
1,0,0.41905278
0,0,0.3395354
0,0,0.4284288
1,0,0.45440406
0,0,0.35722035
0,1,0.62561095
0,1,0.5180172
1,0,0.396147
0,0,0.27313346
0,0,0.373724
0,0,0.46756402
0,1,0.50384533
0,0,0.3776123
0,0,0.4793563
0,0,0.33809465
0,0,0.48117384
1,1,0.5579243
0,1,0.5259452
0,1,0.5974549
0,0,0.4991708
0,1,0.5908741
0,0,0.41767448
1,1,0.50045145
0,0,0.3870943
0,1,0.6441608
0,0,0.3790124
0,0,0.41882786
1,1,0.5322504
0,0,0.4761175
0,0,0.39260682
1,0,0.336042
0,1,0.50879323
0,1,0.5841613
1,0,0.42881542
0,0,0.3614396
0,1,0.54065174
0,0,0.4248736
0,1,0.5133675
0,1,0.5495637
0,1,0.54645693
0,0,0.4382593
0,1,0.5332788
0,0,0.34640914
0,1,0.57913625
0,0,0.43539682
1,0,0.39694077
1,0,0.35755274
1,1,0.553832
0,0,0.46482962
0,0,0.28880656
0,0,0.40358123
0,0,0.4267486
1,1,0.53032863
0,1,0.53367114
1,0,0.46858692
0,1,0.56639266
1,0,0.31860873
0,1,0.59421265
0,0,0.383053
1,0,0.4804966
0,0,0.46505865
0,1,0.590008
0,0,0.48413482
0,0,0.4648619
0,1,0.50676256
0,0,0.44166806
0,0,0.3027184
0,0,0.4836309
0,1,0.5185909
0,1,0.5030469
1,0,0.3967819
0,0,0.49666855
0,0,0.40595856
1,0,0.4490049
0,0,0.33013293
0,0,0.36147535
0,0,0.3875077
0,0,0.46763775
0,0,0.28205514
0,0,0.3290237
0,1,0.51152647
0,0,0.4190311
0,0,0.46160543
0,0,0.36036927
1,1,0.54979736
0,1,0.54723567
0,1,0.50201625
0,1,0.56654155
0,0,0.49901342
1,1,0.5334072
0,1,0.5756904
0,1,0.53532636
0,0,0.31414863
0,1,0.5185155
0,1,0.54048574
0,0,0.4520993
0,0,0.48661536
0,0,0.25422964
1,1,0.62858343
0,0,0.45118293
0,0,0.45050332
0,1,0.5125594
0,1,0.56920445
0,1,0.5337688
0,0,0.43651372
0,0,0.446757
0,0,0.397705
0,1,0.5402634
0,0,0.32404333
0,1,0.5768378
0,1,0.5073381
1,1,0.55796766
0,1,0.51423615
0,1,0.58111495
0,1,0.57589895
0,0,0.41619343
0,0,0.22025442
0,0,0.49403915
1,0,0.36127418
0,0,0.3491763
0,1,0.5314524
0,0,0.3466349
0,0,0.39596927
0,0,0.4448471
0,0,0.20484342
1,0,0.48906326
0,1,0.5080017
0,0,0.4728369
0,1,0.5640135
0,0,0.44129705
0,0,0.3233753
1,0,0.4468653
0,0,0.48590133
1,1,0.52637255
0,0,0.4513992
1,1,0.52395797
0,0,0.40523323
0,1,0.55140966
0,0,0.33567026
0,0,0.39823917
0,0,0.49389353
0,1,0.53197134
0,0,0.32533953
0,1,0.543609
0,1,0.5048568
0,1,0.5308879
0,0,0.4599347
0,0,0.41311425
0,1,0.52576315
1,0,0.4463297
0,0,0.44115123
0,0,0.4199656
0,0,0.22139919
1,1,0.63062376
0,1,0.5203377
0,0,0.4667815
0,0,0.34437755
0,0,0.46112254
0,0,0.4134298
0,0,0.44977093
1,0,0.42377326
0,1,0.51373374
0,0,0.28464833
0,0,0.4624996
0,0,0.24442373
0,1,0.511297
0,0,0.47963706
0,0,0.31980017
0,0,0.4474713
0,1,0.55656266
0,0,0.38284385
1,0,0.4451205
0,1,0.60547554
0,0,0.2081233
0,1,0.5835229
1,0,0.49654838
0,0,0.3231397
0,0,0.3442828
1,1,0.53723097
0,0,0.42960063
1,0,0.43716282
0,0,0.49471325
0,1,0.5389624
1,0,0.31505007
0,0,0.488241
1,0,0.435363
0,0,0.43628302
0,1,0.5371262
0,0,0.48379615
0,1,0.57360363
0,1,0.55440146
0,0,0.4739896
0,0,0.40471542
0,0,0.48576525
0,0,0.3593246
0,0,0.33858803
0,0,0.208782
0,1,0.5522772
0,0,0.33685583
0,0,0.49155566
1,1,0.5712131
0,0,0.36810827
0,1,0.60854983
0,0,0.39828405
1,0,0.34735626
1,1,0.576481
1,1,0.5690728
0,0,0.48362732
0,0,0.41096807
0,1,0.6188297
0,0,0.45647106
0,0,0.47026423
0,0,0.49746302
0,0,0.36467862
0,0,0.48973247
1,0,0.34887186
0,1,0.5263162
0,1,0.567304
0,1,0.5708686
0,1,0.5433316
0,0,0.46848658
0,0,0.48672703
1,0,0.39574143
0,1,0.66150993
0,0,0.46258768
0,0,0.49380124
1,1,0.56872106
0,0,0.4743812
0,0,0.448853
0,0,0.31732103
0,1,0.5007742
0,0,0.47884527
0,1,0.5232425
0,0,0.45065778
0,0,0.4505358
0,0,0.25287658
0,1,0.5566988
0,0,0.34635395
0,0,0.41325954
1,0,0.49669492
0,0,0.41224986
1,0,0.45525795
0,0,0.4869822
0,1,0.5523201
0,1,0.77925473
0,1,0.57076347
0,0,0.387297
1,0,0.3918132
0,0,0.43669614
0,0,0.25953695
0,1,0.51930743
0,0,0.3827225
0,0,0.48875752
0,0,0.48437738
1,0,0.4563175
0,0,0.49686125
0,0,0.43759233
0,0,0.46621495
0,0,0.4047645
0,0,0.4009867
0,1,0.53492355
0,1,0.70764256
0,0,0.3653173
1,1,0.68809533
0,0,0.434807
0,0,0.22935486
1,1,0.52731645
0,0,0.41764635
1,1,0.5114325
0,1,0.56130475
0,1,0.5663091
1,1,0.5187079
0,0,0.4756006
0,0,0.47224057
0,0,0.48903048
0,0,0.45402956
0,1,0.50601035
1,0,0.4736663
0,0,0.37389407
0,1,0.53021485
1,0,0.48532268
0,0,0.44884518
0,0,0.43076
0,0,0.4484205
0,1,0.54096794
0,0,0.49157122
0,1,0.54792196
0,0,0.4847586
1,1,0.52026355
0,0,0.46638167
0,1,0.50548327
0,0,0.31675705
0,1,0.5600024
0,1,0.50581515
0,0,0.39457807
0,0,0.4831912
0,1,0.540136
0,1,0.5304717
0,0,0.38616684
1,1,0.5581037
0,0,0.46557772
0,1,0.6427286
0,0,0.38322586
1,0,0.4377318
0,0,0.43995446
0,1,0.51701117
1,0,0.4633292
0,1,0.5533159
0,0,0.24891542
0,1,0.516356
0,1,0.5429845
0,0,0.30465078
0,1,0.5138401
0,0,0.4125969
0,0,0.28068537
0,0,0.42969754
0,0,0.40494403
1,1,0.6914116
0,0,0.28560102
0,0,0.29727167
0,0,0.38522646
0,1,0.5214916
0,0,0.4127899
0,0,0.47824964
0,0,0.49610013
0,0,0.4862636
1,1,0.5874038
0,1,0.5662049
0,1,0.5611264
1,1,0.5428144
0,1,0.54885435
0,1,0.5333222
0,0,0.25168
1,0,0.37983462
1,1,0.5688622
0,1,0.58929086
0,0,0.46544144
0,1,0.52943856
1,1,0.6604876
0,0,0.26163486
0,0,0.4241002
0,1,0.6191098
0,0,0.41906556
0,0,0.34771648
0,0,0.4788493
0,1,0.5145793
0,0,0.48925
1,0,0.48538667
0,1,0.5347165
0,0,0.32224336
0,0,0.42296314
0,0,0.44204688
0,0,0.45018977
1,0,0.4311624
1,0,0.21414317
0,0,0.4854024
0,0,0.42527282
0,1,0.596869
0,0,0.49191707
0,0,0.45315367
0,1,0.51450765
0,1,0.51490843
1,0,0.2692994
0,1,0.5013952
0,0,0.377897
0,0,0.30963275
1,1,0.5695955
0,0,0.46161124
0,0,0.46128005
1,0,0.2943562
0,0,0.3858867
0,0,0.476008
0,1,0.5826597
0,0,0.43112132
0,1,0.59266055
0,1,0.508567
0,1,0.54623693
0,0,0.36945978
1,0,0.3712855
0,1,0.6639811
0,0,0.24591273
0,1,0.57823956
0,0,0.44798973
0,1,0.5274536
0,1,0.55155396
0,0,0.49238053
0,0,0.3772154
0,0,0.331739
1,1,0.59118664
0,0,0.39519027
0,0,0.48714235
0,0,0.33095458
0,1,0.57244897
0,1,0.55871344
0,1,0.59531087
0,0,0.45624098
0,0,0.4660443
0,0,0.4973241
0,0,0.41170958
0,0,0.37668255
0,0,0.3700704
0,0,0.47580555
1,0,0.38781577
0,1,0.5981183
1,1,0.5450191
0,1,0.50349224
0,0,0.40388805
0,0,0.43922088
1,0,0.33334196
0,0,0.49522296
0,0,0.46683484
0,0,0.45126772
0,0,0.4315168
0,0,0.35436296
0,1,0.5674567
0,1,0.5510022
1,0,0.40919238
0,1,0.6278665
0,0,0.34880444
1,1,0.56228006
0,0,0.4132454
0,1,0.6321479
0,0,0.47536233
0,0,0.4812508
1,0,0.47097075
1,1,0.58048517
0,0,0.3172787
1,1,0.6408652
1,1,0.5106595
0,1,0.5063592
0,0,0.37760952
0,0,0.27597067
0,1,0.5877067
0,0,0.45457172
0,1,0.501098
0,1,0.551772
0,0,0.48064938
0,0,0.3786052
0,0,0.41706887
0,1,0.539684
0,0,0.48866212
0,0,0.48961914
1,1,0.54751706
0,0,0.4806099
0,0,0.49391496
0,0,0.46356034
0,1,0.59116936
0,1,0.524843
0,0,0.4344571
1,1,0.61073107
0,1,0.52855647
0,0,0.3779551
0,0,0.3454501
0,1,0.515329
1,1,0.55176985
0,0,0.4604644
0,0,0.44989765
1,1,0.6141715
0,1,0.5082191
1,1,0.5516432
0,0,0.47904095
0,0,0.42663404
1,0,0.45409772
0,1,0.524276
0,0,0.41973206
0,0,0.40033522
0,1,0.5368979
0,1,0.5295977
1,0,0.43932164
0,0,0.4439812
0,0,0.36616814
0,1,0.5158598
1,1,0.6509887
1,1,0.5237021
1,0,0.48118448
0,0,0.4408889
0,0,0.2503931
0,1,0.5633279
0,1,0.53599083
1,0,0.3988593
0,0,0.431328
0,1,0.579006
0,1,0.563412
0,1,0.5740906
0,0,0.43651232
0,0,0.49261284
0,0,0.47896543
0,0,0.48455584
0,1,0.5394492
0,0,0.46902037
0,1,0.5069303
0,0,0.4138206
0,0,0.4569208
1,1,0.57395345
0,0,0.48646563
1,0,0.45633912
1,1,0.5486394
0,1,0.6036409
0,1,0.5878606
0,1,0.5078026
1,0,0.4068614
0,1,0.5470614
0,0,0.3451584
0,0,0.4655371
1,1,0.5105398
0,0,0.4556687
1,0,0.47928104
0,0,0.4362347
0,0,0.4458629
0,0,0.41065282
1,0,0.45006508
0,0,0.4852291
0,1,0.6220802
0,1,0.5264808
0,0,0.3925608
0,0,0.4623875
0,1,0.55008495
0,0,0.46692652
0,0,0.4110854
0,1,0.5859202
0,1,0.56897724
1,0,0.37974778
1,1,0.52197003
0,0,0.45829016
0,1,0.5169115
0,0,0.35906157
0,1,0.54785717
0,1,0.63977695
0,0,0.48264465
0,1,0.5644361
0,1,0.56061774
0,1,0.6629165
0,1,0.51712245
0,0,0.44801527
0,0,0.31713423
0,1,0.55457187
1,1,0.53470826
0,0,0.19763075
0,0,0.23936252
0,0,0.417038
0,0,0.49859965
0,1,0.50652206
0,0,0.48304275
0,0,0.30359828
1,0,0.3138041
0,0,0.44157794
0,0,0.41273308
0,1,0.50468874
0,0,0.44641116
0,0,0.4545542
0,1,0.50153553
0,0,0.43983293
1,1,0.6096849
0,0,0.48940134
1,1,0.555226
0,0,0.33135894
0,1,0.52601415
0,1,0.5219095
1,0,0.4564553
0,1,0.6219997
1,1,0.58506215
0,0,0.3424646
1,0,0.40259522
0,0,0.46177498
1,0,0.34261638
0,1,0.5690607
0,0,0.41529095
0,0,0.4117967
0,0,0.4443033
0,0,0.20515446
0,1,0.5807688
1,0,0.34099317
0,1,0.6174097
0,0,0.43250126
0,1,0.5247874
0,0,0.41345897
0,1,0.5459246
0,1,0.57278746
0,1,0.52175385
0,0,0.36056146
0,1,0.5387968
0,1,0.52248526
0,1,0.5252795
0,0,0.49564248
1,1,0.56067353
0,0,0.46963772
1,1,0.58389515
0,1,0.52977836
0,1,0.7525215
1,0,0.47540712
0,0,0.41432372
0,1,0.5586672
0,0,0.36107364
0,0,0.4335913
0,0,0.40435344
0,1,0.53584146
0,0,0.41918492
0,0,0.41664788
0,0,0.45644152
0,1,0.53894055
0,0,0.43777558
0,0,0.45379266
0,1,0.5339931
1,1,0.5790763
0,0,0.47878927
0,0,0.33675703
0,1,0.5284066
0,1,0.5661191
0,1,0.5003867
0,1,0.53414434
1,0,0.4873143
0,0,0.37352684
0,0,0.35664773
0,0,0.27487865
0,1,0.5338825
0,1,0.5313014
0,1,0.56753373
0,0,0.4299121
0,0,0.2904251
0,1,0.58096755
0,1,0.5610518
1,1,0.5532192
1,1,0.5538442
0,1,0.5012113
1,0,0.3615188
0,1,0.52978885
1,1,0.5440972
1,0,0.39209378
1,1,0.53770167
0,1,0.5090106
0,1,0.5363648
1,1,0.56489074
0,0,0.48954463
0,1,0.5425269
0,0,0.41119307
1,1,0.58631563
0,1,0.5916021
1,1,0.57219124
0,1,0.5816928
0,0,0.41551188
0,0,0.2959241
1,0,0.3755331
1,0,0.438521
0,0,0.42569125
0,0,0.45268416
0,0,0.46803012
0,1,0.5808606
0,0,0.47399184
1,0,0.29970995
0,1,0.55250525
0,0,0.41051823
1,0,0.45537245
0,0,0.45919943
0,0,0.48987225
1,1,0.536392
0,0,0.4434621
0,0,0.38310468
0,1,0.5086459
0,1,0.6285999
0,0,0.4944489
0,0,0.3873848
0,0,0.44767645
0,1,0.51821977
0,0,0.3963284
0,1,0.5975995
1,1,0.5980574
0,1,0.5168265
0,0,0.45621285
1,1,0.6140083
0,0,0.36032617
0,1,0.5240314
0,0,0.38479757
0,1,0.6115947
0,0,0.40508884
0,1,0.5258448
1,0,0.46239805
0,0,0.31313658
0,1,0.53322643
0,0,0.3840279
0,0,0.39922032
0,1,0.5630189
1,1,0.54361665
0,1,0.52575505
1,1,0.510241
0,1,0.5712945
0,0,0.4132639
0,1,0.595137
0,0,0.4319525
0,0,0.23294313
0,0,0.46826062
0,0,0.20001131
0,0,0.4609568
0,1,0.5511254
0,1,0.5310998
0,0,0.46945488
0,0,0.49266738
0,0,0.42796156
0,0,0.4802112
0,0,0.46056345
0,1,0.53382015
0,1,0.5540197
0,1,0.5699906
0,1,0.506762
0,1,0.658924
0,0,0.4932971
1,1,0.65405285
0,0,0.47163025
0,1,0.5065448
0,0,0.39513028
0,1,0.52530646
1,1,0.6175871
0,0,0.48172474
0,1,0.51599145
1,0,0.39128408
0,0,0.42717296
0,1,0.55833364
0,0,0.38177198
0,0,0.47575057
0,1,0.5372168
0,1,0.5400722
0,0,0.49362528
1,0,0.28945023
0,0,0.44371286
1,1,0.5905603
0,1,0.5268603
0,1,0.6865389
1,1,0.5201841
0,0,0.47969887
0,0,0.43448532
1,1,0.57939184
0,1,0.5310626
1,1,0.5569278
0,0,0.47200277
0,0,0.4333946
0,0,0.45857087
0,0,0.39089164
0,0,0.4233912
0,1,0.60150784
0,1,0.5404271
0,0,0.3138556
0,0,0.43573213
0,1,0.5371916
0,0,0.27822632
1,0,0.2758957
0,1,0.54390275
0,1,0.5521529
0,1,0.6314112
0,1,0.52277553
1,1,0.61401486
0,1,0.5184899
1,0,0.49738023
0,1,0.55960965
0,0,0.46316522
1,1,0.52971643
0,1,0.5742133
0,1,0.506835
0,0,0.49870086
0,0,0.21978708
0,0,0.32502833
0,1,0.52326995
0,0,0.3758278
0,0,0.47986892
0,0,0.49616283
0,0,0.3547225
0,1,0.56563616
0,1,0.5534813
0,0,0.45232663
0,0,0.3828253
0,1,0.58918536
1,1,0.6488284
0,0,0.35601178
0,0,0.3693457
0,1,0.61442024
0,0,0.4514675
1,0,0.3759359
0,0,0.44973066
0,0,0.46816543
0,1,0.5444977
0,0,0.43021056
0,0,0.35402188
0,0,0.43440217
0,0,0.47937217
0,0,0.38735357
0,0,0.45972028
1,1,0.5422754
1,0,0.30638847
1,0,0.42758748
0,0,0.46090767
0,0,0.23691675
0,1,0.5468902
0,0,0.45210448
0,1,0.5227444
0,0,0.39541355
0,0,0.47580475
1,1,0.5769258
0,1,0.52127874
0,0,0.4473994
0,1,0.5734781
1,0,0.29805687
0,1,0.6765117
0,0,0.3447314
0,0,0.39760116
1,1,0.5483235
0,0,0.33015096
0,1,0.63177836
0,0,0.44474512
0,1,0.57488173
0,0,0.32001892
0,1,0.51382834
0,0,0.2577977
0,1,0.5033661
0,0,0.43287787
1,1,0.5951774
0,0,0.36293167
0,1,0.5365745
0,1,0.64145726
1,1,0.59428704
0,0,0.4370214
0,1,0.5833559
0,0,0.40195325
1,0,0.41986296
1,0,0.47011346
0,1,0.53965235
0,0,0.47360447
0,0,0.46451533
0,1,0.65842426
0,0,0.39052644
0,1,0.52984387
0,0,0.4057958
1,1,0.5864973
1,0,0.3952915
0,0,0.35299265
0,1,0.57932174
0,0,0.4647097
0,1,0.75688505
0,0,0.49218288
1,0,0.4671219
0,0,0.45433557
0,0,0.4582291
1,1,0.5127156
0,0,0.45912093
0,1,0.51961046
0,1,0.5779755
0,0,0.47416377
0,0,0.3726931
1,1,0.62879145
0,0,0.4403496
0,0,0.43685043
0,0,0.36196157
0,0,0.35198942
0,0,0.4735223
0,1,0.555625
0,0,0.3131276
0,0,0.48301336
0,0,0.46400434
0,0,0.36907557
0,0,0.2692372
1,0,0.47864676
0,0,0.38735458
0,1,0.5530573
1,0,0.4879969
1,0,0.28427058
1,1,0.59255135
0,0,0.48612243
0,1,0.57101583
0,0,0.439713
0,1,0.6204249
0,0,0.1673031
0,0,0.44234917
0,0,0.332883
0,1,0.6149367
0,0,0.4679436
0,0,0.24505451
0,1,0.510637
0,1,0.53302884
1,0,0.35641474
0,1,0.5376564
0,1,0.5439996
0,0,0.481154
0,1,0.5349295
0,0,0.4043463
0,0,0.4236654
0,0,0.4520427
0,1,0.5759543
0,0,0.40507984
0,1,0.60590017
0,1,0.5200511
1,1,0.5467696
0,1,0.5650812
0,0,0.4762137
1,1,0.64374065
0,1,0.523954
1,0,0.47837725
0,0,0.472057
0,0,0.42180544
0,0,0.46126068
1,1,0.6678078
0,0,0.48872843
1,1,0.5181297
0,1,0.5136697
0,0,0.4820102
0,0,0.42277378
0,0,0.37064877
0,0,0.45284835
0,0,0.42897633
0,0,0.44468328
0,1,0.5279496
0,0,0.4238605
0,1,0.6113254
0,0,0.37606335
0,1,0.5250704
0,0,0.44900703
0,0,0.48035377
0,0,0.23608497
0,0,0.30015847
1,1,0.5068693
1,1,0.54765517
1,0,0.49899516
0,0,0.3866964
0,0,0.33270717
0,0,0.46219933
0,0,0.47796768
1,0,0.4575044
0,0,0.46865672
0,1,0.5220108
0,0,0.47848144
0,0,0.418799
0,0,0.43346962
0,1,0.5348009
0,1,0.57698447
0,0,0.4964779
0,1,0.5266732
0,1,0.595922
0,0,0.35921293
0,0,0.4454499
0,0,0.4107395
1,1,0.5387409
0,0,0.37926275
0,1,0.5701997
1,1,0.54698634
0,0,0.4695792
1,0,0.49563769
0,0,0.36918586
0,0,0.43650863
0,0,0.44868165
0,0,0.42605367
0,0,0.42063564
0,0,0.3161317
0,1,0.50316584
0,0,0.34171066
0,0,0.3907997
0,0,0.48449203
0,0,0.46768215
0,0,0.3611264
1,1,0.58191824
0,1,0.5128844
0,1,0.6084933
1,0,0.4814525
0,1,0.6244706
1,1,0.6178528
0,1,0.5620988
0,0,0.41608757
0,1,0.5354918
0,0,0.47007972
0,0,0.47484428
0,0,0.46051654
0,0,0.442776
0,0,0.33744448
0,0,0.44352078
0,0,0.39752892
0,1,0.54492354
0,0,0.45102316
0,0,0.48654032
0,1,0.5369371
1,0,0.4648475
0,0,0.43763062
0,0,0.3789051
0,0,0.4461964
0,0,0.475603
0,1,0.60353017
0,0,0.2835805
0,1,0.5333603
1,1,0.5618502
0,0,0.39834294
0,0,0.40741628
0,1,0.61817634
0,0,0.38787472
0,1,0.56563973
0,0,0.4345399
0,1,0.530277
0,0,0.38096082
0,1,0.53337824
0,1,0.54361296
0,0,0.46309963
0,1,0.52179253
0,0,0.280134
0,0,0.46813655
0,1,0.59230703
1,1,0.57882655
0,0,0.46250504
0,0,0.2531472
1,1,0.54641455
0,1,0.52536225
0,1,0.56024337
1,1,0.5229102
0,0,0.31391856
0,0,0.41627586
0,0,0.36127782
1,1,0.560381
0,0,0.34299415
1,0,0.33828083
1,1,0.6514865
0,1,0.5578217
1,1,0.50588727
1,1,0.58828676
0,1,0.6072012
0,0,0.46242663
0,1,0.60980046
0,1,0.5524838
0,0,0.47884503
1,0,0.4626979
0,1,0.5430906
0,0,0.444485
0,1,0.51750886
0,1,0.5540793
0,1,0.57273924
0,1,0.6025611
0,0,0.31345907
0,0,0.3958388
0,0,0.4120682
0,0,0.44755268
0,0,0.470223
1,1,0.58450466
0,0,0.30324274
0,0,0.35851714
0,0,0.42348036
0,0,0.43683916
0,1,0.50220144
1,0,0.43983302
0,1,0.5204077
0,1,0.5484946
0,0,0.27952072
0,0,0.3722387
0,1,0.6397058
0,1,0.62505007
0,0,0.44057736
0,0,0.47157085
0,0,0.43177754
0,0,0.2986409
0,0,0.37418637
0,1,0.52067566
0,0,0.45885348
1,0,0.45656878
0,0,0.39579663
0,0,0.49473646
0,0,0.2688905
1,0,0.35672235
0,0,0.41579938
0,0,0.4063813
0,0,0.38651782
0,0,0.45538482
0,0,0.32261544
0,0,0.40263292
1,1,0.52829295
0,0,0.333134
0,0,0.48566872
0,0,0.4583806
1,0,0.4548236
1,1,0.5489254
0,0,0.4612193
0,0,0.3755292
0,1,0.51699084
0,0,0.36977974
0,0,0.39489794
0,0,0.44516364
0,0,0.4944126
0,0,0.4139673
0,0,0.38695106
0,0,0.40983552
0,0,0.3919161
0,0,0.47305292
0,1,0.52933216
0,1,0.6021446
0,0,0.3644566
0,1,0.6377334
0,1,0.525411
0,0,0.483004
0,0,0.32788548
1,0,0.28085452
0,0,0.46851447
1,1,0.53785074
1,1,0.6392942
0,0,0.34562927
0,0,0.47279742
0,1,0.5598882
0,1,0.5564273
0,0,0.4697806
0,1,0.5752113
0,0,0.48558405
1,0,0.46235347
0,0,0.39553446
0,1,0.5240283
0,0,0.3829898
0,0,0.45205885
1,0,0.39932218
0,0,0.466015
0,1,0.5209656
0,1,0.56499326
0,0,0.46868005
0,1,0.6240856
0,0,0.4290529
0,0,0.3273156
1,0,0.43116933
0,0,0.37623116
0,0,0.3226842
0,0,0.4034059
0,1,0.51387477
0,1,0.554175
0,1,0.68853605
1,0,0.46175805
0,0,0.4717664
0,0,0.49912512
0,1,0.61992717
0,1,0.58276355
1,1,0.5418394
0,0,0.40523043
0,1,0.50821173
0,0,0.48193514
0,0,0.49974898
0,1,0.69831836
0,0,0.38621947
1,1,0.5203711
0,0,0.39892828
1,1,0.5728302
0,0,0.40744722
0,0,0.46562374
1,1,0.55989087
0,0,0.45757335
0,0,0.40524876
0,0,0.49549252
0,0,0.410135
1,0,0.44534564
0,0,0.481752
0,0,0.3538751
1,1,0.52508116
0,0,0.38090643
0,0,0.3454097
0,0,0.3478259
0,1,0.50500166
1,1,0.5521461
0,1,0.5408781
0,0,0.39007992
0,0,0.49859214
0,1,0.51180637
0,1,0.5063994
0,0,0.35843757
1,1,0.5129044
0,0,0.48321685
0,1,0.55459404
0,0,0.48922262
0,1,0.5596943
0,0,0.4316899
0,1,0.5606451
0,0,0.3860482
1,0,0.44874325
0,1,0.542336
0,1,0.5301932
1,0,0.49984828
0,1,0.6687741
0,0,0.34854603
0,0,0.38488364
0,0,0.45625466
0,0,0.48541424
0,0,0.4885849
0,0,0.44975874
0,1,0.51531416
0,1,0.5473994
0,0,0.40141895
0,1,0.5223136
0,1,0.5076072
0,1,0.65901923
0,1,0.50317085
0,1,0.5527354
0,0,0.45004594
1,0,0.45137438
0,0,0.31808522
0,0,0.36578605
0,0,0.42622697
0,0,0.34856918
0,1,0.5364292
0,0,0.44200242
0,1,0.59252596
1,1,0.50143677
0,0,0.43537495
1,1,0.56569695
0,1,0.5642843
0,1,0.5485027
0,0,0.3828789
0,0,0.46865478
0,0,0.2624492
0,0,0.33788973
0,0,0.4305587
0,0,0.46080428
1,0,0.43056843
0,1,0.5782001
0,0,0.29582468
0,0,0.29472604
0,1,0.5539123
0,0,0.30241296
0,1,0.61818004
1,1,0.5154094
0,0,0.45285106
0,0,0.40229777
1,0,0.43475798
0,0,0.4682327
1,1,0.51297265
0,0,0.4532035
0,0,0.44077227
0,1,0.5481578
1,1,0.56676257
1,1,0.5326717
0,1,0.57922614
0,1,0.55581677
0,1,0.5047767
0,0,0.380472
0,0,0.47571197
0,0,0.3922008
1,0,0.43363371
0,0,0.24725294
0,0,0.34387407
0,1,0.52567375
1,1,0.54387367
0,1,0.56547844
1,1,0.52503574
0,1,0.51403964
0,1,0.5041101
0,0,0.35311982
0,0,0.38946155
0,1,0.5205167
0,1,0.5404995
0,1,0.52544105
0,1,0.5543574
0,0,0.3891954
0,1,0.5164125
1,0,0.42485064
0,1,0.58188486
0,0,0.14309461
1,1,0.5990499
0,0,0.44185212
0,1,0.5455785
0,0,0.2697906
0,0,0.34226394
0,0,0.41264406
1,0,0.42658585
0,0,0.37476107
0,1,0.59302795
1,0,0.42269677
1,1,0.5566141
0,0,0.469489
0,1,0.51635695
1,1,0.57956207
1,0,0.37369722
0,1,0.5672858
0,0,0.43310344
1,1,0.54274225
1,1,0.50151646
0,0,0.3575456
0,0,0.36683363
0,1,0.5682142
0,1,0.554675
0,1,0.6503413
0,0,0.41336173
0,0,0.47195026
0,0,0.38511685
1,1,0.5788835
0,0,0.49047333
0,1,0.5282082
0,1,0.5134304
1,1,0.58925825
1,1,0.5926422
0,0,0.41114914
0,0,0.4350746
0,0,0.32093933
0,0,0.45306817
1,1,0.69612765
1,0,0.45321333
0,1,0.5352558
0,1,0.6123444
0,0,0.32776922
0,0,0.37406376
0,0,0.42781898
0,0,0.4150735
0,0,0.40955555
0,0,0.46225828
0,0,0.38419765
0,0,0.3995431
0,0,0.4310413
0,0,0.46207273
0,0,0.36346826
0,1,0.56042993
1,1,0.624596
0,1,0.54166186
0,0,0.24583891
0,0,0.40610823
1,1,0.5683483
0,0,0.34810913
0,0,0.3166375
0,1,0.51762336
0,1,0.61329544
1,1,0.5605224
0,0,0.4538611
0,0,0.4761213
1,1,0.70745397
1,0,0.47820044
0,1,0.57364976
0,0,0.41260955
0,0,0.4960556
0,1,0.5610044
0,0,0.46472108
0,0,0.46744168
0,1,0.5338235
1,1,0.5725366
0,0,0.4244508
0,1,0.5186075
1,1,0.60914373
0,1,0.5267142
0,0,0.40867317
0,0,0.39915827
0,0,0.47428152
1,1,0.52837825
0,1,0.6915835
0,0,0.49274483
0,1,0.5497784
0,1,0.6250144
0,1,0.51888216
0,0,0.45130756
0,0,0.3362778
0,0,0.31655592
0,1,0.5584017
0,0,0.41199905
0,1,0.5870254
0,0,0.48986733
0,1,0.5354024
1,1,0.5075214
1,0,0.4208385
0,0,0.4824908
1,0,0.38869017
0,0,0.22845912
0,1,0.60789996
0,0,0.47617644
0,0,0.42442927
1,1,0.6925493
0,1,0.707694
0,1,0.5896995
0,1,0.7378821
0,0,0.34177938
0,0,0.37648076
0,0,0.3872332
0,0,0.45764259
0,0,0.39060208
0,0,0.48061773
0,0,0.41380203
0,0,0.41908243
1,1,0.66023135
0,1,0.6747018
0,0,0.4754399
0,1,0.5284442
0,1,0.51961714
0,0,0.472754
0,0,0.39312157
0,0,0.41361645
0,0,0.18946625
0,0,0.46220022
0,1,0.5395093
0,1,0.53774095
0,0,0.42027915
0,0,0.44761553
1,0,0.33184314
0,0,0.34933704
0,0,0.31810576
0,0,0.43953934
0,1,0.5735533
0,1,0.555573
0,1,0.51943374
1,1,0.56398654
1,1,0.5724602
0,0,0.4502395
0,1,0.52783966
0,0,0.48022267
0,0,0.42806596
0,1,0.60992134
1,1,0.56742424
0,0,0.48072156
0,0,0.41366005
1,0,0.30041096
0,0,0.35485512
0,0,0.45598206
0,0,0.47747287
0,1,0.55339056
0,1,0.5643016
0,1,0.5075166
1,0,0.30624726
0,1,0.5014936
0,0,0.26291466
0,0,0.4802609
0,0,0.3782014
0,0,0.44326648
0,0,0.2906736
0,0,0.49576283
0,0,0.48419684
1,0,0.49704543
0,1,0.5704477
0,0,0.44701546
0,0,0.43111485
0,0,0.4396698
0,0,0.39243227
0,1,0.61842644
0,0,0.45325908
0,0,0.37290207
0,1,0.531163
0,0,0.42097372
0,0,0.42938828
0,1,0.5427493
1,1,0.56902504
0,1,0.5128827
0,0,0.43351752
0,1,0.51949024
0,0,0.46671376
1,0,0.46617907
0,0,0.47592753
0,0,0.4046249
0,0,0.42884514
0,1,0.5134927
0,0,0.388481
0,1,0.5453086
0,0,0.4438053
0,0,0.26364738
0,1,0.54679036
1,1,0.5470618
1,0,0.4926745
0,0,0.44498178
0,1,0.55237025
0,0,0.40743077
0,0,0.44093484
0,1,0.5525263
0,0,0.40141857
1,1,0.52442336
0,0,0.30452457
1,0,0.4972538
0,1,0.51769495
0,1,0.6065477
0,0,0.44687966
1,0,0.48377374
1,0,0.4779422
1,0,0.33193347
0,0,0.45542988
0,0,0.43961152
0,1,0.5158553
1,1,0.54680383
0,0,0.40111443
0,0,0.44914728
1,1,0.7048387
0,0,0.45035583
0,1,0.5114597
1,0,0.45850065
0,0,0.4360642
1,1,0.53443843
0,0,0.49898857
0,0,0.45533907
1,1,0.55313635
0,0,0.47413
1,0,0.4393922
0,1,0.529341
0,0,0.36336893
0,0,0.3957162
0,0,0.33380303
0,0,0.39671305
0,0,0.34324408
0,0,0.3441581
0,1,0.630076
0,0,0.27555978
0,0,0.49496055
0,0,0.43659255
0,0,0.38321513
0,0,0.38866827
0,0,0.48582482
0,1,0.52177644
0,1,0.5506904
0,0,0.14632183
0,1,0.6409868
1,0,0.4298577
0,1,0.52549976
0,1,0.5247846
1,0,0.46350434
1,0,0.48456818
0,0,0.47058755
0,1,0.51331836
1,1,0.5864011
0,0,0.47454774
0,0,0.4853605
0,0,0.41068003
0,0,0.44515276
1,0,0.49745795
0,1,0.5637398
0,0,0.37629217
0,0,0.41861707
0,1,0.552901
0,0,0.40718907
0,0,0.4748899
0,0,0.4675028
0,0,0.44712815
0,0,0.37836003
0,1,0.5316396
0,0,0.4434481
0,0,0.48051295
0,1,0.58367115
0,0,0.44755742
0,0,0.42690352
0,0,0.43424267
0,1,0.5423275
0,1,0.5335772
1,0,0.45096004
0,0,0.4618309
0,1,0.5844456
1,1,0.5054982
0,0,0.42261618
0,0,0.32826582
0,0,0.4287049
1,1,0.57563305
0,1,0.65093046
0,1,0.6447468
0,1,0.51268816
0,0,0.34140098
0,1,0.5424279
0,1,0.5084811
0,1,0.51359844
0,0,0.38210753
0,0,0.27059045
0,1,0.6598939
0,0,0.21604015
0,0,0.44671595
1,0,0.4849411
0,0,0.4895133
0,1,0.55824304
0,0,0.34588414
0,0,0.30217916
0,0,0.47574538
0,1,0.5919689
0,0,0.37731403
0,1,0.51603913
1,0,0.43046102
0,1,0.50140274
0,1,0.5370672
1,0,0.48703647
1,1,0.651162
0,0,0.47018647
0,0,0.34837466
0,1,0.6591586
0,0,0.33414355
0,0,0.47912592
1,0,0.48498306
0,1,0.51850915
0,1,0.5070521
0,0,0.34443632
0,1,0.5681021
1,1,0.5470781
0,1,0.56119716
0,0,0.49254054
0,0,0.22538437
0,0,0.44094172
0,0,0.31264398
0,1,0.5014942
1,0,0.4632508
0,0,0.49017778
1,1,0.7288553
1,0,0.39485508
0,0,0.25538176
0,1,0.551346
0,1,0.52582556
0,1,0.5274348
0,0,0.46709523
0,0,0.46109277
0,1,0.50461924
0,0,0.41468936
1,1,0.5565115
0,0,0.36074975
0,0,0.25564152
1,1,0.5035051
0,0,0.468768
0,1,0.60145354
0,0,0.48605165
0,1,0.56127536
1,1,0.5739942
1,0,0.4043029
0,1,0.5050013
0,0,0.39541253
0,0,0.418898
0,1,0.60137576
0,1,0.54663086
1,1,0.52640855
0,1,0.580397
1,0,0.45200673
0,1,0.5116334
0,0,0.44949672
0,0,0.32197013
0,0,0.45775372
1,1,0.5255605
0,0,0.48933455
0,0,0.4938349
0,0,0.47999927
0,0,0.47026464
0,0,0.4483641
0,1,0.5181755
1,0,0.33611757
0,0,0.40752795
0,0,0.4813447
1,0,0.46673274
0,1,0.5212028
0,1,0.5128058
0,0,0.37894547
0,0,0.47110724
0,0,0.4775858
0,0,0.48143005
0,0,0.40685725
0,1,0.5479264
0,0,0.2865926
0,0,0.49284413
1,1,0.56444824
0,0,0.29988605
0,1,0.5515456
0,0,0.45286673
0,0,0.4706047
0,1,0.51946294
0,0,0.46346444
1,1,0.6488919
0,0,0.46179035
0,1,0.501089
0,1,0.5193442
0,1,0.55726886
0,0,0.36442155
0,0,0.36958042
0,0,0.3981839
0,1,0.5945865
1,1,0.52916324
0,1,0.553382
0,1,0.5857668
0,0,0.41461325
1,1,0.5938839
0,0,0.4924951
0,0,0.4000134
0,0,0.4518135
0,0,0.4862875
0,0,0.3913145
0,0,0.34446952
0,1,0.52885765
0,0,0.3535944
0,0,0.46243852
0,1,0.5664509
1,1,0.54972404
0,0,0.39714974
0,0,0.41455707
0,1,0.5464865
1,0,0.48426104
0,0,0.3893975
1,1,0.5724828
0,0,0.4805576
1,0,0.25863928
0,0,0.4222609
1,1,0.53326046
0,1,0.5768646
1,0,0.43176264
0,0,0.27123863
0,0,0.4746996
0,0,0.3159491
0,0,0.42739904
0,1,0.56594455
1,0,0.49001172
1,1,0.56731033
0,1,0.529312
0,0,0.3954617
0,0,0.2747914
1,0,0.48284057
0,1,0.6048945
0,0,0.30636218
0,0,0.3415085
0,1,0.5163318
0,1,0.5542817
0,0,0.44991407
0,0,0.25120705
0,1,0.5842459
1,1,0.6098422
1,1,0.6147649
0,1,0.50420034
0,1,0.6014017
0,1,0.5355487
0,0,0.47759986
0,0,0.4802466
0,0,0.3924475
0,0,0.45530945
0,0,0.44091952
0,0,0.41424063
0,0,0.43268365
1,1,0.58117133
0,0,0.39604223
0,0,0.38113672
0,1,0.5394799
0,1,0.5011084
0,0,0.42647448
0,0,0.33272585
0,1,0.54360104
0,1,0.59328735
1,1,0.57439286
0,0,0.46748555
0,0,0.423455
0,0,0.37640205
0,0,0.28936502
0,0,0.44422355
0,1,0.5076933
0,0,0.34575647
0,0,0.4353978
0,1,0.504425
0,1,0.5391016
0,0,0.42996287
0,0,0.27975857
0,1,0.50799644
0,0,0.4975083
0,1,0.53723526
0,0,0.3700319
0,0,0.37433526
0,0,0.34665564
0,0,0.31819206
0,0,0.49155456
1,0,0.437455
1,1,0.5744164
0,0,0.42394033
0,1,0.5662955
0,0,0.32725236
0,1,0.5261413
0,0,0.39605805
0,0,0.44276947
1,1,0.50186884
0,1,0.52139103
0,0,0.38320917
0,0,0.33658558
1,0,0.4790479
1,0,0.40144813
1,0,0.42120624
0,1,0.55802953
0,0,0.35754678
0,0,0.42787445
0,1,0.5409587
0,0,0.4014266
0,0,0.14184466
0,1,0.5593133
0,0,0.44313377
0,1,0.6101601
0,0,0.44552034
0,0,0.28813893
0,0,0.29022792
0,1,0.513767
0,0,0.3277918
0,0,0.30067468
1,1,0.5990403
0,1,0.5983989
0,1,0.52208346
1,0,0.42287415
0,0,0.4259233
0,1,0.60180056
0,0,0.46821487
0,1,0.5278573
0,1,0.60207987
0,0,0.44392356
0,0,0.40365547
0,1,0.53792644
0,1,0.5306206
0,1,0.50289583
0,1,0.54113454
0,0,0.4812932
0,0,0.45352766
0,1,0.603873
0,1,0.6606494
0,1,0.5041168
0,1,0.5076456
0,0,0.46084297
0,0,0.41588768
0,0,0.46842304
0,0,0.40127975
1,0,0.44860184
0,0,0.44893113
1,0,0.4669978
1,0,0.3938688
0,1,0.5854113
1,0,0.48206535
0,1,0.67078996
1,1,0.5754584
0,1,0.5329393
0,0,0.2722628
0,1,0.5420109
1,1,0.5666357
0,0,0.25397047
0,0,0.47984916
0,1,0.5721669
0,0,0.3769
0,0,0.21782531
0,1,0.500559
0,1,0.5044073
0,0,0.4926874
0,1,0.55342543
0,1,0.5847658
0,0,0.43560395
0,0,0.49057686
0,0,0.3468571
1,0,0.41628444
1,0,0.43257597
0,0,0.41049367
1,0,0.41389745
1,0,0.4359793
0,0,0.41564152
0,0,0.49888834
0,0,0.4627158
0,1,0.5598607
0,0,0.4970996
0,0,0.47345856
0,1,0.6241741
0,1,0.54104716
0,1,0.5078529
0,0,0.41475978
0,0,0.4417783
1,1,0.561211
1,0,0.4971634
1,0,0.45504
0,0,0.47122398
1,0,0.48993737
0,0,0.48412943
0,1,0.51634294
0,0,0.29803053
1,1,0.57550687
1,0,0.47731668
0,1,0.51321375
0,0,0.44147867
0,1,0.50968707
0,1,0.5296197
1,1,0.5363463
0,0,0.38202235
0,0,0.44202134
0,0,0.49662343
0,0,0.44073045
0,0,0.49110186
0,1,0.5255133
0,0,0.49463558
0,1,0.5915643
0,0,0.4100505
0,1,0.6140293
0,0,0.33171612
0,1,0.61165655
0,0,0.45481354
0,0,0.48549056
0,1,0.52470577
0,0,0.33860004
0,0,0.48610964
0,0,0.29281223
0,1,0.5097803
0,0,0.47417125
0,0,0.45654216
0,0,0.24533634
0,0,0.49602205
0,1,0.6706655
0,1,0.5376947
1,1,0.6747159
0,1,0.504924
0,1,0.50484526
0,0,0.28659767
0,1,0.53953964
1,0,0.47243434
0,0,0.36887515
1,1,0.5591862
0,0,0.2880598
0,0,0.340617
0,0,0.49993145
1,0,0.4513577
0,0,0.476533
0,1,0.56790644
0,1,0.6406698
0,1,0.59645426
0,0,0.35165873
1,1,0.5877508
0,0,0.4353529
0,1,0.5168309
0,0,0.411731
0,1,0.53081894
0,1,0.54042864
0,0,0.2927578
0,0,0.43201813
0,0,0.42740294
1,0,0.49779332
0,0,0.40720317
0,0,0.46067157
0,0,0.40044665
0,1,0.5234761
0,1,0.5167449
0,1,0.5901133
0,0,0.3278573
0,1,0.54236144
1,0,0.4848857
0,0,0.41002542
0,0,0.42522842
0,1,0.5352833
0,0,0.49968696
0,0,0.43669856
0,0,0.33853456
0,0,0.39967993
1,0,0.42421445
0,1,0.5430865
0,1,0.52822816
0,0,0.38064417
0,1,0.55458325
0,1,0.5618539
1,1,0.67835057
0,0,0.33263814
0,0,0.33587894
0,0,0.43440667
0,0,0.46570414
0,1,0.5311743
0,0,0.36498368
1,1,0.5509237
0,0,0.3661421
0,0,0.39875376
0,0,0.47200263
0,1,0.51138484
0,0,0.46748096
0,0,0.4988209
0,0,0.38134822
0,1,0.51450914
1,1,0.5181015
0,0,0.4162011
1,1,0.5908743
0,1,0.50021994
0,1,0.5463772
1,1,0.5191785
0,0,0.46908522
0,1,0.51523066
0,0,0.44931307
0,0,0.3352521
0,0,0.42115688
0,1,0.5695561
0,0,0.2512276
1,0,0.42268905
1,0,0.47800544
0,0,0.47095293
0,1,0.5125968
1,0,0.32709846
0,0,0.4187204
0,0,0.35644665
0,1,0.52713263
1,1,0.5208361
0,0,0.4831595
0,0,0.42221156
0,1,0.52886164
0,1,0.538001
0,1,0.53302133
1,1,0.57274747
0,0,0.49907976
0,1,0.5147779
1,0,0.4238211
0,0,0.47041208
0,0,0.38464665
0,0,0.23250845
0,0,0.4274688
1,0,0.48917022
0,1,0.6343578
0,1,0.5163958
0,0,0.2339868
0,1,0.57173723
0,0,0.31785476
0,1,0.55628073
0,1,0.57476974
0,1,0.51930165
0,1,0.5486889
1,0,0.46215153
1,0,0.44879055
0,0,0.48704585
0,1,0.55058193
0,0,0.48358893
0,1,0.5323552
1,0,0.3354059
1,1,0.62196124
0,1,0.51323795
0,0,0.49748382
0,1,0.5533827
0,0,0.377134
0,0,0.48381543
0,0,0.4515595
0,0,0.46719223
0,0,0.47218803
1,1,0.53744555
0,0,0.30552053
1,1,0.5143968
0,0,0.37116095
0,1,0.57472193
0,1,0.5995002
0,0,0.49603438
0,0,0.4710693
0,0,0.4295957
0,1,0.5292376
0,1,0.58026314
0,0,0.3454941
0,1,0.5676444
0,0,0.48410976
0,1,0.54322803
1,0,0.46650553
0,0,0.36136743
0,0,0.41022915
0,1,0.5956179
0,0,0.46337962
0,0,0.31828666
0,1,0.5400362
0,0,0.49969697
0,0,0.3869119
0,1,0.54568505
0,1,0.6286949
0,0,0.49364215
0,1,0.5126092
0,0,0.49631163
0,0,0.34354985
1,0,0.4284729
0,0,0.42123452
0,1,0.5036216
0,0,0.27828097
0,1,0.51961195
0,0,0.34557453
0,0,0.43204612
0,1,0.5922921
0,0,0.4635881
0,1,0.60713977
1,0,0.4413579
0,0,0.33239666
0,0,0.41725495
0,0,0.47577643
0,1,0.5128703
0,0,0.47188824
0,0,0.3367468
0,1,0.51497126
0,1,0.5635686
0,0,0.31234497
0,0,0.38569474
0,0,0.48315868
1,0,0.45041186
0,1,0.52194846
1,1,0.6159489
0,1,0.5954549
0,0,0.47926235
0,1,0.5896553
0,0,0.48328614
0,0,0.25511175
0,0,0.47989407
0,0,0.48860267
0,0,0.4802836
0,1,0.62059706
0,0,0.39287183
0,0,0.3772692
1,1,0.5981513
1,1,0.54213995
0,0,0.3998032
0,0,0.49841934
1,1,0.5065646
0,0,0.41233993
0,1,0.507833
1,1,0.5513427
1,1,0.712255
0,0,0.389506
0,0,0.28886122
0,1,0.65947473
0,1,0.5030595
0,0,0.49748194
1,0,0.4582511
0,0,0.27436042
0,1,0.6874003
0,0,0.44243926
0,0,0.47085553
0,0,0.42068902
0,1,0.5763626
0,0,0.47411063
0,1,0.57533157
0,0,0.43125725
0,1,0.5663961
1,1,0.6842991
0,0,0.38061422
0,1,0.5795223
1,1,0.5330763
0,0,0.37969595
1,1,0.6716035
0,0,0.47212008
0,0,0.43134812
0,0,0.41859832
1,1,0.5780024
0,0,0.39067334
1,0,0.43204826
1,1,0.5767727
0,0,0.285945
0,1,0.5127404
0,1,0.548813
0,0,0.4936842
0,1,0.5320133
0,0,0.46317104
0,1,0.5318754
0,0,0.43149805
0,1,0.53592217
0,0,0.34920326
1,1,0.5617168
0,0,0.49509373
0,1,0.5066613
0,1,0.5078111
0,0,0.4960835
0,1,0.5965746
1,1,0.549183
0,1,0.5727122
0,0,0.3842231
0,0,0.4151603
1,1,0.55760723
0,1,0.5537747
0,0,0.42614192
1,1,0.51973784
0,0,0.44243157
0,0,0.39561388
0,1,0.560772
1,1,0.55328584
1,1,0.71867216
0,0,0.37738976
0,0,0.25344226
0,1,0.50893176
0,1,0.51597434
0,0,0.42763442
0,1,0.5252176
0,1,0.6787844
0,0,0.43633303
0,0,0.37374255
0,1,0.5565941
1,0,0.40748832
0,0,0.37866226
0,0,0.4422404
0,1,0.5563613
0,0,0.34480804
0,1,0.5967374
0,1,0.5567607
0,0,0.48512486
0,1,0.6331133
0,1,0.5360334
0,1,0.5789019
1,0,0.35465708
0,1,0.56941295
1,0,0.3675349
0,1,0.5391275
0,0,0.36138213
0,0,0.1927204
1,1,0.51629865
1,0,0.37222221
0,1,0.56794083
0,1,0.5219327
0,1,0.51954186
0,0,0.39305857
0,0,0.3522926
0,1,0.5072782
0,0,0.39133802
0,0,0.4766039
0,0,0.48122558
0,0,0.44330302
0,0,0.3881098
0,0,0.42178917
0,0,0.45973876
0,1,0.5565094
1,1,0.6305418
0,0,0.32376155
0,0,0.4019172
0,0,0.38092065
0,1,0.52578115
0,1,0.533468
0,0,0.48763508
0,0,0.28710884
0,0,0.22952929
1,0,0.30058917
0,1,0.5412713
0,1,0.532817
0,0,0.48981082
0,0,0.23356354
0,0,0.48556903
0,0,0.24634251
0,0,0.4803551
0,0,0.43249926
0,0,0.40110737
1,1,0.5624838
0,1,0.57335633
1,1,0.60938406
1,1,0.62212247
0,1,0.54841673
0,1,0.50646186
0,0,0.39802343
0,0,0.40463465
0,0,0.43558982
0,1,0.56905526
0,1,0.58089817
0,1,0.5487312
0,0,0.4893062
0,1,0.59421885
0,1,0.57940096
0,0,0.45309597
0,1,0.5219387
0,0,0.43273026
0,1,0.52640057
0,0,0.44767702
0,1,0.66122353
0,0,0.4651872
1,1,0.5312819
0,0,0.4150897
0,0,0.49688607
1,1,0.5445839
0,1,0.55665374
1,1,0.5658994
1,1,0.5439354
0,0,0.42488453
0,0,0.39313322
0,0,0.37997317
0,0,0.361735
0,0,0.4113622
0,0,0.3835943
0,0,0.46665713
0,0,0.15351471
0,1,0.5901464
0,0,0.4583104
1,1,0.63948584
0,1,0.5156786
0,0,0.33027467
1,0,0.25449827
0,1,0.5354203
0,0,0.47258785
0,0,0.46383244
0,1,0.54936874
0,0,0.36526412
0,0,0.42776775
0,0,0.4245818
1,0,0.48635677
0,1,0.5069617
0,0,0.43053842
0,1,0.5571798
0,1,0.5222096
0,1,0.64082396
0,0,0.3276184
0,0,0.43334004
0,0,0.33641374
1,0,0.4164313
1,0,0.3766707
0,0,0.46835458
0,1,0.5963067
0,0,0.38093907
1,0,0.47844395
0,1,0.5125551
0,1,0.5539526
0,0,0.428128
0,0,0.48331082
0,0,0.48276448
1,1,0.5551863
0,1,0.53180707
0,0,0.32304615
0,0,0.27888057
0,0,0.49632323
0,1,0.50455046
1,0,0.42325875
0,1,0.52142966
0,0,0.49630916
0,0,0.456259
0,1,0.5320102
0,0,0.40934867
1,1,0.5894465
0,0,0.38499084
0,0,0.4758496
0,0,0.41335112
0,0,0.4057563
1,1,0.5827302
0,1,0.57571435
1,1,0.5255105
0,0,0.43201688
0,1,0.5726238
0,1,0.5536486
1,0,0.4646065
0,0,0.4473142
1,0,0.47364444
1,1,0.54100055
0,1,0.5560515
0,0,0.45956165
1,1,0.5436498
0,0,0.41048658
0,0,0.36557302
1,0,0.48131832
0,0,0.36288476
1,1,0.50434744
0,0,0.35628444
0,1,0.5591575
0,0,0.2139288
0,0,0.3077435
0,0,0.4961421
1,1,0.6536071
1,0,0.39290348
1,1,0.53544784
0,0,0.4457639
1,0,0.45776606
0,0,0.43946698
0,0,0.23530248
0,0,0.37850985
0,0,0.44563708
0,0,0.37124664
0,0,0.4539147
1,1,0.6633669
0,0,0.30004635
0,0,0.3905577
0,0,0.2521363
0,0,0.4977803
0,0,0.39066848
1,1,0.56982267
0,1,0.6239306
0,0,0.39516738
0,0,0.4556977
1,1,0.54518265
0,0,0.4315156
0,0,0.38778782
0,0,0.24890168
0,1,0.52254474
0,0,0.4311272
0,1,0.56621504
1,1,0.50088656
0,1,0.63346267
0,0,0.3937671
0,1,0.59937894
1,1,0.5365224
0,0,0.47924262
0,0,0.46076083
0,1,0.521539
0,1,0.5451281
0,1,0.5045892
0,1,0.6914427
0,0,0.33162674
0,1,0.52037436
0,0,0.42802653
0,0,0.40336046
1,1,0.63633734
1,0,0.4693894
0,0,0.44726327
1,1,0.54449797
1,0,0.48495737
0,1,0.59945405
0,0,0.44982067
0,0,0.36886033
0,0,0.35180202
0,1,0.620872
1,1,0.5536874
0,1,0.5371611
1,1,0.548035
0,1,0.5177702
0,1,0.57202625
0,0,0.40975288
0,1,0.5014585
0,0,0.36846992
0,0,0.42815506
1,0,0.46782276
0,0,0.46212822
0,0,0.41982043
0,0,0.4100099
0,0,0.44812718
1,1,0.5250949
0,1,0.55616736
0,0,0.3047688
0,0,0.48417744
1,0,0.48815387
1,0,0.44276115
0,1,0.58526456
0,1,0.596138
0,1,0.5079278
1,1,0.538515
0,0,0.2728849
0,1,0.5046283
0,1,0.52152085
0,0,0.4918599
0,1,0.5266894
0,1,0.5953247
0,0,0.4265911
0,1,0.5330838
0,1,0.57284117
1,0,0.46585032
0,0,0.49235383
0,0,0.45095333
0,1,0.5303277
0,0,0.16870312
0,1,0.60671675
1,1,0.56355387
0,1,0.5574908
0,0,0.47950888
0,1,0.5426196
1,0,0.2877085
0,0,0.25654134
0,0,0.43680423
0,0,0.46610194
0,0,0.45008206
0,0,0.4854576
0,0,0.37642568
1,0,0.40639555
1,0,0.37891218
0,1,0.5566349
0,0,0.39508888
1,1,0.6835003
0,1,0.55387783
0,0,0.45680276
0,1,0.5195447
0,1,0.6087671
0,0,0.4065387
0,0,0.25651547
0,0,0.47171724
0,0,0.3338023
0,0,0.40354067
1,0,0.40392318
1,0,0.49660173
0,0,0.41096658
0,0,0.4207758
0,1,0.5560492
0,1,0.55810905
0,0,0.48336577
0,0,0.47875908
0,0,0.34862414
0,1,0.5376911
0,0,0.3640785
0,0,0.43333492
0,0,0.33566016
0,1,0.62062764
0,0,0.37312475
0,0,0.44306797
0,0,0.4734127
0,1,0.5071322
1,0,0.4931166
0,1,0.5122066
0,0,0.48687103
0,0,0.45210946
0,1,0.5479622
0,0,0.24690443
0,0,0.2750854
0,0,0.3750355
0,1,0.5532694
0,0,0.22321597
0,0,0.4398176
0,0,0.38090196
0,1,0.60387444
0,0,0.39454424
0,1,0.5354902
0,0,0.4617842
1,1,0.5121528
0,0,0.4233921
0,0,0.47563332
0,0,0.40017655
0,1,0.5924946
0,1,0.624378
0,1,0.5448483
0,0,0.49100572
0,1,0.5525243
0,1,0.5591793
0,0,0.45699176
1,1,0.549776
0,1,0.60980606
1,0,0.43240964
0,0,0.39678314
0,0,0.49107057
0,0,0.3361823
0,0,0.43003428
0,0,0.46024182
1,1,0.50360227
0,1,0.5369328
0,1,0.57677424
1,0,0.49977374
0,1,0.62843966
0,1,0.5335307
0,1,0.5189296
0,0,0.46457377
0,0,0.4572072
0,0,0.4203425
0,0,0.43728998
0,0,0.4316935
0,0,0.3971317
0,0,0.44004104
0,0,0.49111286
0,1,0.5243629
1,0,0.44583157
0,1,0.5364991
0,0,0.49480638
1,0,0.46805757
0,0,0.475498
0,0,0.23087758
0,1,0.59369105
0,0,0.4179768
0,1,0.5497155
0,0,0.34840685
1,0,0.4754989
0,0,0.49286866
0,1,0.5030764
0,0,0.43936837
0,0,0.48721775
0,0,0.4238724
0,1,0.5794964
0,0,0.3755864
0,1,0.5394001
0,0,0.45063013
0,0,0.4448691
0,1,0.62111276
0,1,0.6323673
0,0,0.39738315
0,1,0.552307
0,0,0.48191416
0,0,0.12060418
0,0,0.36354262
0,0,0.3834369
1,1,0.6663152
0,1,0.52814245
0,1,0.54767907
0,0,0.44693455
0,0,0.41432288
0,0,0.23110662
0,1,0.5135993
0,1,0.6567645
0,0,0.48090783
0,0,0.4020222
0,0,0.46894664
0,0,0.33180466
0,1,0.6523498
0,0,0.43344444
0,0,0.41988727
0,1,0.6663982
0,1,0.5120659
0,0,0.49117485
0,1,0.5548654
0,0,0.46141383
0,0,0.4901196
1,1,0.65920573
0,0,0.4609496
0,1,0.56032526
0,0,0.23401502
1,0,0.3223526
0,0,0.4661626
0,0,0.3312648
1,1,0.62754846
0,0,0.36306402
0,0,0.33954984
0,1,0.5547291
1,1,0.5079134
0,1,0.5341104
0,0,0.13138787
1,1,0.6406046
0,1,0.54644996
0,1,0.57249117
0,0,0.47014698
0,0,0.42858687
0,0,0.43461514
1,0,0.49665865
0,1,0.5548837
1,0,0.20233278
0,1,0.517233
0,0,0.4595551
0,1,0.5097816
1,1,0.521755
0,0,0.24625283
1,1,0.58143485
0,0,0.49537215
0,1,0.6002909
0,0,0.41737804
1,1,0.6626196
0,1,0.516998
1,1,0.52339107
1,1,0.5267829
0,0,0.48584002
0,1,0.6165165
0,0,0.4471345
0,0,0.47268832
0,0,0.447826
0,0,0.41385227
0,0,0.46985024
0,0,0.32481584
0,0,0.4596949
0,0,0.47603765
0,1,0.7112865
0,1,0.5074085
0,1,0.5118744
0,0,0.31159464
0,0,0.38384205
0,1,0.53978765
0,0,0.41369
0,1,0.56995326
0,1,0.6449687
0,0,0.48020577
0,0,0.47050518
0,0,0.3703059
0,1,0.53181946
1,1,0.51688015
0,0,0.3689477
1,1,0.5430658
0,1,0.54145926
0,0,0.4627222
0,0,0.4452269
1,1,0.51944506
0,0,0.27865466
0,0,0.3981264
0,1,0.5318345
0,1,0.5117743
0,0,0.27610302
0,0,0.4315631
0,0,0.4540009
1,1,0.5821953
1,1,0.6151843
0,0,0.33222604
0,1,0.5242071
0,0,0.43511412
0,0,0.33447012
0,1,0.50174165
0,1,0.5307057
0,0,0.42536873
0,0,0.49481362
0,1,0.5312054
0,0,0.41645253
0,0,0.42694482
0,0,0.45184037
0,0,0.29259545
0,1,0.5554431
0,0,0.458735
0,0,0.3859643
0,0,0.41496754
1,1,0.607848
0,0,0.47550493
0,0,0.38456053
0,0,0.41336447
0,1,0.6800229
0,0,0.49532565
0,0,0.49112648
0,0,0.41952395
0,0,0.31092477
0,1,0.53008294
0,0,0.4507812
0,1,0.5581935
0,0,0.3585346
0,1,0.52136314
0,0,0.49081308
0,0,0.4988375
0,0,0.2768414
1,1,0.52896386
1,0,0.46703684
0,1,0.5816195
0,1,0.5608585
0,1,0.52827114
0,0,0.4796138
1,0,0.3507066
1,0,0.4774926
1,0,0.4757507
0,1,0.5435229
0,0,0.40037438
0,1,0.50864804
1,1,0.6338525
0,1,0.5615092
0,1,0.5967033
1,0,0.48097372
1,1,0.5453446
0,1,0.55781984
0,0,0.41656953
0,1,0.62711406
0,1,0.6819702
0,1,0.5014583
0,1,0.5010208
0,1,0.5523309
0,0,0.38631454
1,1,0.5511545
0,0,0.4131184
0,0,0.42696518
0,1,0.5491943
0,0,0.30237937
1,1,0.5919637
0,0,0.4530972
0,1,0.53803265
0,1,0.51632625
0,0,0.20783904
1,1,0.5287688
0,1,0.5108506
0,0,0.35790494
0,1,0.51892537
0,1,0.5647054
1,1,0.57869244
0,0,0.48745006
0,0,0.2893586
0,0,0.41911507
0,1,0.5307685
1,0,0.35251617
0,0,0.30339065
0,1,0.5009335
0,0,0.4736848
0,1,0.5674238
0,1,0.507692
0,1,0.544853
0,0,0.33136722
0,0,0.48253193
0,1,0.553803
1,1,0.5188653
0,0,0.47651616
0,0,0.3672821
0,0,0.48061684
0,0,0.40322712
0,1,0.5339874
0,1,0.54136366
0,1,0.6271765
0,0,0.43177447
1,1,0.5228362
0,0,0.36666912
0,0,0.3833059
0,0,0.45899367
1,1,0.5742446
1,1,0.52808094
0,1,0.52653074
1,1,0.5365851
0,1,0.57608235
0,1,0.53641504
0,0,0.2701709
0,0,0.36172286
0,1,0.70398605
0,0,0.404519
0,1,0.5225249
0,0,0.48911038
0,0,0.46715543
0,0,0.425987
0,0,0.32466468
0,1,0.5577146
0,1,0.5405404
0,0,0.48576063
0,0,0.39360037
1,0,0.49666294
0,1,0.5044857
0,0,0.47205237
0,0,0.49762398
1,1,0.5798657
0,1,0.5348543
1,0,0.47741604
0,0,0.49257395
0,0,0.3338846
0,0,0.37578246
1,1,0.6161464
0,0,0.36178273
1,1,0.54652536
1,1,0.51173043
0,0,0.48265046
0,1,0.5266541
0,1,0.5749553
1,0,0.39502126
0,0,0.49830848
0,1,0.52294993
0,0,0.44776902
0,1,0.5986241
0,0,0.3957291
0,1,0.6361151
0,1,0.5353595
0,0,0.4180493
0,1,0.531386
0,0,0.2571023
0,1,0.5728481
0,0,0.44768596
0,0,0.4636317
0,1,0.57188654
0,0,0.4486367
0,1,0.52477026
0,0,0.42828262
1,1,0.5648495
1,0,0.3985496
1,0,0.40219235
0,1,0.5367545
1,1,0.51194894
0,0,0.36076134
0,0,0.37062705
0,0,0.3308893
1,1,0.6363143
0,0,0.48495135
0,0,0.46731797
0,0,0.42168784
0,1,0.5333548
0,0,0.43946958
0,0,0.2259724
0,0,0.42425212
0,1,0.55780756
1,0,0.38748723
0,1,0.527369
0,0,0.3522562
0,0,0.46365994
0,0,0.43511868
0,0,0.31625766
0,1,0.51704246
0,0,0.48273328
0,0,0.44267854
1,1,0.59085965
0,1,0.5421371
0,1,0.5517113
0,1,0.5055814
1,1,0.53633153
1,1,0.67881274
0,0,0.38742876
1,0,0.4525456
0,1,0.5848239
0,0,0.4578482
0,1,0.5054703
0,0,0.48673278
1,1,0.71758527
0,0,0.49634567
0,0,0.42069134
0,0,0.4815305
0,1,0.5480434
0,1,0.5506587
0,0,0.40451023
1,1,0.60703266
0,0,0.40847677
0,1,0.51451254
0,0,0.34478205
0,0,0.4056942
0,0,0.49361452
0,1,0.5354508
0,1,0.5344597
0,1,0.52941704
0,1,0.5778179
0,1,0.71392953
0,0,0.43474466
1,1,0.5350827
0,1,0.50767946
0,0,0.44990984
0,0,0.13855384
0,1,0.5576527
0,0,0.40361786
0,1,0.51582944
0,0,0.38114595
0,0,0.43853924
0,0,0.36933273
1,0,0.43158635
0,0,0.45936674
0,0,0.4202558
0,0,0.31348312
0,0,0.43954316
0,0,0.4163903
0,1,0.61767274
0,1,0.69628465
1,1,0.5309059
1,0,0.47032377
1,1,0.58132213
0,0,0.32330406
0,0,0.4762415
0,0,0.40791047
0,0,0.39196873
0,0,0.35456115
1,1,0.5743285
0,0,0.44895184
1,1,0.5759946
1,0,0.45112747
0,1,0.52181244
0,1,0.5107955
0,0,0.43029717
0,1,0.61196834
0,0,0.4247424
1,1,0.61695313
0,0,0.4732588
0,0,0.3035297
1,0,0.28581935
1,1,0.57087344
0,1,0.5532565
0,1,0.5332383
0,0,0.32685655
0,0,0.46178576
0,1,0.5487946
0,0,0.46871656
0,0,0.46736005
1,0,0.4934978
0,0,0.43277448
0,1,0.68937695
0,0,0.39159182
0,0,0.29109386
0,0,0.4714302
0,0,0.33774573
0,0,0.33365366
0,0,0.4750069
0,1,0.5668867
1,1,0.6234745
0,1,0.5212629
0,0,0.2128082
0,1,0.50791883
0,0,0.23389502
0,0,0.49911594
1,0,0.34664726
1,1,0.5259012
1,0,0.24409798
0,0,0.48204282
0,0,0.4301111
0,0,0.4231948
0,0,0.33670235
0,1,0.51969594
0,1,0.5308652
0,1,0.5057022
0,1,0.581971
1,1,0.54895175
1,1,0.53508604
0,1,0.6395256
0,0,0.45787027
1,1,0.5119684
0,0,0.36985198
0,0,0.43444645
0,1,0.544376
1,1,0.6112393
0,1,0.53627515
1,1,0.5791121
0,0,0.47273117
0,0,0.45857164
0,1,0.5183216
0,1,0.55207264
1,1,0.53347754
0,1,0.52688456
0,0,0.4759535
0,1,0.61540693
0,0,0.444372
0,1,0.5788517
0,0,0.48132935
0,1,0.56958145
0,0,0.44565114
0,0,0.43395287
0,1,0.56881917
0,1,0.5378945
0,0,0.43500847
0,1,0.61521757
0,1,0.5240365
0,0,0.4918998
1,0,0.39232114
1,1,0.50741833
0,0,0.34744135
0,0,0.48583314
0,0,0.47631472
0,0,0.38632858
0,1,0.52923477
0,1,0.55708647
0,0,0.39062324
0,1,0.5121178
0,0,0.4415422
0,0,0.23952547
0,1,0.60969555
0,0,0.44132838
0,0,0.42170575
0,0,0.39932722
0,0,0.404502
0,1,0.53750914
0,0,0.42973363
0,0,0.47534811
0,0,0.42012483
1,0,0.42379802
0,0,0.47585532
0,1,0.52234626
1,0,0.48037508
0,0,0.284617
0,0,0.43289605
0,0,0.41400248
1,1,0.6331287
0,0,0.43740886
0,0,0.40086257
0,0,0.45018676
0,0,0.44930917
0,1,0.53058004
0,1,0.54963267
0,0,0.32919392
0,0,0.35461468
0,1,0.5273612
0,0,0.24537873
1,0,0.4570592
0,0,0.49475646
0,0,0.41684762
0,0,0.30659544
1,1,0.5641279
0,1,0.5210185
1,1,0.7538539
0,0,0.4028683
0,1,0.5324733
0,0,0.41252276
0,0,0.4881861
0,0,0.4779148
0,0,0.372696
0,0,0.40742144
0,0,0.49034777
0,1,0.504454
0,0,0.43578961
0,0,0.3982857
1,0,0.36476985
0,1,0.57991123
1,0,0.3516374
0,1,0.50888
0,0,0.41470963
0,0,0.4002149
0,1,0.53007865
0,0,0.3247643
0,0,0.48095253
0,1,0.6489544
0,0,0.34239063
0,0,0.41780385
0,1,0.52927303
1,0,0.4354475
1,1,0.7358686
0,1,0.53364974
0,1,0.605629
0,0,0.49921924
0,1,0.54154
0,0,0.47361913
0,0,0.48983797
0,0,0.4588969
1,1,0.51778543
1,1,0.635661
1,1,0.5502831
0,0,0.40418184
0,1,0.5887852
0,0,0.4135191
0,1,0.57137907
0,1,0.5272102
0,0,0.30411685
0,0,0.37136364
0,0,0.35858154
1,0,0.49120182
0,0,0.42161864
0,0,0.38841966
1,1,0.5161209
0,1,0.5396184
1,1,0.5293242
1,1,0.51154965
0,1,0.5800154
0,0,0.2619896
0,0,0.41692415
0,1,0.60218555
0,0,0.43722755
0,0,0.47792965
1,1,0.5852956
0,0,0.36418924
0,0,0.473182
0,0,0.46545023
0,1,0.5599048
0,1,0.56883395
0,0,0.47952092
1,1,0.5153774
0,0,0.43607023
0,0,0.369438
0,1,0.560939
0,0,0.46520397
0,0,0.27991298
0,0,0.47659084
0,1,0.6329234
0,1,0.5065434
0,0,0.43337256
0,1,0.51396906
1,0,0.30894616
0,1,0.66938424
0,0,0.35548392
1,0,0.40840185
0,0,0.4417801
0,0,0.47185138
1,1,0.5235274
1,1,0.5669949
0,1,0.5521428
0,1,0.5338877
0,0,0.35563016
0,1,0.5633677
1,0,0.49639267
1,1,0.573923
0,0,0.48696995
0,1,0.52716494
0,0,0.42739335
0,0,0.23657621
0,0,0.3970235
0,1,0.5007925
0,0,0.49882567
0,1,0.55284464
0,1,0.5047126
0,1,0.54207474
1,0,0.4553167
0,0,0.43135083
0,0,0.48688823
0,0,0.4745993
0,1,0.560529
0,0,0.47224283
1,1,0.5067113
1,0,0.45426783
1,0,0.4275305
0,0,0.3357945
1,1,0.578601
0,1,0.563797
0,0,0.43062517
0,0,0.43894827
0,0,0.348715
0,0,0.41587573
0,0,0.39525852
0,0,0.30707896
1,1,0.51216173
0,1,0.51745695
0,1,0.5696405
0,1,0.52606726
0,1,0.6114468
0,0,0.27943546
0,1,0.5767652
0,0,0.4473981
0,1,0.5582348
0,0,0.4636866
1,0,0.44144154
0,0,0.381603
1,1,0.51387405
0,0,0.2950605
0,1,0.5399492
0,1,0.58174515
0,0,0.4317567
0,1,0.62733483
0,0,0.4796288
1,1,0.588611
0,1,0.61778915
0,0,0.41667202
0,1,0.51066065
1,1,0.55083454
0,1,0.56087923
0,1,0.54694784
0,0,0.4094841
0,1,0.5325762
0,1,0.5565077
0,0,0.44504026
0,0,0.48482984
0,0,0.49844724
0,0,0.39055833
0,1,0.65306365
0,1,0.5180559
0,0,0.44856238
0,1,0.61199737
1,1,0.5342485
0,0,0.46960306
0,1,0.559026
0,0,0.2885251
0,0,0.21017726
0,0,0.43646246
0,0,0.35875848
0,1,0.5369099
1,0,0.27205846
0,0,0.4215248
0,1,0.528942
0,0,0.4696641
0,0,0.31570116
1,0,0.41884795
1,0,0.3894412
0,0,0.31712106
0,1,0.6532217
0,1,0.51761305
1,0,0.48302224
0,0,0.34614587
0,0,0.3955198
0,0,0.3744935
0,1,0.63453865
0,1,0.5010323
0,0,0.35408482
1,1,0.5487558
0,1,0.62354946
0,0,0.35410804
1,1,0.53403085
1,1,0.5538678
0,1,0.5279741
0,0,0.45290017
0,0,0.3254287
0,1,0.5819381
0,1,0.5178018
0,0,0.4755063
1,1,0.61352944
1,1,0.5455777
0,0,0.3931977
0,0,0.40711904
1,0,0.4012863
0,0,0.48706815
0,0,0.48034638
0,0,0.41404802
0,0,0.34693307
0,0,0.39647865
0,0,0.41444677
0,0,0.467243
0,0,0.44338325
0,0,0.28441584
0,0,0.4121259
0,0,0.4446728
1,0,0.45644593
0,0,0.41867906
0,1,0.58732975
0,1,0.50536466
0,1,0.54429454
1,0,0.4395227
0,0,0.35496932
0,0,0.27888668
0,1,0.5302528
0,1,0.5973311
0,0,0.42197865
1,1,0.53848517
0,1,0.63225853
0,1,0.57287455
0,0,0.4967255
0,1,0.51872027
1,0,0.41172045
0,0,0.48666134
0,1,0.5947182
1,0,0.39154407
0,1,0.6927663
0,0,0.4606897
0,1,0.653608
0,0,0.43509382
0,0,0.49906927
0,0,0.33478475
0,1,0.53285754
0,0,0.42611808
0,0,0.405684
0,0,0.48379964
0,0,0.4337093
0,1,0.5325758
0,0,0.16209531
0,1,0.5428493
0,0,0.4573579
0,0,0.4534907
0,1,0.5296922
0,0,0.4338259
0,0,0.46257412
0,0,0.43906257
0,0,0.41654107
0,1,0.5171857
0,0,0.37906167
0,0,0.30673897
0,0,0.48933142
0,0,0.47133568
0,0,0.4114284
0,0,0.4217605
1,1,0.74075174
0,0,0.45362347
0,1,0.5537991
0,0,0.49744844
0,1,0.5309557
0,1,0.56301427
0,0,0.32699853
0,0,0.46367675
0,0,0.35586748
0,0,0.47081324
0,1,0.5569553
0,1,0.57603997
1,1,0.50915074
0,0,0.43541384
1,0,0.44132912
0,0,0.30513528
0,1,0.51825106
0,1,0.58700275
0,0,0.42983237
0,1,0.5769517
1,1,0.5273262
1,0,0.44506148
0,0,0.45684457
1,0,0.4291955
0,1,0.6118894
0,0,0.32149816
0,0,0.44260672
0,0,0.49977756
0,0,0.346772
0,0,0.31203815
0,0,0.45533028
0,0,0.3838768
0,0,0.26328012
0,1,0.5502864
0,0,0.4261626
1,1,0.56653273
0,0,0.40632606
0,1,0.5090138
1,0,0.46196124
1,0,0.49666032
0,1,0.5508499
0,1,0.5419116
0,0,0.1661108
0,0,0.45683685
0,0,0.39968073
0,0,0.3973204
0,0,0.39074597
0,1,0.5417211
1,1,0.5406554
0,0,0.36111325
0,0,0.31673923
0,1,0.53250444
1,1,0.5810658
0,0,0.39410686
1,0,0.33963564
0,1,0.5470084
0,1,0.59947634
0,1,0.51945627
0,0,0.4230976
0,1,0.5161445
0,0,0.31441408
0,1,0.59121656
0,0,0.3922713
0,0,0.31730318
0,1,0.60245824
0,1,0.6357316
0,0,0.2447049
0,0,0.47096285
0,0,0.34957272
1,0,0.44704986
0,0,0.42128992
0,1,0.54958755
0,1,0.5238581
0,1,0.58167326
0,1,0.5121316
0,0,0.3816484
1,0,0.49141252
1,0,0.43069527
0,1,0.5263567
1,0,0.36261627
1,0,0.43685713
0,1,0.51309735
0,1,0.5537626
0,1,0.544484
0,1,0.57735956
1,1,0.71638155
0,0,0.4547686
0,0,0.3902977
0,0,0.29029813
0,0,0.30698553
1,0,0.37918144
0,1,0.61651474
0,0,0.49752533
0,0,0.40443173
0,0,0.47708932
0,1,0.54494995
0,1,0.52512294
1,1,0.65942323
0,0,0.45174146
0,0,0.36997995
0,0,0.39665422
1,0,0.239722
0,1,0.5121925
0,1,0.67190194
0,1,0.5158899
0,0,0.4813762
0,0,0.40714863
0,0,0.40565014
0,0,0.4921441
1,1,0.51610756
0,0,0.46448812
0,1,0.51970893
0,1,0.58451664
0,1,0.52438754
0,0,0.4298504
0,1,0.70149124
0,1,0.5338304
0,0,0.45321554
0,0,0.44954658
0,0,0.22266556
1,0,0.3733797
0,1,0.536708
1,1,0.56591207
0,1,0.57465184
1,0,0.47430187
0,1,0.5075944
0,0,0.4739407
0,1,0.5195406
0,1,0.5118644
0,0,0.35386205
0,0,0.4395834
0,0,0.4151345
0,1,0.52364475
0,1,0.6631276
0,0,0.24594279
1,1,0.57318807
0,1,0.5670345
0,0,0.46745458
0,1,0.56611556
1,1,0.55000997
0,1,0.6739788
0,1,0.5161829
0,1,0.6038567
0,1,0.5749291
1,0,0.3688013
1,1,0.5376482
0,0,0.42707148
0,1,0.55747235
0,0,0.485475
0,1,0.5475887
0,0,0.43749177
0,0,0.37209877
1,0,0.45020974
0,1,0.5452077
0,0,0.35460773
0,0,0.39085487
0,0,0.44982734
0,1,0.5615442
0,0,0.33957094
0,0,0.4548959
0,1,0.5803517
0,0,0.33330032
0,0,0.49379095
0,1,0.5664911
0,1,0.5376909
0,0,0.30364183
0,1,0.53268284
0,0,0.40839225
0,0,0.37639692
0,1,0.520313
0,1,0.6095271
0,1,0.5066136
0,0,0.4355229
0,0,0.43237427
0,0,0.4646492
1,1,0.54418254
0,0,0.38831007
0,0,0.21577261
1,1,0.64410573
1,1,0.6214317
0,1,0.5412177
0,0,0.39623
0,0,0.45513156
0,0,0.44035962
0,1,0.5837109
0,0,0.38236183
0,0,0.4673706
0,1,0.5551778
0,1,0.5508359
1,0,0.4502302
0,1,0.51787126
0,0,0.49413273
0,0,0.3992234
0,1,0.50981116
0,0,0.47206512
0,0,0.3922796
0,1,0.5387771
0,0,0.40973988
1,1,0.63219273
0,0,0.4547819
0,1,0.5377227
0,1,0.5397209
0,0,0.34121576
0,0,0.33398882
0,0,0.41702598
0,0,0.49689153
0,0,0.48615623
0,0,0.4602685
0,1,0.52879363
0,1,0.6769579
0,0,0.31783956
1,0,0.3877516
0,0,0.4890871
1,1,0.63180804
0,0,0.4923315
0,0,0.4253744
1,0,0.45663187
0,0,0.41580224
0,0,0.48129994
1,0,0.43289843
0,1,0.5363748
0,0,0.36603522
1,0,0.36937144
0,0,0.3979766
0,0,0.4043179
0,0,0.3828679
0,1,0.5178642
0,0,0.47416818
0,1,0.5464494
0,0,0.3954508
0,0,0.4568063
0,1,0.57842803
0,0,0.43210554
1,1,0.5782025
0,1,0.550755
0,0,0.41587782
0,0,0.45339352
0,0,0.49442172
0,0,0.26282334
0,1,0.59258497
0,0,0.49022806
1,0,0.40283874
0,1,0.61488885
0,0,0.4555646
1,1,0.65112865
1,0,0.47678846
0,1,0.5814357
1,1,0.6567358
1,1,0.5105342
0,0,0.34456387
0,1,0.53071547
1,0,0.3958089
1,1,0.61193836
1,1,0.5226288
0,0,0.45874825
0,1,0.5511215
0,0,0.27510816
0,0,0.3833005
0,1,0.51503575
0,0,0.38534084
0,1,0.570042
0,0,0.457774
1,1,0.5707924
0,0,0.39030275
0,0,0.48736063
0,0,0.492869
0,0,0.4770627
0,1,0.52573836
0,0,0.2511061
0,0,0.27676526
1,0,0.34188694
0,0,0.47085512
0,0,0.36984953
0,1,0.5609803
1,0,0.3522007
0,0,0.27565485
1,1,0.6476605
0,0,0.48037168
0,0,0.39638138
1,1,0.5760019
0,1,0.51695085
0,0,0.48176348
1,1,0.69579047
0,0,0.29491347
0,0,0.3819461
0,0,0.48728517
0,0,0.3240382
1,1,0.5451525
0,0,0.4474805
0,1,0.52448916
0,0,0.4879849
0,0,0.4377627
0,0,0.40811688
0,0,0.31698343
0,1,0.5302334
0,0,0.48094675
0,1,0.55222666
0,0,0.45385838
0,0,0.26091447
1,0,0.48011887
1,1,0.5472871
0,1,0.66071916
0,1,0.5970564
0,0,0.40947568
0,0,0.48882234
0,0,0.19420527
1,0,0.45343685
0,1,0.55327904
1,1,0.5045961
0,1,0.5189904
0,0,0.36991128
0,0,0.4886191
0,0,0.44732517
0,1,0.5188621
0,0,0.4541413
0,1,0.6612855
0,1,0.5654564
0,0,0.34802777
0,1,0.60829115
0,0,0.4102815
0,0,0.49011996
0,1,0.6049861
0,1,0.5782403
0,1,0.56774294
0,0,0.35014266
0,1,0.5979165
0,0,0.28692308
0,1,0.61047125
0,0,0.43909773
0,0,0.15882938
0,0,0.37740013
1,1,0.55965674
0,0,0.451195
0,0,0.44012356
0,1,0.6148633
0,0,0.48104957
0,0,0.38610545
0,1,0.5062344
0,1,0.54697084
0,1,0.6753502
1,1,0.54097265
1,1,0.6459602
1,0,0.46669945
0,0,0.49765456
0,0,0.34594223
0,0,0.23409478
0,1,0.7179495
0,1,0.53810066
0,1,0.533676
0,1,0.6819141
0,1,0.5563342
0,0,0.46719074
0,1,0.6333919
1,1,0.5956798
0,0,0.4547239
0,1,0.5676155
0,0,0.3183251
1,1,0.58385694
0,0,0.3112648
0,1,0.5129638
0,0,0.4443838
0,1,0.53094256
0,0,0.43817216
0,0,0.42624378
0,1,0.56022567
0,1,0.5349934
0,0,0.47739702
0,0,0.16669697
1,1,0.60562325
0,1,0.5771061
0,0,0.30091563
1,1,0.5491458
1,0,0.45975113
0,1,0.51615524
0,0,0.40440315
1,0,0.3645485
0,0,0.4047338
0,0,0.35876143
0,1,0.5652699
0,0,0.4567461
0,1,0.518626
0,1,0.5612466
0,0,0.48678547
0,0,0.35887837
0,0,0.4480118
1,1,0.5993027
0,0,0.47760212
0,0,0.38501203
0,0,0.44558397
0,1,0.5535964
0,1,0.52981555
0,1,0.7431431
1,0,0.41899082
0,0,0.4856254
1,1,0.52128446
0,1,0.5298859
0,1,0.6037432
0,0,0.48201594
1,1,0.587541
1,0,0.42074716
1,0,0.325147
0,0,0.46816388
0,0,0.21467929
1,0,0.45420307
0,0,0.48956597
0,0,0.4130148
0,1,0.50083876
0,1,0.51295865
0,1,0.54273283
0,0,0.3700662
0,0,0.4947469
0,0,0.43923503
0,0,0.46212783
0,0,0.43588537
0,1,0.5403509
0,1,0.50934553
0,0,0.28675112
0,0,0.44232967
1,1,0.5259076
0,1,0.5536845
0,0,0.47889745
0,1,0.5281285
0,1,0.54541236
0,1,0.56738317
0,1,0.505021
1,1,0.53334266
0,1,0.5833232
0,0,0.42260307
0,0,0.44330817
0,0,0.3227192
0,0,0.38348645
1,0,0.35479784
0,0,0.43560058
0,0,0.36447614
0,1,0.5306616
0,0,0.44901863
0,1,0.5784434
0,1,0.5640577
1,1,0.559299
0,0,0.4837358
0,0,0.39551973
0,1,0.5712136
1,1,0.5993588
0,0,0.20809619
0,0,0.43693122
0,1,0.55053353
0,0,0.33150738
0,1,0.58827364
0,0,0.40629956
0,0,0.3768073
0,0,0.48755932
1,1,0.59871304
0,0,0.43581802
0,0,0.41077867
0,1,0.5662353
0,0,0.45840845
0,1,0.5139556
0,0,0.40991366
0,0,0.2109244
0,0,0.49387497
0,1,0.58627635
0,0,0.45037836
0,1,0.5032687
0,0,0.42868355
0,0,0.4395598
1,1,0.5432707
0,0,0.40713605
0,0,0.39901242
0,1,0.5490874
0,1,0.5443468
0,1,0.5668296
0,0,0.39458668
0,0,0.3959358
0,0,0.3683316
0,0,0.43955687
0,1,0.50225276
1,1,0.51837915
1,0,0.4650255
0,0,0.38619998
1,0,0.4457216
1,0,0.4443958
0,1,0.50382286
0,0,0.4072132
0,1,0.50104856
0,0,0.470648
0,0,0.48535398
0,1,0.5136267
0,1,0.5553018
1,1,0.5932232
0,0,0.40068036
1,1,0.54512167
0,0,0.4285066
0,1,0.63443446
1,1,0.636458
0,1,0.6005997
0,0,0.34067398
0,0,0.42820704
0,0,0.45650607
0,0,0.43221772
1,1,0.5659659
0,0,0.4736397
1,1,0.5700984
0,0,0.48616245
0,0,0.43911755
1,0,0.4757043
0,1,0.5212011
1,1,0.5062642
0,0,0.44561428
0,1,0.5454848
0,0,0.46435577
0,0,0.3202486
0,1,0.51914966
0,0,0.42777488
0,1,0.5370027
0,0,0.41469264
0,1,0.50883
1,1,0.57237154
0,0,0.45556423
0,0,0.35179323
0,0,0.47876647
1,0,0.45239416
1,0,0.4266792
0,0,0.33094743
0,1,0.5582778
0,1,0.5611994
1,1,0.5407837
0,0,0.38509306
0,0,0.40635586
0,1,0.5906273
0,0,0.4134481
0,0,0.45071855
0,0,0.42177922
1,0,0.49459833
0,1,0.5114311
0,0,0.49987394
0,0,0.46487015
0,0,0.48221937
0,0,0.40306836
0,1,0.5573952
0,0,0.49119505
0,0,0.43259117
0,1,0.5332732
1,1,0.6728625
0,0,0.2335453
0,0,0.47964746
0,0,0.4176001
0,1,0.526325
0,1,0.5991912
0,1,0.63245314
0,1,0.5234152
0,0,0.4741594
1,0,0.48483774
0,1,0.52346027
0,1,0.51483
0,0,0.49296874
0,0,0.4315792
0,0,0.48098278
0,0,0.47331393
0,0,0.29427633
0,0,0.32744834
1,0,0.4839569
0,0,0.31949958
0,0,0.46839643
0,1,0.59620476
0,0,0.44885117
0,1,0.5600165
0,1,0.5115348
0,0,0.45441052
0,0,0.49595293
0,0,0.47408843
0,0,0.38775024
0,1,0.5118061
0,0,0.47711226
0,0,0.39393973
1,1,0.533382
0,1,0.5967374
0,0,0.4066444
0,1,0.5185764
0,0,0.44716942
1,1,0.5701146
0,0,0.38916886
1,0,0.4505584
0,1,0.5427817
0,0,0.25461033
0,1,0.53446496
0,1,0.55264986
1,1,0.5144992
1,1,0.5652704
0,0,0.42592573
0,0,0.4485744
0,0,0.44325113
0,1,0.56055754
0,0,0.38838783
0,1,0.5279025
0,0,0.48848376
0,0,0.4194245
1,1,0.59355325
0,0,0.45215544
0,0,0.48144305
0,0,0.41760355
0,0,0.37142295
0,0,0.455644
0,1,0.5374081
0,1,0.5159339
1,0,0.4156893
1,1,0.57471615
1,1,0.57853675
0,1,0.6032361
1,1,0.6270703
0,0,0.36035413
0,0,0.25489095
1,0,0.43610647
1,1,0.66893685
0,0,0.29423717
1,1,0.59513414
0,1,0.52082527
0,0,0.43176854
0,0,0.3802545
0,0,0.4281058
0,1,0.59070563
0,0,0.36666
0,1,0.5159176
1,0,0.44859412
0,1,0.6664201
0,0,0.4297217
0,0,0.46932584
0,1,0.54690135
0,1,0.50195545
0,1,0.630606
0,1,0.5642664
0,0,0.43831667
0,0,0.47129977
1,1,0.5426437
0,1,0.5033988
0,0,0.42189845
1,0,0.49504864
0,0,0.4143399
0,1,0.59004927
0,1,0.53576684
0,0,0.42240366
0,0,0.30343413
0,0,0.42336392
0,0,0.4120108
0,0,0.43578365
0,0,0.16193445
0,0,0.48442096
0,1,0.5547029
0,0,0.49497294
1,0,0.40779763
0,1,0.60127115
1,0,0.2990534
0,0,0.33223677
1,1,0.6532433
0,0,0.3398931
1,1,0.6326978
0,0,0.35990933
1,1,0.605194
1,1,0.5423223
1,1,0.6026488
0,1,0.5249104
0,0,0.36097512
0,0,0.49906626
0,1,0.5105297
0,1,0.55274034
1,0,0.39381298
0,1,0.520904
0,0,0.49719873
0,0,0.4317729
0,1,0.51243174
1,0,0.46379626
0,0,0.47322887
0,0,0.4467503
0,1,0.53414667
0,0,0.44244853
0,1,0.5513871
0,0,0.4586784
0,0,0.4366378
0,0,0.3673739
1,0,0.36361203
1,0,0.48588702
0,0,0.42725694
0,1,0.5729718
1,1,0.5384562
0,1,0.53334236
1,1,0.50422907
0,1,0.561363
0,1,0.5006466
0,0,0.40730396
1,0,0.33634514
0,0,0.4841223
0,0,0.396661
0,0,0.49917954
0,1,0.5436962
0,0,0.43672556
1,0,0.44128284
0,0,0.4223144
1,0,0.33587354
0,0,0.4811371
0,1,0.58991885
0,1,0.58152723
0,0,0.48577332
1,1,0.59636855
0,0,0.49919713
0,0,0.23445193
0,1,0.56360674
0,0,0.40869
0,1,0.5169065
0,0,0.41393262
0,0,0.45042196
0,1,0.50419044
0,1,0.56022406
0,0,0.43329585
0,0,0.39997825
0,0,0.38096222
0,0,0.49461585
0,0,0.34561846
0,0,0.41587907
0,1,0.5332898
0,0,0.46220714
0,0,0.35076347
0,1,0.54884845
0,0,0.17437585
1,0,0.27226055
0,0,0.44703484
0,1,0.55781996
0,0,0.37907398
0,0,0.24004754
0,1,0.5303135
1,0,0.4541907
0,0,0.48149264
0,0,0.4156762
0,0,0.40515807
0,0,0.32832098
1,0,0.2896446
0,1,0.5023188
1,0,0.48936003
1,0,0.44533357
0,1,0.5768259
0,1,0.5842494
0,0,0.2965855
0,0,0.43348485
0,0,0.39948782
0,1,0.5078456
0,0,0.41155994
0,0,0.4245677
0,1,0.5794801
0,1,0.5947289
0,1,0.5168638
1,1,0.5377548
1,0,0.37803137
1,0,0.4250166
0,1,0.5827327
0,1,0.60768414
1,0,0.31051758
0,1,0.50416136
1,1,0.5740087
0,1,0.5134636
0,0,0.31068364
0,0,0.1967561
0,0,0.45887214
1,1,0.5054476
0,0,0.46012163
0,1,0.5220047
0,0,0.3527639
1,1,0.5996127
0,0,0.49438107
1,1,0.54600054
0,0,0.47325075
0,0,0.45811275
0,0,0.38354242
1,0,0.45526922
0,0,0.44813833
1,1,0.5451255
0,1,0.5408118
0,0,0.30902392
0,1,0.5381311
0,0,0.4716071
0,0,0.3853883
0,0,0.2962391
1,0,0.42443928
0,1,0.6327143
0,0,0.31646064
0,1,0.623771
0,0,0.42139235
1,0,0.47840977
0,0,0.34330016
0,1,0.5076356
0,0,0.31200746
1,0,0.39346808
0,1,0.5823693
0,0,0.4638406
0,1,0.61800253
0,0,0.4577591
0,0,0.11903483
0,0,0.49900457
0,0,0.47139898
0,0,0.37433285
0,0,0.3781429
0,0,0.43421137
0,0,0.4313856
0,1,0.58468974
0,0,0.3938024
0,0,0.44432604
0,0,0.4390167
0,0,0.35165298
0,0,0.41770998
0,0,0.4577859
0,0,0.3217118
0,1,0.5606081
0,1,0.5563606
1,1,0.5887848
0,1,0.5252426
1,0,0.39818087
0,1,0.51672566
0,1,0.63399494
0,1,0.5848066
0,1,0.51633596
0,1,0.56708825
0,0,0.4188421
1,1,0.5519023
1,0,0.40866548
0,0,0.14021732
0,1,0.5816723
0,0,0.4521736
0,0,0.4660025
0,1,0.51238835
0,1,0.711798
0,1,0.51107144
0,0,0.3977579
0,0,0.340039
0,0,0.3372815
1,0,0.41576338
0,1,0.5624616
0,0,0.382721
0,0,0.31877568
1,1,0.55885494
0,0,0.47153977
0,1,0.5184559
0,0,0.31517616
1,1,0.50731325
1,0,0.49812147
1,1,0.52832305
0,1,0.52737474
0,1,0.5492861
0,0,0.42803803
0,1,0.52279544
0,0,0.3372376
0,0,0.497068
1,0,0.47574848
0,1,0.566069
0,0,0.45955035
0,0,0.37875062
0,1,0.5393626
0,1,0.50570166
1,1,0.51978505
0,0,0.49458215
1,1,0.59781426
1,1,0.59222853
0,0,0.3164941
0,1,0.5381471
0,0,0.49112457
0,0,0.43477148
0,0,0.42653352
1,0,0.44506502
0,1,0.50353885
0,0,0.4141204
0,1,0.5736992
0,1,0.54496145
0,0,0.49150535
0,0,0.34420803
0,0,0.37290904
0,0,0.48242524
0,0,0.36685827
0,0,0.4454702
0,0,0.46920562
0,0,0.34948778
0,0,0.4311305
0,1,0.5231159
0,1,0.53385806
0,0,0.44500044
0,0,0.3867347
0,0,0.41789997
1,1,0.52872705
0,1,0.58245003
0,0,0.34138605
0,1,0.5658939
0,1,0.5847939
0,0,0.2159165
0,0,0.47613257
0,1,0.5372711
0,0,0.40546876
0,0,0.46554095
1,0,0.4224764
0,0,0.3869491
0,0,0.47958693
0,0,0.45218244
0,0,0.44126445
0,0,0.4701271
0,1,0.54001474
1,0,0.49271393
0,0,0.3791171
0,0,0.4796147
0,1,0.5133363
1,1,0.5729869
0,0,0.4967832
0,1,0.5322861
1,1,0.51910806
0,0,0.38439298
0,0,0.447045
0,1,0.5697298
0,0,0.49887916
0,0,0.21032119
0,1,0.5244868
0,0,0.31911933
0,0,0.27246863
1,0,0.3211999
1,1,0.5337076
0,0,0.26763558
0,0,0.2098625
0,1,0.537648
0,0,0.48137414
0,1,0.50816023
1,0,0.36682272
0,0,0.42542246
0,0,0.49084327
0,0,0.4900664
0,0,0.394255
0,1,0.5673592
1,1,0.5333822
0,1,0.56239307
1,1,0.5717082
0,0,0.4794177
0,1,0.50319934
0,0,0.40923956
0,1,0.5237284
0,0,0.48704907
0,1,0.53210485
0,1,0.5948895
1,0,0.35406435
0,0,0.44488564
0,0,0.4378584
1,0,0.37943938
0,0,0.46481726
1,0,0.43447727
0,1,0.500761
1,0,0.27166754
1,1,0.5731277
0,0,0.39236695
1,0,0.43132067
1,1,0.5434712
0,0,0.317897
0,1,0.5072293
0,0,0.4250568
0,1,0.514547
0,1,0.54820365
0,1,0.5712054
1,1,0.5620642
0,1,0.56299496
0,0,0.41055572
0,1,0.57077146
0,1,0.5192654
0,1,0.6376301
0,0,0.4809798
0,0,0.30958945
0,1,0.5119575
0,0,0.4866655
0,0,0.49510133
0,0,0.45626402
1,0,0.49632016
0,0,0.46141988
1,1,0.5511862
0,0,0.35393065
0,0,0.45519763
0,0,0.4139523
0,0,0.4430333
1,0,0.39836973
0,0,0.40028876
0,0,0.425954
0,0,0.3986188
1,1,0.5026334
0,0,0.29315564
1,0,0.42647025
0,1,0.5144027
0,0,0.30728617
0,0,0.46188578
0,0,0.29538974
0,1,0.59874666
0,1,0.52972734
0,0,0.37981337
0,0,0.46355018
0,0,0.40792167
1,0,0.44057825
0,0,0.48947906
0,0,0.37384084
0,0,0.37341413
0,1,0.63501287
0,0,0.32494107
0,1,0.67823964
0,0,0.4037334
1,0,0.4566111
0,0,0.4176571
0,1,0.5590857
0,0,0.439258
1,0,0.48061845
0,1,0.52595794
0,1,0.5743742
1,1,0.5218165
0,1,0.5294132
1,0,0.36396652
0,0,0.45548356
0,0,0.47784257
0,0,0.46626106
0,0,0.42281675
0,0,0.38953725
1,0,0.49079266
0,0,0.3764798
0,0,0.46821195
0,0,0.43114302
0,0,0.31360644
0,0,0.48686853
0,1,0.6327279
1,1,0.69692993
0,0,0.49708462
0,0,0.46820524
1,0,0.36440507
0,0,0.386398
0,1,0.51162994
0,0,0.40145504
0,0,0.43419605
0,0,0.44337565
1,1,0.63784236
0,0,0.49668396
1,1,0.6035208
0,0,0.45267016
0,0,0.35181
1,0,0.4844072
0,0,0.28643188
0,1,0.5651169
0,0,0.41429985
0,1,0.54613924
0,0,0.42413825
0,1,0.60786307
0,0,0.4766632
0,1,0.55105984
0,0,0.3657526
0,0,0.46717688
0,1,0.57565826
0,0,0.26949847
0,1,0.5964505
0,1,0.64767814
0,0,0.40355808
0,1,0.5728326
0,0,0.36944804
0,0,0.36066264
0,0,0.494196
0,1,0.5045762
0,0,0.41066313
0,0,0.43627518
0,0,0.23937583
0,0,0.4419532
0,0,0.48741055
0,0,0.3454376
0,0,0.47460833
0,0,0.32257783
0,0,0.3564878
0,0,0.2566383
0,0,0.4881127
1,1,0.6351886
0,0,0.4777322
0,0,0.43027103
0,1,0.51275283
0,0,0.24553032
0,0,0.4351381
0,1,0.55776376
1,0,0.29230395
0,1,0.54345286
1,0,0.4269961
0,0,0.441419
0,0,0.41709504
1,1,0.5338304
1,1,0.51045835
0,0,0.46517974
1,1,0.51065606
0,1,0.50369364
0,1,0.5537845
0,0,0.32006124
1,0,0.43362838
0,1,0.53976846
0,0,0.41952938
0,1,0.5378313
1,0,0.45567927
0,0,0.3722341
0,0,0.434057
1,0,0.4705755
0,0,0.4028866
0,0,0.49178264
0,1,0.5123274
0,0,0.42314014
0,1,0.58075273
1,0,0.43942192
0,0,0.45744985
1,0,0.37263733
0,1,0.5179526
0,1,0.6071398
0,1,0.57697135
0,0,0.30614024
0,0,0.44035384
0,1,0.5596988
0,0,0.47747692
0,0,0.32844815
0,1,0.5846521
0,1,0.54842246
0,0,0.42128414
0,0,0.39271328
0,0,0.4466327
0,0,0.48746637
0,0,0.34159884
0,0,0.44011706
0,1,0.5001663
1,0,0.49539328
0,0,0.18677187
0,0,0.47371072
1,1,0.6444522
0,1,0.5808083
0,0,0.44568083
0,0,0.4294776
0,0,0.4530681
0,1,0.51153725
0,0,0.48668233
0,0,0.49736732
0,0,0.4753186
0,0,0.27521712
1,1,0.52222574
0,1,0.57647586
0,0,0.40162417
0,1,0.56772757
0,1,0.5848855
1,0,0.43846613
0,0,0.40687415
1,0,0.4567933
0,1,0.5869813
0,0,0.49568996
0,0,0.42441118
0,1,0.6126498
0,0,0.41905674
0,0,0.48232058
0,1,0.509724
0,1,0.6108415
0,1,0.50848293
1,1,0.58125603
0,1,0.6007054
0,0,0.41578883
0,0,0.40904045
0,0,0.3075426
0,0,0.47144023
0,0,0.3923658
0,1,0.5294502
1,1,0.52312297
1,0,0.45390418
0,0,0.4187551
0,1,0.5036846
1,0,0.46695912
1,1,0.6109196
0,1,0.5302225
1,1,0.59547746
0,0,0.47620776
0,0,0.43120554
0,1,0.6354445
0,1,0.5295236
0,0,0.39118722
0,0,0.46629575
0,0,0.48770967
0,0,0.4431883
0,0,0.48880744
0,0,0.3915128
0,0,0.4928971
0,0,0.2474165
0,0,0.46571904
0,0,0.48860624
0,0,0.29992118
0,0,0.38215208
0,0,0.44741353
0,1,0.5017346
0,0,0.38725296
0,0,0.25557414
0,0,0.450136
0,0,0.46436056
0,1,0.5153987
0,0,0.27100953
0,1,0.531394
0,0,0.45678204
1,0,0.44700152
1,0,0.39945576
0,0,0.48909494
0,1,0.59397316
1,0,0.4798094
1,0,0.4078845
0,1,0.5909948
0,1,0.68081564
0,0,0.44204304
0,1,0.54332566
0,0,0.33367386
0,0,0.24524969
0,1,0.58328784
1,0,0.4493827
0,0,0.3784534
0,1,0.5397171
1,0,0.42689878
0,1,0.52769524
1,0,0.4192131
0,1,0.5111162
1,1,0.60818064
0,1,0.7114724
0,1,0.5411431
0,0,0.3752981
0,1,0.5427058
0,0,0.4290017
0,0,0.49485567
0,0,0.39190972
0,1,0.5506803
1,1,0.5560888
0,0,0.4042043
0,0,0.3809392
0,0,0.41773835
0,0,0.3022581
1,1,0.6004611
0,1,0.5005287
0,0,0.41025484
1,1,0.52436787
1,1,0.5901957
0,1,0.5350752
0,1,0.5577787
0,1,0.5583644
0,1,0.60202634
0,0,0.44607535
0,0,0.37585557
0,0,0.39409512
0,1,0.5117764
0,0,0.37552917
0,0,0.42161122
0,0,0.27362812
0,0,0.48309147
0,0,0.41150323
0,1,0.52109945
0,1,0.56397974
1,1,0.54118323
0,1,0.5624711
1,1,0.534024
0,0,0.35688734
0,0,0.336569
1,0,0.46107912
0,0,0.38876504
1,0,0.46103382
0,1,0.51108235
0,0,0.4042981
0,0,0.31853902
0,1,0.51417416
0,1,0.5337941
0,0,0.35450503
0,0,0.3951685
0,1,0.5590607
0,1,0.7111659
0,0,0.49462107
0,1,0.5408827
0,0,0.49920616
1,1,0.55768645
0,0,0.38488653
1,0,0.48731324
0,1,0.56025356
0,0,0.4857464
0,0,0.39282754
0,0,0.46930903
1,0,0.4217435
0,1,0.5023986
0,1,0.50932956
1,0,0.46264806
0,0,0.4613586
1,0,0.47331437
0,0,0.4462681
0,1,0.5330696
1,0,0.4032152
1,1,0.5500345
0,1,0.5800729
0,0,0.4946454
0,0,0.37731823
0,0,0.46944967
1,1,0.5836227
0,0,0.37849042
0,0,0.29238594
0,0,0.4008817
0,0,0.42674032
1,1,0.6051362
0,0,0.45856303
0,0,0.28879365
0,0,0.48965657
0,1,0.60491097
0,1,0.61860216
0,1,0.6358845
0,0,0.27174535
0,1,0.6633357
0,0,0.32775536
0,1,0.56642807
0,0,0.39411753
0,1,0.59461826
1,1,0.60727435
1,0,0.45920283
1,0,0.35212678
1,1,0.5298009
0,0,0.49910915
0,0,0.43776488
0,1,0.52873933
1,1,0.5372071
1,1,0.54860824
1,0,0.48513046
1,0,0.43406212
0,0,0.29893616
0,0,0.23668662
1,0,0.47384027
0,1,0.52437866
1,1,0.5251614
0,1,0.52614963
0,1,0.5430036
0,0,0.4300606
0,0,0.4367597
1,1,0.5418013
0,0,0.42225337
0,1,0.566969
1,1,0.66387117
0,0,0.3278462
0,0,0.46511567
0,0,0.32349113
0,0,0.34783068
0,0,0.45100102
1,1,0.549732
1,1,0.50323915
0,0,0.47049642
0,1,0.51862407
1,0,0.48192945
0,0,0.37599623
0,0,0.34112817
0,0,0.44584715
1,1,0.629431
0,0,0.23010665
0,0,0.45993602
1,0,0.44528356
0,1,0.5195737
1,0,0.33357346
0,0,0.4095778
1,1,0.50155246
0,0,0.49611652
0,0,0.318035
0,0,0.33536547
0,1,0.58829886
0,1,0.562419
0,1,0.5403584
0,0,0.49251002
0,0,0.41285798
0,1,0.5324513
0,0,0.4941908
0,0,0.3529955
0,0,0.2693541
0,0,0.3485031
0,0,0.3931497
1,0,0.32444018
0,0,0.422567
0,0,0.32693627
0,1,0.5550336
0,1,0.5201721
0,0,0.4565383
0,0,0.33841765
1,0,0.4878576
0,1,0.59715396
0,0,0.46152732
0,0,0.46939772
0,0,0.42581156
0,0,0.305223
0,1,0.59230936
0,0,0.46189296
0,0,0.42357945
0,0,0.4660878
1,0,0.37462342
1,1,0.5493873
0,1,0.5151958
0,0,0.38567683
0,1,0.5039488
1,1,0.5377432
0,1,0.51811904
0,0,0.48110676
0,1,0.52975583
0,1,0.56692
0,0,0.3632438
1,1,0.6469735
0,0,0.45212227
0,0,0.46024537
0,1,0.5047574
0,1,0.53967154
0,1,0.50652957
0,0,0.46858722
0,1,0.59960437
0,0,0.46145335
0,0,0.43072724
0,0,0.3474471
0,1,0.5117912
0,0,0.47233418
0,0,0.39197138
0,1,0.57502264
0,0,0.40139228
0,1,0.5221979
0,1,0.5039625
0,0,0.48828104
0,0,0.4618012
0,0,0.45326197
0,0,0.46029612
1,1,0.5532343
0,1,0.60406387
0,0,0.4432625
0,0,0.4598052
0,0,0.22455934
0,0,0.39715067
0,1,0.5276425
0,1,0.54283273
1,1,0.5735433
1,1,0.548069
0,0,0.47301275
0,1,0.5129929
1,0,0.4996847
0,0,0.44442546
0,0,0.47920975
0,0,0.4633231
0,0,0.39349326
0,1,0.52524674
1,1,0.5645095
0,0,0.35915402
0,0,0.34061587
1,1,0.54917777
0,0,0.37578392
1,0,0.42281768
0,0,0.23875141
1,0,0.47011474
0,0,0.4865835
0,0,0.4935479
0,0,0.49455303
1,0,0.41628295
0,0,0.3792882
0,0,0.3086336
0,1,0.51502264
0,0,0.45626825
0,0,0.47928795
0,0,0.47498748
0,0,0.45148882
0,1,0.5404291
0,0,0.4990635
0,1,0.5562073
1,0,0.4522581
0,0,0.30525073
0,1,0.55632484
0,0,0.34758532
0,0,0.46952698
0,1,0.62455076
0,0,0.27402598
0,0,0.46497494
0,0,0.3713389
0,0,0.46874124
0,0,0.4399983
0,1,0.5528079
0,0,0.46242106
0,0,0.45858428
0,0,0.47368893
0,1,0.5998486
1,0,0.4841926
0,0,0.40205643
1,1,0.54848284
0,0,0.29985595
0,1,0.5690898
0,1,0.5145358
0,0,0.26798138
0,0,0.25870502
0,1,0.53564644
0,0,0.32201013
0,0,0.44443867
0,1,0.5414232
0,1,0.5090119
0,0,0.37564272
1,1,0.5037743
0,1,0.5798448
1,1,0.6282389
0,1,0.5324031
1,0,0.33062574
0,0,0.4470984
0,0,0.44442746
0,0,0.30856925
0,0,0.45496446
0,1,0.6877396
0,0,0.42407537
0,0,0.47250327
0,0,0.23279881
0,0,0.45017818
0,0,0.41832048
0,1,0.5348402
0,0,0.34085152
0,0,0.41495684
0,1,0.5247915
0,0,0.38437706
0,0,0.43009275
0,0,0.4759665
1,0,0.41707212
0,0,0.41355658
0,1,0.6613805
1,0,0.490087
0,0,0.45802993
0,1,0.5754194
0,0,0.45445967
1,1,0.50617504
0,0,0.4235657
0,0,0.33051184
0,0,0.31401443
1,1,0.54280853
1,0,0.4986095
0,0,0.4014085
0,0,0.4435395
1,1,0.6149365
0,0,0.4487993
0,1,0.5200783
1,0,0.42286423
0,1,0.61623687
0,0,0.39668968
0,0,0.33918607
0,0,0.14485545
0,0,0.38930458
0,0,0.47687092
0,0,0.36889258
0,1,0.5419209
1,0,0.484093
0,0,0.39997467
0,0,0.42669848
0,0,0.33078617
0,1,0.5877265
1,0,0.3780137
0,1,0.5114243
0,0,0.23653138
0,0,0.46241584
1,0,0.4599851
0,0,0.4911399
1,0,0.49088177
1,0,0.42540723
0,0,0.37497944
0,1,0.5062204
0,0,0.39431924
0,0,0.37758118
0,0,0.4311371
1,1,0.5795411
0,0,0.46070752
0,0,0.45035225
1,0,0.42763612
0,0,0.43003005
0,0,0.35466504
0,0,0.42328265
0,1,0.53788525
0,1,0.54743195
0,1,0.54427993
1,1,0.75368184
0,1,0.5394372
0,1,0.6932522
0,0,0.20226347
1,0,0.38630295
0,1,0.5098545
0,0,0.44603318
0,0,0.39674696
0,1,0.5606212
0,0,0.42621404
1,1,0.63894176
0,0,0.4577045
0,0,0.4484388
1,1,0.54666424
0,0,0.47349957
0,1,0.5023664
0,0,0.24951991
1,0,0.49174586
0,0,0.44252884
0,1,0.56724393
1,1,0.580767
0,1,0.58976793
0,0,0.49153262
0,1,0.547296
0,1,0.5519971
0,0,0.32853505
0,0,0.36232984
0,0,0.4938931
1,0,0.4986938
0,0,0.4157921
1,0,0.46026185
0,1,0.62867475
0,1,0.5963348
0,0,0.43480957
0,0,0.49395707
0,0,0.35238558
0,0,0.43641654
0,1,0.52229416
0,0,0.40690592
0,0,0.49177542
0,0,0.35972175
0,0,0.48904663
0,0,0.44786006
1,1,0.66159916
0,1,0.59671783
1,0,0.31631795
0,1,0.5351976
0,0,0.42052358
0,0,0.43964723
0,1,0.50699526
0,0,0.36697635
0,0,0.39023826
1,0,0.36578658
0,1,0.5676075
0,0,0.23211211
0,1,0.70167255
0,1,0.5216254
0,0,0.39782673
0,0,0.48969278
0,0,0.48650077
0,1,0.5134876
0,1,0.557942
0,0,0.31091282
0,1,0.566466
0,0,0.34120226
1,1,0.55481493
0,1,0.5059885
0,0,0.3841279
0,0,0.3190984
0,0,0.36738646
0,0,0.34246293
0,0,0.48035416
0,0,0.18650399
0,0,0.35202363
0,0,0.4299007
0,0,0.47117737
0,1,0.5125388
0,0,0.4199215
1,0,0.49336392
1,1,0.59778106
1,0,0.46889955
1,0,0.4773269
0,0,0.3936555
0,1,0.5400982
0,1,0.51043135
0,0,0.3179527
0,1,0.51387954
0,1,0.6101304
0,0,0.4912398
0,1,0.50770485
0,1,0.5734728
0,0,0.4677996
0,0,0.48104388
0,1,0.6105051
0,0,0.4428999
1,1,0.52951914
0,0,0.48641965
0,0,0.36837453
0,1,0.5443994
0,0,0.3332492
1,1,0.6091246
0,0,0.43740875
0,0,0.3492791
0,0,0.496597
0,0,0.48360974
0,0,0.38444644
0,1,0.5587798
0,1,0.54441595
0,0,0.46711284
0,1,0.5033417
0,1,0.5183581
0,0,0.35483074
0,0,0.47441277
0,0,0.45769846
0,0,0.29287165
0,0,0.48306403
1,0,0.48393998
0,0,0.45532033
0,0,0.47267297
1,0,0.41164032
1,1,0.50209904
0,0,0.4320338
0,0,0.40137678
0,1,0.5196117
0,0,0.41077098
0,0,0.42216685
0,0,0.26543605
0,0,0.21583124
0,0,0.37159753
0,1,0.5101638
0,1,0.57185745
1,1,0.5129411
0,0,0.41287318
0,1,0.50530857
0,0,0.45806822
0,1,0.50712144
0,0,0.30837435
0,0,0.37478822
0,0,0.29052237
1,0,0.46895593
0,0,0.4895595
0,0,0.41180944
0,1,0.5052525
0,0,0.3492168
0,0,0.44992954
1,0,0.4857044
0,0,0.40624374
1,1,0.6130332
0,0,0.4876645
0,1,0.5753884
0,0,0.49710584
1,0,0.45969108
0,0,0.41872805
0,0,0.33931354
0,0,0.3146865
0,0,0.39746702
0,0,0.45311204
0,0,0.33233252
0,0,0.41160524
1,1,0.5876031
0,1,0.59534645
1,0,0.34575105
0,0,0.44048133
0,1,0.61517286
0,1,0.5499641
1,0,0.38364765
0,1,0.6144377
0,0,0.3996492
0,0,0.29777205
0,0,0.34860018
0,0,0.37879437
0,0,0.40035194
0,0,0.17668676
0,0,0.42707416
0,1,0.56862426
0,1,0.5259253
0,0,0.3962089
0,1,0.5980706
0,1,0.565886
0,0,0.43186578
0,1,0.5525384
0,1,0.7197397
0,1,0.7022676
0,0,0.4693633
0,0,0.4644532
1,1,0.5417575
0,0,0.31626838
0,0,0.38990757
0,1,0.58597744
0,1,0.5648694
0,1,0.6031097
0,0,0.23706721
0,0,0.41647372
0,0,0.34568223
0,0,0.45467257
0,0,0.43490094
0,0,0.4448971
0,0,0.22654137
0,1,0.54106385
0,0,0.4700046
0,0,0.43915763
0,0,0.45707774
1,1,0.52499384
0,0,0.26172632
0,0,0.46156484
0,0,0.3695229
1,0,0.4965364
1,1,0.58574706
1,1,0.67756736
0,0,0.46984702
0,0,0.4315772
1,0,0.34180287
1,1,0.50213194
0,0,0.4805366
1,1,0.5050118
0,1,0.550025
0,1,0.6543243
0,0,0.3690228
0,0,0.2867068
0,1,0.5239901
0,1,0.50285566
0,1,0.52669704
1,1,0.53213686
0,1,0.50777173
0,1,0.5695385
0,1,0.5349935
0,0,0.41937628
1,0,0.4059622
0,0,0.4770787
0,0,0.42177913
0,0,0.26425472
1,0,0.43903336
0,0,0.49063396
0,0,0.40877274
0,0,0.32939354
0,0,0.29665035
0,0,0.45886353
0,0,0.47812712
0,0,0.46455926
0,0,0.48249248
0,0,0.34138763
1,0,0.49110717
1,1,0.546314
0,0,0.4302906
1,0,0.44844264
0,0,0.29333648
0,0,0.47745946
1,0,0.4365741
0,1,0.50540966
0,0,0.4094902
0,1,0.55047464
0,1,0.53354645
0,0,0.4193411
0,0,0.4291783
0,1,0.5312048
0,0,0.45705685
0,1,0.55587214
0,0,0.42764053
0,0,0.3102504
0,0,0.13045484
0,1,0.5312941
1,0,0.48539516
0,0,0.49990433
1,0,0.40526754
0,0,0.43756986
0,0,0.4881107
0,0,0.4017983
0,1,0.5897876
0,1,0.50375104
1,0,0.36212432
0,1,0.5588581
1,1,0.5377164
0,1,0.6000084
0,0,0.48450565
0,0,0.27121204
1,1,0.5579108
1,1,0.5470072
0,0,0.44829893
0,0,0.3768564
1,1,0.5178461
0,1,0.5636829
0,0,0.3583139
0,0,0.44566917
0,1,0.51976204
0,1,0.57543856
0,0,0.49273
0,1,0.5498219
0,0,0.4221037
0,1,0.5072332
1,1,0.5895828
0,0,0.35913178
0,1,0.574281
0,1,0.5624409
0,0,0.41915798
0,1,0.567122
1,1,0.57636476
0,1,0.55233353
0,1,0.5627073
0,0,0.48007363
1,1,0.5668783
0,1,0.5487356
0,1,0.5239501
0,0,0.45140037
0,0,0.4481639
0,1,0.61677575
0,1,0.5229387
0,1,0.57556146
0,0,0.4032319
0,0,0.47100797
0,0,0.40854257
1,0,0.41564673
1,1,0.56004226
0,0,0.3066805
0,0,0.43128932
0,0,0.4518821
1,0,0.2789778
0,1,0.55503845
1,0,0.3706049
1,1,0.5092955
0,0,0.34077978
0,0,0.44252807
0,0,0.30922168
0,0,0.30772722
0,0,0.27192953
0,1,0.5202565
0,1,0.54088223
0,0,0.49860942
0,1,0.564634
0,0,0.48353687
0,0,0.4484569
0,0,0.4308419
1,1,0.5751694
0,1,0.6029369
0,1,0.54252225
0,0,0.43761563
1,1,0.55134267
1,1,0.713076
0,0,0.44466785
1,1,0.5403403
0,0,0.4291198
0,1,0.5374912
0,1,0.65747905
0,1,0.5600395
1,1,0.6697031
0,0,0.31369254
0,1,0.52179563
1,0,0.49437228
0,0,0.47318587
1,1,0.5673639
0,1,0.5279281
0,1,0.5462971
0,0,0.49012673
0,1,0.5453384
0,0,0.4359114
0,1,0.573555
0,0,0.3909942
0,0,0.20173818
1,1,0.5850603
0,0,0.41520372
0,0,0.36788556
0,0,0.32787862
0,1,0.64568895
0,0,0.45981646
0,0,0.47980157
0,0,0.20883456
0,0,0.49469173
0,1,0.56754184
0,0,0.48029652
0,1,0.53400683
0,1,0.506917
0,0,0.43198112
0,0,0.3978282
1,0,0.40788472
0,1,0.5254923
0,0,0.27328435
1,1,0.763756
0,0,0.43096521
1,1,0.5601466
0,0,0.3992404
1,1,0.57291114
0,0,0.4100121
0,1,0.51293254
1,0,0.44396353
1,0,0.41450796
1,0,0.45025355
0,1,0.51765144
0,1,0.5616053
0,0,0.42192832
0,0,0.34179077
0,0,0.42335704
0,0,0.4030003
1,1,0.6251013
0,1,0.5364228
0,0,0.4283312
0,1,0.6476234
0,1,0.51528776
0,1,0.53810006
0,0,0.27818584
0,0,0.4897211
1,1,0.6361959
0,1,0.6015995
0,0,0.49344438
0,1,0.5192615
1,0,0.37905025
0,0,0.4217356
0,0,0.48764253
0,0,0.44528845
0,0,0.45735952
0,0,0.4358026
0,0,0.49245897
0,1,0.545528
0,1,0.60381305
1,1,0.63581157
0,1,0.52003443
0,1,0.59254825
1,0,0.4018152
0,0,0.44491532
0,1,0.5413421
0,0,0.4650454
0,1,0.52932525
0,0,0.4842487
0,0,0.49092886
0,1,0.5472673
0,0,0.44454327
0,0,0.44579563
0,1,0.50092506
0,1,0.5238586
0,1,0.5473757
1,0,0.3895062
0,1,0.5804097
0,0,0.36448625
0,0,0.4968331
0,0,0.4706021
1,0,0.48790416
0,0,0.3654185
0,0,0.38907617
0,0,0.36834794
0,0,0.48406643
1,1,0.58568966
0,0,0.41400123
1,1,0.52065057
0,1,0.50494003
0,1,0.5167781
0,0,0.47799847
0,0,0.49052644
0,0,0.35261136
1,1,0.55173194
0,1,0.612171
0,1,0.6156764
0,0,0.48449028
0,0,0.47086135
0,0,0.26598123
0,0,0.4971046
1,0,0.4629065
0,0,0.30671245
0,0,0.41801968
0,0,0.4539656
0,1,0.5060791
1,1,0.5195087
0,1,0.57408893
0,1,0.5319961
0,0,0.46605238
0,0,0.33690426
0,0,0.36870524
0,0,0.40143952
0,0,0.4439917
1,1,0.50652564
0,0,0.42802522
1,0,0.28063202
0,1,0.57838476
0,1,0.51894206
0,1,0.58066964
0,0,0.43577486
0,1,0.56143034
1,1,0.53695494
0,0,0.4440692
1,1,0.5691297
1,1,0.5257045
0,1,0.54348767
0,0,0.23394959
0,0,0.24660344
0,1,0.67601883
0,0,0.48855755
1,0,0.49283597
0,0,0.2791939
0,1,0.5858221
0,0,0.464508
0,1,0.584628
0,1,0.5187365
0,0,0.47229448
0,0,0.3935019
0,0,0.31926477
0,0,0.34610003
0,0,0.4127992
1,1,0.52821183
0,0,0.46166632
0,1,0.5614187
0,0,0.46845952
0,0,0.40059733
0,0,0.32001394
0,0,0.3385559
0,0,0.4223073
1,0,0.4758422
0,0,0.4781546
0,0,0.3518631
0,0,0.38897666
1,0,0.38880908
1,1,0.53325343
0,0,0.4474452
1,0,0.46985614
0,1,0.5314463
0,1,0.5782237
0,0,0.4377602
1,0,0.38770115
0,1,0.5313264
0,0,0.42820424
0,0,0.29917523
0,0,0.3916553
0,0,0.40155628
0,0,0.45253447
0,0,0.4172606
0,1,0.5778861
0,1,0.56269866
0,1,0.63142186
0,0,0.25922894
1,0,0.4361913
0,0,0.3573218
0,0,0.44093686
0,0,0.48534104
0,1,0.5495627
0,0,0.4682216
0,0,0.42082688
0,0,0.3675285
0,0,0.4884
1,0,0.4892474
0,0,0.38492188
0,0,0.42104805
0,0,0.24780235
0,0,0.35826084
0,0,0.47208408
0,1,0.54703426
0,1,0.5290382
1,0,0.2557347
0,0,0.45444784
0,0,0.44828257
0,1,0.5652266
0,0,0.4597175
0,0,0.36466512
0,0,0.37842876
0,1,0.5055164
0,0,0.23017609
1,0,0.4768215
0,1,0.59486794
0,0,0.44515
0,0,0.40486175
0,1,0.598928
0,1,0.5227604
1,1,0.53878
0,1,0.57300425
0,0,0.46104187
0,1,0.5616029
0,0,0.37622064
0,0,0.27733672
1,0,0.49272722
1,1,0.6528609
0,1,0.53289306
0,1,0.5020479
0,0,0.41422653
0,0,0.427052
0,0,0.42065787
0,1,0.59601355
0,1,0.51678073
0,1,0.5708478
0,0,0.4074702
0,0,0.40084133
0,1,0.60687995
1,1,0.5375964
0,1,0.62948334
0,1,0.5111716
0,0,0.44896984
0,1,0.5888926
0,0,0.43965757
1,1,0.5879049
1,1,0.5391659
0,1,0.5638913
0,0,0.364443
0,0,0.36572748
0,0,0.44526565
0,1,0.5631486
1,1,0.53316724
0,0,0.3595913
0,0,0.32255822
0,0,0.4630478
1,0,0.33553672
0,1,0.52057993
0,1,0.5695462
0,0,0.41450292
0,1,0.50725317
0,0,0.34152818
0,0,0.42691138
0,0,0.20872794
0,0,0.49797413
0,1,0.60645276
0,1,0.7297293
0,0,0.4876922
0,0,0.405845
0,1,0.6611099
0,1,0.518121
0,0,0.4609376
1,0,0.3833976
0,1,0.5519279
1,0,0.4881426
1,1,0.5321647
0,1,0.54935
0,1,0.5579032
0,0,0.33653376
1,1,0.5575951
1,1,0.5011344
0,0,0.39882424
0,1,0.55745745
0,1,0.64619094
1,0,0.37100732
1,0,0.34677893
0,1,0.54789835
0,0,0.44161636
0,0,0.47528318
0,1,0.63430285
1,0,0.43258038
0,1,0.5355886
1,0,0.44405788
0,0,0.47277626
0,1,0.54068315
0,1,0.55538523
0,0,0.4315149
0,0,0.32416785
1,0,0.47991726
0,0,0.34214598
1,1,0.52411133
1,1,0.5247805
0,0,0.3622313
0,0,0.4336536
0,0,0.46691602
0,1,0.5214269
0,0,0.4579294
0,0,0.27519265
1,1,0.5212096
1,1,0.55506253
1,0,0.47172746
1,0,0.47324908
0,1,0.5674323
0,1,0.5183046
1,1,0.54343593
0,0,0.3132951
0,1,0.5000004
0,0,0.38518286
0,1,0.5587746
0,0,0.31427234
0,0,0.30463552
0,0,0.47039866
0,1,0.51938355
0,0,0.43856758
0,1,0.5633569
1,0,0.45302624
0,1,0.56059766
0,0,0.48177975
0,0,0.29841444
1,1,0.57355237
0,0,0.4137525
0,1,0.5027249
1,0,0.46881625
0,0,0.30542237
1,1,0.5648823
0,1,0.57497597
0,0,0.4921103
0,0,0.39788136
0,1,0.5034863
0,1,0.5702354
1,0,0.48035756
0,0,0.36215836
0,1,0.5193455
0,1,0.56938016
0,1,0.57858634
0,0,0.4938147
0,0,0.47116885
0,1,0.5698855
0,0,0.4613017
0,0,0.40016887
0,1,0.52536845
0,0,0.49641916
0,1,0.557752
0,1,0.5914663
0,0,0.46367487
0,0,0.22518498
0,0,0.48378345
0,0,0.47866437
0,0,0.43140054
0,1,0.5287554
1,1,0.5312193
0,1,0.5200752
0,0,0.44414642
0,1,0.62130153
0,1,0.5522223
0,0,0.3425467
1,1,0.6044734
0,0,0.38621396
0,0,0.47637603
0,1,0.57250935
0,1,0.50646853
0,0,0.26202554
0,0,0.34823358
0,0,0.44768706
0,1,0.5023483
1,1,0.6441188
0,0,0.32319587
1,1,0.6438284
0,1,0.6667696
0,0,0.46416587
0,1,0.5854471
0,1,0.50717723
0,0,0.47091866
0,1,0.5012919
0,0,0.45280623
0,0,0.4783192
1,0,0.39382422
0,1,0.53027326
0,0,0.39095026
0,0,0.39334628
1,1,0.5010426
0,1,0.5186998
0,1,0.5380312
1,0,0.43684286
1,0,0.47124463
0,1,0.5909332
0,0,0.47049776
0,0,0.4844047
0,0,0.45083952
0,0,0.34771496
1,1,0.55227005
0,0,0.41362193
0,0,0.3855628
0,0,0.42298454
0,0,0.40904808
0,0,0.34677252
0,0,0.41649374
0,0,0.39590043
0,0,0.38003117
0,1,0.5335537
0,1,0.51987356
0,0,0.41630763
0,0,0.23156564
0,0,0.45948255
0,1,0.50217676
0,0,0.447072
0,0,0.49442798
0,0,0.38917667
0,0,0.4787253
0,1,0.54106736
0,1,0.5152894
0,0,0.3577915
0,0,0.42139933
0,0,0.47384444
0,0,0.49470294
0,0,0.41611683
0,0,0.49211496
0,0,0.44215375
0,0,0.30808434
0,0,0.44975585
0,1,0.5643779
1,0,0.46649867
0,0,0.43797237
0,0,0.20546539
1,0,0.452308
0,1,0.63756263
0,0,0.4684165
1,0,0.46265233
0,0,0.44041872
0,1,0.5264571
0,1,0.6126095
0,1,0.54942524
0,1,0.5742594
0,0,0.40306497
1,1,0.5634123
0,0,0.38730183
0,0,0.36734176
0,0,0.44524086
0,1,0.5159919
0,1,0.5383907
0,0,0.46135792
0,1,0.6493996
0,1,0.52046204
0,1,0.56075364
0,0,0.46683672
0,1,0.5648744
0,1,0.6412319
0,0,0.33456627
1,0,0.46411872
0,1,0.52197415
0,0,0.37262404
0,0,0.37025946
0,0,0.31185514
0,0,0.20173672
0,0,0.48061785
1,1,0.5627436
0,0,0.4170111
1,0,0.4940748
0,1,0.5054628
0,1,0.50779337
1,1,0.5461048
0,1,0.56731284
0,1,0.55645615
0,1,0.56901723
0,0,0.39777622
0,0,0.4863006
0,0,0.4749538
0,1,0.50450385
0,1,0.5603144
0,1,0.51280093
0,0,0.40123087
0,1,0.50766796
0,0,0.42648894
0,1,0.5574294
0,1,0.5739012
0,0,0.4699314
0,0,0.38145107
0,1,0.51059234
0,1,0.5212952
0,0,0.4879887
0,0,0.34793058
0,0,0.39204118
1,1,0.56086993
0,1,0.5025884
0,0,0.26177004
1,0,0.49865326
0,0,0.37947446
0,1,0.594212
1,1,0.5748806
0,1,0.5983826
1,1,0.5424529
0,1,0.573573
0,1,0.5057525
1,1,0.51026416
0,0,0.47079852
0,1,0.5301677
0,1,0.5813515
0,1,0.59562135
0,0,0.33737934
0,0,0.27792192
0,0,0.47762647
0,0,0.48497015
0,1,0.69600564
0,0,0.39353764
1,1,0.5426955
1,1,0.5816969
0,0,0.46743646
0,0,0.4890447
0,0,0.35151577
0,0,0.29527095
0,1,0.51233566
1,0,0.48376635
0,1,0.55627203
0,0,0.48239848
1,0,0.4880066
0,0,0.30718365
1,0,0.46726215
1,0,0.4213212
0,0,0.48716024
0,0,0.34521577
0,1,0.61623883
0,0,0.35847494
0,0,0.39247268
0,0,0.42989758
0,0,0.42805657
0,1,0.5192933
0,0,0.40741146
0,1,0.6043073
0,1,0.5370892
1,0,0.44770068
0,0,0.4800458
1,0,0.48809594
0,0,0.3943102
1,1,0.61675787
0,0,0.44452164
1,0,0.35176376
0,1,0.53719854
1,0,0.48248973
0,1,0.5493789
0,0,0.26217082
0,0,0.4810376
0,1,0.5347621
0,0,0.37449744
0,0,0.36656493
0,1,0.52949363
0,0,0.40847802
0,0,0.3689576
0,1,0.5282985
0,0,0.37348583
0,1,0.52490556
0,0,0.29051986
1,1,0.552546
0,0,0.40044537
0,0,0.20983306
0,0,0.3271699
1,0,0.4474261
1,0,0.4574135
0,1,0.65744483
0,0,0.35149252
0,0,0.29511377
0,0,0.34110808
0,0,0.3764765
0,0,0.43827245
0,0,0.45480505
0,0,0.44834098
0,0,0.35474622
0,1,0.5956727
0,1,0.5833987
0,0,0.43370807
1,0,0.49611306
0,0,0.44969216
0,0,0.39753264
0,0,0.4722282
0,0,0.49935213
1,1,0.5513301
1,0,0.3265747
0,0,0.4196946
1,1,0.5564091
0,1,0.52303666
0,0,0.3863785
0,1,0.5583641
1,0,0.40181738
1,0,0.4700757
1,0,0.41424096
0,1,0.5543289
0,1,0.6480284
0,0,0.34190568
0,0,0.39458168
0,0,0.47749326
0,0,0.43032518
0,0,0.37550786
0,1,0.5620942
0,1,0.5681472
1,0,0.45584065
0,0,0.43675414
0,1,0.5043599
0,0,0.40119845
0,0,0.43662444
0,1,0.55032027
0,1,0.59144485
1,0,0.49717787
1,0,0.4467217
0,0,0.26634777
0,0,0.48355937
0,0,0.4134095
0,1,0.55835366
0,1,0.52164423
1,0,0.49704862
0,0,0.3476164
0,1,0.50205576
0,0,0.49990654
0,0,0.36925307
1,0,0.42157513
0,1,0.5371779
0,0,0.48684776
0,1,0.53479236
0,1,0.5294415
0,0,0.4388292
1,0,0.47383353
1,0,0.3399205
0,0,0.4687977
0,0,0.48913145
0,1,0.51769674
0,0,0.4265344
0,1,0.5106213
0,1,0.62434673
0,0,0.46883917
0,0,0.47590578
0,0,0.4663715
0,0,0.40833825
0,1,0.5657841
1,0,0.36969307
0,1,0.505407
0,0,0.41513437
0,1,0.5847631
0,0,0.30293438
0,1,0.5640981
1,1,0.51864374
0,0,0.42890936
0,1,0.5972598
0,0,0.44982752
0,0,0.43810272
0,0,0.36648598
1,0,0.35416672
0,0,0.46325493
0,1,0.58911467
0,0,0.39233857
0,1,0.63712054
0,0,0.45208713
0,0,0.43962598
0,1,0.61637723
0,1,0.52611464
0,0,0.3677757
0,0,0.38918963
0,0,0.45216742
0,1,0.5181484
0,0,0.39938912
0,0,0.36160052
0,0,0.4782926
0,0,0.48707223
0,0,0.4809034
1,1,0.5682728
0,0,0.38259205
0,1,0.59558725
0,1,0.6504558
0,1,0.58401185
0,0,0.31348157
1,1,0.51316583
1,0,0.46727926
0,0,0.4668644
0,0,0.4679261
1,1,0.5031952
0,1,0.57959795
0,0,0.49794108
0,0,0.44741115
0,0,0.4517627
0,0,0.40458792
0,0,0.44626844
0,0,0.45227802
0,1,0.5422129
0,0,0.2475815
0,0,0.43981713
0,1,0.5576265
0,0,0.40875226
1,1,0.56070495
0,0,0.4805909
0,1,0.51687014
0,0,0.48952487
0,0,0.4990861
0,1,0.5678021
1,0,0.43777907
0,0,0.42812082
0,1,0.5412174
0,0,0.49634632
0,0,0.42319635
0,0,0.4896161
1,0,0.47526547
0,0,0.2637652
0,0,0.4939524
0,0,0.35623294
1,0,0.4550502
0,1,0.57642114
0,0,0.27983588
0,0,0.39836958
0,0,0.3927339
0,1,0.5698708
0,1,0.53218675
0,0,0.49310148
0,0,0.4945139
0,0,0.28298593
1,1,0.59549034
0,0,0.46470067
0,1,0.5534936
0,1,0.79782254
0,1,0.52078223
0,0,0.4061921
0,0,0.3103958
0,0,0.4450779
0,1,0.51403326
0,0,0.48662204
0,1,0.5353395
0,0,0.3947728
0,0,0.48422673
1,0,0.3630552
0,1,0.58103174
0,1,0.50945425
0,1,0.67583877
0,0,0.45696363
0,1,0.5104171
0,0,0.4784601
1,0,0.41549233
0,0,0.40591756
0,1,0.5233593
0,1,0.6564307
0,1,0.57077354
0,0,0.4383355
0,0,0.43392646
0,0,0.46065056
0,0,0.36585522
0,0,0.4661261
0,0,0.46987677
0,0,0.4866716
1,1,0.59130806
1,1,0.58293146
0,1,0.5126426
1,0,0.4920885
0,0,0.26485902
0,1,0.61716866
0,1,0.57266736
1,1,0.5208387
0,1,0.5326172
0,0,0.46888012
0,0,0.31885818
0,0,0.3582749
0,0,0.47979873
0,1,0.5338572
0,1,0.5543399
0,1,0.5307311
0,1,0.5498878
0,0,0.4734597
1,1,0.51406986
0,1,0.5296619
1,0,0.43682522
0,0,0.49626777
0,1,0.5040549
0,1,0.5369401
0,0,0.48091656
0,0,0.24205159
0,1,0.5098323
0,1,0.5076246
1,1,0.5532378
0,0,0.28852275
1,1,0.5689002
0,1,0.5195844
0,0,0.43645802
0,0,0.46538565
0,1,0.5321348
0,0,0.44781053
0,0,0.4853303
1,1,0.52393603
1,0,0.4330748
1,0,0.40029433
0,0,0.4106701
1,0,0.38797158
1,0,0.45470512
0,0,0.28514865
0,0,0.29488364
0,0,0.48331326
0,1,0.52600753
0,0,0.4761024
0,1,0.5901443
1,0,0.49464467
0,1,0.54263
0,1,0.5577781
0,0,0.4731064
0,1,0.65128684
1,1,0.58486027
1,0,0.4211385
0,1,0.5009794
0,0,0.48442316
0,1,0.5160295
0,1,0.500901
0,0,0.28818882
1,0,0.24557962
0,0,0.45586395
0,1,0.54293644
0,0,0.3688329
0,1,0.72811604
0,1,0.6593213
0,1,0.6081934
0,1,0.5185355
0,1,0.600471
0,1,0.550451
0,0,0.27276307
0,1,0.5513164
0,1,0.5633853
0,1,0.65790856
0,1,0.57459396
0,1,0.52462566
0,0,0.42435804
0,1,0.5403015
0,0,0.44146556
1,0,0.2727446
1,1,0.50372314
0,0,0.4359361
0,0,0.44987324
0,0,0.43632507
0,0,0.40146658
0,1,0.58664095
0,0,0.39165354
0,1,0.5212246
0,0,0.46574235
0,1,0.5348326
0,1,0.5037931
0,1,0.5264914
0,0,0.3816082
0,1,0.50614214
0,1,0.55439246
0,0,0.47583514
0,0,0.49644727
0,0,0.4034937
1,0,0.44299984
0,0,0.45985472
0,0,0.20918094
1,1,0.5299261
0,0,0.3925346
0,1,0.54372406
0,0,0.420116
0,0,0.48360658
1,1,0.51399183
0,0,0.4986572
0,0,0.42834046
0,0,0.4805176
0,1,0.50954586
0,1,0.5315827
0,0,0.39051628
0,1,0.5226941
1,1,0.52083015
0,1,0.5558007
0,0,0.41790158
0,0,0.48340774
0,0,0.35117924
0,1,0.55720043
0,0,0.4742341
0,1,0.53520304
0,0,0.40704083
0,1,0.5076189
0,0,0.34468126
0,0,0.15183464
0,0,0.38484594
0,1,0.5801866
0,1,0.6171173
1,0,0.39770368
0,1,0.5254177
0,0,0.48496902
0,1,0.5875845
0,1,0.5337013
0,1,0.53666544
1,0,0.311609
0,0,0.33063617
0,0,0.46622998
0,0,0.3599549
0,0,0.47172546
1,1,0.53345954
0,0,0.44169745
1,1,0.57865286
0,1,0.525777
0,0,0.39498833
0,0,0.20812751
0,0,0.473636
0,0,0.42555857
0,0,0.4398745
0,0,0.3553296
1,1,0.51145124
0,0,0.36378986
0,0,0.3591648
0,0,0.4595875
0,0,0.28639844
0,0,0.425895
0,0,0.393282
0,1,0.5251527
0,0,0.35132053
0,1,0.6016001
0,0,0.44160017
0,1,0.5206881
1,0,0.44392845
0,0,0.34677234
0,1,0.5893279
1,0,0.4282083
0,0,0.42920718
0,0,0.49770147
0,1,0.59353614
0,0,0.442056
0,0,0.44243097
0,1,0.5070575
0,1,0.5377701
0,0,0.3913435
0,0,0.46310773
0,1,0.50370026
0,0,0.46980152
1,0,0.47756556
0,1,0.50327885
0,0,0.43486294
0,0,0.468013
0,0,0.49599823
0,1,0.50278354
0,0,0.3865578
1,1,0.6519145
0,0,0.3547199
0,0,0.45707554
0,1,0.50590307
0,0,0.47205508
0,1,0.5533051
0,0,0.38576186
0,0,0.2712852
0,0,0.30472386
0,0,0.33200076
0,1,0.5072568
0,0,0.39905933
0,1,0.5688313
0,1,0.5600039
0,1,0.5523311
0,1,0.58152795
1,1,0.6582005
0,0,0.30520925
0,0,0.43004107
0,1,0.54465914
1,1,0.53543544
1,1,0.5503877
0,1,0.5006858
1,0,0.40317833
0,0,0.48331368
0,0,0.42605802
1,1,0.5317941
0,1,0.5820973
0,0,0.30151019
0,0,0.48073956
0,0,0.4526544
0,1,0.5242319
0,1,0.54954463
0,1,0.5656711
0,0,0.41126236
1,1,0.5368894
0,1,0.5135603
0,0,0.36461505
1,1,0.5277463
0,1,0.5248561
0,0,0.40463498
1,0,0.49826074
0,0,0.47357687
0,0,0.4102138
0,0,0.46938586
0,0,0.43155816
0,0,0.38151848
0,1,0.62226146
0,0,0.41576147
1,1,0.5439539
0,0,0.3022806
0,0,0.35274455
0,0,0.49024734
0,1,0.5303908
0,1,0.6491506
0,0,0.43906683
1,0,0.4935618
0,1,0.59222883
1,1,0.5688143
0,1,0.5212656
1,0,0.4546102
1,0,0.39474967
0,0,0.33415243
1,1,0.6408131
0,0,0.4707296
0,0,0.43244237
0,0,0.4276388
0,0,0.49965456
0,0,0.31151578
1,0,0.35354567
0,1,0.60624105
0,0,0.49938458
0,0,0.47172445
0,1,0.52162266
0,0,0.41441074
0,1,0.52777576
0,0,0.32477584
0,0,0.2734496
1,1,0.5295887
0,0,0.4750692
0,0,0.405446
0,0,0.3698394
0,0,0.4078644
0,1,0.5154642
1,0,0.31387776
1,0,0.47048914
0,0,0.4821023
0,0,0.4526125
0,1,0.5262522
0,1,0.53889984
0,0,0.41828534
0,0,0.4782752
1,0,0.47357884
1,0,0.29661146
0,1,0.5057728
0,1,0.5440443
0,0,0.44997907
1,1,0.5572443
0,0,0.47531742
0,1,0.5605564
1,1,0.5235705
1,1,0.5408765
0,0,0.35954756
0,0,0.4780984
0,1,0.5889447
0,0,0.4832498
0,1,0.57256377
0,1,0.5029618
0,0,0.33013612
0,0,0.4128855
1,0,0.47381848
0,0,0.3997974
1,0,0.42874438
0,0,0.41972196
0,1,0.5616357
0,0,0.34195077
1,0,0.42440265
0,0,0.41172162
0,0,0.40268806
0,1,0.52908325
1,1,0.5166937
0,0,0.4918455
0,0,0.4587843
0,0,0.40663394
0,0,0.45205638
1,0,0.47897464
0,0,0.464453
0,0,0.49770406
0,0,0.368504
0,1,0.51259995
0,0,0.39378697
0,0,0.30003762
0,1,0.55538404
1,0,0.4908271
0,1,0.5428113
0,0,0.37813926
0,1,0.65865535
1,0,0.38990802
1,1,0.6456896
0,0,0.34569803
0,1,0.5276135
0,0,0.42955938
1,1,0.5285815
1,1,0.6070181
1,0,0.49990052
0,1,0.5436721
0,1,0.51993144
0,0,0.46033832
0,0,0.46257037
1,1,0.5657176
0,1,0.5588357
0,1,0.50364494
0,0,0.4979616
0,1,0.53453565
0,0,0.4751456
0,1,0.6997068
0,0,0.3949589
0,1,0.5291568
0,1,0.55895054
0,0,0.36322212
1,0,0.36555585
0,0,0.43115443
0,0,0.47061065
1,1,0.55328923
0,0,0.47574025
0,0,0.43677366
0,0,0.40134647
0,0,0.4701848
0,0,0.47426924
0,0,0.34594235
1,1,0.5166223
0,0,0.46758655
0,1,0.56876826
0,1,0.528124
0,0,0.3581989
0,0,0.4137898
0,0,0.3868633
0,1,0.5488714
0,0,0.435927
0,0,0.45982063
1,1,0.54999137
1,0,0.4321318
0,0,0.48427835
0,0,0.48201078
0,1,0.53961736
0,0,0.4552985
1,0,0.19235456
0,0,0.43968064
0,0,0.45254946
1,0,0.48894042
0,0,0.46628982
0,0,0.35792714
0,0,0.28701943
0,1,0.5437824
0,1,0.787184
0,0,0.3319562
0,1,0.59402215
1,1,0.67630357
0,0,0.32812807
0,1,0.5923253
0,0,0.42219007
0,1,0.61068356
0,0,0.31029376
0,0,0.45721787
1,0,0.25180027
0,0,0.4657078
0,0,0.37682703
0,0,0.14588423
0,1,0.5476036
1,1,0.51607454
0,0,0.46122196
0,1,0.5053208
0,0,0.47278914
0,1,0.5989891
0,0,0.4972466
0,1,0.5354727
0,0,0.4938773
0,0,0.37603688
1,1,0.57147145
0,1,0.58147913
0,0,0.49264538
1,1,0.6134203
0,0,0.3865254
0,1,0.5201543
0,0,0.41994318
0,0,0.45804337
0,1,0.5680336
0,1,0.5242586
0,0,0.41706198
0,0,0.40870574
0,1,0.50844955
0,1,0.5554968
0,0,0.40283418
0,1,0.54589057
0,1,0.5649622
0,0,0.3719516
1,1,0.58962584
0,0,0.41769978
0,0,0.44489926
0,0,0.4723622
1,0,0.37481284
0,1,0.5049771
1,1,0.60969007
0,1,0.50657237
0,0,0.4998097
0,0,0.41986948
0,1,0.5177433
0,1,0.64830434
0,0,0.48414752
0,1,0.555948
0,0,0.44666454
1,1,0.52973205
0,0,0.45588902
0,1,0.54397416
0,0,0.36670178
0,1,0.531286
1,1,0.5027699
0,0,0.3553876
1,0,0.41934058
0,1,0.63392043
1,1,0.5087789
0,1,0.5152761
1,0,0.47640932
0,0,0.26547414
0,1,0.52488536
0,0,0.4365722
0,0,0.35327533
0,0,0.3910499
1,0,0.36764282
0,0,0.4232012
0,0,0.16457209
0,0,0.39746
0,1,0.58518887
0,0,0.38410708
0,0,0.4280341
1,0,0.48565584
0,0,0.3238966
0,0,0.46720576
1,0,0.42242664
0,0,0.41228032
0,1,0.57131004
0,0,0.2591648
0,0,0.45932192
0,1,0.6090408
0,0,0.33311442
0,0,0.45819712
1,0,0.48846835
0,0,0.49242157
1,1,0.5518881
1,1,0.5485341
0,0,0.3923525
0,0,0.26623952
0,0,0.36422664
0,0,0.40378624
1,1,0.5510715
0,0,0.3827071
1,1,0.53902125
1,1,0.5165186
0,0,0.45993987
0,1,0.55102223
0,0,0.29136732
0,1,0.5611881
0,0,0.46208227
0,0,0.33804458
0,0,0.49534965
0,0,0.4616144
0,1,0.6273781
0,0,0.48357925
0,0,0.43177766
0,0,0.3975702
1,1,0.60070395
0,0,0.48540002
0,0,0.38933837
1,1,0.63269615
1,0,0.47092757
0,0,0.3307488
1,0,0.44289333
0,1,0.6026455
0,0,0.41295618
0,0,0.47574905
0,0,0.49018437
0,1,0.5557013
0,1,0.5247128
0,1,0.60650766
0,0,0.43540248
0,0,0.48586026
0,0,0.4923866
1,0,0.44436145
0,0,0.1960446
0,0,0.48407677
0,0,0.4176233
0,0,0.39827633
0,1,0.55581194
0,1,0.54944175
0,0,0.3531486
0,0,0.27973163
0,1,0.52897775
0,1,0.5053561
1,1,0.5734613
0,1,0.5200856
0,1,0.51594985
1,1,0.738546
0,0,0.28729752
0,1,0.6163753
0,1,0.5284904
0,0,0.39054143
0,0,0.4651582
0,0,0.3272308
0,1,0.60822
0,1,0.5632001
0,1,0.6085944
0,1,0.51720166
0,0,0.43489644
1,1,0.61721194
0,0,0.3030271
0,0,0.48870555
0,0,0.4873828
0,1,0.52285624
0,1,0.5497091
1,0,0.3805313
0,0,0.306829
0,1,0.5326109
0,0,0.41225538
0,1,0.6153174
1,1,0.71052593
0,1,0.6808002
0,1,0.5753684
0,0,0.43665177
1,1,0.56764823
0,0,0.41803595
0,0,0.48849303
1,0,0.39952457
0,1,0.5642029
1,0,0.48530647
0,0,0.45792302
0,0,0.41546756
0,0,0.39720246
0,0,0.44944873
0,0,0.2552446
0,1,0.50027084
0,0,0.35636577
0,1,0.5147398
0,0,0.4700524
0,1,0.56424356
0,0,0.44707808
1,1,0.63783884
1,1,0.52774584
1,0,0.40637988
0,1,0.56201804
0,1,0.5487221
1,1,0.5333158
0,0,0.19678746
0,0,0.3599599
0,0,0.31674555
0,1,0.52541584
0,1,0.5910288
0,0,0.43997884
0,1,0.6304562
0,1,0.50541943
0,0,0.41517425
0,0,0.45072994
0,1,0.6466254
0,1,0.5999154
0,0,0.49524596
0,1,0.5493765
0,1,0.57011265
0,0,0.3660904
0,1,0.5978404
0,0,0.46538767
1,1,0.5970379
0,1,0.62812567
0,0,0.38314244
0,1,0.7200767
0,0,0.18240085
0,0,0.47565967
1,0,0.42563668
0,1,0.55006003
0,1,0.52160597
0,1,0.50850165
0,0,0.43436223
0,1,0.50536484
0,0,0.26105756
1,1,0.7230134
0,0,0.31473717
0,1,0.50023997
0,0,0.38232523
0,1,0.54035753
0,1,0.52263606
0,0,0.36908162
0,0,0.44043288
0,0,0.4776755
1,0,0.49284708
0,1,0.6052011
0,1,0.5602249
0,0,0.43348256
1,1,0.61944854
0,0,0.38828322
0,0,0.48733094
1,1,0.54755074
0,1,0.5999661
0,0,0.3993116
0,1,0.7098006
1,0,0.43535647
0,1,0.6200935
0,1,0.510688
0,0,0.48365173
0,0,0.33381963
0,0,0.49632505
0,0,0.49259388
0,1,0.62250215
0,0,0.4217394
1,0,0.39882565
0,1,0.5468048
0,1,0.5645578
0,0,0.34870163
0,0,0.43308145
0,0,0.3605638
0,0,0.46194613
1,0,0.45953038
1,0,0.39350092
0,1,0.5351329
0,1,0.51902914
0,0,0.40901002
0,0,0.39436793
1,1,0.53304356
0,1,0.50575197
0,1,0.5197566
0,1,0.57466936
1,0,0.4596399
0,0,0.4864186
0,0,0.37698856
0,0,0.46278468
1,0,0.36569405
0,0,0.4985737
1,0,0.43714204
0,1,0.52904856
0,0,0.27726415
0,0,0.45759115
0,1,0.5201868
0,1,0.58257455
1,1,0.58021307
0,0,0.41521567
0,1,0.50015247
1,0,0.39884368
0,0,0.27842274
0,0,0.4076658
0,0,0.32763228
0,0,0.3904301
0,0,0.47199136
0,1,0.6892673
1,0,0.4934183
0,0,0.46130997
0,0,0.26112553
0,1,0.55326205
0,0,0.46237755
0,1,0.5733954
1,1,0.56776714
0,0,0.40850288
0,0,0.40321556
0,0,0.48952585
0,1,0.6935752
1,1,0.52697486
0,0,0.3915377
0,1,0.50603616
0,1,0.57687414
0,0,0.36714822
0,1,0.51825184
0,0,0.4930928
0,0,0.4623279
0,1,0.5781266
0,1,0.6025159
0,0,0.3952932
0,1,0.51616603
0,1,0.5256023
0,0,0.37127295
0,0,0.4591135
0,0,0.47644454
0,0,0.4501241
0,0,0.36117724
0,1,0.57792723
1,1,0.54242325
1,0,0.44783118
0,0,0.25069958
0,0,0.28495738
0,1,0.55319667
1,1,0.557124
0,1,0.6124458
0,0,0.4494658
0,0,0.45294654
0,1,0.6439016
0,0,0.40708712
0,0,0.49407154
0,1,0.5501809
0,0,0.49091613
0,0,0.4223801
0,1,0.5200833
0,1,0.56242144
0,0,0.4515417
0,0,0.4435336
0,0,0.46552843
0,0,0.30521676
0,1,0.5931165
0,0,0.46867132
0,0,0.49433482
0,0,0.4426673
0,0,0.44342956
0,0,0.40842548
0,0,0.41043577
0,1,0.5968497
0,0,0.45341507
0,1,0.51817906
1,1,0.53772116
0,0,0.3521827
0,0,0.470203
0,0,0.44474688
0,0,0.42900655
0,0,0.45080444
0,0,0.36124068
1,0,0.4549128
0,0,0.34776857
1,1,0.5971884
0,0,0.4509307
0,0,0.4460016
0,1,0.5049067
0,1,0.5466668
0,1,0.71830326
0,0,0.41187862
1,1,0.70720094
0,1,0.54466474
0,1,0.55409706
0,1,0.59914327
0,0,0.49964708
0,1,0.5662188
0,0,0.36504748
0,0,0.44285762
0,0,0.4169392
0,1,0.5275459
0,0,0.4104114
0,1,0.5162151
0,0,0.3991802
0,0,0.29157722
0,0,0.39582053
0,0,0.25956523
0,0,0.31610134
0,0,0.34457842
0,1,0.51850474
0,0,0.31953108
0,0,0.3663858
0,1,0.56081486
0,0,0.4034175
0,0,0.45017573
0,0,0.43199173
0,1,0.5700115
0,1,0.5514356
0,1,0.55690956
0,1,0.53570575
1,1,0.51583016
0,0,0.33197013
0,0,0.22434479
1,1,0.55339634
0,1,0.5115378
1,1,0.5777941
0,0,0.29129714
0,1,0.5322931
0,1,0.56215906
0,1,0.52265394
0,1,0.56460464
0,1,0.6091649
0,0,0.4472757
0,0,0.37863043
0,1,0.5176116
0,0,0.4741792
0,1,0.5296215
0,0,0.4399053
0,0,0.28380525
0,1,0.5204015
0,1,0.55788654
0,0,0.32627448
1,1,0.5064434
0,1,0.57749844
0,0,0.4504351
0,0,0.4573561
0,0,0.25546727
0,1,0.5711933
0,0,0.49152416
1,0,0.4809506
0,0,0.40093285
0,1,0.5175
0,0,0.4648234
0,1,0.5640286
0,1,0.5397788
0,1,0.547645
0,1,0.63328826
0,0,0.48849767
0,0,0.4005654
0,1,0.5354334
0,0,0.2962605
1,0,0.3794071
0,1,0.5888442
0,1,0.505036
0,0,0.4590102
0,1,0.5303147
0,0,0.33734977
1,1,0.57279074
0,1,0.5125029
0,1,0.53901577
0,1,0.53043926
0,1,0.55258584
0,1,0.5489768
1,0,0.34821114
0,0,0.38710645
0,1,0.511497
0,0,0.41112173
0,0,0.4485275
1,0,0.44940937
0,0,0.33293262
0,1,0.57384163
0,1,0.5596503
0,0,0.3789819
0,0,0.47187686
0,0,0.43874252
0,1,0.5801699
0,0,0.27545938
0,1,0.6005531
0,1,0.53417623
1,1,0.50277877
1,1,0.52067035
0,0,0.3362474
1,0,0.43260944
0,0,0.4869625
1,1,0.52167976
0,0,0.42392522
0,0,0.4512571
0,0,0.36853376
1,1,0.56418145
0,0,0.4207663
0,1,0.5749965
1,0,0.41135728
0,0,0.48113528
0,0,0.23390101
0,0,0.47138444
0,0,0.34830502
0,0,0.3236951
0,1,0.5226852
0,1,0.5009352
0,1,0.58335745
0,1,0.518401
1,1,0.6449391
0,0,0.46340668
0,0,0.29233527
0,0,0.41118118
0,1,0.54758054
0,0,0.4514652
1,1,0.57640827
0,0,0.40199584
0,0,0.48072854
0,0,0.36561418
0,1,0.53041476
0,0,0.46301368
1,0,0.46381867
0,0,0.40251514
0,0,0.38263735
0,0,0.46880388
0,1,0.62443334
0,0,0.43640026
0,0,0.3828609
0,0,0.27176687
0,0,0.43893048
1,1,0.58991086
0,0,0.4677671
0,1,0.53116965
0,0,0.41150007
0,0,0.4482167
0,0,0.4190733
1,0,0.44178888
0,0,0.45155802
0,1,0.54348123
0,0,0.41956264
0,0,0.33411664
0,0,0.2605618
0,0,0.44796565
0,1,0.5548258
1,1,0.6148382
1,1,0.5743389
0,0,0.32086992
1,1,0.50902784
0,0,0.4360139
0,0,0.4561448
0,0,0.35741296
0,0,0.40184012
1,0,0.3810707
1,0,0.46557486
0,0,0.44892648
0,0,0.47563255
0,1,0.5398942
0,0,0.42014328
1,0,0.3844327
0,0,0.47650868
1,0,0.4552173
0,0,0.45315915
0,0,0.36721888
1,1,0.5048581
0,1,0.52118254
0,0,0.47241178
1,0,0.43050224
0,1,0.5272103
0,1,0.54517335
0,0,0.2949666
0,0,0.28364548
0,1,0.565132
0,1,0.6683991
0,0,0.46729395
0,0,0.4515442
0,0,0.48622936
1,1,0.5249046
0,1,0.5427502
0,0,0.35161152
0,0,0.36981496
0,0,0.39578375
0,0,0.44621557
0,1,0.6518812
1,0,0.43063876
0,1,0.5400582
1,0,0.46982628
0,0,0.46360466
0,1,0.5405432
0,1,0.50503427
1,0,0.34547564
0,0,0.44388953
0,0,0.42697793
0,0,0.34812036
0,0,0.4675049
0,1,0.5091249
0,1,0.50678277
0,0,0.374297
1,0,0.33956376
0,1,0.51995397
1,0,0.49591604
1,1,0.55807865
1,1,0.50524163
0,0,0.41963115
0,0,0.44703004
0,1,0.64995486
1,0,0.4041323
1,1,0.5600517
0,1,0.5198597
0,0,0.46223304
0,0,0.4597238
0,1,0.5687394
0,0,0.39901674
0,0,0.47448927
0,0,0.3612492
0,1,0.5198181
0,0,0.47873965
0,0,0.3936882
0,0,0.47874346
0,1,0.55292046
0,0,0.3922799
0,0,0.4278751
0,0,0.33586523
0,0,0.4219812
0,0,0.44414905
0,0,0.38455307
0,0,0.17309238
1,1,0.52438605
0,0,0.42149928
0,0,0.4033485
0,0,0.4921465
0,0,0.3901446
0,0,0.18854553
0,1,0.5298876
0,1,0.5249133
0,0,0.41197306
0,1,0.6066996
0,1,0.5182947
0,0,0.45153782
0,0,0.23005326
0,0,0.4625043
0,0,0.34662238
0,1,0.56998575
1,0,0.4290129
0,0,0.3907857
0,0,0.36973408
0,0,0.38051647
0,0,0.31246808
1,1,0.6214428
0,0,0.29028556
0,0,0.47998783
1,1,0.5200571
0,0,0.43364742
1,1,0.59640914
0,0,0.46236652
0,1,0.59448534
0,1,0.50422055
0,0,0.42328155
0,1,0.5193624
0,0,0.40758613
0,1,0.6161499
0,0,0.4994348
0,0,0.47541866
0,0,0.3997146
1,0,0.44086295
1,0,0.35249126
1,0,0.24650623
0,1,0.61338407
0,0,0.44080505
0,0,0.46899578
0,0,0.15288503
0,1,0.55304134
0,1,0.5721804
1,0,0.428857
0,0,0.41242656
0,1,0.5254395
0,1,0.5325703
0,1,0.58490396
0,0,0.33809155
1,0,0.49411127
0,1,0.5529848
0,0,0.42604098
0,0,0.3281145
0,1,0.55627203
0,1,0.5294565
0,0,0.46629527
0,0,0.41535717
1,0,0.44962648
0,1,0.5517943
0,0,0.28830558
0,0,0.37117308
0,1,0.5452749
0,1,0.66167045
0,0,0.33584374
0,1,0.5514946
0,1,0.67388904
0,1,0.5255919
0,0,0.22505909
1,1,0.59530246
0,1,0.54085326
0,0,0.43098214
0,1,0.5471823
0,0,0.41427925
0,0,0.39989182
1,1,0.51175106
1,1,0.54885435
1,0,0.4810906
0,0,0.47732112
0,1,0.53798515
1,0,0.48272538
0,0,0.27502376
1,0,0.46707165
0,0,0.36347583
0,0,0.2729814
0,1,0.55224067
0,1,0.51407695
0,0,0.3186315
0,1,0.6016761
0,0,0.47006604
0,0,0.45722175
1,0,0.48306078
0,1,0.5842408
0,0,0.4889628
0,0,0.44339883
0,0,0.40562052
0,0,0.466466
0,1,0.5423068
1,0,0.38578057
1,0,0.42980337
0,0,0.42119887
0,0,0.46773174
0,1,0.5406686
0,0,0.375764
0,1,0.50317264
0,0,0.27009457
0,0,0.49467573
0,1,0.6024934
0,0,0.49135146
0,0,0.39413702
1,0,0.49118546
0,0,0.40365094
0,0,0.45961645
1,0,0.47485185
0,0,0.42373264
0,1,0.58612597
0,0,0.49326092
0,0,0.3474229
0,0,0.4291052
1,1,0.5198103
0,1,0.58178866
0,1,0.54642504
0,1,0.55263656
0,0,0.4772351
0,0,0.44316822
0,1,0.5493232
0,1,0.5348054
0,1,0.52079046
0,1,0.54193354
0,0,0.47085455
0,1,0.52232456
0,1,0.5686201
0,0,0.4736113
0,0,0.4932461
0,0,0.3901539
1,1,0.5378438
0,0,0.40702426
0,0,0.2457251
0,1,0.56325066
0,1,0.5375627
0,0,0.3044275
0,0,0.38540268
0,1,0.61297894
0,0,0.34891525
0,1,0.5655956
0,1,0.58489823
0,0,0.3075246
0,0,0.24080458
0,0,0.4194589
0,0,0.37387234
0,1,0.5538237
0,1,0.5268508
0,1,0.5409769
0,0,0.35896924
0,0,0.3608123
0,1,0.5432546
0,1,0.5468248
0,1,0.5966263
0,1,0.7147645
0,1,0.53754425
0,0,0.4570717
0,1,0.5152135
0,1,0.6003852
0,1,0.5228267
1,1,0.58166915
1,1,0.5042939
0,0,0.4301547
0,0,0.39496648
0,0,0.45859325
0,0,0.39901048
0,1,0.5058938
0,1,0.5805023
0,1,0.6164349
0,0,0.41851315
0,0,0.49123332
0,1,0.56797695
0,1,0.5469947
1,0,0.41351697
0,1,0.5857904
0,0,0.36721045
0,1,0.5160197
1,0,0.49424946
0,1,0.5503154
0,0,0.490407
0,0,0.4506603
1,1,0.6168817
0,0,0.49020654
0,1,0.54551494
0,0,0.490476
0,0,0.44422635
1,0,0.44002455
0,1,0.57603204
0,1,0.51899487
0,0,0.44260487
0,0,0.4192461
1,1,0.58907396
0,0,0.46945363
0,0,0.46108922
0,0,0.4192109
0,1,0.5492189
0,0,0.35091618
0,0,0.41085592
0,1,0.50216866
0,0,0.381087
0,0,0.43878508
0,0,0.4427728
0,0,0.31553015
0,0,0.4970088
0,0,0.3535872
0,0,0.48721552
0,0,0.46028766
0,1,0.5988854
0,0,0.45877066
0,1,0.59889674
0,1,0.5868751
0,0,0.3617922
0,0,0.48727733
1,0,0.19174315
0,0,0.40653384
0,1,0.5145854
1,1,0.54228425
0,0,0.28942382
0,1,0.51865387
1,1,0.55661225
1,0,0.43625817
0,1,0.5033754
0,0,0.46953276
0,1,0.61073935
0,0,0.32569066
1,1,0.6091224
1,1,0.596424
1,1,0.5313408
0,0,0.3132894
0,0,0.49450776
0,0,0.3462446
0,1,0.51636183
0,0,0.3951537
0,0,0.36429295
0,0,0.34943056
1,1,0.54062545
0,0,0.29733586
0,0,0.45418757
0,0,0.45855108
0,0,0.44073123
0,1,0.5664026
0,1,0.5591854
1,0,0.34876508
0,1,0.6454152
0,0,0.469993
0,1,0.7366112
0,0,0.40449643
0,0,0.37393817
1,1,0.60854495
1,1,0.622367
0,1,0.5120312
0,1,0.5214078
0,0,0.41307816
1,1,0.5286757
0,0,0.46073845
1,1,0.54296464
0,0,0.3854791
0,0,0.3633801
0,0,0.25060317
1,0,0.33793482
0,1,0.54506683
1,1,0.7853167
0,1,0.67418003
0,0,0.22356547
0,1,0.54374504
0,0,0.4715516
0,0,0.45689854
0,0,0.49019325
1,1,0.57897365
1,1,0.5671419
0,1,0.5470693
0,0,0.3056891
0,0,0.46360904
1,0,0.49841172
0,1,0.5406965
0,1,0.529183
0,1,0.66153747
0,0,0.48670432
0,0,0.484561
0,0,0.44835004
0,1,0.53330225
0,0,0.43775043
0,0,0.42208275
0,1,0.50490606
0,0,0.2918412
0,0,0.4020753
0,1,0.6262949
0,0,0.3673483
1,0,0.31912398
0,0,0.40827423
1,0,0.40846133
0,1,0.52209365
0,0,0.34018207
1,1,0.54010296
1,1,0.6021918
0,1,0.52221715
0,0,0.46459857
1,1,0.53613824
0,0,0.38511953
0,0,0.44232315
0,1,0.5547277
0,1,0.5481883
0,0,0.47843298
0,0,0.49403328
0,0,0.39211634
0,0,0.47076696
0,0,0.4121389
1,1,0.65672016
1,0,0.49646854
0,0,0.45377952
0,0,0.39654282
0,0,0.27778226
0,1,0.5282299
0,0,0.47168335
0,1,0.6129674
0,0,0.37034383
0,0,0.47192746
0,0,0.44932985
0,0,0.4267717
1,0,0.40204722
0,0,0.4483346
1,1,0.6658807
0,1,0.558486
1,0,0.4726387
1,0,0.4476977
0,1,0.5117243
0,1,0.5263715
0,0,0.41026855
0,0,0.23576589
0,1,0.5259706
0,1,0.577293
0,0,0.4494819
0,1,0.5156697
1,1,0.55601037
1,0,0.39255974
0,0,0.38752112
1,1,0.63212407
0,0,0.47079024
0,1,0.55987126
0,0,0.49737102
1,1,0.59205234
0,0,0.47440693
0,1,0.50295645
0,0,0.31224877
1,0,0.4046796
1,0,0.45968077
0,0,0.49478504
0,1,0.5628501
0,0,0.46462128
0,1,0.58292603
0,0,0.42230922
1,1,0.60943574
0,1,0.6333741
0,1,0.53247654
1,1,0.56059647
0,0,0.47566438
1,0,0.36449078
0,1,0.5414455
0,0,0.4256259
1,0,0.4021704
0,0,0.33600944
0,0,0.31502095
0,0,0.4553399
0,0,0.22899924
0,1,0.56279516
0,1,0.5808383
0,0,0.44398218
0,1,0.5008593
0,1,0.532646
0,0,0.35950717
0,1,0.59916234
0,0,0.42564327
0,1,0.55814075
0,0,0.47594973
0,0,0.29559824
0,1,0.59320647
0,0,0.36791635
0,0,0.34406048
0,0,0.28970397
0,1,0.6107318
0,0,0.46703258
0,1,0.52297735
0,0,0.49674308
0,1,0.52108693
0,0,0.25034875
0,1,0.55002
0,0,0.49752238
0,0,0.48281223
0,0,0.42679885
0,0,0.49822506
0,1,0.567479
1,0,0.47569194
0,1,0.5678042
0,0,0.4750279
0,0,0.4923036
0,0,0.379735
0,0,0.42094025
1,0,0.4590157
0,1,0.6083113
0,0,0.46532708
0,0,0.43745187
0,0,0.43837065
0,1,0.55006623
0,1,0.5390534
0,1,0.6865251
0,0,0.46307015
0,1,0.55743194
0,0,0.42803183
0,0,0.42834273
0,0,0.3858475
0,1,0.55419636
0,1,0.5053496
0,0,0.45757076
0,0,0.35703108
1,0,0.47556052
0,1,0.5488687
0,1,0.60849
1,0,0.49523887
0,0,0.36134234
1,1,0.67970765
0,0,0.43601474
0,0,0.2674362
0,1,0.5219774
0,0,0.43625882
0,1,0.50190127
0,0,0.4171932
0,1,0.5765116
0,0,0.40361527
0,0,0.4451499
0,1,0.52777123
0,0,0.44144183
0,0,0.27823186
1,1,0.5625118
0,0,0.1641847
0,0,0.4034131
0,0,0.41531217
0,0,0.2423381
0,0,0.45722646
0,0,0.38103792
0,1,0.6195054
0,1,0.5668982
0,1,0.6249511
0,1,0.5039616
0,0,0.47151545
0,1,0.5409341
0,0,0.3711665
0,0,0.42184636
0,0,0.43400836
1,1,0.535022
0,1,0.5425488
1,0,0.46679235
1,1,0.5637541
0,1,0.57472974
0,0,0.26601198
1,1,0.505615
0,1,0.55826634
0,0,0.43586278
1,0,0.36442587
0,0,0.45469382
0,1,0.5020908
0,1,0.5526335
0,0,0.4092563
0,0,0.31160757
0,1,0.6772953
0,0,0.45259717
1,0,0.32539082
0,0,0.31755334
0,1,0.5049442
1,1,0.5638548
1,0,0.38552874
0,0,0.106760785
0,0,0.42022654
0,0,0.43758735
0,0,0.44122255
1,1,0.53497267
0,1,0.59587556
1,1,0.5656552
0,0,0.38780335
0,0,0.4549052
0,1,0.64863175
0,1,0.5867468
1,1,0.5826199
0,0,0.469682
0,1,0.507303
0,1,0.5746463
0,1,0.511942
0,0,0.15206398
0,0,0.31477854
0,0,0.4517503
0,0,0.31635788
0,0,0.40309656
1,1,0.5738393
1,1,0.7305309
0,1,0.5917426
0,0,0.3443453
0,0,0.45150715
0,0,0.4467506
0,0,0.41426727
1,0,0.42746547
0,0,0.4655441
0,0,0.4005498
0,0,0.46197042
0,0,0.44129542
0,1,0.70833635
0,0,0.3346003
0,1,0.55068
0,0,0.44693083
0,0,0.4984476
0,0,0.4105121
0,0,0.4498242
1,1,0.57016015
1,1,0.56537634
0,0,0.4972145
0,1,0.5808917
0,0,0.4358048
0,0,0.24262027
0,0,0.22486657
0,0,0.39961776
1,1,0.60061955
0,1,0.5114874
0,0,0.42528954
0,1,0.5153636
0,0,0.20355217
0,0,0.44904837
1,1,0.5272864
0,1,0.5705758
0,1,0.53875816
0,0,0.36191064
0,0,0.34823057
0,1,0.5484943
0,0,0.4800338
0,1,0.50957185
1,1,0.51286227
1,0,0.31405896
0,0,0.41731006
0,0,0.48366812
0,1,0.57022864
0,0,0.44280064
1,1,0.6910973
0,0,0.40408635
0,0,0.37212974
0,0,0.33325976
1,1,0.63608766
0,0,0.3039779
0,0,0.33908975
0,0,0.33050373
0,1,0.53387666
0,0,0.33533737
0,1,0.5119765
0,0,0.45529148
0,0,0.491324
1,1,0.51083994
1,0,0.47236198
0,0,0.4461506
0,0,0.43740705
0,0,0.27144176
0,0,0.47008264
0,1,0.6393559
0,0,0.35478824
1,0,0.37252995
1,1,0.5059649
0,0,0.4870999
1,1,0.5674248
0,0,0.36812815
0,1,0.59074897
0,0,0.49184138
0,1,0.57392925
0,0,0.49105847
0,1,0.5945169
0,1,0.5311842
0,0,0.363395
1,1,0.5484463
1,1,0.6634972
1,1,0.66521776
0,0,0.49014953
0,0,0.35107023
0,0,0.42765838
0,0,0.3679762
0,0,0.45201805
0,0,0.39296788
0,1,0.5798394
0,0,0.44536307
1,1,0.5402744
0,0,0.47369668
1,0,0.4075612
0,0,0.43514305
1,0,0.39494374
0,0,0.4170428
0,1,0.5171585
0,1,0.5757581
0,1,0.5560348
1,0,0.43926302
0,0,0.48708493
0,1,0.5207534
0,1,0.5117578
0,1,0.52425635
1,1,0.5583602
0,0,0.48617855
0,0,0.46166214
0,1,0.5670544
0,1,0.5224768
0,1,0.53780967
1,0,0.4415983
0,0,0.395695
0,1,0.5100485
0,0,0.38167253
1,1,0.5113215
0,1,0.53078043
0,0,0.49522558
0,1,0.5256649
0,1,0.5389431
0,0,0.37149253
0,0,0.41964543
0,1,0.5845506
0,0,0.40752557
1,1,0.6007509
0,1,0.5567725
0,0,0.49484468
1,0,0.4565547
1,0,0.4651256
0,1,0.52802896
1,0,0.39809793
0,1,0.5763631
0,0,0.3934612
0,1,0.511158
0,0,0.45982692
0,0,0.3296654
0,0,0.47185433
0,0,0.27113256
0,0,0.47040877
0,1,0.5743445
1,1,0.5226097
0,0,0.26870555
1,1,0.5928011
0,0,0.47483033
0,0,0.378169
0,0,0.3265346
0,0,0.48681694
1,1,0.6031109
0,1,0.55182415
0,0,0.4995865
0,0,0.27890217
0,0,0.4551965
1,1,0.5541986
1,0,0.497727
0,0,0.43763614
0,1,0.52602303
0,1,0.54079175
0,0,0.38187397
0,0,0.383962
0,0,0.41043147
1,1,0.54536796
0,1,0.55947
0,0,0.39998505
1,0,0.46230295
1,1,0.5908792
0,0,0.44760332
0,1,0.556357
0,1,0.54011047
0,0,0.459164
0,0,0.4793323
0,0,0.2889
0,0,0.45611483
0,0,0.44298476
0,0,0.44197658
0,1,0.5300312
0,1,0.54671305
0,1,0.5476028
1,0,0.46158698
0,0,0.36557585
0,1,0.5167828
0,1,0.58246773
0,1,0.62021863
0,0,0.4189355
0,1,0.5518355
0,0,0.47034517
0,0,0.40388662
1,0,0.49047786
0,0,0.46349597
0,1,0.54364705
1,1,0.52700293
0,1,0.7397932
0,0,0.33024073
0,0,0.4623976
1,1,0.5951202
1,1,0.518085
0,1,0.53849864
0,1,0.50759923
0,0,0.2795609
0,0,0.46215656
0,1,0.54042876
0,1,0.8187994
0,0,0.45040762
0,1,0.54256445
0,0,0.40600199
0,0,0.4363295
0,0,0.47048864
0,0,0.35062456
0,0,0.18077038
0,1,0.54386735
1,0,0.45879298
0,0,0.4041043
1,0,0.46317914
0,0,0.4036896
0,1,0.5324347
1,0,0.45075142
0,0,0.4737753
0,0,0.27626947
0,0,0.36017978
0,1,0.52455103
1,1,0.53384495
0,1,0.61184406
0,1,0.5458709
0,0,0.34439057
0,0,0.48364133
0,1,0.6161585
0,0,0.47542733
1,0,0.45053506
0,0,0.40868834
0,0,0.46265316
1,1,0.51658213
0,0,0.46906823
0,1,0.5516664
1,0,0.45486796
0,0,0.43398994
0,0,0.48014885
0,0,0.38754445
0,0,0.41545108
0,0,0.4387911
1,0,0.38914183
0,0,0.4502359
0,1,0.68913794
0,1,0.5277971
1,0,0.46704045
0,0,0.23670293
0,0,0.44420183
0,1,0.6188524
0,0,0.49713174
0,0,0.3783921
0,0,0.38068852
0,0,0.34532297
0,0,0.490864
0,0,0.49502328
1,0,0.47830993
0,0,0.36692116
0,1,0.5642019
0,1,0.54132366
1,1,0.54696417
0,0,0.41103938
1,1,0.6170961
0,0,0.34275845
0,1,0.52510035
0,0,0.37832987
0,1,0.6606372
0,0,0.47186303
0,0,0.30953452
0,0,0.40502205
0,0,0.43568525
0,0,0.41961202
0,0,0.48045644
0,0,0.40304026
0,0,0.45889997
0,0,0.44507834
0,1,0.5180067
0,0,0.380472
0,0,0.3456886
0,0,0.3865893
0,1,0.5314915
0,0,0.35422257
0,0,0.43314007
0,0,0.44670996
0,0,0.41821235
1,1,0.64734405
0,1,0.5059871
0,0,0.3399465
0,0,0.32492292
0,1,0.5147139
1,1,0.5639745
0,1,0.6043246
1,1,0.57584006
0,0,0.34964636
0,0,0.37745693
0,1,0.65343106
0,0,0.48124412
1,1,0.5720698
0,0,0.44215482
0,1,0.5336095
0,1,0.5613138
0,1,0.56470054
0,1,0.5186876
0,0,0.40092716
0,0,0.47046065
0,1,0.52504206
0,1,0.5172314
0,1,0.5241965
0,0,0.3288071
0,1,0.6666802
0,0,0.4177558
1,0,0.3976321
0,0,0.40625066
0,1,0.52511466
0,1,0.523372
0,1,0.54267526
0,0,0.44953704
0,1,0.55466866
0,0,0.40064567
0,0,0.3849015
0,1,0.63930625
0,1,0.51736546
0,1,0.55908597
0,0,0.451737
0,0,0.37255394
0,0,0.31433535
0,0,0.1346178
0,1,0.64620864
0,0,0.4253396
0,1,0.5061488
0,0,0.45536983
0,0,0.3629218
1,1,0.53270084
0,1,0.6460438
1,1,0.6402272
0,0,0.4303892
0,1,0.5967164
0,1,0.5643592
0,1,0.5403334
0,0,0.19944784
0,0,0.40120268
0,1,0.6834836
0,0,0.4337747
0,0,0.3817369
0,0,0.3426936
0,1,0.52182275
0,0,0.3238793
1,0,0.4075746
0,0,0.46049926
0,1,0.56215674
0,1,0.6087074
1,1,0.56019396
1,1,0.6061281
0,0,0.13832459
0,1,0.52571416
0,0,0.41364548
0,1,0.52563846
1,0,0.49795267
0,1,0.54633665
0,0,0.4262408
0,0,0.41976178
0,0,0.41989708
0,0,0.4914337
0,1,0.51748455
0,0,0.23293126
1,0,0.33752728
0,0,0.48552558
0,0,0.42581847
1,1,0.66251636
0,1,0.6966822
1,1,0.55549157
0,1,0.5553977
0,1,0.60858345
0,1,0.6471476
0,1,0.5444746
0,1,0.59427154
0,0,0.4972384
0,0,0.47948912
0,0,0.4246658
0,0,0.4644542
0,0,0.49775752
1,0,0.4130546
0,0,0.33059937
0,0,0.40810493
0,1,0.569487
0,0,0.48062712
0,0,0.48765224
0,0,0.35871932
0,0,0.4980483
0,0,0.45628777
1,1,0.6719014
0,1,0.55019134
1,1,0.55598783
0,0,0.353485
1,1,0.5474024
0,1,0.53319246
1,0,0.42580447
1,1,0.5565847
0,0,0.46485186
0,0,0.41448447
0,1,0.5535191
0,0,0.4965179
0,1,0.59959036
0,0,0.28469732
0,0,0.36545068
1,1,0.6341101
0,0,0.29798055
0,0,0.4569734
0,0,0.43234956
0,0,0.47481427
0,0,0.45605093
0,1,0.5398519
0,1,0.53756106
0,0,0.41335925
0,1,0.6340264
0,0,0.20605831
0,1,0.5126692
0,0,0.40870664
0,0,0.37524685
1,0,0.36205754
0,1,0.52397794
0,0,0.2998802
1,0,0.45850515
0,1,0.60083055
1,0,0.4500477
0,0,0.49405238
0,0,0.46508655
1,0,0.46217793
0,0,0.35575467
0,0,0.26075166
0,0,0.42199603
0,0,0.44362077
0,0,0.477079
0,0,0.3663593
0,1,0.5343815
1,1,0.5047082
0,0,0.40531036
0,0,0.4848492
0,1,0.5622462
1,0,0.47837442
0,1,0.56825805
0,0,0.46717626
0,1,0.55880266
0,0,0.265732
0,1,0.5238087
0,0,0.31566632
0,0,0.3874026
0,1,0.57380414
1,0,0.33464575
0,1,0.57603395
0,0,0.42509967
0,1,0.53510886
0,1,0.57798433
0,0,0.49263293
0,1,0.539995
0,0,0.45802888
1,1,0.52804667
0,1,0.66922355
0,0,0.49189222
1,1,0.5031823
0,1,0.57137525
1,1,0.6061767
0,0,0.40880448
0,1,0.63858724
0,0,0.38550612
0,1,0.5565066
0,1,0.5100007
0,0,0.4619885
0,1,0.5737203
0,0,0.43543467
0,1,0.6209773
0,1,0.557641
0,0,0.44083786
0,1,0.5246898
0,1,0.55395526
0,0,0.37350792
0,1,0.5803273
0,1,0.55609936
0,0,0.46954182
0,0,0.44008622
0,0,0.4409796
0,1,0.54560614
0,0,0.42956266
1,0,0.4803177
0,0,0.44382668
0,0,0.3714302
0,0,0.37970376
0,1,0.53709036
1,0,0.33422622
0,0,0.4180024
0,0,0.44610503
0,0,0.49113625
0,0,0.2923618
0,1,0.50651205
0,0,0.474935
0,1,0.56441176
0,1,0.5080205
0,1,0.5696903
0,0,0.36076182
0,0,0.4926827
1,0,0.46778262
0,0,0.44999516
0,1,0.5300964
0,0,0.43922567
0,1,0.60771143
0,0,0.45738474
0,1,0.61489
0,0,0.47707027
0,0,0.43506435
0,0,0.27227682
0,0,0.31498778
0,1,0.58851373
0,1,0.6520473
0,1,0.5244781
1,1,0.5105207
0,0,0.41482726
0,0,0.4252068
1,0,0.48482838
0,0,0.42020988
0,0,0.4841121
1,0,0.47888213
0,0,0.3850159
0,1,0.55135906
0,0,0.4733789
0,1,0.57330656
0,0,0.4768191
1,0,0.466666
0,0,0.48878476
0,1,0.628266
0,0,0.30655724
0,1,0.54583025
0,1,0.5224144
0,1,0.5171982
0,1,0.52868336
0,1,0.5964831
1,1,0.52179885
1,1,0.6014769
0,0,0.34861633
1,1,0.5129254
0,0,0.38426074
0,0,0.47393718
0,1,0.5856456
0,0,0.44739896
0,0,0.3832067
0,1,0.53429717
1,1,0.55962145
0,0,0.46853837
1,1,0.57041883
0,0,0.36090434
0,0,0.4863377
0,1,0.5574921
0,1,0.5250216
0,0,0.3918586
0,0,0.4324114
1,1,0.5529355
0,1,0.5090883
1,1,0.73373437
0,1,0.62637794
0,0,0.47509623
1,0,0.46267596
0,0,0.23869856
0,0,0.42874363
0,0,0.36744428
0,1,0.55861396
1,1,0.6523494
0,1,0.578138
1,0,0.38473523
0,1,0.56393015
0,0,0.33537698
0,1,0.5509137
1,0,0.4271308
0,1,0.65400165
1,0,0.4324514
0,1,0.5469674
0,0,0.41239494
0,1,0.5053961
0,0,0.40202817
0,1,0.50925106
1,1,0.62588596
0,0,0.46683055
0,0,0.30312386
0,1,0.5544305
0,1,0.50832134
0,0,0.49404272
0,0,0.4831072
1,1,0.5154425
0,0,0.44496396
0,1,0.5785998
0,1,0.5121045
0,0,0.38541195
1,1,0.5529181
0,1,0.5311527
0,0,0.49419102
0,0,0.34907767
0,1,0.61426544
1,1,0.5978664
0,1,0.55910736
1,0,0.4491325
0,1,0.6405821
0,0,0.32458484
0,0,0.43373808
1,1,0.5507624
0,0,0.3362239
0,0,0.40501976
0,0,0.4388632
0,0,0.37109503
0,0,0.39503253
1,1,0.5349809
0,0,0.3501964
0,0,0.29741138
0,0,0.3919675
0,1,0.5385517
0,1,0.5018023
0,1,0.5748223
0,1,0.508304
1,0,0.3917398
1,0,0.488524
0,0,0.41316795
0,0,0.48021293
0,0,0.47626287
0,1,0.5284358
1,0,0.33012182
0,0,0.48046643
0,0,0.4682675
1,1,0.5388646
0,1,0.5248213
0,0,0.39118692
0,1,0.59936607
0,0,0.41215152
0,1,0.5647911
1,1,0.56816065
0,1,0.55698395
0,0,0.45924246
1,0,0.3738132
0,0,0.2979517
0,0,0.473649
0,1,0.6713586
0,0,0.4995724
0,0,0.36485523
1,0,0.34635466
0,0,0.375158
1,1,0.56987214
0,0,0.3738922
0,1,0.51451963
0,1,0.5142462
0,0,0.4812703
1,0,0.40978894
0,0,0.4304071
0,1,0.5211012
0,1,0.5159769
0,1,0.53179616
0,0,0.3952346
0,0,0.41260162
1,0,0.40696958
0,1,0.5654348
1,1,0.60368896
0,0,0.3888039
1,0,0.4488346
0,0,0.48892897
0,0,0.49926603
0,1,0.52817464
0,0,0.43511245
1,1,0.60076666
0,0,0.30867133
0,0,0.37314802
0,0,0.3529999
0,0,0.46741074
0,1,0.50623953
1,0,0.4654808
0,0,0.47681627
1,1,0.54465634
0,0,0.384215
0,0,0.4998708
0,0,0.40142304
0,1,0.5450586
0,1,0.5918429
0,1,0.6163218
1,0,0.49490008
1,1,0.55458033
0,0,0.38559502
1,0,0.43057555
0,0,0.42444086
0,0,0.47202268
0,0,0.49751666
0,1,0.5112479
1,0,0.4542422
1,1,0.6007807
0,0,0.48790014
0,0,0.41131374
0,0,0.4792218
0,0,0.46253034
0,0,0.2600348
0,0,0.41519234
0,0,0.40701342
0,1,0.5269444
1,1,0.5676365
0,1,0.51148283
0,0,0.4238417
0,0,0.46618116
0,1,0.5272974
0,1,0.5577839
0,0,0.46121073
0,0,0.46037388
1,0,0.4071344
0,0,0.32526404
0,1,0.52637506
0,0,0.3017211
0,1,0.54880106
0,0,0.45221058
1,0,0.4081515
0,0,0.40623266
0,0,0.21941797
0,0,0.2586104
0,1,0.53946424
0,0,0.39027998
0,1,0.5574824
1,0,0.47462776
0,1,0.50155234
0,0,0.4341017
0,1,0.5284569
0,1,0.6042801
0,1,0.5296694
0,1,0.5438785
0,1,0.625961
0,0,0.46725464
0,1,0.5652741
0,0,0.30323365
0,0,0.33609155
0,0,0.46175757
0,1,0.507516
1,0,0.47635826
0,1,0.5182818
0,0,0.4148878
0,1,0.5315448
0,0,0.4939563
1,0,0.4837293
0,0,0.39206532
0,1,0.62353575
0,0,0.24811666
0,0,0.26147273
0,1,0.6273631
1,0,0.48582464
0,1,0.5483253
1,1,0.61904806
1,0,0.35703373
0,1,0.56136024
0,1,0.55793715
0,0,0.46072453
0,1,0.5960034
1,0,0.35988992
0,1,0.69913405
0,1,0.5108297
1,0,0.20054539
1,0,0.37718645
0,0,0.41267207
0,0,0.29587394
0,0,0.33726838
0,0,0.46365583
0,0,0.48350787
0,0,0.4296192
1,0,0.46016538
1,0,0.42401794
0,0,0.4440701
0,1,0.5251678
0,1,0.5213064
0,0,0.33290437
1,0,0.4691778
0,1,0.60121906
1,0,0.46643656
1,1,0.55481935
1,1,0.5733273
0,0,0.3155244
0,0,0.42375195
0,0,0.42773467
1,0,0.34501392
1,0,0.4348391
0,0,0.26853845
0,1,0.60174215
0,0,0.36238408
0,0,0.38035345
0,0,0.46073875
0,1,0.5750902
0,1,0.5301838
0,0,0.48955375
0,0,0.39040333
1,1,0.52163744
0,0,0.3515482
0,1,0.57852006
0,0,0.31150547
0,0,0.42875093
0,0,0.478738
1,0,0.41067287
1,0,0.46494642
0,1,0.54148155
0,0,0.36163503
0,0,0.38884526
0,1,0.6149891
0,0,0.45096654
0,0,0.26761338
0,0,0.40449405
0,0,0.48069614
0,0,0.35220194
0,1,0.6412071
0,0,0.3237252
0,0,0.27532622
0,0,0.49152645
0,1,0.5444219
0,1,0.5755142
0,1,0.5371558
0,1,0.56391037
0,0,0.30823037
0,0,0.42759535
0,0,0.4754349
0,0,0.42491388
0,0,0.3731951
0,1,0.57757235
0,0,0.4688203
1,1,0.6287714
0,1,0.5434147
0,1,0.5007303
0,1,0.64119446
0,1,0.6867088
1,1,0.5199481
0,0,0.4206137
0,0,0.32781267
1,0,0.42155042
0,0,0.34163058
1,0,0.47306076
0,0,0.49480203
0,0,0.46349436
0,1,0.5314007
0,0,0.42692122
0,1,0.50428975
0,0,0.4611712
1,1,0.5097079
0,0,0.45123154
0,0,0.4543
0,0,0.3550662
0,1,0.64786345
0,0,0.4072552
1,0,0.43896458
0,0,0.41816136
0,0,0.43475902
0,1,0.5389651
0,0,0.39621037
1,0,0.49544743
0,0,0.36726788
1,0,0.42882794
0,0,0.41723895
0,1,0.50134766
0,0,0.43548703
0,0,0.474387
1,1,0.53888273
0,0,0.34384498
0,0,0.34242475
0,1,0.52001536
0,0,0.4015305
0,0,0.40863538
0,0,0.45347404
0,1,0.6274507
1,1,0.52306795
0,0,0.44977966
0,1,0.586964
0,0,0.45442563
1,1,0.5376478
0,0,0.48669127
0,0,0.42664757
0,0,0.49502036
1,1,0.50909483
0,1,0.52722454
0,1,0.65824115
0,1,0.5739335
0,1,0.60589266
1,1,0.55831325
0,1,0.5105153
0,0,0.49845096
0,1,0.5533235
1,0,0.44293085
0,0,0.26124933
0,1,0.6247802
0,0,0.3816251
0,0,0.44800115
1,0,0.34522516
0,0,0.46863002
0,0,0.43954203
0,1,0.53844607
0,0,0.45202464
0,0,0.32639608
0,1,0.5374879
0,0,0.41611895
0,0,0.39208743
0,1,0.5168019
0,0,0.4421321
0,0,0.46698228
1,0,0.340485
1,1,0.5008105
0,1,0.6248145
1,0,0.4957702
0,0,0.48946565
0,0,0.32398474
0,0,0.4370109
0,0,0.4703834
0,1,0.50338197
1,1,0.5140339
0,0,0.4920775
0,0,0.33239388
0,0,0.4120181
0,1,0.6029843
0,1,0.5417969
1,0,0.31324324
0,0,0.38980114
1,1,0.5375689
1,0,0.49854594
1,1,0.5750092
0,1,0.5835439
0,0,0.30969015
0,1,0.53554636
0,0,0.47268805
0,1,0.5343836
0,0,0.40309173
0,0,0.49086276
1,1,0.6143256
1,1,0.56761575
0,0,0.48823598
0,0,0.49241674
0,0,0.29321396
0,0,0.37101433
1,1,0.54032606
0,1,0.5784854
0,1,0.55699015
0,1,0.5467286
0,0,0.4332075
0,0,0.4028828
0,1,0.63379717
0,1,0.5298268
0,1,0.5466405
0,1,0.5161661
0,1,0.5091228
0,1,0.65304065
0,0,0.28526458
0,1,0.53996
0,1,0.51121056
1,0,0.4964772
1,0,0.45384264
1,0,0.49126384
0,0,0.24756198
1,1,0.5181621
0,0,0.45037055
0,0,0.41363025
1,0,0.4691163
0,1,0.5545712
0,0,0.3854383
1,1,0.608593
0,1,0.5134546
0,1,0.5549933
0,0,0.45258284
0,1,0.5382377
0,0,0.4569779
0,0,0.44495058
1,0,0.48484913
0,0,0.4981384
1,1,0.5178906
0,1,0.5261028
0,0,0.48123217
1,1,0.5429895
0,0,0.37150466
0,0,0.4560954
0,1,0.570205
0,0,0.33861277
1,0,0.49451268
0,1,0.51069665
1,1,0.52418315
0,0,0.27987313
0,1,0.61677456
0,0,0.4882137
1,1,0.55042714
0,1,0.51133496
0,0,0.301167
0,1,0.57755834
0,0,0.41533026
0,0,0.44651443
0,0,0.42566293
0,0,0.46357214
0,1,0.5817603
0,1,0.5183593
0,0,0.3551195
1,0,0.48683828
0,1,0.5708407
0,0,0.45333305
0,1,0.5355539
0,1,0.51487195
0,0,0.48650768
0,0,0.3700285
1,1,0.637421
0,1,0.54771113
0,0,0.25061068
1,0,0.4040146
0,1,0.5311298
0,1,0.5573813
0,0,0.3773472
0,1,0.5633353
0,0,0.42181137
0,1,0.5579761
0,0,0.45731458
0,0,0.47410563
1,1,0.5080514
0,1,0.50694335
0,1,0.5045016
0,1,0.52637815
0,0,0.22873883
0,1,0.5357944
0,0,0.47911966
0,0,0.49647644
0,1,0.5017328
0,0,0.44901195
0,0,0.4325511
0,1,0.6218792
0,0,0.45295218
0,0,0.391191
0,1,0.5768259
0,0,0.43819445
0,0,0.45319465
1,1,0.6040865
0,0,0.44001642
1,1,0.5174289
0,0,0.49543783
0,0,0.3658214
1,0,0.48586127
1,1,0.62365156
1,0,0.4430215
0,1,0.5675134
0,1,0.5189439
0,0,0.41641286
0,0,0.45413643
0,0,0.40187874
0,0,0.47092596
1,1,0.50480473
1,1,0.58024746
1,0,0.2920908
0,0,0.4792212
0,1,0.5065594
0,0,0.48619527
0,1,0.59032506
0,0,0.40717623
1,1,0.61597586
0,0,0.31507984
0,1,0.588725
0,0,0.37282318
0,1,0.7640688
0,0,0.2871862
0,0,0.3852846
0,0,0.38404277
0,1,0.54007375
0,1,0.6640817
0,0,0.4730561
0,1,0.5387119
0,0,0.4313599
0,0,0.44999906
0,0,0.40592822
0,0,0.4802796
0,0,0.4998344
0,1,0.5224856
0,0,0.39517424
0,1,0.5071678
0,0,0.36732692
0,0,0.39934534
0,0,0.45058393
1,1,0.54869854
0,0,0.2816923
0,0,0.34067634
0,0,0.32524356
0,0,0.47065192
0,1,0.5008215
0,0,0.40339732
0,0,0.41653764
0,0,0.43853888
0,1,0.607568
0,0,0.49657267
0,1,0.5385945
0,0,0.3001736
0,0,0.4979116
0,0,0.48378202
0,1,0.54770494
0,1,0.5174764
0,0,0.37725717
0,1,0.58371997
0,1,0.59140897
0,0,0.43756026
1,0,0.45340487
0,1,0.617116
0,1,0.5586314
0,1,0.5017062
0,0,0.42758706
0,1,0.5038786
0,0,0.45486334
0,1,0.55984986
1,0,0.44310924
0,0,0.48424447
0,0,0.4480748
0,1,0.5351304
1,1,0.58843136
0,0,0.44996792
1,1,0.53191257
0,1,0.63337135
0,1,0.514137
1,0,0.4476731
0,1,0.52074105
0,1,0.5552033
0,1,0.530709
1,0,0.40636265
0,1,0.53062916
1,1,0.5231024
0,0,0.49634114
0,1,0.6295879
0,1,0.5131851
0,0,0.38595852
0,0,0.4636362
0,0,0.4783532
0,0,0.480004
0,0,0.42529416
0,0,0.25250587
0,0,0.4720986
0,0,0.37045678
1,0,0.40828246
0,1,0.5097037
0,0,0.43762368
1,0,0.35002962
0,1,0.6000582
0,0,0.49824983
0,1,0.5399282
0,1,0.5769429
0,0,0.41178337
0,0,0.45727247
0,1,0.52234054
0,1,0.5530925
0,0,0.42545745
0,0,0.40997142
0,0,0.3825108
1,1,0.5025381
0,0,0.40810782
0,1,0.5813904
0,0,0.36912033
0,0,0.41308376
0,1,0.5793656
0,0,0.46205324
1,1,0.5839871
0,0,0.48616707
0,1,0.55093
0,1,0.5962432
0,1,0.6591676
1,1,0.6089673
0,0,0.36376154
0,0,0.35232222
0,0,0.45672414
0,1,0.51412463
0,0,0.4250241
0,0,0.28635043
0,0,0.38156605
0,0,0.4971809
0,1,0.5322312
0,0,0.37718794
1,1,0.53423345
0,0,0.4185533
0,0,0.4630881
0,0,0.2491262
1,1,0.6403905
0,0,0.4702076
0,0,0.4156029
0,0,0.42766076
0,0,0.38700232
0,0,0.18475279
1,1,0.60408676
0,1,0.5263721
0,1,0.5537291
0,1,0.6553813
0,0,0.42191803
0,0,0.4004248
0,1,0.5742837
0,1,0.5175124
0,1,0.5105541
0,1,0.763791
0,0,0.44966018
0,0,0.4125469
1,1,0.5357326
0,1,0.5106236
1,0,0.40695667
0,0,0.38199246
0,0,0.36169448
0,0,0.4440017
0,0,0.4196267
1,0,0.4126702
1,0,0.42879555
0,1,0.6904911
0,1,0.557493
1,0,0.40866166
0,0,0.43101457
0,1,0.508589
0,0,0.343711
0,1,0.5461439
1,1,0.56607604
0,1,0.5929319
0,0,0.4131794
0,0,0.46422487
0,1,0.50896955
0,0,0.3692783
0,1,0.60329497
1,0,0.43838295
1,0,0.4017712
1,1,0.52523994
0,1,0.54745954
0,0,0.3827594
0,1,0.58162886
0,0,0.34618524
0,1,0.50116986
0,0,0.43405876
0,1,0.54531413
0,1,0.55813694
0,0,0.3296704
0,0,0.47690836
1,0,0.45041156
0,0,0.33520272
0,1,0.6344052
1,1,0.62384677
0,0,0.38236004
0,0,0.4311486
0,0,0.4936072
1,1,0.5909306
1,0,0.41591418
1,0,0.41307974
0,0,0.45947123
0,1,0.53211474
0,0,0.4592723
0,0,0.48424906
1,0,0.47223678
0,1,0.50361776
0,1,0.53476024
0,0,0.45225468
0,0,0.47565684
0,0,0.45342654
0,1,0.563048
0,0,0.46430987
1,0,0.4265882
0,1,0.57148886
0,0,0.39068457
0,1,0.58943045
0,1,0.53402925
0,0,0.46920604
0,1,0.538118
1,1,0.5470195
0,0,0.2939099
1,0,0.4981779
0,0,0.38576654
1,1,0.5973745
0,1,0.5253197
0,0,0.36362675
1,1,0.5493926
0,0,0.34803447
0,1,0.564794
1,1,0.5598155
0,0,0.32272372
0,0,0.4925694
0,1,0.5952397
0,0,0.4438944
0,0,0.43513387
0,0,0.40790904
1,0,0.45945048
0,0,0.35052127
0,0,0.40826306
0,1,0.6062458
0,0,0.44706473
0,0,0.39916843
0,1,0.60907245
1,1,0.50322604
0,1,0.52829695
0,0,0.4428997
0,0,0.3369039
0,0,0.3992944
0,1,0.5527104
0,1,0.53945637
0,0,0.4432888
1,1,0.5113009
0,1,0.55526316
1,0,0.4706256
0,0,0.41916633
0,0,0.4869698
1,1,0.6001531
0,0,0.36645153
0,0,0.45376045
0,0,0.4847104
0,0,0.4513727
0,0,0.2625485
1,1,0.5970236
0,1,0.5753428
0,1,0.51218593
0,1,0.5359224
0,1,0.5604842
0,0,0.35176668
0,0,0.40043235
0,1,0.5723762
0,1,0.59103084
0,0,0.46024162
0,0,0.33772624
0,0,0.32806897
0,0,0.40737715
0,0,0.45007464
0,0,0.47252277
0,0,0.40613988
1,1,0.64638317
0,0,0.45577934
0,0,0.29223132
0,1,0.53744686
0,1,0.5991174
0,0,0.38994417
0,1,0.6249116
1,0,0.48424062
0,1,0.5600524
1,1,0.59011006
0,1,0.6036329
0,1,0.51456726
0,1,0.5395738
0,0,0.47601712
0,0,0.3898446
1,0,0.45189553
0,1,0.52523375
0,1,0.60085887
0,0,0.36078295
1,1,0.63300747
0,1,0.54176086
1,1,0.5572723
0,0,0.31931472
0,0,0.47732824
0,0,0.45566437
1,0,0.4573169
0,0,0.45610118
0,0,0.4608937
0,0,0.4005709
0,1,0.50434214
0,1,0.5961652
0,1,0.50752443
0,0,0.33714357
1,1,0.5355853
0,0,0.4523534
0,0,0.4928925
0,0,0.42444885
0,0,0.28240716
0,1,0.65997565
0,1,0.6131009
0,0,0.33753365
0,0,0.4680005
0,0,0.4236667
0,1,0.68688476
0,0,0.47427458
0,1,0.5246364
0,1,0.60183454
0,0,0.4276593
0,0,0.47047707
0,0,0.27362365
0,0,0.37670326
0,0,0.42340064
0,1,0.5028813
1,0,0.44570807
0,0,0.26821885
0,1,0.5166131
0,0,0.45668754
1,1,0.5258944
0,1,0.57223535
1,0,0.45747855
0,1,0.51374686
0,0,0.4762084
0,1,0.57343405
0,0,0.4161091
0,0,0.25127393
0,0,0.40164778
0,1,0.5243043
0,0,0.46802884
0,1,0.6654566
0,0,0.45104516
0,1,0.5251199
0,1,0.5532334
0,1,0.5475195
0,0,0.35783502
1,0,0.37921825
0,1,0.5391523
1,0,0.4349416
0,0,0.18875624
1,1,0.525432
0,0,0.22936441
0,0,0.4083007
0,1,0.5288302
1,1,0.568413
0,0,0.48669615
0,0,0.37928173
0,0,0.48690292
1,1,0.62682
0,0,0.48379573
0,0,0.44550034
0,1,0.5792595
0,0,0.4827209
0,0,0.47234675
0,0,0.42270344
0,1,0.5802186
0,1,0.51185983
0,0,0.40754154
0,1,0.55103207
0,1,0.5645728
0,0,0.49986702
0,1,0.6469567
0,0,0.40727487
1,1,0.50569314
0,0,0.30590498
0,0,0.46313745
0,0,0.46316704
0,1,0.545437
0,1,0.5334047
0,0,0.4351446
0,1,0.5172304
1,1,0.5300759
1,0,0.46228984
0,1,0.5479566
0,0,0.3686722
0,1,0.5910089
0,1,0.64384055
1,0,0.4504209
0,0,0.46609712
0,0,0.42809898
0,0,0.49473855
1,0,0.42158768
0,1,0.51345485
0,1,0.64826584
0,1,0.53776634
0,0,0.28217268
0,0,0.49566165
0,0,0.48224515
1,1,0.59574395
0,1,0.5300097
0,1,0.53505105
0,0,0.4704519
1,1,0.6002188
0,0,0.46252805
0,0,0.2858556
0,0,0.44501162
0,1,0.539435
0,1,0.503917
0,1,0.5849018
0,1,0.51260334
0,0,0.33704278
0,0,0.3666494
0,0,0.3873803
0,0,0.31673905
0,0,0.48063296
0,0,0.44462296
0,1,0.5338546
0,1,0.6565299
0,0,0.29412815
0,0,0.2762179
0,0,0.27643868
0,0,0.44533497
0,0,0.38266906
1,0,0.47182885
0,0,0.42307
0,0,0.48735487
0,0,0.3810739
0,0,0.26824173
0,1,0.6843032
0,0,0.4671969
0,0,0.49840495
1,1,0.6441474
0,0,0.44411975
0,0,0.35548532
0,0,0.49550474
0,1,0.55000806
0,0,0.4534506
0,0,0.45094836
0,1,0.6097101
0,1,0.5388013
0,0,0.39732838
0,0,0.42329243
0,0,0.47033373
0,1,0.5685303
0,1,0.6513305
0,1,0.51501524
0,1,0.55375797
0,0,0.40104043
0,0,0.35033086
0,1,0.6496746
0,1,0.5049059
1,1,0.61167854
0,0,0.4110306
0,1,0.5643674
0,1,0.5326053
0,0,0.36529428
0,0,0.4507187
0,0,0.4094956
0,0,0.47174376
0,1,0.56370854
1,1,0.5763164
0,0,0.33308256
0,1,0.6027936
0,1,0.5024301
1,1,0.6363252
1,1,0.5725652
0,0,0.4553179
0,0,0.42938688
1,1,0.5607
0,1,0.541216
0,0,0.44651756
0,1,0.5030018
0,0,0.3795138
1,0,0.44496953
0,1,0.5257833
0,1,0.55703187
1,1,0.69007945
0,0,0.37392098
0,0,0.46558112
0,0,0.4147649
0,0,0.2614426
0,1,0.52358615
0,0,0.44840506
0,0,0.30356315
0,1,0.52496445
0,0,0.42462933
0,0,0.27356982
1,0,0.231867
1,0,0.469672
0,0,0.42594188
0,1,0.55781484
0,1,0.50445855
0,1,0.55346066
0,0,0.3635862
1,1,0.53325236
0,1,0.6202768
0,0,0.31015828
0,1,0.54927397
0,0,0.32449198
1,0,0.4716254
0,1,0.5441108
0,0,0.18919404
0,1,0.5546032
0,0,0.49875396
0,0,0.48086208
1,0,0.40800598
0,0,0.44439918
0,0,0.49943691
0,0,0.39763898
0,1,0.5436974
0,1,0.545727
0,1,0.51051867
0,0,0.3967239
0,1,0.525064
0,1,0.5562849
0,0,0.4450653
0,0,0.43187886
0,1,0.52340543
0,1,0.5208918
0,0,0.43836838
0,0,0.4755728
1,0,0.4313176
0,1,0.66645795
0,0,0.4764559
0,0,0.37180826
0,1,0.6724538
0,0,0.46784297
0,1,0.53211707
0,1,0.5164615
0,0,0.43745148
1,1,0.50207144
0,0,0.43623373
0,0,0.4218173
1,0,0.46235442
0,0,0.48650745
0,0,0.34948316
0,1,0.5398285
0,1,0.52408886
0,0,0.4351203
0,0,0.3890912
0,0,0.28904742
0,1,0.5067302
0,0,0.47886643
0,0,0.3926712
0,0,0.3662418
0,1,0.5730598
1,1,0.7161332
0,1,0.517803
1,1,0.6444237
0,1,0.5701698
1,1,0.5209277
1,0,0.47619775
0,0,0.32627007
0,1,0.56194556
0,0,0.49263045
0,0,0.49861792
1,0,0.42143145
1,1,0.55757487
0,1,0.5754107
0,1,0.5141226
0,1,0.7702615
0,1,0.5106997
0,0,0.4318025
1,1,0.5331816
0,0,0.27281258
0,0,0.4807665
0,0,0.37158388
0,0,0.48247555
0,0,0.454344
0,0,0.42543462
0,0,0.37409085
1,1,0.60610473
0,1,0.50357103
0,0,0.36077422
0,0,0.4866602
0,1,0.5405251
0,1,0.51389575
0,0,0.46913588
0,0,0.46306136
0,0,0.4346741
0,1,0.7103431
0,0,0.38170946
0,0,0.44999132
0,1,0.52783585
0,1,0.6207413
0,1,0.5129535
0,0,0.43050432
0,1,0.60807776
0,1,0.54777354
1,1,0.60131204
1,1,0.55369836
0,1,0.5080466
0,1,0.5563722
1,1,0.61663467
0,0,0.3780664
0,0,0.42003757
0,1,0.5627209
0,0,0.47213078
0,1,0.5511286
0,0,0.49751222
0,0,0.447822
0,0,0.4789805
1,1,0.62252915
0,0,0.41415793
0,1,0.50822
0,1,0.5140351
0,0,0.39585963
0,1,0.5417913
0,0,0.36806327
0,0,0.4527665
1,0,0.45501712
0,0,0.42875782
0,0,0.4844735
0,1,0.55742687
1,1,0.5736872
0,0,0.2626469
0,1,0.5085174
0,1,0.5767749
0,0,0.38048095
0,0,0.43457106
0,0,0.29498413
0,1,0.52793014
0,1,0.51138794
0,0,0.4822233
0,0,0.3902909
0,0,0.446065
1,1,0.52095175
0,0,0.21676172
1,1,0.56748605
0,0,0.4044304
1,1,0.50641274
0,0,0.19282858
0,0,0.4905012
0,0,0.40614632
0,1,0.5844217
0,1,0.6280408
1,1,0.6556836
0,1,0.5629771
1,1,0.5690279
0,1,0.6206404
0,1,0.5933319
0,0,0.43979296
0,0,0.41297913
0,1,0.5260401
0,0,0.38196912
0,0,0.40597507
0,0,0.4601586
0,1,0.5541731
0,1,0.56665087
0,0,0.28610024
0,0,0.41090223
0,0,0.42391327
0,0,0.445532
0,0,0.31493935
0,0,0.20351015
0,0,0.41072875
0,1,0.5680326
1,0,0.44019464
0,1,0.65041596
0,1,0.5782834
0,0,0.40944904
0,0,0.4396091
0,0,0.34200695
0,0,0.40184855
0,0,0.40981916
0,0,0.35934684
1,0,0.33758622
0,0,0.44056526
0,1,0.51552594
0,0,0.3581379
0,1,0.537526
0,0,0.38883716
1,1,0.54924065
0,0,0.4613577
1,1,0.6175896
0,0,0.49931684
0,1,0.5487101
0,0,0.49417457
0,0,0.2683351
1,0,0.4735335
1,0,0.3891138
0,0,0.49682143
0,1,0.62400603
0,0,0.43427467
0,1,0.5133845
0,0,0.41349494
1,1,0.50600165
0,0,0.2454268
0,0,0.4098891
0,0,0.4288742
0,1,0.5194963
0,0,0.42506233
1,1,0.5423188
0,1,0.5628875
0,0,0.47300243
0,0,0.4346434
0,0,0.35929802
1,0,0.48307618
0,0,0.48617774
0,1,0.6108234
0,1,0.5889714
0,1,0.569148
1,0,0.34349474
0,0,0.39580846
1,0,0.47993812
0,1,0.60137343
0,1,0.51819754
0,1,0.57532823
0,1,0.593662
0,0,0.41164932
0,0,0.19100079
1,0,0.45525864
0,0,0.43535647
0,1,0.55551547
0,1,0.5967761
0,0,0.33983436
0,1,0.5907824
0,0,0.26954132
0,1,0.5431344
0,0,0.45280138
0,0,0.49138427
0,0,0.4742756
0,0,0.4204926
0,0,0.48996928
0,0,0.45019704
0,1,0.542591
0,1,0.53300846
1,0,0.43437967
0,0,0.46576947
0,0,0.4543588
0,1,0.6426992
1,1,0.57747793
0,1,0.5129075
0,0,0.41367742
0,0,0.3949484
0,0,0.37589258
0,0,0.48689085
0,0,0.33262014
1,0,0.45808238
0,0,0.44025642
1,1,0.53842163
0,0,0.44245955
0,0,0.43901357
0,0,0.47546348
0,0,0.47933483
0,0,0.41472018
0,1,0.5294409
1,0,0.4378688
0,0,0.41358078
0,0,0.49309638
0,1,0.5793537
0,0,0.45356473
0,0,0.47496262
0,0,0.3876432
0,1,0.52598673
0,0,0.44352868
1,0,0.4510014
0,0,0.48820868
0,0,0.42862958
0,0,0.42994264
0,0,0.4965274
0,0,0.37041226
0,1,0.558501
0,1,0.5340632
0,0,0.22397448
0,0,0.42746243
0,1,0.59840727
0,0,0.44762447
0,0,0.37315127
0,0,0.39829
0,0,0.40824527
0,1,0.5558896
0,0,0.47092742
1,0,0.4435688
0,0,0.4611438
0,1,0.5046639
0,0,0.42154223
0,1,0.5192422
0,0,0.47802374
1,0,0.3710794
0,1,0.5560026
0,0,0.32162642
0,0,0.3807054
0,1,0.50767595
0,0,0.458832
0,0,0.42065987
0,0,0.28255492
0,0,0.44808412
0,1,0.6524614
0,0,0.39171675
0,0,0.36090294
0,1,0.5729202
0,0,0.45246655
0,0,0.49642986
0,0,0.47477984
0,0,0.44726825
0,0,0.32131216
0,1,0.5679791
0,0,0.36822608
0,1,0.5464914
0,0,0.3750734
1,0,0.36412013
0,0,0.27818492
0,0,0.437082
0,0,0.47918347
0,1,0.59673524
0,0,0.39931828
0,0,0.3616865
0,0,0.44920105
1,1,0.5384258
0,0,0.22302283
0,1,0.5476879
0,1,0.51169944
1,0,0.44568738
1,1,0.501771
0,0,0.38572222
0,0,0.37888095
0,0,0.33618975
0,0,0.47802496
0,1,0.5055187
0,0,0.48353276
0,1,0.5752282
1,0,0.41557157
0,1,0.51839316
0,0,0.47020754
1,1,0.5690662
1,1,0.6780405
0,0,0.40949756
1,0,0.4402279
0,1,0.564164
0,0,0.49114287
0,0,0.4743007
1,1,0.5362908
0,1,0.53420234
0,0,0.4445554
0,0,0.3692801
0,1,0.5031605
1,0,0.465301
0,0,0.48489457
0,1,0.5071218
1,1,0.5782225
1,1,0.512427
0,0,0.42052054
1,0,0.24504292
0,1,0.517293
0,1,0.5257721
0,0,0.35234913
0,0,0.36209494
0,1,0.54261106
0,1,0.505761
1,0,0.24743156
0,1,0.58022714
1,1,0.559746
1,1,0.52788746
0,0,0.4752479
0,0,0.48075673
0,0,0.411126
0,0,0.45168215
0,0,0.38382864
0,0,0.43094736
0,1,0.50654936
0,0,0.39064202
0,1,0.6616359
0,0,0.36525768
0,1,0.5566945
0,1,0.60223264
0,0,0.47300327
0,0,0.45898068
0,1,0.5490794
0,0,0.49206764
0,0,0.26324612
0,0,0.3669859
0,1,0.52198255
0,1,0.56109846
0,1,0.52957916
0,0,0.47345182
0,0,0.49056232
1,1,0.6480186
0,0,0.3032068
0,0,0.35212108
0,0,0.39723057
0,0,0.4539904
0,1,0.58973885
0,1,0.6088369
0,0,0.49687102
0,0,0.45696312
0,0,0.4399598
0,0,0.4449436
0,1,0.59767133
0,1,0.57459044
0,1,0.5240567
0,0,0.42961332
1,1,0.67399347
0,0,0.43464118
0,1,0.55671394
0,0,0.43424144
0,1,0.55092573
0,1,0.5599543
0,0,0.26148367
0,1,0.52892596
0,0,0.35960254
0,1,0.5111015
1,0,0.37758237
1,0,0.34958744
0,1,0.5704559
0,1,0.6428126
1,0,0.47340825
1,0,0.49603757
0,0,0.4072426
0,0,0.44495684
0,0,0.42351833
0,0,0.43082547
0,0,0.43517825
1,1,0.54178405
0,0,0.3529205
1,0,0.49676788
0,0,0.4942284
0,1,0.6034796
0,1,0.5512125
0,0,0.45884204
0,0,0.4140128
0,1,0.6315074
0,0,0.4740439
1,0,0.43699268
1,1,0.52469724
0,0,0.41596538
0,0,0.4015629
1,1,0.51913965
0,0,0.4097321
1,0,0.40456524
0,0,0.4538852
0,1,0.51302385
0,1,0.5256667
0,0,0.3647395
0,1,0.64122844
1,1,0.5918213
1,0,0.29405412
0,0,0.28475964
0,0,0.46048158
0,0,0.38030028
1,0,0.42797026
0,0,0.49399373
0,1,0.5183664
0,0,0.48533195
0,0,0.45916373
1,0,0.3272437
0,0,0.45073462
0,1,0.5494143
0,0,0.36807895
0,0,0.332996
0,1,0.514741
0,0,0.11944549
0,0,0.45015997
0,1,0.55098194
0,0,0.39804578
0,0,0.47728866
0,1,0.6637684
0,0,0.27057806
0,0,0.41980892
0,1,0.58259547
1,1,0.50563073
0,0,0.4885008
0,1,0.55569214
0,0,0.4568747
0,1,0.5499462
1,1,0.5805849
0,1,0.5515764
0,0,0.4706962
1,0,0.35518643
1,0,0.29977596
1,0,0.3363625
0,0,0.36528766
0,0,0.44974303
0,1,0.5798134
1,1,0.54505503
0,1,0.60542226
1,1,0.59119034
0,0,0.361445
0,0,0.32616982
0,0,0.49372822
0,0,0.3284189
1,1,0.513999
0,1,0.5767181
0,0,0.4462189
1,1,0.56537265
0,0,0.31527078
1,1,0.5014757
0,1,0.5338254
0,1,0.59920394
0,0,0.462103
0,1,0.6742134
0,1,0.50163317
0,1,0.56550026
0,0,0.39103112
0,0,0.31838164
0,1,0.54968905
1,1,0.5528444
0,0,0.44546476
1,1,0.5992559
0,0,0.38489893
0,0,0.40895268
0,0,0.3750168
0,0,0.35267147
0,0,0.41425452
0,0,0.339415
0,0,0.40904424
0,1,0.5641463
1,0,0.39128697
0,0,0.36905923
0,1,0.5671481
0,1,0.5050193
1,1,0.600412
1,1,0.54120606
0,0,0.48578086
0,1,0.5500264
0,1,0.61775196
0,0,0.4208846
0,0,0.4170752
1,0,0.296634
0,1,0.54877377
1,1,0.5506228
0,1,0.5176406
0,0,0.40304068
1,1,0.5700877
1,1,0.6854266
0,0,0.43821242
0,1,0.6291595
0,0,0.43588442
0,1,0.5640515
0,1,0.53079134
0,1,0.5048964
0,0,0.24213628
0,1,0.52469707
0,0,0.46915185
0,1,0.50340074
0,1,0.5814002
1,1,0.58998865
0,0,0.45608166
0,1,0.5567912
0,0,0.48556027
0,0,0.43169984
0,1,0.5282273
1,0,0.48589593
1,0,0.37883186
0,0,0.35951784
0,0,0.43768376
1,1,0.68568254
0,1,0.6675955
0,0,0.37576848
0,0,0.46108797
1,1,0.5504943
0,0,0.37465262
1,1,0.51993966
0,0,0.34245583
0,0,0.46483433
0,0,0.36202493
0,0,0.44852638
0,0,0.2876377
0,1,0.5865486
0,1,0.5963695
0,0,0.46835604
0,1,0.56125367
1,0,0.49103332
0,0,0.38346627
0,0,0.27910343
0,0,0.43272132
0,0,0.2579809
0,0,0.34389558
0,0,0.42755887
1,1,0.56697226
0,0,0.4409589
0,1,0.5378185
0,1,0.679216
0,0,0.4397198
0,0,0.47511503
1,0,0.41592458
0,0,0.4880708
0,1,0.5408972
1,0,0.38961112
0,0,0.48546588
1,1,0.56603235
1,0,0.40840793
1,1,0.671299
0,0,0.44467366
0,1,0.54154897
0,0,0.38346073
0,0,0.4327484
1,0,0.4922974
0,0,0.47156888
0,1,0.5318164
1,1,0.57764405
0,0,0.24068631
0,1,0.53857243
0,1,0.5321903
0,0,0.34413093
0,0,0.44257355
1,1,0.7027842
0,1,0.51693046
0,0,0.45541063
0,0,0.42193583
0,1,0.59402645
1,0,0.35703123
0,0,0.40699232
0,0,0.44327062
0,0,0.15282045
0,1,0.613623
0,0,0.28251594
0,0,0.3892009
0,1,0.5173398
0,1,0.5147952
0,1,0.5032795
0,0,0.2878909
0,1,0.51609844
0,0,0.41459912
1,1,0.50185406
0,0,0.30570114
0,0,0.3156466
0,1,0.5369116
0,0,0.3763134
0,1,0.5457537
0,1,0.5131424
0,0,0.49183157
0,0,0.44240525
0,0,0.29996383
0,0,0.46901432
0,0,0.47750688
0,1,0.52956426
0,0,0.4067562
0,1,0.6597065
0,0,0.43424228
1,1,0.6013987
0,0,0.31750414
0,0,0.37141955
0,0,0.4605235
0,0,0.43482208
0,1,0.55423254
0,0,0.2909728
0,0,0.34177855
0,1,0.6052795
0,0,0.37188488
0,0,0.4547258
0,1,0.54150695
0,1,0.51552874
1,0,0.3938172
0,0,0.49635488
0,0,0.42449102
0,0,0.34596238
0,1,0.57968116
0,0,0.45425498
0,0,0.40001357
1,1,0.6158006
0,1,0.500878
0,1,0.5961052
0,0,0.4071292
1,0,0.41515276
0,0,0.38654613
0,0,0.43566453
0,0,0.46063834
0,0,0.44463903
1,1,0.61606514
0,0,0.41244906
0,1,0.56325173
0,0,0.47936815
0,0,0.38284647
0,0,0.434754
0,0,0.47346535
0,0,0.4633387
0,0,0.45410746
0,0,0.31475613
0,0,0.47446463
0,0,0.46661428
0,0,0.48903373
0,0,0.4530188
0,0,0.42191103
0,0,0.33819377
0,0,0.42630845
0,1,0.6617986
0,0,0.45204103
0,1,0.53705835
0,1,0.53156126
0,0,0.4662315
0,0,0.3780121
0,1,0.5369775
1,1,0.5171857
1,1,0.52224946
0,0,0.3559102
0,0,0.4021387
0,1,0.5594651
0,1,0.56228113
1,0,0.48812008
0,1,0.5187465
0,1,0.5468569
0,0,0.394927
0,0,0.47383785
0,0,0.36686507
0,0,0.40156475
1,1,0.5739523
1,0,0.37092242
0,1,0.57735085
0,0,0.3394087
0,1,0.5720474
1,0,0.40038118
0,1,0.6141654
0,1,0.57137126
0,1,0.58912647
0,0,0.48502302
0,1,0.54831624
0,0,0.30679742
0,1,0.50341135
0,1,0.5859859
0,0,0.39429083
0,1,0.57740337
1,1,0.53776366
0,0,0.47559693
0,0,0.45455876
0,0,0.45123693
0,0,0.2732399
1,1,0.6360984
0,0,0.26206705
0,1,0.50819147
0,0,0.28098512
1,0,0.45327163
0,0,0.35519817
0,0,0.29322568
0,1,0.5067233
1,0,0.49851906
0,0,0.38890928
0,0,0.45970044
0,1,0.5169517
0,0,0.31000152
0,0,0.3699364
0,0,0.4412964
0,1,0.5302559
0,0,0.3807349
0,0,0.41634205
1,1,0.52924114
1,0,0.46050134
0,1,0.5147087
0,1,0.58779645
0,1,0.5501221
0,0,0.49977836
0,1,0.58457553
0,0,0.4938523
0,0,0.40818748
0,0,0.4250945
0,0,0.27731305
1,0,0.4852864
0,0,0.47857937
1,1,0.5965526
0,1,0.56420094
0,1,0.5215678
0,1,0.57660645
0,0,0.25096998
0,0,0.40324315
0,0,0.49981564
0,0,0.37729675
0,0,0.3696902
0,1,0.5688707
0,0,0.40828517
0,1,0.5288807
0,0,0.49242404
0,0,0.47817582
0,0,0.48640212
0,0,0.3290788
0,0,0.41395804
0,1,0.5775839
0,1,0.61293435
0,0,0.49453402
0,0,0.3525196
0,0,0.31433588
0,0,0.48093763
1,0,0.43683022
0,1,0.5187939
0,1,0.55312824
0,0,0.38390985
0,1,0.5450672
0,0,0.44278443
0,0,0.48453668
0,0,0.47370222
0,1,0.56442213
0,1,0.51939654
1,0,0.41705
0,0,0.47872624
0,0,0.466758
0,0,0.3972115
0,1,0.528226
0,0,0.28685203
0,1,0.5657244
1,1,0.55203676
1,0,0.48411185
1,1,0.62932396
0,1,0.544435
0,1,0.5054002
0,0,0.389987
0,0,0.44079733
0,0,0.35049665
0,0,0.41593462
0,0,0.47553352
0,1,0.6378126
0,0,0.39005104
0,0,0.48338333
0,1,0.5502713
1,0,0.28257582
0,1,0.5378779
1,1,0.5022545
1,0,0.33992445
0,0,0.4013434
0,0,0.47098213
1,0,0.404918
0,1,0.5559999
0,0,0.4256709
0,1,0.6518556
0,0,0.38135067
1,1,0.58093596
0,0,0.45575717
0,1,0.59548163
0,1,0.5577766
0,0,0.2982384
0,0,0.37202716
1,0,0.47982422
0,0,0.4577832
0,0,0.42637053
1,1,0.6329978
0,0,0.2979761
0,0,0.4246096
0,1,0.5460254
0,1,0.5255965
0,1,0.52464944
0,0,0.37414876
0,0,0.4737368
0,0,0.39797446
0,0,0.46001658
0,0,0.2828499
0,0,0.44169557
0,1,0.5618777
1,1,0.6164048
0,1,0.5021567
0,0,0.37628463
0,0,0.4471411
0,1,0.5597544
0,1,0.5113101
0,0,0.34502095
0,0,0.41981995
0,1,0.5326153
1,1,0.5094489
0,0,0.3750692
1,1,0.5809156
0,0,0.38533312
0,0,0.48357642
0,0,0.3880944
0,1,0.5069461
1,0,0.46152788
0,1,0.53134227
0,0,0.39497715
0,0,0.20912233
0,0,0.4223489
0,1,0.5569732
0,0,0.26227415
0,0,0.32765684
1,0,0.3746627
0,1,0.54819477
0,0,0.4041578
1,1,0.52904767
0,0,0.39730695
0,1,0.6053372
0,1,0.579068
0,1,0.5816977
0,0,0.4938884
0,1,0.5746779
0,0,0.44464794
0,1,0.55739397
0,0,0.37871307
0,1,0.54134417
0,1,0.6446637
0,0,0.45298246
1,0,0.43861738
0,1,0.53113854
0,0,0.42227277
0,1,0.5033107
0,1,0.5344138
0,0,0.41616607
0,1,0.5480091
0,0,0.412108
0,0,0.4282864
0,0,0.46625325
1,1,0.5293093
0,0,0.3280139
0,0,0.42167276
1,1,0.5003174
0,0,0.473599
0,0,0.1974338
0,1,0.570358
1,0,0.40269256
1,1,0.74401146
1,1,0.65965027
0,0,0.47806698
0,0,0.38100696
0,0,0.48474303
0,0,0.38589573
0,1,0.5764429
0,1,0.5430164
0,0,0.4671178
0,1,0.56262755
0,0,0.4976241
1,1,0.50572026
0,0,0.44950512
0,0,0.45211825
0,1,0.527567
1,0,0.3888609
0,0,0.25420758
0,0,0.27579138
1,0,0.45717156
0,0,0.33850297
0,0,0.39825544
0,1,0.5519849
1,0,0.49761462
0,0,0.21275155
1,1,0.55011845
1,0,0.42497128
0,0,0.4882679
0,1,0.74192166
0,1,0.5289857
1,0,0.38436297
0,0,0.46533263
0,0,0.45229208
0,0,0.36239126
0,1,0.50940055
1,1,0.56833845
1,0,0.42940247
0,0,0.291962
0,0,0.43874162
0,0,0.33727348
0,0,0.4959304
0,0,0.48449108
0,0,0.41289055
0,0,0.48933026
0,1,0.53710574
0,0,0.46105903
0,0,0.37469733
0,1,0.5711208
0,0,0.45503986
0,0,0.42422754
1,0,0.44829422
0,0,0.49903795
0,1,0.53890413
0,1,0.627738
0,0,0.3661158
0,0,0.4834012
1,1,0.53335446
0,1,0.5501624
0,0,0.44335327
0,0,0.42500952
0,0,0.47276112
0,0,0.23502463
0,0,0.43428418
0,1,0.5383122
1,0,0.48695818
0,0,0.46732885
1,1,0.6061998
0,1,0.5407909
0,1,0.57986796
0,0,0.2893305
0,0,0.49260262
0,0,0.22541782
1,1,0.5394299
0,0,0.3682997
1,0,0.4786193
1,1,0.5162373
0,0,0.42162883
0,0,0.34486434
0,0,0.40607932
0,0,0.48743623
1,0,0.4721418
0,0,0.34682176
1,0,0.4164201
0,1,0.5467116
0,0,0.32256222
0,0,0.47357246
0,0,0.4342834
0,0,0.49132714
0,1,0.61590683
0,1,0.55422664
0,1,0.5210264
0,0,0.46890688
0,0,0.33408955
0,0,0.377172
1,1,0.56595093
0,0,0.30529624
0,1,0.56296515
0,0,0.47500336
0,0,0.47739574
0,0,0.41201806
0,0,0.43449247
0,0,0.42909834
0,0,0.4888117
1,1,0.6358335
0,1,0.61878574
0,0,0.44880626
0,0,0.47356856
0,0,0.44157803
0,0,0.41326222
0,1,0.5175656
0,1,0.50958335
0,0,0.45496514
0,1,0.536766
0,0,0.440654
0,0,0.44673243
0,0,0.4838193
0,1,0.67850435
0,0,0.380235
0,0,0.4800931
0,1,0.6036549
0,0,0.45482722
1,1,0.55876845
1,0,0.42378277
0,0,0.4836406
0,0,0.40935758
0,0,0.43757084
0,1,0.5752454
0,0,0.37032712
1,1,0.54010737
1,1,0.6025953
1,0,0.48745212
0,0,0.46586037
0,0,0.3285564
0,0,0.498223
0,0,0.46444896
0,0,0.41760027
0,0,0.23840772
0,1,0.50099146
1,1,0.6638161
0,0,0.32139075
0,0,0.27549866
0,0,0.48660362
0,0,0.44281784
0,0,0.32979432
0,0,0.47845113
1,0,0.42120424
0,0,0.36573702
0,0,0.3600699
1,1,0.54699373
0,0,0.39202267
0,0,0.4784518
0,0,0.39227635
0,0,0.43327802
0,1,0.58130926
0,0,0.3594844
1,1,0.6457706
0,0,0.41867363
0,1,0.75912714
0,1,0.505437
0,1,0.52608955
1,0,0.49074692
0,0,0.45443812
0,1,0.5127866
0,0,0.4508068
0,0,0.47712946
1,1,0.5113893
0,1,0.53306365
1,0,0.34672084
0,0,0.42858166
0,0,0.46261778
0,1,0.55437434
0,1,0.52867293
0,1,0.51195824
0,1,0.52989215
0,1,0.5678794
0,1,0.5502467
0,0,0.49886206
0,1,0.55426174
0,0,0.34631127
0,1,0.53186
0,1,0.5248906
0,0,0.32176772
0,1,0.53466177
1,1,0.65755546
0,0,0.29087174
0,0,0.41290054
0,0,0.42561692
0,0,0.34565443
0,0,0.44179508
0,0,0.20476598
0,0,0.42655754
1,1,0.5192552
0,0,0.31326637
0,0,0.41217038
1,1,0.5457365
0,0,0.25923207
0,1,0.55542827
0,0,0.4586157
0,0,0.42775974
1,0,0.42904904
0,1,0.5969111
1,0,0.25925848
0,0,0.38933414
0,0,0.39367032
0,0,0.48495573
0,0,0.45766845
0,0,0.2260191
0,0,0.4174744
0,0,0.4262288
0,0,0.4170897
1,1,0.556365
0,1,0.5927519
0,0,0.47905397
0,0,0.49502486
0,1,0.51688844
0,0,0.39424595
0,1,0.5708428
0,0,0.20663859
1,0,0.46330646
0,1,0.5422983
0,0,0.46731022
1,0,0.48880932
1,1,0.5006168
0,0,0.40178853
0,0,0.45436874
0,0,0.3790046
1,0,0.418377
1,0,0.49576166
0,1,0.59247065
0,0,0.36479425
1,0,0.2940866
0,0,0.42903015
0,0,0.42675585
1,0,0.36074975
0,1,0.6227778
0,1,0.61344993
0,0,0.43452486
0,1,0.6008451
0,1,0.5384586
0,1,0.55140567
1,1,0.5036504
0,0,0.3344132
0,0,0.43407744
0,0,0.3697233
0,0,0.42824388
1,0,0.40161467
1,0,0.32780382
0,1,0.50489426
0,1,0.5704011
0,1,0.64814484
0,1,0.51428366
0,1,0.6779907
0,0,0.4831741
0,0,0.41476175
0,0,0.47996652
0,1,0.50823146
1,0,0.38580462
0,1,0.52035713
1,0,0.47668415
0,1,0.5705891
0,0,0.3640833
1,1,0.60539365
0,0,0.44049916
0,0,0.37237763
0,1,0.5524754
0,0,0.41919652
1,0,0.45250952
0,0,0.46971166
0,1,0.5591847
0,1,0.59366196
0,1,0.59571004
0,1,0.56248534
0,0,0.46991175
0,0,0.32997164
0,0,0.4176651
0,0,0.4912658
0,0,0.4683727
0,0,0.30266985
0,1,0.543905
0,0,0.48206747
0,0,0.38882557
0,1,0.52601796
0,0,0.48782393
0,0,0.40741506
0,1,0.5493773
0,0,0.47270855
0,0,0.30894712
0,0,0.48206538
1,0,0.44530085
0,0,0.4085882
0,1,0.5569531
1,0,0.43797448
0,0,0.4539003
0,0,0.36878362
0,0,0.4864874
0,1,0.5334455
0,0,0.4937856
0,0,0.4473475
0,0,0.4081513
0,1,0.5869554
0,0,0.20960414
0,1,0.64927906
0,0,0.4854456
0,1,0.50005245
0,0,0.38554585
1,0,0.39310488
0,0,0.42277175
0,1,0.5054717
0,1,0.50415325
1,1,0.5584409
0,0,0.45130935
0,0,0.2777822
0,0,0.41918284
0,0,0.33801252
0,0,0.47459108
0,0,0.4434221
0,1,0.6954445
0,0,0.4828568
0,0,0.3663711
0,1,0.64110285
0,0,0.46442273
0,0,0.43171683
0,0,0.44257766
0,0,0.48479047
0,0,0.46166986
0,1,0.5714057
0,1,0.5401992
0,0,0.30511865
1,1,0.50705326
0,1,0.53124106
1,1,0.5861846
0,0,0.42529637
0,1,0.55409986
0,0,0.47656426
0,1,0.51386595
0,0,0.38652954
0,1,0.54778326
0,0,0.4518446
0,0,0.3307591
0,0,0.48889416
0,1,0.5117508
0,1,0.55803525
0,0,0.4579762
0,0,0.4344143
1,1,0.5446629
1,0,0.4774203
0,1,0.5157422
1,0,0.40426663
0,1,0.5133928
0,0,0.23697054
0,0,0.21109815
0,0,0.13843139
0,0,0.29278082
0,1,0.5232136
1,1,0.5019601
0,0,0.46464851
0,1,0.51084024
0,0,0.49992833
0,1,0.5933554
1,1,0.5414076
0,0,0.19872344
0,0,0.34095442
0,0,0.44460332
0,1,0.57364076
0,0,0.38678598
0,0,0.35518777
0,1,0.5578151
0,0,0.42701966
0,0,0.4271604
0,1,0.56976986
1,0,0.34450945
0,0,0.44750422
0,0,0.4005857
0,1,0.6077515
0,0,0.4636109
0,0,0.40674353
0,0,0.48293293
0,0,0.4862213
0,1,0.57468796
0,1,0.57401705
1,1,0.5313661
0,0,0.38727686
0,0,0.4800661
0,0,0.4613067
0,1,0.54767835
1,0,0.44294554
0,0,0.32183602
0,1,0.53278697
0,1,0.567777
0,0,0.44855082
0,1,0.631045
0,1,0.5300051
0,0,0.36560574
0,1,0.5487865
0,1,0.66199327
0,0,0.4207599
1,1,0.5434044
1,0,0.42061248
1,0,0.38608336
1,0,0.46004736
0,1,0.5499923
0,0,0.47713983
0,1,0.5870962
0,1,0.50105035
0,0,0.2927362
0,0,0.4158113
0,0,0.436676
0,0,0.38579154
0,0,0.41097316
0,1,0.53721356
0,0,0.389526
0,0,0.49513566
0,0,0.458482
0,1,0.6308636
0,0,0.42771718
0,0,0.4250957
0,1,0.536055
1,0,0.41584492
0,1,0.59674996
0,0,0.45367256
1,0,0.39756092
0,0,0.3678072
1,1,0.57595414
0,1,0.5253438
0,1,0.59820753
0,0,0.48142838
0,1,0.57865745
0,1,0.5400007
0,0,0.37720263
0,1,0.5793211
0,0,0.3824498
0,1,0.56178904
0,0,0.39835966
0,0,0.3685357
0,0,0.35999447
0,0,0.4649295
1,1,0.6033058
0,1,0.57652736
0,1,0.53874564
1,0,0.32994318
1,0,0.44797638
0,0,0.47934306
0,0,0.46577668
0,0,0.3868739
0,0,0.42739815
0,0,0.34407923
0,1,0.5130732
0,0,0.42466328
1,1,0.6664381
0,0,0.3619783
0,0,0.4652683
0,0,0.19892952
1,1,0.5343293
0,1,0.50255203
0,1,0.55571985
0,0,0.49060497
0,1,0.5585627
0,1,0.6716001
0,0,0.32984498
0,1,0.6279005
0,0,0.47627118
0,1,0.5150745
1,0,0.47843817
0,0,0.38597408
0,0,0.493725
0,0,0.30542853
0,1,0.5021806
0,1,0.5414841
0,0,0.45504528
0,1,0.5532123
0,0,0.49359465
0,0,0.2349379
0,0,0.41824132
0,1,0.5409639
0,1,0.52978736
0,1,0.58815145
0,1,0.5290474
0,0,0.35972765
1,1,0.61444736
0,0,0.4835506
0,0,0.434602
1,0,0.34616795
0,1,0.52109003
0,1,0.54962486
0,1,0.6043825
1,0,0.4936571
0,1,0.52824247
0,0,0.35608226
0,0,0.3687645
0,0,0.36588
0,0,0.4008382
0,0,0.36285144
1,0,0.37376195
0,0,0.46237636
0,1,0.61354375
0,1,0.54996306
0,1,0.68226326
0,1,0.5390516
0,0,0.29035524
0,0,0.44903478
0,0,0.32561836
1,1,0.57323796
1,0,0.47170243
0,0,0.497837
1,1,0.560273
0,1,0.6402782
0,0,0.43427718
0,0,0.4928377
0,0,0.4601328
0,0,0.3895951
0,0,0.39658496
0,0,0.4335557
0,0,0.40797693
0,0,0.40964803
0,0,0.41729146
0,0,0.49188974
1,1,0.5246426
0,0,0.46108937
0,1,0.6217242
0,0,0.47445348
0,1,0.5906532
0,0,0.4306218
1,1,0.5499296
0,0,0.47832245
1,0,0.2839177
0,0,0.46793342
1,1,0.52990544
0,1,0.5378178
0,1,0.51626396
0,1,0.56165516
0,0,0.35636038
0,1,0.50117975
0,0,0.36041355
0,0,0.4358074
0,1,0.5116367
0,0,0.40815133
0,1,0.54372275
1,0,0.40843117
0,1,0.5307916
1,0,0.49921447
0,1,0.5826605
0,0,0.36001197
0,1,0.6038394
1,1,0.56850886
1,0,0.46906877
1,0,0.37315115
0,0,0.44178948
1,1,0.5272218
1,1,0.613111
0,1,0.519477
0,0,0.49345726
0,0,0.35024127
0,1,0.52630377
0,0,0.35045466
0,0,0.44406295
0,0,0.32036555
0,0,0.4986508
0,0,0.47022074
0,0,0.44806972
1,1,0.6502205
0,1,0.62504375
0,1,0.52265173
0,0,0.43125156
0,1,0.515403
0,1,0.57187474
1,1,0.51548755
1,1,0.52803916
1,0,0.37229642
0,0,0.43619266
0,1,0.54743713
0,0,0.35655594
0,0,0.401916
0,1,0.5077031
0,1,0.6203176
1,0,0.481255
0,0,0.39160526
0,0,0.4513487
0,0,0.47312692
0,0,0.4358993
0,0,0.47899878
0,0,0.45374265
0,1,0.64995736
0,0,0.45756656
1,1,0.61259604
0,1,0.5124168
1,1,0.5528338
0,1,0.5592768
0,0,0.46900812
0,1,0.5577523
1,1,0.63111377
0,0,0.30556372
0,0,0.42936403
0,0,0.41684625
1,1,0.6631578
0,0,0.486352
0,1,0.59574616
0,0,0.44307113
1,0,0.49086267
1,0,0.47308
0,0,0.42197302
0,0,0.34006494
1,0,0.44737822
0,0,0.4921677
0,1,0.50011325
0,1,0.57681984
1,1,0.6621535
1,0,0.47281808
1,0,0.47544122
1,1,0.52018905
0,0,0.42378062
0,0,0.3265194
0,1,0.51289046
0,0,0.40244886
0,0,0.40839332
0,0,0.44899365
1,0,0.38234937
0,1,0.5070756
0,1,0.5337859
0,0,0.32006246
0,1,0.5753411
0,0,0.36636358
0,0,0.40732607
1,0,0.49799013
1,1,0.53249
0,0,0.37337443
0,0,0.43034306
0,1,0.6248858
0,0,0.36374032
0,0,0.48117936
0,0,0.45433095
0,0,0.4557975
0,0,0.31229103
0,0,0.38318968
0,1,0.5271865
0,0,0.46248734
0,0,0.34352595
1,0,0.4450652
1,1,0.54293275
0,1,0.52427685
1,1,0.62725127
0,0,0.44273615
0,0,0.33730227
1,0,0.3542054
0,1,0.5165851
0,0,0.48911944
1,0,0.36354348
0,1,0.5787483
0,0,0.32006454
1,1,0.52237743
0,0,0.3379278
0,0,0.387238
0,0,0.46656117
1,1,0.5045154
1,1,0.52221674
0,0,0.45530063
0,1,0.54270065
0,0,0.33362818
0,0,0.3561263
0,1,0.51219046
0,1,0.5240319
0,0,0.4299134
0,0,0.48235315
1,0,0.478209
0,0,0.49855477
0,0,0.48606047
0,0,0.34117427
1,1,0.5055412
0,0,0.33296174
0,1,0.5243988
1,0,0.3810604
0,0,0.4569978
0,1,0.5227517
0,0,0.44551498
0,1,0.51562726
0,1,0.52287954
0,0,0.44594845
0,0,0.3386311
0,1,0.5628382
0,0,0.36801156
0,0,0.41219574
1,0,0.457272
0,1,0.62471735
0,0,0.43841785
0,1,0.52456224
1,0,0.47036958
0,1,0.5016004
0,1,0.5078733
1,0,0.33181325
0,0,0.33288938
0,1,0.6297605
0,0,0.3144804
0,1,0.5730262
1,1,0.6435224
1,1,0.50164574
0,0,0.4220255
0,0,0.4393492
0,1,0.5354239
0,1,0.5058466
1,1,0.5190846
0,0,0.4457047
0,0,0.39487427
0,0,0.31982937
0,0,0.41208583
1,0,0.43823907
0,0,0.41459593
0,1,0.5490155
0,0,0.49067846
0,1,0.5443872
0,0,0.3248066
0,1,0.5092769
0,0,0.49160808
0,1,0.518329
0,0,0.42450315
0,0,0.40968835
0,1,0.53014624
0,1,0.54044706
0,1,0.5483818
0,0,0.39476827
0,0,0.43464276
0,0,0.47589684
0,0,0.4528883
1,1,0.5540602
0,0,0.4549382
0,0,0.409487
0,1,0.54085135
0,0,0.4114809
0,1,0.54070425
0,0,0.256506
1,0,0.45265198
0,0,0.4148651
0,1,0.59448665
0,0,0.4390998
0,0,0.26654947
0,1,0.5529849
0,1,0.58840466
0,0,0.4029793
0,0,0.44587314
1,1,0.5153463
0,0,0.43955672
0,0,0.43429783
0,0,0.32087308
0,1,0.61556935
1,1,0.5482211
1,1,0.5536691
1,1,0.5407645
0,1,0.59312725
0,1,0.543179
0,1,0.6055323
0,0,0.28231597
0,1,0.5071874
0,0,0.4857273
0,0,0.39306206
0,0,0.44130555
0,0,0.334551
0,0,0.388035
0,1,0.5169337
0,0,0.25043827
0,0,0.40155348
0,0,0.2954029
0,0,0.40233693
0,1,0.55684304
0,0,0.24496953
1,1,0.6514315
0,1,0.50633216
1,1,0.62133074
0,0,0.24859612
0,1,0.6059079
0,1,0.5221931
1,1,0.54649913
0,0,0.43212652
0,1,0.5335022
0,0,0.424349
1,0,0.48324528
0,0,0.4370371
0,0,0.34813643
1,1,0.5369663
0,1,0.62536585
0,0,0.40471897
1,1,0.56418717
0,1,0.5774955
0,0,0.46154585
0,0,0.37724856
0,0,0.39376736
0,0,0.41152427
0,0,0.42759004
0,0,0.3888352
0,1,0.55969465
0,1,0.52026373
0,0,0.46319115
0,1,0.5104012
1,0,0.38697687
0,0,0.42952195
0,1,0.5106982
0,0,0.20933418
0,0,0.48729277
0,1,0.5886459
1,0,0.43977138
0,1,0.54306436
0,0,0.41861212
0,1,0.52329326
0,0,0.4476705
0,0,0.4506192
0,1,0.6262093
0,0,0.3788808
0,0,0.35455006
0,0,0.48571065
1,1,0.5867194
0,0,0.40940985
0,1,0.60799927
0,0,0.22999716
0,0,0.41917768
0,1,0.5477278
0,0,0.37504593
0,0,0.38376808
1,1,0.57688165
0,0,0.32964796
1,1,0.5519639
0,1,0.500573
0,0,0.31801715
0,0,0.4366812
0,1,0.5743704
0,0,0.3318806
0,1,0.5902426
0,0,0.48506227
0,1,0.5303587
0,0,0.42424813
1,0,0.45548564
0,1,0.54240346
0,0,0.3568575
1,0,0.37661743
1,0,0.43191946
0,0,0.3672065
0,0,0.47950587
0,0,0.4178262
1,1,0.57739717
1,1,0.5749335
0,1,0.55225223
0,0,0.45365146
0,0,0.4187982
0,0,0.44618818
0,0,0.22776806
0,0,0.49885377
0,0,0.43866637
0,1,0.5176778
1,0,0.47142917
0,0,0.19527662
0,0,0.26061624
0,0,0.45247886
0,0,0.32678363
1,0,0.49819574
1,0,0.41238794
0,0,0.38988185
0,0,0.4168774
0,1,0.61400825
0,1,0.5084901
1,0,0.47529206
0,1,0.68078
0,1,0.5811865
1,1,0.5752156
0,0,0.31464002
1,1,0.5050738
0,1,0.51054287
1,0,0.49355474
0,1,0.55808115
0,1,0.54171216
0,0,0.40161866
0,0,0.49760774
1,1,0.58196104
0,0,0.42958543
0,0,0.47949588
0,0,0.43175665
0,0,0.48898774
1,1,0.54133195
0,1,0.5447365
0,1,0.5564308
0,1,0.52738285
0,0,0.38836765
0,1,0.50658584
0,1,0.5113883
0,1,0.5073675
0,1,0.57202137
1,0,0.47457153
0,0,0.38869599
0,1,0.5517885
0,1,0.5333781
0,0,0.2716708
0,0,0.42154628
0,0,0.3792393
1,1,0.6346954
0,1,0.55104303
0,1,0.51913726
0,0,0.38064516
0,0,0.40207803
1,1,0.57172555
0,0,0.3918362
0,1,0.567952
0,0,0.19987385
0,0,0.3369474
0,1,0.53864276
0,0,0.34925333
0,0,0.36068797
1,1,0.5287596
0,0,0.2578477
0,0,0.49590307
0,1,0.588081
0,0,0.36266005
0,1,0.5016277
1,1,0.51628095
0,1,0.525661
0,0,0.4119002
0,1,0.54035115
0,0,0.4833299
0,0,0.35024524
0,0,0.38860554
0,0,0.2316403
0,0,0.4692568
0,0,0.3788242
0,0,0.4771152
0,0,0.4116953
0,0,0.4328131
1,1,0.5832566
0,1,0.520218
0,0,0.49099782
0,1,0.5508784
0,0,0.36178786
0,1,0.565852
0,1,0.55186033
0,0,0.3974816
0,0,0.27873087
0,0,0.49266875
0,1,0.5281209
1,0,0.418774
0,1,0.5356344
0,0,0.41381016
0,0,0.46359366
0,0,0.42364088
0,1,0.51898307
0,0,0.4718523
0,0,0.42489156
0,1,0.66386294
1,1,0.5351701
0,1,0.66060257
0,1,0.5071044
0,1,0.5154699
0,0,0.4187321
0,0,0.3647647
0,0,0.45197845
0,0,0.4240611
0,1,0.55657053
0,1,0.5353453
0,0,0.3933067
1,0,0.4439434
0,0,0.4483347
0,1,0.5005408
0,0,0.24630931
0,0,0.40466398
1,0,0.4719288
0,1,0.6396531
0,1,0.54535234
0,0,0.34526268
0,1,0.50404596
0,0,0.49119338
0,0,0.28042978
0,0,0.4264863
0,0,0.4792515
0,0,0.40188107
0,1,0.5330595
0,0,0.46163085
0,0,0.40062428
0,1,0.7556827
0,0,0.47654673
0,1,0.621529
0,0,0.44078
0,0,0.36874968
0,0,0.48437977
0,1,0.5231384
0,0,0.36481318
0,1,0.5742785
0,0,0.45252565
0,0,0.4067087
0,1,0.50077426
0,0,0.473598
0,0,0.40362087
0,0,0.4718291
0,1,0.5133488
0,0,0.44115388
0,1,0.70261204
0,0,0.4933412
1,0,0.46072647
1,1,0.5144479
0,0,0.44975767
0,1,0.55087656
0,1,0.59250605
1,1,0.608237
1,0,0.35946652
0,0,0.36907858
0,0,0.32215926
1,1,0.52985054
1,0,0.49552965
0,0,0.4358485
0,1,0.52423984
1,1,0.530388
1,0,0.47983158
0,0,0.4592144
0,0,0.37110096
1,1,0.645115
0,1,0.5671312
0,1,0.5043951
0,1,0.5575676
0,0,0.4042267
0,1,0.63034093
0,0,0.49240372
0,0,0.37527934
0,1,0.5159993
0,1,0.6423515
0,1,0.5236411
0,0,0.44403562
1,1,0.57819647
1,1,0.5974133
0,0,0.4469682
0,1,0.6410146
0,1,0.54611456
0,0,0.48287377
0,0,0.42916906
0,0,0.44626468
0,0,0.4102811
0,1,0.51788765
1,0,0.37395743
0,0,0.47810188
1,1,0.5904747
0,0,0.37756866
0,0,0.4219704
0,1,0.5381335
0,0,0.47207937
0,1,0.57439363
1,0,0.3556478
0,0,0.43913192
0,1,0.57137907
0,0,0.33131227
0,1,0.5177979
0,0,0.32619002
0,1,0.60533327
1,1,0.5524255
0,1,0.55193305
0,0,0.48007277
1,1,0.56002367
0,1,0.5163403
0,1,0.55018365
1,1,0.5760113
0,0,0.28408238
0,0,0.43787026
0,0,0.36697343
0,0,0.39993432
0,0,0.49369618
0,1,0.6142258
0,1,0.6789508
1,1,0.6352129
1,0,0.3093036
0,1,0.5054625
0,0,0.43255165
0,0,0.48635766
1,1,0.57759345
0,0,0.4982671
0,1,0.5651587
0,1,0.5539173
0,1,0.6314565
0,0,0.3190725
0,1,0.5198373
0,0,0.40775773
1,1,0.6107
0,1,0.5335155
0,1,0.5239783
1,1,0.54499674
0,0,0.44927663
0,0,0.43908587
1,0,0.41294065
0,0,0.46248013
0,0,0.4276522
0,0,0.45932722
1,1,0.5227774
0,1,0.54403615
0,0,0.20419121
0,0,0.4901217
0,0,0.29338735
0,0,0.39974424
0,0,0.428247
0,1,0.54196
0,0,0.49124867
0,0,0.42190927
1,0,0.46157387
0,0,0.44316384
0,1,0.5529355
0,0,0.3879746
1,0,0.4877543
1,1,0.5563985
1,1,0.53859806
0,1,0.52249056
0,0,0.48381275
1,0,0.47601798
0,0,0.23568256
0,0,0.4335019
1,1,0.5323614
1,1,0.5044116
1,1,0.6154568
0,1,0.586756
0,0,0.24799697
0,1,0.52544546
0,0,0.32068586
0,0,0.39490858
0,0,0.3752
0,0,0.29437804
0,0,0.41075832
1,1,0.54412353
1,1,0.61243826
0,0,0.43162203
0,0,0.4912616
0,0,0.4
1,1,0.5559987
0,1,0.5179243
0,1,0.5034658
0,0,0.34053028
0,0,0.35152248
1,1,0.5475436
0,1,0.535892
0,0,0.48794982
0,1,0.597983
0,0,0.3892827
0,1,0.56865144
0,1,0.51383317
0,0,0.37951335
1,1,0.5042044
0,1,0.5107384
0,0,0.47353357
0,1,0.5097915
0,1,0.509374
1,1,0.72797334
0,0,0.47524008
0,1,0.50452244
0,1,0.5395701
1,0,0.47850412
1,0,0.41359192
0,1,0.51131546
0,0,0.43224937
1,1,0.6013564
0,1,0.5821407
0,1,0.6164534
0,1,0.5738113
0,1,0.5624242
0,0,0.3873618
0,1,0.6949632
0,0,0.44616526
0,0,0.41920248
0,1,0.5232806
1,0,0.37923592
0,0,0.38224065
0,0,0.45766637
0,0,0.4125366
0,0,0.4088304
0,1,0.742916
0,1,0.5382811
0,1,0.5203129
0,1,0.5466678
1,0,0.37730277
0,1,0.5342531
0,0,0.4256314
0,1,0.56361747
0,0,0.45201954
0,0,0.43902966
0,0,0.4101692
0,0,0.4150593
0,1,0.50015295
0,0,0.4292972
0,0,0.48004425
0,1,0.5908563
0,0,0.29290777
0,0,0.4001474
0,1,0.5280607
0,1,0.5345888
0,0,0.4158936
0,0,0.3976896
0,0,0.47183537
0,1,0.51566285
0,0,0.4203557
1,0,0.41805503
0,1,0.54444695
0,1,0.50999415
0,1,0.5339993
0,0,0.39187893
0,0,0.49139637
1,1,0.53258216
0,0,0.47553903
0,0,0.4654975
0,0,0.3031193
0,1,0.51678705
0,0,0.11508968
0,0,0.41392264
1,0,0.42596164
0,1,0.5460758
0,1,0.5746411
0,0,0.42240888
0,0,0.47960544
1,0,0.47971085
0,1,0.5783057
0,0,0.35150617
0,0,0.421605
0,0,0.42724243
0,0,0.48369253
0,1,0.64881647
0,0,0.49925396
0,0,0.24539706
0,0,0.39484918
0,1,0.53984654
0,0,0.49888617
0,1,0.65225774
0,0,0.49025902
0,0,0.4751405
0,1,0.57632935
0,0,0.35265154
0,0,0.41169462
1,0,0.45939168
1,0,0.42925954
0,0,0.36443946
0,0,0.46387783
1,1,0.5010662
0,0,0.42331463
0,1,0.71541715
0,0,0.29685605
0,1,0.51573765
0,0,0.28854156
0,1,0.61130476
0,1,0.51656544
0,0,0.46904385
0,0,0.42076686
1,0,0.4425138
0,1,0.52300704
0,1,0.5256998
0,1,0.5860385
0,0,0.45031565
0,1,0.6243237
0,0,0.42006984
0,1,0.5212885
0,0,0.43878627
0,1,0.54017425
1,0,0.32383576
0,1,0.5314031
1,0,0.2972992
1,0,0.42823416
0,0,0.30867305
0,1,0.50907683
0,1,0.6083323
0,0,0.39575833
0,1,0.54898965
0,0,0.30499467
0,0,0.42077962
1,0,0.43027186
1,0,0.4805404
0,0,0.35063028
0,0,0.4715515
0,0,0.47792038
0,0,0.42961967
0,1,0.51318717
0,1,0.51582503
0,0,0.37528777
0,0,0.3726789
0,0,0.37372178
0,1,0.5471901
0,0,0.4178894
0,0,0.37249687
0,0,0.14721426
0,0,0.34123328
0,0,0.42633426
0,0,0.45187122
0,1,0.514611
0,0,0.44164115
1,1,0.54375887
1,0,0.45965013
1,1,0.59177697
0,1,0.56033444
0,1,0.54200804
0,1,0.5159879
0,0,0.28695902
0,0,0.38414702
0,1,0.55347466
0,0,0.42955202
0,1,0.5042746
1,1,0.6349426
0,0,0.34777066
0,0,0.48989734
0,0,0.49726364
0,0,0.49333745
0,0,0.49397436
0,0,0.48434666
1,0,0.37173626
0,0,0.4815431
0,1,0.56293476
1,1,0.57107806
0,1,0.5182936
0,1,0.5470433
0,0,0.35923135
1,1,0.50977176
0,0,0.3471094
0,1,0.55297506
0,0,0.3218364
0,1,0.5617356
0,0,0.46341732
0,0,0.31240955
0,1,0.5193503
0,0,0.4487914
0,0,0.48931304
0,0,0.48293403
0,1,0.52934545
0,0,0.28299832
0,0,0.3544274
0,0,0.47401232
0,0,0.4665532
0,0,0.37144923
0,1,0.67649925
1,0,0.45253453
0,0,0.40188625
0,0,0.383927
0,0,0.38563293
0,1,0.5781946
0,0,0.44338492
0,0,0.35811567
0,1,0.58015287
0,0,0.4043533
0,0,0.47037908
0,0,0.46407625
0,1,0.52120376
1,1,0.5481652
0,1,0.50865066
1,0,0.34338602
0,0,0.3751826
0,1,0.5711881
0,0,0.43946803
0,1,0.6346271
0,0,0.40109983
1,1,0.54869074
0,1,0.5225842
0,1,0.5459657
1,1,0.6210469
0,1,0.5556289
0,0,0.40181246
0,0,0.42996013
0,0,0.4436702
0,0,0.4577677
0,0,0.47951257
0,0,0.42106292
0,0,0.4512767
0,0,0.4857169
0,0,0.37436506
0,0,0.48535752
0,0,0.45422438
1,0,0.42099047
1,0,0.4770071
0,1,0.586438
0,1,0.5191654
0,0,0.41197568
0,1,0.540023
0,0,0.43452716
0,0,0.42836696
0,0,0.38812554
0,1,0.50289893
1,0,0.4416485
1,0,0.4870233
1,1,0.6599439
0,0,0.47089013
0,1,0.52472687
0,1,0.5877586
0,0,0.3686347
0,0,0.43524638
0,0,0.49647248
0,0,0.20986097
1,1,0.60899484
0,0,0.45429018
0,0,0.37069008
0,0,0.48833296
0,1,0.55010986
0,0,0.38872784
0,0,0.48124626
0,0,0.38767385
1,0,0.4251048
0,0,0.4318724
0,0,0.44335082
1,1,0.64026904
0,0,0.39299032
0,1,0.57399833
0,1,0.6753218
0,0,0.3920106
0,1,0.53698695
0,1,0.5883034
1,0,0.43073344
0,0,0.44808975
0,1,0.5340873
0,0,0.43053326
0,1,0.50620437
0,0,0.45584196
1,1,0.604074
0,0,0.35674068
0,0,0.47310138
0,1,0.5649837
0,0,0.28739092
0,0,0.4585626
0,0,0.42738184
0,1,0.54720473
1,1,0.62833375
1,1,0.5546242
0,1,0.6031927
0,0,0.424465
0,1,0.56845164
0,0,0.3122269
0,0,0.40128493
0,0,0.43467864
0,0,0.46927157
1,1,0.5396191
0,0,0.45143136
0,1,0.5584973
0,1,0.5449648
0,1,0.5979143
1,0,0.404459
1,1,0.67699414
0,0,0.44172978
1,1,0.5434237
0,0,0.40047267
0,0,0.44299462
0,0,0.42969716
0,1,0.60628116
1,0,0.44702682
1,1,0.6255769
0,0,0.43403253
0,0,0.43633503
0,0,0.42468008
0,1,0.5529972
0,0,0.42590955
0,1,0.52454907
0,1,0.5144266
0,0,0.49359503
0,0,0.39805177
0,1,0.54846
1,1,0.659906
0,0,0.35131216
1,1,0.5802634
0,0,0.36239108
0,1,0.5139187
0,1,0.5539551
0,0,0.41878685
0,1,0.50039446
0,0,0.47214553
0,0,0.4959176
1,0,0.33021757
0,0,0.25338337
1,0,0.4341708
0,0,0.46580672
0,0,0.3379129
0,1,0.52874583
0,0,0.46962783
0,0,0.35511625
1,0,0.4978735
0,1,0.5294094
1,0,0.2755543
0,0,0.44833505
1,0,0.44780368
0,0,0.48080567
0,0,0.40219894
0,1,0.6739856
0,0,0.49970946
1,1,0.5483805
1,1,0.64025974
1,0,0.37424073
0,0,0.48788038
0,1,0.5901986
0,1,0.51907766
0,0,0.35134646
0,1,0.50872797
1,0,0.46379253
1,0,0.38982022
0,1,0.50578773
1,0,0.3815541
0,1,0.60470665
0,1,0.50764954
0,0,0.41320255
0,1,0.50258005
0,1,0.5642317
0,1,0.54903257
1,0,0.4766921
0,0,0.46238014
0,0,0.4428574
0,0,0.40821806
1,0,0.4737252
0,0,0.41897276
0,0,0.30505568
0,1,0.5507611
0,0,0.18205005
0,0,0.4890752
0,0,0.4110977
0,0,0.47705188
0,0,0.4157702
0,1,0.6519194
0,0,0.31136557
0,1,0.51736754
0,0,0.49977738
0,0,0.45142576
0,1,0.56045586
0,0,0.32466504
0,1,0.5767131
0,0,0.49536783
0,0,0.3884464
0,1,0.56849563
0,0,0.381216
0,1,0.53756493
0,0,0.4011846
0,0,0.370409
0,0,0.4690191
0,1,0.61391175
0,1,0.55140793
0,1,0.69308746
0,0,0.44381136
1,1,0.5412654
0,0,0.48202327
0,0,0.4571378
0,1,0.5869379
0,0,0.2183705
0,1,0.5159665
1,1,0.57677585
0,0,0.37256587
0,0,0.34581277
0,0,0.4169013
0,1,0.5054347
0,0,0.41494665
0,0,0.27226532
0,0,0.43494904
0,0,0.333408
1,1,0.5377347
0,0,0.29868838
0,0,0.49771354
0,0,0.47332844
0,1,0.5478883
0,1,0.7918636
0,1,0.60101366
0,0,0.24486783
0,0,0.45904785
0,0,0.4638776
0,1,0.6594075
0,1,0.5441754
0,1,0.58010733
0,0,0.4818745
0,0,0.48209494
0,0,0.3703853
0,0,0.48075294
0,1,0.58827794
0,0,0.42456686
0,1,0.64697534
0,0,0.4588233
0,1,0.53330034
0,1,0.5143331
0,1,0.53309333
0,0,0.42411247
1,0,0.42633912
0,0,0.40318847
0,0,0.34227023
0,0,0.36819988
0,0,0.21257791
0,0,0.47450608
0,0,0.4686065
0,0,0.46222055
1,0,0.48701388
0,0,0.36864775
0,0,0.3538364
0,0,0.46270263
0,0,0.4190446
1,1,0.53564155
0,1,0.59241617
0,1,0.64964974
0,1,0.55874455
1,1,0.771798
0,1,0.587666
0,1,0.5713257
0,0,0.25093654
0,0,0.48318848
0,0,0.47072053
0,1,0.5269664
0,0,0.37569866
0,1,0.51197803
0,0,0.48758566
0,0,0.31425712
0,0,0.396583
0,0,0.35026294
0,0,0.47756478
0,0,0.38012752
0,0,0.3837823
1,1,0.5003195
1,1,0.6146858
0,1,0.54734176
1,0,0.4585144
1,1,0.5049945
0,0,0.38320637
0,0,0.40999666
0,0,0.2713884
1,1,0.57291806
0,0,0.41694036
0,1,0.566163
0,1,0.51170933
0,1,0.50899327
0,0,0.42772073
0,0,0.42304474
0,0,0.4769975
0,1,0.55983466
0,0,0.41065317
0,0,0.40109324
0,0,0.29437363
1,0,0.44584766
0,1,0.66916454
0,0,0.42243007
0,0,0.48785162
0,0,0.3559576
0,1,0.51353455
0,0,0.49341846
0,0,0.39438966
1,1,0.52530736
0,1,0.54103935
0,0,0.49308798
0,1,0.63040614
0,0,0.3982747
0,0,0.41706166
0,1,0.5576904
0,0,0.49136543
0,0,0.42816457
0,1,0.53267646
1,0,0.46489137
0,0,0.4016764
0,0,0.4978805
0,0,0.257943
0,0,0.30706072
0,0,0.48954886
0,1,0.5570789
0,0,0.36980477
0,0,0.30438212
0,0,0.393149
0,0,0.3274308
0,0,0.41325668
0,1,0.5940724
0,1,0.61836565
0,0,0.2849924
0,1,0.64254725
0,1,0.5488014
0,0,0.42481792
0,0,0.36034086
1,0,0.3111594
0,1,0.5156806
0,0,0.39102218
0,1,0.5518911
0,1,0.55234826
0,1,0.5078616
0,0,0.4004303
0,0,0.4829666
0,0,0.4549255
0,0,0.4682849
0,0,0.43563676
0,0,0.48994666
1,0,0.4210896
0,1,0.6045706
0,1,0.56208134
0,0,0.42153257
0,1,0.53499216
0,1,0.53790706
0,1,0.6555548
0,0,0.43890566
0,0,0.44899237
1,0,0.47741142
0,1,0.63239396
0,0,0.42355147
0,0,0.43576762
0,0,0.4383364
0,0,0.32575312
0,1,0.5681623
0,0,0.3092986
0,0,0.49248222
1,0,0.42741582
0,0,0.363347
0,1,0.646824
0,0,0.46653956
0,0,0.3849357
0,0,0.34970105
0,1,0.6091784
0,0,0.41622254
1,1,0.56157017
0,1,0.5704699
1,1,0.5202956
0,1,0.55922914
0,1,0.5016161
0,0,0.40600225
1,0,0.3288018
0,0,0.42175338
0,0,0.37862638
0,1,0.5405212
0,0,0.4973997
1,1,0.5751325
1,1,0.6267413
0,1,0.5666077
0,1,0.523279
0,0,0.3637319
0,0,0.47989994
0,0,0.4517975
1,1,0.5321694
0,0,0.42184743
0,0,0.39493233
0,0,0.3727754
0,0,0.368438
0,1,0.60896313
0,1,0.56505895
0,0,0.42859983
0,0,0.34642932
1,1,0.50711703
1,1,0.5479182
0,1,0.5146217
0,0,0.38220024
0,1,0.5105177
0,0,0.45133695
0,0,0.42581218
0,0,0.25958052
1,0,0.33594388
1,1,0.5488799
0,1,0.6524216
0,1,0.536589
0,0,0.46691757
0,0,0.34970897
0,0,0.4021538
0,1,0.5156089
0,1,0.5188079
0,0,0.47549376
1,1,0.69629055
0,0,0.41362095
0,0,0.23682125
0,0,0.3089074
0,0,0.4988969
0,0,0.4188176
0,0,0.4559099
0,0,0.3818734
0,1,0.5075001
0,1,0.5123088
0,1,0.5544027
0,0,0.3859213
0,0,0.36955777
0,0,0.4484763
0,0,0.36654797
0,0,0.45947722
0,0,0.4358183
0,0,0.3910016
1,0,0.33271608
0,1,0.52984786
1,0,0.41618982
0,1,0.5330527
0,1,0.62953365
0,0,0.1932384
0,0,0.47999316
0,1,0.6102294
0,0,0.40527326
0,1,0.5452546
0,1,0.5427793
1,0,0.48131573
0,0,0.49717826
0,0,0.4114284
0,1,0.51904
1,1,0.5116031
0,1,0.5457635
0,1,0.52949065
1,0,0.36546347
0,1,0.5172787
0,1,0.5460455
0,1,0.53896844
1,1,0.58097553
0,0,0.47782913
1,1,0.51680744
0,1,0.5306845
0,1,0.5291823
0,1,0.5505362
0,0,0.42785922
1,0,0.39513722
0,0,0.40825096
0,1,0.5761361
0,0,0.42283657
0,1,0.5593388
0,1,0.5447763
0,1,0.6903218
0,0,0.43221414
0,0,0.3727784
0,0,0.4137746
0,1,0.5213128
0,1,0.58707845
0,0,0.4242884
1,1,0.50965405
0,0,0.4516319
0,0,0.43726778
0,1,0.6647673
0,1,0.50626326
0,0,0.46802625
0,0,0.49729642
1,1,0.5383878
1,0,0.3817746
1,1,0.5341966
0,0,0.30248097
0,0,0.24106324
0,0,0.47185358
0,0,0.48126027
0,0,0.46182868
1,0,0.33710778
0,0,0.4285046
0,0,0.44979686
1,1,0.5310751
0,0,0.41631368
0,0,0.45388487
0,1,0.6329387
0,1,0.50893915
0,0,0.47343186
1,0,0.48067677
0,1,0.54865694
0,0,0.45939246
0,1,0.55518526
0,0,0.39892578
0,0,0.4658801
0,0,0.46153775
0,0,0.4433235
0,1,0.53536546
0,1,0.55174017
0,0,0.49395648
0,0,0.49536243
1,0,0.44343624
1,1,0.6330316
1,0,0.43625873
0,1,0.50552857
0,1,0.60546434
0,1,0.5742172
0,0,0.39312148
0,1,0.5533618
0,0,0.3438742
0,1,0.52545434
0,0,0.46177027
0,1,0.5449393
0,0,0.3219028
0,0,0.4870887
0,1,0.51327413
0,0,0.30088493
1,1,0.6126642
0,0,0.48507395
0,0,0.41220835
0,0,0.41985708
1,1,0.62606657
1,0,0.49075648
0,0,0.47353065
1,1,0.5475477
0,0,0.42311442
0,1,0.59733886
0,0,0.4829627
0,1,0.5216671
0,1,0.6663198
0,1,0.54002917
0,1,0.54539144
0,0,0.4562779
0,0,0.4450094
0,0,0.49242797
0,1,0.6018611
0,1,0.5032957
0,1,0.52292943
0,0,0.43044674
0,0,0.49968517
0,0,0.42086926
0,0,0.36583224
1,1,0.5015557
0,0,0.4946521
0,1,0.54999113
1,0,0.42857492
0,0,0.47509846
0,0,0.478072
0,1,0.5781969
0,0,0.31516916
0,1,0.5189345
0,0,0.48140422
0,0,0.48246327
0,1,0.59561
0,1,0.5117138
0,0,0.4366104
0,1,0.5708001
0,0,0.47132763
0,1,0.5959822
0,1,0.52506685
0,0,0.4046174
0,1,0.6836461
0,1,0.51385665
0,1,0.50507313
0,0,0.4183918
0,0,0.38157943
0,0,0.27693203
0,0,0.42418668
0,0,0.36507797
1,1,0.51604486
0,0,0.46873736
0,1,0.5702505
0,0,0.18571615
0,0,0.44025552
0,0,0.2852983
0,1,0.5329914
0,1,0.57201934
0,0,0.48643526
0,0,0.46260718
1,0,0.3762262
0,0,0.47435528
1,0,0.3766049
1,0,0.46891725
1,1,0.50355184
0,0,0.49199405
0,0,0.37975517
1,1,0.5315466
0,1,0.53336036
0,1,0.6742616
0,0,0.48155382
0,0,0.47420445
0,0,0.36918548
0,1,0.62105125
0,0,0.39212084
0,0,0.29732284
0,0,0.42008027
0,0,0.4976814
0,1,0.50690997
1,0,0.44378826
0,0,0.476067
0,0,0.34307122
0,0,0.44504818
0,0,0.4117335
0,0,0.44185612
0,1,0.57420975
0,0,0.4837465
0,1,0.52442163
0,0,0.22115017
0,1,0.61978054
0,1,0.6227688
0,0,0.4086695
0,0,0.42489922
0,0,0.39846265
0,0,0.31833917
0,0,0.46058145
0,0,0.42725307
0,1,0.5156349
1,1,0.51798344
1,1,0.5796348
0,0,0.44820774
0,1,0.5400123
0,1,0.6063117
0,0,0.492515
0,1,0.51784956
0,0,0.4287677
0,0,0.49934667
1,0,0.46807072
0,1,0.74074364
0,0,0.23965931
1,0,0.36292252
0,0,0.42884958
0,0,0.40660655
0,1,0.50075245
0,0,0.42823204
0,0,0.3364861
0,0,0.37841427
0,1,0.5068297
0,0,0.4574318
0,1,0.6044659
0,0,0.4277702
1,1,0.53826964
0,1,0.5574581
0,1,0.55591846
0,1,0.5282204
0,0,0.427695
1,1,0.56390065
1,1,0.5465622
0,0,0.4661376
0,0,0.27296475
0,0,0.35508722
0,0,0.45335352
1,1,0.5231209
0,0,0.36085773
0,0,0.4701947
1,1,0.5808033
0,0,0.4399653
0,0,0.3098548
0,1,0.5294322
1,1,0.53656614
1,1,0.5822028
0,0,0.3582712
1,0,0.4342373
1,1,0.55290467
0,1,0.5381281
0,1,0.51069194
0,0,0.37162745
0,0,0.4891796
0,0,0.33198842
0,1,0.5048106
0,0,0.4430022
0,1,0.5616361
0,1,0.52991664
1,1,0.5120323
1,1,0.64406574
0,0,0.40671986
0,0,0.49060035
0,1,0.58456945
1,1,0.59894186
0,1,0.52863157
0,0,0.38785097
1,1,0.54554534
0,0,0.4532251
0,0,0.4818251
0,1,0.5153551
0,0,0.48183295
0,0,0.43769005
0,1,0.5012892
0,0,0.41569266
1,1,0.5327623
0,0,0.18502255
0,1,0.5074394
1,0,0.4592242
0,1,0.62482375
0,1,0.56426024
0,1,0.62896717
1,0,0.45123136
0,0,0.44998157
1,0,0.36556482
0,1,0.59780073
0,0,0.43020347
0,0,0.29557988
0,0,0.49274153
0,0,0.38282415
0,0,0.47157845
0,0,0.42772925
0,0,0.45501062
1,1,0.5374726
0,1,0.57159114
0,1,0.601549
0,0,0.43948105
0,1,0.54790646
1,1,0.63284814
0,0,0.40793142
0,0,0.4536685
0,0,0.4931528
1,1,0.6048203
0,1,0.5578691
0,1,0.56277466
0,0,0.47754073
0,0,0.39909607
0,1,0.5079404
0,0,0.43279326
0,0,0.46415752
0,1,0.54164326
0,0,0.4972734
0,1,0.5792717
1,1,0.5626792
0,1,0.50805205
0,0,0.2726986
0,1,0.52630585
0,1,0.54074705
0,0,0.4490528
1,0,0.44543242
0,0,0.3874018
0,1,0.56364346
0,0,0.29167926
1,1,0.51905334
1,0,0.41232374
1,0,0.4322168
0,1,0.533197
0,1,0.5808902
0,0,0.4299968
1,0,0.4799101
0,0,0.45275873
1,0,0.38482487
0,0,0.3139627
0,0,0.42182258
0,0,0.44868752
0,0,0.49741155
0,0,0.47412354
0,0,0.47625834
0,0,0.34655952
0,1,0.5123487
0,0,0.3144646
0,0,0.4823894
0,0,0.43696076
0,0,0.31569937
0,1,0.5084376
0,0,0.4252241
0,0,0.47870505
0,0,0.4666157
0,0,0.33843103
0,0,0.31652746
0,1,0.5083203
0,1,0.55024105
0,0,0.4579629
0,0,0.33723092
0,1,0.57323486
0,0,0.48322275
0,0,0.4674777
0,1,0.56070817
0,0,0.49861103
0,1,0.5522307
1,1,0.5629643
1,1,0.5946603
0,0,0.44709256
0,1,0.531888
0,0,0.4156553
0,1,0.5318208
0,1,0.5364373
0,1,0.5068327
0,0,0.25006834
0,1,0.55506337
0,0,0.41549778
0,0,0.37734964
0,0,0.48895937
0,1,0.5767896
0,0,0.48921627
0,1,0.54515445
0,0,0.36707687
1,1,0.5379599
0,0,0.4060654
0,0,0.39227465
0,0,0.39089474
1,0,0.44808578
0,0,0.34564152
0,0,0.4725633
0,0,0.40178248
0,0,0.35186693
0,1,0.519248
0,0,0.4741314
0,0,0.37916222
0,1,0.546412
0,0,0.39315283
0,0,0.47872207
1,1,0.59413564
0,1,0.55539095
0,1,0.5680356
0,0,0.48216435
0,0,0.41277495
0,0,0.35816935
0,1,0.5276883
0,0,0.43090314
0,0,0.4064102
0,0,0.4439128
0,0,0.41618797
0,0,0.31715998
1,1,0.54369545
0,1,0.67108893
0,0,0.37546757
1,1,0.52879345
0,1,0.55315006
0,0,0.41609472
0,1,0.51549673
1,1,0.60999626
0,1,0.5597509
1,0,0.29928792
0,0,0.45895994
0,1,0.5103154
1,0,0.36597604
1,1,0.5592711
0,1,0.5745226
0,1,0.52594614
0,1,0.7277546
0,0,0.37288365
0,1,0.60355854
0,1,0.5423168
0,1,0.735324
0,1,0.5649071
0,0,0.18205844
0,1,0.5159326
0,0,0.4575219
0,1,0.528026
0,0,0.38745886
1,0,0.44396996
0,1,0.51899433
0,1,0.52040505
0,1,0.5910865
0,0,0.49723145
0,0,0.36899614
0,1,0.53468525
1,0,0.41533777
0,0,0.36882392
0,0,0.40995854
0,1,0.57524693
0,0,0.3021675
0,1,0.5329563
0,1,0.5530815
0,1,0.542524
1,1,0.5304878
0,1,0.68347955
0,0,0.39741218
0,0,0.38471726
0,0,0.42036492
1,0,0.4045827
1,1,0.51704395
1,1,0.54125047
0,0,0.3766732
0,0,0.38531563
0,0,0.4889124
0,0,0.30050853
0,0,0.4445051
0,1,0.5397359
1,1,0.6076633
1,0,0.48772117
0,1,0.64282763
0,1,0.54390055
0,0,0.48235494
0,1,0.5341016
0,1,0.56368035
0,0,0.32535252
0,1,0.5586053
0,0,0.40517345
0,0,0.21610576
0,1,0.55056727
1,1,0.533023
0,0,0.48475492
0,0,0.43216258
1,0,0.4737062
0,0,0.3537871
0,0,0.41163287
0,0,0.49787045
0,0,0.47631866
1,1,0.67628336
1,0,0.46044785
0,0,0.40570852
0,0,0.4952768
0,0,0.47797298
1,0,0.39153433
0,1,0.547293
1,1,0.5713264
1,1,0.5149238
1,1,0.6328325
0,1,0.60094595
1,0,0.49833974
0,1,0.5161516
0,1,0.53976256
0,1,0.6010872
0,1,0.6062188
1,0,0.45615616
0,0,0.45318162
0,0,0.4846837
1,0,0.4336347
0,1,0.5045823
1,0,0.49717736
0,1,0.5507413
0,0,0.4651901
0,1,0.52778786
0,0,0.42254806
0,0,0.25893238
0,0,0.4886131
1,1,0.54723036
0,1,0.5314106
1,1,0.5643803
1,1,0.56109023
0,0,0.40059128
0,1,0.5392767
0,0,0.44526857
0,0,0.40633157
0,0,0.31979674
0,1,0.58687913
0,1,0.52905434
0,0,0.34647778
1,0,0.2776597
0,0,0.36782277
0,0,0.48873958
0,1,0.513034
0,1,0.5079405
1,0,0.44993922
0,0,0.4852959
0,1,0.5258041
0,1,0.80595183
0,0,0.48163384
1,1,0.5646393
0,0,0.42748424
1,1,0.54667014
1,0,0.31793758
0,0,0.4888149
0,1,0.5874522
0,1,0.6680974
0,0,0.4299403
0,1,0.52769434
0,1,0.6000259
1,1,0.55158293
0,0,0.439308
1,1,0.5742919
0,0,0.48025152
0,0,0.4182529
0,0,0.3848168
0,1,0.5846735
0,1,0.5535591
1,1,0.5873349
0,1,0.57387376
1,0,0.47742158
0,0,0.38479468
0,0,0.27316603
0,0,0.47907156
0,1,0.59451306
1,0,0.48949248
0,1,0.5211358
0,0,0.27128124
0,0,0.46900436
0,0,0.49563253
0,0,0.32493535
1,1,0.63126844
0,0,0.44342807
0,1,0.5059668
0,1,0.5914422
1,0,0.49189052
0,1,0.51921767
0,0,0.4697116
0,1,0.51931214
0,0,0.39940003
0,0,0.39841303
0,0,0.43165442
0,0,0.41897836
0,1,0.53591186
0,1,0.52836704
0,0,0.45845085
1,1,0.5689206
0,1,0.6064248
0,0,0.3913031
0,0,0.45247182
0,0,0.39278772
0,1,0.54253924
0,0,0.4493212
1,1,0.5238862
0,0,0.35643435
0,0,0.4695889
0,1,0.6502091
0,0,0.44639486
0,0,0.34303084
0,0,0.4642184
1,1,0.52301955
1,1,0.53691506
0,0,0.44940564
0,1,0.5262058
1,0,0.47540602
0,1,0.5779511
1,0,0.46362805
0,0,0.49635765
0,0,0.3534159
0,1,0.50045407
0,0,0.3400423
0,0,0.4841033
0,0,0.4460354
0,0,0.43146256
0,0,0.4151177
0,1,0.5354978
0,1,0.5832762
0,0,0.45754164
0,0,0.30260977
0,1,0.52165353
0,1,0.52979225
0,0,0.46919945
0,1,0.5284699
0,1,0.5556283
0,1,0.51430035
0,0,0.37474537
0,0,0.45475286
0,0,0.43841237
0,0,0.46049815
0,0,0.4899538
1,0,0.43293515
1,1,0.5452279
0,0,0.3478003
0,0,0.1509485
0,0,0.29791498
0,0,0.34703758
0,1,0.58165336
0,1,0.5635581
0,1,0.6111363
0,0,0.38822195
0,0,0.47105795
0,0,0.2525834
1,0,0.32189512
0,0,0.2882348
0,0,0.38892695
1,0,0.4981857
0,1,0.54397535
0,1,0.5943316
1,0,0.36160067
0,0,0.49852547
0,1,0.51209676
0,0,0.4272765
0,0,0.39196873
0,0,0.37359363
1,0,0.25032574
0,0,0.30655524
0,0,0.40250176
0,0,0.4750537
0,1,0.5837253
1,1,0.5309047
0,0,0.45322916
1,0,0.3985662
0,1,0.54730105
0,0,0.38482934
0,1,0.573105
1,0,0.27254203
0,0,0.49403286
0,0,0.46190187
0,0,0.35572916
0,1,0.5300782
0,0,0.43115738
0,1,0.52784306
0,1,0.5282282
0,1,0.5455215
0,1,0.52873826
0,0,0.48831296
1,0,0.442597
1,0,0.46872306
0,0,0.49991778
0,1,0.5384834
1,1,0.61016095
0,1,0.5500235
0,0,0.347457
0,0,0.48708484
0,0,0.49575824
0,0,0.45105085
1,1,0.53462106
0,0,0.3980308
0,1,0.5650611
0,1,0.7554399
1,1,0.5618918
0,0,0.48002768
0,0,0.32344225
0,0,0.36629903
1,0,0.38972297
0,0,0.48570734
0,0,0.4364988
1,0,0.49795428
0,1,0.5290929
0,1,0.5505946
0,1,0.57345414
0,1,0.56406605
0,1,0.5630979
0,1,0.5315013
0,1,0.56988406
0,0,0.27823395
0,0,0.4204183
0,1,0.5613849
1,1,0.5499157
0,1,0.56290704
0,0,0.36242363
0,1,0.53936607
1,1,0.5952792
0,0,0.47514132
0,0,0.4995065
0,0,0.42467046
1,1,0.58452976
0,1,0.53451574
0,1,0.50684273
0,1,0.59114707
1,0,0.38519165
0,0,0.44975775
0,1,0.5293323
0,1,0.56042933
0,1,0.5438757
0,1,0.51110137
1,1,0.5606322
0,0,0.36336535
0,1,0.5521611
0,1,0.5189929
0,1,0.55064106
0,0,0.32662418
0,1,0.559694
1,1,0.5422292
0,0,0.2322456
0,0,0.46997693
0,1,0.5047435
0,1,0.51699376
0,1,0.594973
1,1,0.6389781
0,1,0.51741767
0,1,0.5706948
0,0,0.40046835
0,1,0.6289348
0,0,0.48390427
1,1,0.5085007
1,0,0.39097425
0,0,0.33601624
0,0,0.32950783
0,0,0.42488688
0,0,0.42844898
0,0,0.48572063
0,0,0.48859206
0,1,0.51474345
0,0,0.434955
0,1,0.54282486
0,1,0.5369334
1,1,0.61731625
1,0,0.4328545
0,1,0.5525106
0,0,0.44945922
0,0,0.278254
0,1,0.6532369
0,1,0.55776674
0,0,0.45378378
0,0,0.35139737
0,1,0.57359064
0,0,0.46804106
0,0,0.4311113
0,0,0.40036145
0,0,0.34791484
0,1,0.5519579
0,1,0.5798994
0,0,0.435612
0,0,0.46718276
0,0,0.40930775
0,1,0.50751173
0,1,0.5295388
0,0,0.26928452
0,0,0.25432992
0,0,0.42791864
0,0,0.36130667
0,0,0.49764463
0,0,0.45499885
1,1,0.5686468
0,1,0.5418794
0,0,0.45010528
1,1,0.59100837
0,0,0.3833756
0,1,0.5377612
0,1,0.55959475
1,1,0.651906
0,0,0.41638932
0,1,0.5372575
0,1,0.59990954
0,0,0.47863322
0,1,0.5033816
0,1,0.50057787
0,1,0.5154717
1,0,0.48096526
0,0,0.42427796
0,1,0.5514573
0,0,0.38621444
1,0,0.4625404
0,1,0.550294
0,0,0.25857118
0,0,0.4812833
0,0,0.39560005
1,0,0.4609868
0,1,0.5341577
0,0,0.48019972
0,1,0.51915115
0,1,0.58206785
1,0,0.38689166
1,1,0.53998154
0,1,0.5356007
0,1,0.56572354
0,1,0.6405506
1,0,0.26377168
0,0,0.49514455
0,0,0.32454976
0,0,0.45547983
1,1,0.69073665
0,0,0.42553502
0,0,0.46765453
0,1,0.5378446
1,0,0.41823632
0,0,0.46677378
1,1,0.5532007
0,0,0.23931773
0,0,0.444863
0,0,0.4705523
1,1,0.5175381
0,0,0.41743302
0,1,0.5573461
1,0,0.49193314
1,0,0.4113358
0,0,0.43286797
0,0,0.471652
0,1,0.61604524
1,0,0.3308241
1,1,0.5441741
0,1,0.5080077
0,0,0.37752643
0,1,0.5319914
0,0,0.41063395
0,1,0.54210556
0,0,0.21667181
0,1,0.5673007
0,0,0.40432915
0,0,0.24710707
0,0,0.43604726
1,1,0.6125485
0,0,0.27625248
0,0,0.19163056
0,0,0.2429607
0,0,0.48483083
0,0,0.4066227
0,0,0.38978526
0,0,0.38177153
0,0,0.40669215
0,0,0.48066732
1,0,0.46546036
0,0,0.37776512
1,1,0.51412237
0,1,0.5545476
0,0,0.43304768
0,1,0.5246769
0,1,0.52105397
0,0,0.44994125
0,0,0.3525144
0,0,0.44140092
1,0,0.47269288
0,0,0.46532524
0,1,0.5309682
0,1,0.5260941
0,1,0.5427245
0,1,0.5701434
0,1,0.525927
0,1,0.55345917
0,0,0.3967777
0,1,0.6546807
0,0,0.40495595
0,1,0.5085557
0,1,0.52253604
0,0,0.46043956
0,0,0.41467616
0,1,0.54820466
0,0,0.41613257
1,1,0.53075325
0,0,0.47682327
0,1,0.5099703
0,1,0.5512774
1,0,0.48678347
1,0,0.36453572
1,1,0.5261526
0,0,0.4976473
1,1,0.5124018
0,1,0.55617666
1,1,0.5120424
0,1,0.5066072
1,1,0.72791743
0,0,0.48579368
0,1,0.686435
0,1,0.55905294
1,1,0.5194676
0,1,0.5895258
0,1,0.50025904
0,1,0.522432
0,0,0.27355894
0,0,0.4915129
1,1,0.61011595
0,0,0.48607486
1,1,0.5197816
0,1,0.5003497
0,1,0.50467545
1,1,0.56435895
0,0,0.44759896
0,0,0.46177912
0,1,0.6121894
0,1,0.5312953
0,1,0.56728303
0,1,0.5212281
1,0,0.41438878
0,0,0.46511075
0,0,0.43240288
0,0,0.38486916
0,0,0.31664956
0,1,0.5029526
0,0,0.36840355
0,1,0.5506996
0,1,0.59899116
0,1,0.66742754
0,0,0.37044388
0,0,0.333502
1,1,0.60855645
0,1,0.5470507
0,0,0.44369096
1,1,0.5342865
1,1,0.59665316
0,0,0.43921602
1,1,0.5887828
1,0,0.43148437
0,0,0.4531965
0,0,0.46327832
0,0,0.40476286
0,0,0.4633155
1,0,0.22992666
0,1,0.53209907
0,0,0.29714257
0,1,0.50169075
0,1,0.57136023
0,0,0.3442708
0,1,0.56901526
0,0,0.32632643
1,1,0.5975225
0,0,0.4388822
0,0,0.49638554
0,0,0.48532662
0,1,0.50680625
0,0,0.43568933
0,1,0.5054753
0,0,0.4757954
0,0,0.34163332
0,0,0.36269256
0,0,0.49309447
1,1,0.55666447
0,0,0.32460055
0,0,0.45521456
0,0,0.4137888
0,0,0.25999027
0,1,0.5528079
0,0,0.44952968
0,1,0.5377967
0,0,0.47026408
0,1,0.6269733
0,0,0.41112834
0,0,0.48496115
0,0,0.36831453
0,0,0.3797577
0,1,0.68533516
0,1,0.5387806
0,1,0.53426194
0,0,0.35930446
0,0,0.3900668
0,0,0.31071565
0,0,0.43615896
1,0,0.42825466
0,1,0.54594773
0,1,0.5631747
0,0,0.42828375
0,1,0.609266
0,0,0.49228555
0,0,0.39384243
0,0,0.4726348
0,0,0.49874318
1,1,0.650367
0,0,0.453613
0,1,0.527943
0,1,0.54117453
1,1,0.51781213
0,0,0.48115644
1,1,0.51272273
0,1,0.5187125
0,0,0.42611235
0,0,0.42381153
0,1,0.50077355
0,0,0.36856017
1,1,0.58517087
0,1,0.63546985
0,0,0.4102817
0,1,0.56181926
1,0,0.48459712
0,0,0.43938097
0,1,0.51676834
0,1,0.6048447
0,0,0.41794428
0,1,0.5002283
0,0,0.38293177
0,1,0.5007073
0,1,0.63274586
1,0,0.48144585
0,1,0.53524995
1,1,0.5185373
0,0,0.4669238
0,0,0.44545275
0,0,0.43982852
0,0,0.48612362
1,0,0.38542497
1,0,0.41337952
0,0,0.35740706
1,0,0.46325856
0,0,0.46218243
1,1,0.66159225
0,0,0.27992076
0,1,0.59139377
0,1,0.5688112
1,0,0.44702888
1,1,0.65181446
0,1,0.54124653
0,0,0.45294544
0,0,0.47110796
0,0,0.37162372
0,1,0.5286858
0,1,0.57573867
0,0,0.4849294
1,1,0.5403669
0,1,0.5646981
0,0,0.421043
0,0,0.3875975
0,1,0.51131105
0,1,0.50425893
0,0,0.3289041
0,1,0.5560694
0,0,0.46237296
0,1,0.5460856
1,1,0.638291
0,0,0.44087857
0,0,0.43769917
0,0,0.4084153
0,1,0.5149653
0,0,0.2876986
1,0,0.44044653
0,1,0.6283109
0,0,0.37710735
1,0,0.43864506
0,0,0.27476764
0,0,0.40962577
0,1,0.53112185
0,1,0.61604947
0,0,0.44177473
0,1,0.5425631
0,0,0.42145398
0,0,0.30186677
0,1,0.63342065
0,0,0.39562535
1,1,0.6106874
0,0,0.44749713
0,0,0.46836537
0,1,0.53404534
0,1,0.52534556
0,1,0.57962435
0,0,0.4264046
1,0,0.47986984
1,0,0.41593632
1,0,0.39491174
0,0,0.41953316
0,1,0.5285929
1,0,0.37792242
0,0,0.41871268
0,1,0.57387024
0,0,0.44626868
0,0,0.29331163
0,1,0.5324979
0,0,0.20268561
0,0,0.40900984
1,0,0.41723496
0,1,0.53181314
0,0,0.45707145
0,0,0.48996967
1,1,0.52808386
1,0,0.49675423
0,0,0.43195266
0,1,0.5053594
1,1,0.50232005
0,1,0.54978687
0,0,0.38223675
1,1,0.66929364
0,1,0.5652265
1,1,0.5714169
1,1,0.5569704
1,1,0.5468115
0,0,0.4256299
0,0,0.4190658
1,1,0.52523565
1,0,0.28481454
0,1,0.6057272
0,0,0.1681541
0,0,0.45645663
0,1,0.52293026
0,0,0.49797523
0,0,0.41936493
0,1,0.53847444
1,0,0.36101028
0,0,0.30570537
0,0,0.46425667
0,0,0.40015435
1,1,0.5060527
0,1,0.6266724
0,1,0.58068454
0,1,0.51479375
0,0,0.33367735
0,1,0.5702255
0,0,0.4939086
0,1,0.53493977
0,0,0.4252358
0,0,0.48566002
1,1,0.5363785
0,0,0.47950655
0,0,0.37495485
1,0,0.49496803
0,0,0.47809988
0,0,0.34527093
0,1,0.5607054
0,0,0.438862
1,1,0.5669056
0,0,0.16944031
1,1,0.53283346
0,1,0.5226393
0,1,0.54398346
0,1,0.6171979
1,1,0.5024247
0,1,0.51241803
0,1,0.598513
0,1,0.60835505
0,1,0.60719216
0,0,0.49701336
0,0,0.40278733
0,1,0.54154646
0,0,0.35301846
1,1,0.6024022
0,0,0.45402366
0,1,0.5190909
0,0,0.45791525
0,0,0.4088992
0,1,0.53121966
0,0,0.4103187
0,0,0.41964936
0,0,0.46865118
0,0,0.44594282
1,0,0.4718477
0,0,0.4678802
0,0,0.4666785
0,0,0.46347812
1,1,0.6190133
0,0,0.39423415
0,0,0.31994992
0,1,0.53609943
0,1,0.5934253
0,0,0.46131024
0,0,0.4123192
0,0,0.46415892
0,0,0.44821152
0,0,0.45211318
1,1,0.50216794
0,0,0.46334866
0,0,0.39569923
0,1,0.55885786
0,1,0.63283455
0,0,0.4018877
0,1,0.60345566
0,0,0.42125526
0,1,0.504292
0,0,0.4089689
0,0,0.46351272
1,0,0.37658742
0,1,0.56851876
1,1,0.5405204
0,1,0.5384367
0,0,0.32983345
0,0,0.39648202
0,0,0.4702985
0,0,0.43339336
0,1,0.5938108
0,0,0.3299938
0,0,0.44799754
0,0,0.46128145
0,0,0.43510145
0,0,0.34654903
0,1,0.52454966
1,0,0.39371485
1,0,0.49427035
0,1,0.51492774
0,0,0.37637144
0,1,0.50395966
0,0,0.3306295
0,0,0.37960956
0,0,0.42377406
0,1,0.56680596
1,0,0.46572286
0,0,0.35734153
0,0,0.4258932
0,0,0.28000295
0,1,0.63975424
0,0,0.25908077
1,0,0.46689284
0,0,0.47889304
0,0,0.42128602
0,1,0.5654911
0,1,0.59002185
0,1,0.6625374
0,1,0.6550447
0,1,0.630491
0,0,0.42421368
0,0,0.4112835
0,0,0.45999712
0,0,0.4613967
1,0,0.28686452
0,0,0.38547882
0,0,0.43432933
0,0,0.45110837
0,1,0.5183406
1,1,0.5496261
0,1,0.552596
0,0,0.3647525
0,0,0.40013736
0,1,0.50585914
0,0,0.47334114
0,0,0.4579414
0,1,0.5824561
1,0,0.48318738
0,1,0.5116391
0,0,0.3391339
1,0,0.3699072
0,0,0.3428074
0,0,0.34785777
0,1,0.5905112
0,1,0.6123475
0,0,0.46059093
0,1,0.60036993
0,0,0.34757352
0,1,0.525878
0,0,0.4951779
1,0,0.4005393
0,1,0.6133727
0,0,0.41952753
0,0,0.4615817
0,0,0.3891614
0,0,0.48864374
0,0,0.44385028
0,1,0.5287951
0,1,0.566671
0,0,0.36070982
0,1,0.51810503
0,1,0.5340028
0,1,0.646971
0,0,0.35717544
0,1,0.6757864
0,0,0.46834683
0,1,0.50835216
0,0,0.4099478
0,1,0.56241894
0,1,0.5490892
0,0,0.3790198
0,0,0.46558487
0,0,0.41008395
0,0,0.39661732
0,1,0.5070816
0,0,0.39395165
1,0,0.4701596
0,0,0.24776947
0,0,0.39084524
0,1,0.5100548
0,0,0.2936546
0,0,0.46029678
0,1,0.62201774
0,1,0.5021882
0,0,0.4710109
0,1,0.5008404
1,1,0.5013373
0,1,0.5709518
1,1,0.56965125
0,0,0.49156472
0,1,0.50064504
0,1,0.5632176
0,1,0.5580643
0,1,0.5316831
0,0,0.43743828
0,0,0.4438526
0,0,0.41329426
0,0,0.30294287
1,1,0.56904584
0,0,0.40382385
1,0,0.38052347
0,1,0.53106177
1,1,0.5097059
0,1,0.60944414
0,1,0.5259911
0,1,0.60925376
1,0,0.3822545
0,0,0.432147
1,1,0.59337884
0,0,0.4755023
0,0,0.3747046
0,1,0.52082634
0,0,0.34169114
1,0,0.44774652
0,1,0.5258713
0,0,0.49638808
1,1,0.5097858
0,1,0.52595437
0,0,0.37578794
0,1,0.51864576
0,0,0.49612898
0,0,0.41126266
1,0,0.4852823
0,0,0.47972873
0,0,0.45838183
1,1,0.63578427
0,0,0.34365255
0,1,0.5118332
1,0,0.43383616
0,1,0.53444254
0,0,0.28663686
0,0,0.43487954
0,0,0.41487202
0,1,0.52126694
1,0,0.46757656
0,1,0.55671006
0,0,0.38060367
0,1,0.51274675
1,1,0.56903595
0,1,0.535568
0,1,0.5058192
0,0,0.46043774
0,1,0.566406
0,1,0.5580149
0,0,0.33921698
1,0,0.48413306
0,0,0.44053364
0,0,0.35305208
1,0,0.4638952
0,0,0.3901479
1,1,0.5805179
1,1,0.53430235
0,1,0.5054636
0,0,0.42403516
0,0,0.40927488
0,1,0.6144208
1,1,0.5540614
1,0,0.44861487
0,1,0.5865325
0,0,0.37552208
0,0,0.4288254
0,0,0.25673428
0,0,0.48139387
0,1,0.52786803
1,1,0.63681984
1,1,0.53579366
0,0,0.4647837
1,1,0.5338893
0,0,0.40205637
1,1,0.568613
0,0,0.47425678
0,0,0.37162417
0,0,0.45705095
0,0,0.34554106
0,0,0.35188162
0,0,0.46790832
1,0,0.49860108
1,1,0.58091044
0,0,0.47531846
0,1,0.5504048
0,0,0.49053243
0,0,0.48169842
0,0,0.42715475
1,0,0.47416487
0,1,0.53310037
0,1,0.5185727
0,0,0.3320649
0,1,0.5252387
0,1,0.5127265
0,1,0.54581654
1,1,0.50796235
0,0,0.46111703
0,0,0.47672927
1,0,0.37989286
0,1,0.5223614
0,0,0.48060593
1,1,0.67397046
0,0,0.4709842
1,1,0.65716755
0,0,0.4103917
1,0,0.40579936
0,1,0.5390431
1,1,0.5678941
0,1,0.52159846
0,0,0.35220686
0,1,0.6269437
0,1,0.5090169
0,0,0.40369156
0,1,0.51470256
0,1,0.6196662
0,0,0.42311367
0,0,0.20687886
1,1,0.5697485
0,1,0.61241424
0,0,0.415466
0,0,0.4608713
0,0,0.47550756
0,0,0.4334231
0,1,0.5100554
0,0,0.41036293
0,0,0.18844949
0,0,0.17967607
0,0,0.4165877
0,1,0.51835877
0,0,0.4803937
0,0,0.4343493
0,0,0.38755378
0,0,0.24813944
0,0,0.33686426
0,0,0.3654096
0,0,0.3683193
0,0,0.3247791
0,0,0.41524744
0,1,0.5012411
1,1,0.58840233
0,1,0.5352966
0,0,0.44183898
0,1,0.5272053
0,1,0.5331564
0,0,0.47381094
0,1,0.5189238
0,0,0.44520468
0,0,0.4242047
1,1,0.56170624
0,0,0.43600738
0,0,0.4036373
1,1,0.54515815
0,1,0.506041
0,1,0.56361675
0,1,0.5047128
0,0,0.30260602
0,0,0.46640193
0,0,0.45172924
0,0,0.46407968
0,0,0.4576303
1,1,0.5603913
0,0,0.43809602
0,0,0.4674316
0,0,0.47390786
0,1,0.6595706
1,0,0.48239088
0,0,0.47416666
0,1,0.6264029
0,0,0.49955964
0,0,0.42673105
0,0,0.45789975
0,1,0.5032753
0,0,0.42290395
0,1,0.5177882
1,0,0.40146253
0,0,0.49345094
0,1,0.58043504
0,0,0.33890972
0,1,0.50298536
1,1,0.530895
0,1,0.5072006
0,0,0.49636292
1,0,0.46216428
0,0,0.47594532
0,1,0.5570213
0,0,0.43786758
0,0,0.37614354
0,0,0.4879212
0,0,0.3565577
1,1,0.54810864
0,0,0.36221385
1,0,0.44187105
0,0,0.44924963
0,1,0.5543854
0,1,0.5063369
1,1,0.5570897
1,1,0.58420855
0,0,0.48473126
0,0,0.41220984
1,1,0.5509145
0,0,0.36404917
0,1,0.586041
0,1,0.5560485
0,0,0.46922275
0,0,0.30155373
0,1,0.54002976
0,1,0.53274935
0,0,0.48854032
0,0,0.4178292
0,0,0.1769876
0,1,0.5523953
0,0,0.4592143
1,1,0.54596555
0,1,0.5088078
1,1,0.56357014
0,1,0.62742597
0,0,0.46512908
0,1,0.61049736
0,1,0.5385133
0,0,0.22613558
0,1,0.5414307
0,0,0.37886786
1,1,0.5678255
0,0,0.43784824
0,1,0.5050701
0,0,0.4704148
0,1,0.5091331
0,0,0.31028444
0,0,0.3866315
0,0,0.38627955
0,0,0.41140285
0,1,0.59312975
0,1,0.50260866
0,0,0.44025326
0,0,0.43891492
0,0,0.37285602
0,1,0.5485989
0,0,0.42084995
0,0,0.41528463
1,0,0.46363845
0,1,0.5055758
0,1,0.54823965
0,0,0.44174576
0,0,0.35923156
0,0,0.38644344
0,0,0.3611185
0,0,0.41524613
0,0,0.46476036
1,1,0.540313
0,1,0.5406276
0,1,0.55961275
0,0,0.38536656
0,1,0.7094532
0,1,0.5374248
1,0,0.41994083
1,0,0.41251546
0,0,0.43907905
1,0,0.45190045
0,0,0.48190695
0,0,0.37878007
0,1,0.58557904
0,1,0.62390333
1,1,0.53008044
0,0,0.45448396
1,1,0.52547264
0,0,0.35637793
0,0,0.40127367
0,0,0.33335647
0,0,0.34713998
0,1,0.51032746
0,1,0.537808
0,1,0.522177
0,1,0.50286937
0,1,0.54917324
0,0,0.37458324
0,0,0.39366183
0,0,0.40677688
1,1,0.56479084
0,0,0.44324073
1,1,0.5836811
0,1,0.5302639
0,0,0.48646852
0,0,0.36543745
1,0,0.45090646
0,0,0.4001173
1,0,0.44860542
0,0,0.3782725
0,0,0.31585312
0,0,0.4047831
0,0,0.46667486
0,0,0.391373
0,1,0.5914167
0,1,0.5393759
0,1,0.57828534
0,0,0.26260635
1,0,0.26937488
0,0,0.48722726
0,0,0.22816083
0,1,0.5846919
0,0,0.44548702
0,0,0.34425372
0,0,0.3514346
0,0,0.35808802
0,0,0.3620184
1,0,0.39623708
1,0,0.3658338
0,1,0.57860124
0,0,0.48282525
1,0,0.47694117
0,1,0.69106746
0,0,0.39692014
1,1,0.56922996
0,1,0.519055
0,0,0.18023027
0,0,0.32511297
0,0,0.40052456
0,0,0.42556792
0,0,0.4701336
1,0,0.49346069
0,0,0.41544113
1,1,0.5974302
0,0,0.42713523
0,0,0.44422498
0,1,0.5164734
0,0,0.41519278
0,1,0.549467
0,1,0.55141234
0,1,0.5779335
0,0,0.46094772
0,0,0.48776975
0,0,0.49135023
1,0,0.37853938
0,0,0.2956238
0,0,0.4568389
1,0,0.45945543
0,1,0.52600646
0,1,0.54895604
0,0,0.32031247
0,0,0.24507566
0,0,0.42915434
0,1,0.5473573
0,1,0.52164125
1,0,0.45167762
0,0,0.40087783
0,1,0.53325
0,0,0.44043934
1,1,0.57162964
0,1,0.561271
0,0,0.29764152
0,0,0.16510835
0,0,0.42665896
0,0,0.4335825
0,0,0.39975816
0,0,0.33318707
0,0,0.47883576
0,1,0.55967426
0,1,0.51596045
0,0,0.4117876
1,1,0.6602746
0,1,0.57732415
0,0,0.30776885
0,1,0.55126536
0,1,0.51175225
1,1,0.55065227
0,1,0.6171957
0,0,0.46096492
1,1,0.68170094
0,0,0.46794888
0,1,0.52909285
0,1,0.5359296
0,1,0.51463795
0,1,0.56386006
0,0,0.37597865
0,1,0.55915785
0,0,0.3753507
0,0,0.36853105
1,1,0.5176201
0,0,0.4348084
0,0,0.47515142
0,0,0.47264937
0,1,0.63316274
0,1,0.54710305
0,1,0.5238534
1,1,0.54557455
0,0,0.4259189
0,0,0.47977313
0,0,0.34301308
0,0,0.39631534
0,0,0.38649124
0,0,0.18156624
0,0,0.48199427
0,1,0.5585429
1,1,0.54827905
0,0,0.42317122
0,0,0.463241
0,0,0.456579
0,0,0.4382181
0,0,0.370765
0,1,0.57681954
0,1,0.5175851
0,1,0.51421523
1,1,0.6140773
0,0,0.4099542
0,0,0.41093257
1,1,0.62245953
0,0,0.44712764
1,0,0.38858876
0,1,0.6151619
0,1,0.5238231
0,0,0.44971004
0,1,0.53184384
0,1,0.5664229
0,0,0.4132217
0,0,0.4855192
1,1,0.5662215
1,1,0.5681726
0,1,0.54205513
0,0,0.48124033
0,0,0.42024848
0,0,0.21601215
0,1,0.60756886
1,0,0.45028526
1,1,0.54412025
1,0,0.36391914
1,1,0.6629089
0,1,0.6067853
0,0,0.36827007
0,0,0.4902052
1,0,0.29785162
0,0,0.3719201
1,0,0.42815962
0,1,0.57921076
0,0,0.40907156
0,0,0.39751676
1,1,0.5499584
1,0,0.47846404
0,0,0.48240432
0,0,0.24718295
0,1,0.5913783
0,0,0.38755885
0,0,0.46038702
0,1,0.6063142
0,0,0.44604418
0,1,0.5813236
0,0,0.40877336
0,0,0.48447576
0,1,0.58170795
0,0,0.47526214
1,1,0.6129151
0,0,0.3712139
0,0,0.47796023
0,0,0.48482692
0,1,0.5460845
0,0,0.4944988
0,0,0.44963035
1,1,0.5364801
0,0,0.445404
0,0,0.36811325
0,0,0.44430527
0,0,0.45964652
0,1,0.6032057
0,0,0.48464304
1,1,0.53517556
0,1,0.5908351
1,0,0.46645468
0,1,0.6196044
0,0,0.35997468
1,1,0.52995634
0,0,0.3303157
1,1,0.66848266
0,0,0.41840896
0,0,0.49121058
1,0,0.33650184
0,1,0.53583884
0,0,0.28497663
0,0,0.40405822
0,0,0.45293078
0,0,0.47490162
0,0,0.39194307
0,1,0.5654429
0,1,0.5533793
1,1,0.67878175
0,1,0.58350146
0,1,0.50979227
0,0,0.4961912
0,0,0.25549218
0,0,0.4875684
0,0,0.37273917
0,1,0.5209272
0,0,0.47864622
1,0,0.3914115
1,1,0.6737975
1,0,0.45631003
1,1,0.6014769
1,1,0.50523484
0,1,0.5461461
1,1,0.53531027
0,1,0.5466546
0,0,0.43035355
0,1,0.6326062
0,0,0.45294133
0,0,0.28400207
0,1,0.53340775
0,1,0.5942733
1,1,0.5524497
0,1,0.58821535
0,0,0.47083932
0,0,0.36320397
0,1,0.52806854
0,1,0.5633426
0,0,0.48702994
0,1,0.5322324
0,0,0.48229665
0,1,0.5233202
0,1,0.61321944
0,0,0.4879331
0,0,0.42155355
1,0,0.45115435
0,1,0.5225309
0,0,0.40040943
1,1,0.62503177
0,0,0.49861184
0,0,0.45595518
1,0,0.37933925
0,0,0.47912106
0,0,0.34011447
0,0,0.46356001
0,0,0.49229023
0,1,0.5284413
0,0,0.4433792
1,0,0.37853706
1,0,0.49177492
0,0,0.3446634
1,1,0.52885807
0,0,0.27606764
1,1,0.50993055
0,1,0.5635185
0,0,0.36850637
0,0,0.4879349
0,1,0.5096184
0,0,0.42684498
0,0,0.36721742
0,0,0.40188107
0,1,0.566182
0,0,0.4634173
1,1,0.5888648
0,0,0.49324408
0,1,0.57455575
0,0,0.48606938
0,0,0.35100144
0,0,0.42229626
1,0,0.48680136
0,0,0.40868178
0,0,0.48245922
0,0,0.47907072
0,1,0.61117744
0,0,0.4033502
0,1,0.5052165
0,0,0.4296099
1,1,0.52149475
0,0,0.4673326
1,0,0.33757922
0,0,0.4917359
1,1,0.51085436
0,0,0.47929415
0,1,0.6134918
0,0,0.48133975
0,0,0.43656465
1,1,0.51015896
0,1,0.5261315
0,0,0.26084656
0,1,0.58116114
0,1,0.5306989
0,0,0.39221656
0,1,0.6092303
1,1,0.5362337
1,1,0.5002693
0,0,0.4831271
1,1,0.5290384
0,0,0.25465983
0,0,0.47726032
1,1,0.5407491
0,0,0.41181535
0,1,0.6723311
1,1,0.5139706
0,1,0.5727756
0,1,0.5394616
0,1,0.53688157
0,1,0.555619
0,1,0.5051887
0,1,0.5703578
0,0,0.38585845
0,0,0.3729603
0,0,0.48467723
0,1,0.5693792
0,0,0.41517347
0,1,0.5581288
0,1,0.5371864
0,0,0.48494723
0,1,0.6310463
0,0,0.45929432
0,0,0.48751462
0,1,0.5436652
1,1,0.578963
0,0,0.3611209
1,0,0.47661397
0,0,0.4292827
0,0,0.29021883
0,1,0.54960334
0,1,0.5271163
0,1,0.5130801
0,0,0.39306957
0,1,0.57316697
0,0,0.39752355
1,0,0.49925315
0,0,0.49372205
0,0,0.39629441
0,0,0.34224293
0,0,0.47703677
0,0,0.37975228
0,1,0.5031699
0,0,0.3184326
0,0,0.35948488
1,1,0.56890666
0,0,0.4807246
1,1,0.62797946
0,1,0.5730388
0,0,0.4505541
1,0,0.47786486
0,1,0.54521847
0,1,0.5068489
1,1,0.5698811
1,0,0.3387043
1,0,0.41626912
0,0,0.26276428
0,0,0.3471215
1,1,0.55263233
1,1,0.5028975
0,1,0.5158268
1,0,0.44695464
1,1,0.5093733
0,0,0.29927385
0,1,0.552714
0,1,0.6177633
1,1,0.5681587
0,1,0.6739361
0,0,0.44098228
1,0,0.3964415
0,1,0.56909865
0,1,0.5799847
0,0,0.3642333
0,0,0.4140433
1,1,0.5291006
1,0,0.3785357
0,0,0.35740185
1,1,0.5551352
0,0,0.43844247
1,0,0.4959479
0,1,0.5906404
0,1,0.5598999
0,0,0.46769443
0,1,0.5361126
1,1,0.70936584
1,1,0.5255891
1,1,0.5082838
0,0,0.4267987
0,0,0.49444085
0,0,0.47312534
0,0,0.4345203
0,0,0.43260452
0,1,0.55130994
0,1,0.53935575
1,1,0.5549892
0,0,0.3333628
1,1,0.52633184
1,0,0.4512347
1,1,0.53644055
0,0,0.44140047
0,0,0.39295965
0,1,0.5311756
0,1,0.6104414
1,0,0.4494296
1,0,0.32072777
1,1,0.5456333
0,0,0.48999256
0,0,0.2835907
0,0,0.39629817
0,0,0.47038248
0,0,0.494209
0,0,0.45986927
0,1,0.5061313
0,0,0.26964036
0,1,0.51651144
0,0,0.41816798
0,1,0.5865679
0,0,0.49534166
0,0,0.4361456
0,0,0.43713433
0,0,0.31780183
0,0,0.4282532
1,1,0.536186
0,0,0.32745466
0,0,0.40879157
1,1,0.51779187
0,1,0.51913214
0,1,0.5028675
0,1,0.569498
0,1,0.50449216
0,0,0.3947799
0,0,0.49247137
0,0,0.3840887
1,0,0.38266283
0,0,0.40510952
1,0,0.43697378
0,0,0.46523315
0,0,0.35330385
0,0,0.47017074
0,0,0.47867543
0,1,0.50677747
0,0,0.49933276
0,1,0.5238739
1,0,0.48551294
1,1,0.50019765
0,0,0.34639272
0,0,0.4033634
0,0,0.43018842
0,0,0.31283966
1,1,0.5381489
0,0,0.36706856
0,1,0.53821
1,1,0.7458942
0,1,0.5635181
0,0,0.4986335
0,0,0.41801378
0,1,0.5084359
0,1,0.53289187
1,1,0.5152846
1,0,0.3893289
0,1,0.5544578
0,1,0.5421541
1,1,0.5100175
0,0,0.49667126
0,0,0.41402367
0,0,0.4731006
0,1,0.6323814
0,1,0.5677099
0,0,0.3698832
0,0,0.46306062
0,0,0.40135133
0,0,0.47648135
0,1,0.57039756
0,1,0.61030096
0,0,0.44915825
0,1,0.5722692
0,0,0.34092587
0,1,0.548733
1,0,0.4431266
0,0,0.40329087
0,1,0.5244293
0,0,0.42087457
0,0,0.44568756
1,1,0.55834126
0,0,0.39487407
0,1,0.5196808
0,0,0.43407536
0,1,0.5688701
0,1,0.5599157
0,1,0.6065247
1,0,0.4283723
0,0,0.3737816
0,0,0.23854418
0,0,0.40962756
1,1,0.5475307
0,0,0.4040438
0,1,0.5045675
0,0,0.28536305
0,0,0.49268422
0,1,0.51349396
1,1,0.51708996
0,0,0.38032043
0,0,0.44449377
0,0,0.41660956
0,0,0.45978633
0,0,0.45792598
0,0,0.46704832
0,0,0.45787996
0,0,0.4648876
0,0,0.4417227
0,1,0.52420545
0,0,0.49527183
0,1,0.5603054
0,1,0.5269958
0,1,0.56817466
1,0,0.39007905
0,0,0.46192428
0,0,0.38791952
0,0,0.3449206
0,0,0.30335152
0,1,0.55965644
0,0,0.48304033
0,0,0.23479414
0,1,0.5607956
1,0,0.3886987
0,1,0.5035191
0,0,0.47963506
0,1,0.56310445
0,0,0.44043028
0,0,0.28602958
0,1,0.5039896
0,0,0.47987127
0,0,0.30724883
0,0,0.26395926
0,0,0.4876263
0,0,0.4109115
0,0,0.35490447
0,0,0.35500342
0,0,0.49109823
0,0,0.45220333
0,0,0.44711
0,0,0.49522322
0,0,0.38262218
0,1,0.5299492
1,1,0.5609171
0,0,0.36533374
0,0,0.44295293
0,1,0.54861176
0,1,0.63499284
0,0,0.3170301
0,1,0.61272514
0,0,0.42833298
0,1,0.5631425
0,0,0.42179397
0,1,0.5498451
0,1,0.5550548
1,0,0.4382754
0,0,0.4838116
0,1,0.50677156
0,1,0.6191994
1,0,0.41879612
0,0,0.40954557
0,1,0.52114546
0,0,0.44461244
1,1,0.57909524
1,1,0.5211127
0,1,0.56328976
0,1,0.5456263
0,1,0.5449345
0,1,0.5130156
0,0,0.44814718
0,1,0.5691697
0,0,0.47712296
0,0,0.4857761
0,1,0.58751845
0,1,0.51570046
1,0,0.392424
0,0,0.44857627
0,1,0.51588464
1,1,0.50362885
0,1,0.5344311
1,1,0.52686906
0,1,0.51230025
1,0,0.4026027
0,1,0.61456513
0,0,0.38356918
1,0,0.345605
0,0,0.36716074
0,0,0.43698874
0,0,0.4101455
0,0,0.4549582
0,1,0.60194993
1,0,0.4568832
1,1,0.5506766
0,1,0.58181643
0,1,0.52764565
0,1,0.5125195
0,0,0.42056853
0,0,0.40774634
0,0,0.45856458
0,1,0.5693594
1,1,0.58646286
1,1,0.68445146
0,1,0.5002656
0,0,0.49757382
0,1,0.5050397
0,1,0.5493984
0,1,0.55324304
1,1,0.51877177
0,0,0.45207974
0,1,0.51971966
0,0,0.47463873
0,0,0.47067404
0,1,0.50408596
0,1,0.50679713
0,1,0.5504916
1,0,0.46300203
0,0,0.4876906
1,1,0.51207954
0,0,0.44774696
1,0,0.37618965
1,0,0.4100865
0,0,0.36531067
0,1,0.50482535
1,1,0.50509965
0,0,0.47372472
0,1,0.5810654
0,1,0.63274884
0,1,0.61492413
0,1,0.53242874
0,1,0.51721203
0,1,0.5273457
1,1,0.57501495
0,0,0.4829687
0,0,0.40736833
0,0,0.1622856
0,1,0.5348435
0,1,0.51033425
1,1,0.5268054
0,1,0.55731946
1,0,0.40456152
1,0,0.4384958
1,0,0.44439214
0,1,0.50753266
0,0,0.2052572
0,0,0.3634793
0,0,0.4959468
1,1,0.5480287
0,0,0.41500285
0,0,0.4539535
1,0,0.39601758
0,0,0.31220022
0,0,0.33963636
0,0,0.37921086
0,1,0.67713577
0,1,0.663032
0,1,0.53793645
0,0,0.1997324
1,1,0.5393121
0,0,0.42028815
0,0,0.4905817
0,1,0.5189345
0,1,0.5154736
1,0,0.48808038
0,0,0.3578481
0,1,0.5073292
1,1,0.5791632
1,1,0.5534378
1,1,0.5091076
1,0,0.46436897
1,0,0.34870514
0,0,0.47842267
0,0,0.36014876
0,1,0.59134114
1,1,0.62969613
0,0,0.361828
0,0,0.47954705
0,0,0.4458411
0,1,0.5660753
1,1,0.5759718
0,0,0.34680006
0,1,0.5107404
0,1,0.6174312
0,0,0.3429821
0,1,0.62824786
0,0,0.3914273
0,0,0.40274414
0,0,0.42570394
1,1,0.5211023
0,0,0.14220685
1,0,0.42437074
1,0,0.48444325
0,0,0.43658406
1,0,0.4786274
0,0,0.4851945
0,0,0.4596609
0,1,0.62215906
1,1,0.5239333
1,1,0.5619445
0,0,0.29567313
1,0,0.4898916
0,1,0.6833248
0,0,0.47700122
0,0,0.3757274
0,0,0.435869
0,0,0.44786716
0,0,0.45919895
0,0,0.45331025
0,1,0.640119
0,1,0.5521083
1,0,0.46337703
0,0,0.3810516
0,0,0.37152767
1,0,0.46604148
1,0,0.21318114
1,1,0.6278097
0,1,0.53346336
0,0,0.18972507
0,0,0.48747218
1,1,0.57467055
1,1,0.66144305
0,0,0.2911667
0,0,0.40351337
0,0,0.3842613
0,0,0.45518002
0,0,0.44973254
1,1,0.5769012
0,0,0.33235848
1,0,0.49587873
0,1,0.53052545
0,1,0.5053902
0,1,0.5131346
0,1,0.6198354
1,0,0.24362898
0,0,0.26307642
0,1,0.5645325
0,1,0.52852726
0,0,0.4818619
0,1,0.60195774
0,0,0.42830625
0,0,0.45577928
0,0,0.42050868
0,0,0.16069837
0,0,0.47792488
1,1,0.62205523
0,0,0.37109596
0,1,0.5669098
0,0,0.47229183
0,0,0.48946354
0,0,0.40946177
0,1,0.5789435
0,0,0.4717405
1,0,0.33508942
0,0,0.4753545
0,1,0.51876605
0,0,0.352029
0,0,0.33028498
0,1,0.52388084
0,0,0.47180006
1,1,0.6431604
1,0,0.41546878
0,0,0.45271748
0,0,0.48896128
0,0,0.46241024
0,0,0.43750426
0,0,0.45556596
0,0,0.4995206
0,1,0.55083793
0,1,0.52544713
0,1,0.53076243
0,1,0.53098905
0,0,0.43097937
0,0,0.42464355
0,0,0.3770353
0,1,0.53182507
0,0,0.37321606
0,0,0.38689885
0,0,0.19063967
0,0,0.4224562
0,0,0.42719105
0,0,0.49170238
0,1,0.5303806
0,0,0.38449082
1,1,0.6087314
0,1,0.5211959
0,0,0.2654677
0,1,0.5223083
0,0,0.19551891
0,1,0.5237855
0,0,0.4383941
1,0,0.45323983
0,1,0.5351487
0,0,0.34563264
0,0,0.42628604
0,0,0.4446319
0,1,0.5459373
0,0,0.33888975
0,0,0.3534305
1,0,0.41139174
0,1,0.5279017
0,0,0.39518395
0,1,0.51653385
0,1,0.5995244
0,0,0.4974481
0,0,0.31003034
0,1,0.6911626
1,0,0.3886736
0,0,0.3729791
1,1,0.62449706
0,0,0.34748003
1,1,0.5198983
1,0,0.3651682
0,1,0.54641616
0,1,0.6276395
1,1,0.56725085
1,1,0.5374585
0,0,0.41808167
1,0,0.4690275
1,1,0.5397083
0,1,0.51517755
0,0,0.46324426
0,1,0.51268303
0,0,0.26491293
0,0,0.29839587
1,0,0.3061925
1,0,0.43873265
0,1,0.56850135
0,0,0.47554734
0,0,0.48602027
0,0,0.49331623
0,0,0.4213781
0,0,0.39066857
0,0,0.433118
0,0,0.46162108
0,0,0.3136017
0,1,0.5319651
0,0,0.46795413
0,0,0.27870834
1,0,0.4486851
1,1,0.6009091
0,0,0.4609087
0,1,0.52535737
1,1,0.65601546
0,0,0.36654747
0,0,0.46588746
0,0,0.4519571
0,0,0.40000856
0,0,0.33398718
0,0,0.45632273
0,0,0.45057026
0,0,0.38398078
0,1,0.51452535
0,1,0.5484886
1,1,0.7020372
1,1,0.54981023
0,0,0.3833829
1,1,0.5079125
1,0,0.41264436
0,0,0.41454872
0,1,0.5661384
0,0,0.45267162
0,0,0.39640465
0,0,0.17281665
0,1,0.56401145
0,1,0.5610833
0,0,0.33896646
1,0,0.40319026
0,0,0.40370178
0,0,0.3515243
0,0,0.3460433
0,0,0.44881243
1,1,0.50356156
0,0,0.45303196
1,0,0.4503972
0,0,0.3473822
0,0,0.39436942
0,0,0.44020826
1,1,0.52578276
0,1,0.52177936
0,0,0.4537965
0,0,0.36960873
0,0,0.32505816
0,0,0.41437867
0,0,0.47958678
0,0,0.4748249
0,0,0.32170025
0,0,0.46936953
0,0,0.48467603
0,1,0.51651585
0,0,0.45128208
1,1,0.5259828
0,0,0.4749502
0,1,0.55315876
0,1,0.5162512
0,0,0.33694696
0,0,0.47653505
0,0,0.3484674
0,1,0.51128614
0,0,0.46560916
1,0,0.31817308
0,0,0.34423012
0,1,0.6368918
0,0,0.47114187
0,1,0.5292794
0,0,0.412966
0,0,0.49595442
0,0,0.43266246
0,0,0.2417456
0,0,0.46800426
0,0,0.4668688
0,0,0.48180357
0,1,0.5355242
0,0,0.32024306
0,1,0.50996816
0,0,0.38331208
0,1,0.50124407
0,0,0.4726147
0,0,0.38334817
0,0,0.46401873
0,1,0.6488313
0,0,0.42523482
1,0,0.4943949
0,1,0.64033556
0,1,0.58024997
0,1,0.6514783
0,1,0.5029428
0,0,0.41352642
0,0,0.43952173
0,1,0.64919066
0,0,0.486297
0,0,0.45823678
0,0,0.4143135
0,0,0.34515032
0,0,0.47902197
0,1,0.57363373
0,0,0.23645441
1,1,0.5129316
0,1,0.58570904
0,1,0.5206152
0,0,0.39024898
0,0,0.45183784
0,1,0.5468907
1,1,0.5761315
1,1,0.5951346
0,0,0.42740193
0,0,0.4413594
0,0,0.40053028
0,1,0.5163262
1,1,0.55348706
1,1,0.6724664
1,1,0.8302871
0,0,0.403697
1,1,0.6303973
0,1,0.63268936
0,0,0.37719652
1,1,0.67438805
0,1,0.50332904
0,1,0.5965636
0,0,0.47393927
0,0,0.23581043
1,1,0.54292727
0,1,0.5932218
0,0,0.48638144
1,1,0.60641205
0,0,0.24393481
0,1,0.6070154
0,0,0.45946768
0,1,0.54794276
0,0,0.40943882
0,0,0.4380458
0,0,0.4161565
0,0,0.28403884
0,1,0.52988935
1,0,0.35900104
0,1,0.55557966
0,0,0.3711916
0,0,0.49987054
0,0,0.4646473
1,1,0.60850644
0,0,0.48401827
0,1,0.5841112
0,0,0.27823094
0,0,0.4744808
0,1,0.5719671
0,0,0.41057235
0,0,0.43245798
0,1,0.5107768
0,0,0.3029485
0,0,0.3986227
0,0,0.34862834
1,0,0.40824276
0,1,0.53297526
1,0,0.38002992
1,0,0.41969192
0,0,0.3860634
0,1,0.5518097
0,1,0.58249414
0,0,0.4663369
0,0,0.40563095
0,1,0.5142962
0,1,0.51693475
0,1,0.54744077
0,1,0.68986523
0,0,0.49565086
0,1,0.53957176
1,1,0.5681719
1,0,0.45264718
0,0,0.3347197
1,0,0.4061573
0,1,0.66573644
0,1,0.5085956
0,1,0.51651794
1,1,0.5722909
1,0,0.43972808
0,0,0.49165598
0,0,0.46456084
1,1,0.53635776
0,0,0.49495718
0,0,0.44898647
0,0,0.46122575
0,0,0.32613534
0,1,0.5659332
0,1,0.52434385
0,0,0.42243645
0,1,0.53945875
0,0,0.35020342
0,1,0.58470845
0,1,0.6058021
0,0,0.4152455
0,0,0.32743546
0,0,0.4527422
0,1,0.53269637
0,0,0.4734521
1,0,0.45700318
0,1,0.60602957
0,0,0.37494868
0,0,0.41096154
0,0,0.4917096
1,1,0.57901573
0,0,0.40138134
0,0,0.45369026
0,1,0.54747987
0,0,0.41843876
0,0,0.49096766
0,0,0.46736395
0,1,0.603901
1,1,0.50654364
0,0,0.436731
0,0,0.42226154
0,1,0.57723606
0,0,0.24903898
0,0,0.22140746
1,1,0.58043134
0,0,0.49980834
0,1,0.5142258
1,1,0.5152543
1,1,0.55919325
0,0,0.29955196
0,0,0.21729463
0,0,0.49079964
0,1,0.52781284
0,0,0.40671718
0,0,0.4707053
0,1,0.55512273
1,0,0.43749043
1,0,0.433226
0,0,0.46386015
0,0,0.46013594
0,0,0.4603783
0,1,0.5429902
0,1,0.6126728
0,0,0.39047977
0,0,0.3823921
0,1,0.585862
0,0,0.31474766
1,1,0.7411043
0,0,0.40469337
1,0,0.36509275
0,0,0.44307423
0,0,0.45144448
0,0,0.4693169
0,0,0.47229534
0,0,0.46807134
0,0,0.49153143
0,1,0.55637324
0,0,0.4017443
0,0,0.43259162
0,0,0.38240027
0,1,0.55891645
0,0,0.4616397
0,0,0.26774144
0,1,0.5254214
0,0,0.2757611
0,1,0.50953794
0,0,0.4948907
0,1,0.531918
0,0,0.49426514
0,1,0.58924264
0,0,0.44259346
0,0,0.49048033
0,0,0.4616222
0,0,0.3473035
1,1,0.5723373
0,0,0.38283294
0,1,0.53055876
0,0,0.21410342
0,0,0.47857296
0,0,0.42932314
0,1,0.60631394
0,0,0.31146088
0,0,0.32420835
0,0,0.45817176
0,1,0.59894794
0,0,0.21213122
1,0,0.42892882
1,0,0.40360668
0,0,0.43813226
0,0,0.35472062
0,1,0.5318964
0,0,0.45196754
0,1,0.592174
0,0,0.24204412
0,0,0.336425
0,0,0.36062258
0,1,0.55497444
0,0,0.28971916
1,1,0.61253285
0,0,0.47354534
0,0,0.2324386
1,0,0.42173445
0,0,0.45965356
0,0,0.2944304
0,0,0.46316272
1,1,0.5390615
1,0,0.38739088
0,1,0.5323378
0,1,0.5447999
0,0,0.47485632
0,0,0.4721851
0,0,0.39114293
0,0,0.47428018
0,0,0.47568497
0,0,0.18041001
1,1,0.5661721
0,1,0.51780397
0,1,0.55460954
1,1,0.5849804
0,0,0.49315178
0,1,0.52962244
0,0,0.43118525
0,1,0.57396674
1,0,0.4789785
0,0,0.48504356
0,0,0.44860247
0,0,0.453708
0,1,0.6139611
0,0,0.4087036
0,1,0.53411424
0,0,0.43563554
0,0,0.36353463
1,1,0.604684
1,0,0.30529085
0,0,0.36612943
0,0,0.45679104
0,1,0.5192644
0,0,0.31881762
0,0,0.4069664
0,1,0.5002163
0,0,0.33318555
0,0,0.4227449
0,1,0.5039213
0,0,0.4247679
1,1,0.5307069
1,1,0.5334246
0,0,0.43228444
1,0,0.40086168
0,0,0.30768737
0,0,0.32808456
0,1,0.57099515
0,0,0.30625415
0,0,0.4037697
0,1,0.620662
0,0,0.44543713
0,0,0.4439167
0,1,0.5252199
0,0,0.4220404
0,1,0.5269149
0,0,0.43981278
1,1,0.5104128
1,1,0.6822964
0,0,0.46476856
1,1,0.5207763
0,0,0.49587592
0,0,0.4573834
0,0,0.4452636
1,1,0.5784641
0,0,0.4722552
0,0,0.4519354
0,0,0.2246076
0,0,0.2684484
1,1,0.6196913
0,0,0.4132684
0,0,0.4544061
0,1,0.53255343
1,1,0.5498556
0,1,0.5270811
0,1,0.5062031
0,0,0.38963252
0,0,0.41048595
0,0,0.31336564
0,0,0.4525411
0,0,0.4352242
0,0,0.43690038
1,0,0.48263425
0,1,0.5069389
1,1,0.5497427
0,1,0.5397922
0,1,0.5306717
0,1,0.5322169
0,1,0.55859894
0,1,0.60210073
0,1,0.5584737
0,1,0.56829
0,0,0.327823
0,0,0.36556482
0,0,0.47698364
1,0,0.3338976
0,0,0.4280855
0,0,0.43603823
0,1,0.54329455
0,1,0.5390576
1,0,0.46331695
0,0,0.33683705
0,0,0.39668688
0,0,0.43209705
1,0,0.38467154
0,0,0.46742898
0,0,0.39294818
1,1,0.5228157
0,0,0.41706634
0,0,0.44626674
0,0,0.21304052
1,0,0.42916864
0,1,0.51055706
0,0,0.4788991
0,0,0.495684
1,1,0.58097637
0,0,0.45535436
0,0,0.42846635
0,1,0.5072713
0,1,0.5021794
1,1,0.6737453
1,0,0.4307863
1,1,0.59401953
0,1,0.5279287
0,0,0.4916164
0,0,0.49847627
0,1,0.57417846
1,0,0.4659703
0,0,0.47799614
0,0,0.4771352
0,1,0.5237164
0,1,0.7288912
0,0,0.4319413
0,0,0.45809904
0,0,0.3292279
0,0,0.4909059
0,0,0.40932944
0,0,0.33705714
0,1,0.5271301
1,0,0.4883314
0,1,0.50752187
