actual_label,predicted_label,predicted_probability
0,1,0.5028675
0,0,0.45462596
0,0,0.4967472
0,0,0.45952973
0,1,0.5821794
1,1,0.53112555
0,0,0.48676822
1,1,0.5029997
0,1,0.5035319
0,1,0.5758139
1,1,0.5290655
0,0,0.46453872
0,0,0.4721777
0,1,0.56113493
0,0,0.27734587
0,0,0.4758577
0,0,0.4316365
0,1,0.5080226
0,0,0.43399093
0,0,0.40877414
1,1,0.56104296
0,0,0.48326758
1,0,0.46429172
0,0,0.47419876
0,0,0.49716341
0,0,0.4796088
0,0,0.4913004
0,0,0.45702726
1,0,0.39732495
0,0,0.4913302
0,1,0.6030987
0,0,0.49365097
0,0,0.40794525
0,0,0.44768772
0,0,0.48793438
0,1,0.53532654
0,0,0.44979513
0,0,0.48959818
0,1,0.55488837
0,1,0.54707617
0,1,0.56721413
0,0,0.45825833
0,0,0.45367977
0,0,0.4462354
1,0,0.4679674
0,0,0.497281
0,1,0.5625633
0,0,0.439399
0,0,0.4336008
1,1,0.54063
0,0,0.44368172
0,1,0.5937522
1,1,0.5113064
0,0,0.4892707
0,1,0.5119485
0,0,0.4738476
1,1,0.55211586
0,0,0.4882922
0,1,0.5066463
0,0,0.4820818
0,1,0.5855986
1,0,0.4786739
1,0,0.32385144
0,1,0.51113933
0,0,0.4931466
0,0,0.4822904
0,0,0.35266027
0,0,0.4306491
1,1,0.5261498
0,0,0.47356173
0,1,0.57577074
0,0,0.42220098
0,0,0.46797523
0,1,0.51563734
0,0,0.35995296
0,1,0.55601585
0,1,0.5395927
0,0,0.45759553
0,0,0.4274458
1,1,0.5685015
0,1,0.59046394
0,1,0.632258
0,1,0.5802883
0,1,0.5967752
0,0,0.39244246
0,1,0.51097625
1,0,0.4911896
0,0,0.3931337
0,0,0.4786448
1,1,0.50824255
0,0,0.4354753
0,0,0.4159834
0,0,0.4458291
1,1,0.50392497
1,0,0.42107496
0,0,0.3640215
0,0,0.46217632
0,0,0.30810565
0,0,0.39402345
0,0,0.44739062
0,0,0.47074202
0,1,0.5116395
1,0,0.4887252
0,0,0.46858066
1,0,0.47671768
1,1,0.5477846
0,0,0.45549822
0,0,0.46609417
1,1,0.5275405
1,1,0.5735547
0,0,0.47546196
0,1,0.6152344
0,1,0.51432
1,0,0.38526464
0,1,0.5513315
0,0,0.4855323
0,1,0.5122676
1,0,0.49667415
0,0,0.48115447
0,0,0.4364763
0,0,0.48178956
0,1,0.5325726
0,0,0.44698873
0,1,0.53328824
0,0,0.45601097
0,0,0.450665
0,0,0.41112652
0,0,0.47164327
0,0,0.45949098
0,0,0.47159615
0,1,0.55680245
0,1,0.5969553
1,0,0.37543944
0,1,0.5237633
0,1,0.55946106
0,0,0.43205252
0,0,0.4260378
0,0,0.47050232
0,0,0.479484
0,0,0.45601928
0,0,0.42658788
0,0,0.4775668
0,0,0.4911666
0,1,0.5459002
0,0,0.43736434
0,0,0.48852146
0,0,0.49955708
0,0,0.49005714
0,1,0.5205519
0,0,0.35928628
0,0,0.43385273
0,0,0.4749684
0,0,0.3866609
0,0,0.47240466
0,0,0.4458628
0,0,0.4386923
0,0,0.4748718
0,1,0.54510945
0,1,0.51727617
0,0,0.44432
0,0,0.35427278
1,0,0.47083542
0,0,0.39934215
0,1,0.5209382
0,0,0.21787353
1,1,0.59392667
0,1,0.5030726
0,0,0.44930473
0,1,0.609769
0,0,0.4215799
0,0,0.44016623
0,0,0.49915174
0,1,0.5125215
0,0,0.47370487
0,1,0.56214887
1,0,0.49975106
0,0,0.42848098
0,0,0.41952786
0,0,0.4626744
0,0,0.28253046
0,0,0.4584753
1,0,0.4349691
1,0,0.49416712
0,0,0.43364668
0,1,0.50142896
0,0,0.3111933
0,0,0.4446794
0,1,0.52075446
0,0,0.32873955
0,1,0.5482549
1,1,0.6514546
0,0,0.4562822
0,0,0.313463
0,0,0.49817663
0,0,0.4902408
0,0,0.47632208
1,0,0.48609832
0,1,0.60987604
0,0,0.3596971
1,0,0.41866025
0,0,0.3503441
0,0,0.49349803
0,0,0.47720423
0,1,0.5800904
1,0,0.480072
1,1,0.59520125
1,1,0.56349534
1,1,0.51890326
0,0,0.44510564
0,1,0.5755745
0,1,0.5396774
0,0,0.48667026
0,0,0.4948282
0,1,0.50676966
0,1,0.5996247
0,1,0.5554617
0,1,0.5155876
0,1,0.5529437
1,1,0.5823289
0,0,0.385448
0,0,0.42856508
1,0,0.4672374
0,1,0.50149786
0,1,0.6101722
0,1,0.5645203
0,0,0.4719394
0,1,0.6310269
0,0,0.48325706
0,0,0.47985348
0,1,0.5946915
0,1,0.51551205
0,0,0.4990656
0,0,0.48664987
0,1,0.51935273
0,0,0.46719518
0,1,0.56301856
0,0,0.47217998
1,1,0.5115139
0,0,0.47318998
1,1,0.5748105
0,1,0.5216051
0,0,0.4845257
0,0,0.4497919
0,1,0.5217965
0,0,0.43622652
0,0,0.45538884
0,0,0.4686236
1,1,0.51748204
0,1,0.5572746
0,0,0.48493135
0,1,0.5940447
0,1,0.5363792
0,1,0.57653946
0,0,0.48042125
0,1,0.5206929
0,0,0.44460073
0,0,0.42202142
0,0,0.4543265
1,0,0.45987478
0,0,0.3605906
0,0,0.48394674
0,0,0.47190082
1,0,0.4448922
0,1,0.5274251
0,0,0.4800974
0,0,0.45974323
0,1,0.5103845
0,0,0.49280563
1,0,0.4856927
1,1,0.60675275
0,0,0.24749596
0,1,0.5511959
0,1,0.51925576
0,0,0.46938935
0,1,0.50045246
0,0,0.42405698
0,0,0.4848076
0,0,0.4936248
0,0,0.4892866
0,0,0.46711245
0,0,0.34766826
0,0,0.4890115
0,1,0.57995003
1,1,0.57730365
0,0,0.38939983
0,0,0.45917323
1,0,0.46654364
0,1,0.5698846
0,0,0.44672054
1,1,0.58164275
0,0,0.4876737
0,1,0.5663801
0,0,0.44888625
0,0,0.4019652
0,0,0.39210892
0,0,0.4955776
1,1,0.60143495
0,1,0.54200584
0,0,0.21796252
0,0,0.45525923
0,1,0.51269466
1,0,0.4596972
1,1,0.57579356
1,0,0.49050954
0,1,0.5164289
0,0,0.46561748
0,0,0.4737317
1,0,0.49320218
0,0,0.45092127
0,0,0.31990954
0,1,0.514932
0,1,0.551187
1,1,0.6167209
0,0,0.42597598
0,1,0.55485266
0,0,0.49180555
0,0,0.4525257
0,1,0.5497249
0,0,0.31891072
1,0,0.46182978
0,0,0.48054942
0,0,0.4711905
0,0,0.485464
1,0,0.46659675
0,1,0.50112355
1,0,0.49623156
0,0,0.48230174
0,1,0.525603
0,1,0.50274944
1,0,0.45544896
0,1,0.50681275
0,0,0.35683537
0,0,0.46628764
0,0,0.49485934
1,0,0.4686469
0,0,0.31984547
1,0,0.4784403
0,1,0.52424175
1,0,0.4969352
0,1,0.5928522
0,0,0.47209695
0,0,0.45219645
0,0,0.44250447
0,0,0.4490276
0,0,0.48169318
0,1,0.5297201
0,0,0.47747743
0,0,0.45652837
0,0,0.4425429
0,0,0.26008675
0,0,0.49596512
0,1,0.5031322
0,0,0.49884626
0,1,0.56332105
1,0,0.44053766
0,1,0.50515974
0,0,0.40226564
0,1,0.5107873
1,1,0.5662175
0,1,0.5176016
0,0,0.47829154
0,0,0.46493888
1,1,0.5219675
0,0,0.43753174
0,0,0.43133652
1,0,0.4553604
0,1,0.58660424
0,0,0.46729758
0,0,0.45824382
0,1,0.56636786
0,0,0.4007172
0,0,0.35076487
0,0,0.48130333
0,1,0.5017498
1,0,0.4828148
0,0,0.3985097
0,0,0.42218098
0,0,0.49156758
0,0,0.47813725
0,1,0.52500975
0,1,0.50289893
0,1,0.61519605
0,0,0.48874584
0,0,0.4160345
1,1,0.5543246
0,0,0.46043444
0,0,0.3195789
0,0,0.4545329
0,0,0.46000594
0,0,0.35011056
0,0,0.45818684
0,0,0.4761821
0,0,0.48796895
0,0,0.4764162
0,0,0.45412466
0,0,0.3977877
1,0,0.4411663
1,0,0.48066953
0,0,0.46447024
0,0,0.4841758
0,1,0.5516347
0,0,0.30851007
0,0,0.43373546
0,0,0.20907804
0,1,0.5438656
0,1,0.5840196
0,0,0.36027429
0,0,0.48094282
0,0,0.47654867
0,0,0.44082603
0,0,0.47044003
0,0,0.47348237
0,0,0.48594216
0,0,0.4775414
1,1,0.55849206
0,1,0.51700884
0,1,0.506211
1,0,0.49568936
0,1,0.51893985
0,0,0.4847367
0,1,0.5132432
0,0,0.4319288
0,0,0.3165581
0,1,0.5203438
0,0,0.48453358
0,1,0.51367253
1,1,0.5872369
0,1,0.5611515
0,0,0.38325882
0,0,0.46352378
0,1,0.51839316
0,1,0.57288617
1,1,0.50657064
0,1,0.5569226
1,0,0.4960503
0,1,0.5824852
0,1,0.5224147
0,0,0.4928311
0,0,0.35164112
0,1,0.6414048
0,1,0.5031256
0,0,0.46250772
1,0,0.47811124
0,1,0.5168046
0,0,0.37842497
0,1,0.51928246
0,0,0.4934818
0,1,0.5232791
0,0,0.4558457
0,0,0.4628223
0,1,0.5076282
0,0,0.46934912
0,0,0.4559997
0,0,0.36225608
0,1,0.5114652
0,0,0.42986238
0,1,0.5311103
0,1,0.51104635
0,0,0.40810293
0,1,0.5117061
0,0,0.3932173
0,1,0.57913315
1,1,0.5597652
1,1,0.524945
1,1,0.5698454
0,0,0.49203336
1,1,0.51875323
1,1,0.5228352
0,0,0.4977742
0,0,0.47126186
0,1,0.5131664
0,0,0.4113985
0,0,0.44148692
1,1,0.5893639
0,0,0.46745938
0,0,0.4598624
0,0,0.35176298
0,0,0.48496732
0,0,0.48696673
0,0,0.3996636
0,0,0.35618913
0,0,0.4318214
1,1,0.63076186
0,1,0.6853623
0,0,0.46558902
0,1,0.5497617
0,1,0.5501297
0,0,0.459097
0,0,0.4719411
0,1,0.56636286
0,0,0.4992278
0,1,0.50924027
0,0,0.49470133
0,0,0.4792868
1,0,0.48707345
0,0,0.29640654
0,0,0.49905804
0,0,0.30638367
0,1,0.51243716
0,0,0.4596722
0,0,0.46956
0,0,0.42638105
0,0,0.41440058
0,0,0.4548262
0,0,0.49151886
0,0,0.49936303
1,1,0.6145915
0,0,0.48813426
1,0,0.4340075
0,1,0.56907874
0,0,0.4611516
0,0,0.3660943
1,0,0.47144476
0,0,0.46187127
0,1,0.5869684
0,0,0.48273993
0,0,0.37596458
1,1,0.5098085
1,0,0.48043403
0,1,0.5562256
0,0,0.48910567
1,1,0.5726783
0,0,0.43930522
0,0,0.48100987
0,0,0.46680027
0,0,0.4676662
0,1,0.58863395
0,0,0.36216825
0,0,0.30907163
0,1,0.50417054
0,0,0.47735158
0,1,0.56816584
0,0,0.4474066
0,0,0.4539875
0,0,0.47406846
0,0,0.40978324
0,0,0.43241397
0,1,0.5919397
0,0,0.2945397
0,0,0.46843353
1,0,0.4815953
0,1,0.5564201
0,0,0.46335217
0,0,0.34294638
0,0,0.47241247
0,1,0.5839597
0,0,0.2634237
1,0,0.4863526
0,0,0.26867497
0,0,0.48256508
0,0,0.4510375
1,0,0.40435916
0,0,0.4246902
0,0,0.47752914
0,1,0.54426223
0,0,0.4976606
0,0,0.4999152
0,0,0.34409484
0,0,0.44435936
0,0,0.42630228
0,1,0.5275105
1,1,0.5531602
1,0,0.44181493
1,1,0.5395888
0,1,0.5919051
0,0,0.46472564
0,1,0.5000484
0,0,0.4834254
0,1,0.5116598
0,1,0.5772334
0,1,0.55370665
0,0,0.43577483
0,0,0.41861284
0,0,0.455225
0,0,0.4186306
1,1,0.53394413
1,0,0.3976413
0,1,0.50414276
0,0,0.46730614
0,0,0.4469794
0,0,0.49301505
1,0,0.47446904
0,0,0.45952317
0,0,0.48390752
0,1,0.51604885
0,0,0.42933184
0,0,0.43369314
0,1,0.6061223
0,1,0.54478
0,0,0.46236083
0,0,0.46644005
0,0,0.28495842
0,0,0.47654936
0,1,0.56897855
0,1,0.56304395
0,0,0.47596332
0,1,0.5912191
0,0,0.4580995
0,0,0.35550404
0,0,0.27643678
0,1,0.50253505
0,0,0.40299988
0,0,0.49372786
1,0,0.47865158
0,0,0.46690932
1,0,0.4657636
1,0,0.47683936
1,1,0.5397635
0,1,0.5689348
0,0,0.46347103
0,0,0.4552132
0,0,0.40501818
0,0,0.3999351
0,0,0.3505065
0,1,0.5168218
0,0,0.47357273
0,0,0.46036878
0,0,0.41725913
0,0,0.4732154
1,0,0.46932146
0,0,0.46463305
1,1,0.63861257
0,0,0.47197583
1,1,0.5004636
0,0,0.35618782
0,0,0.44504994
0,1,0.52170205
0,0,0.3928255
1,0,0.49324188
0,0,0.41087514
0,0,0.44537282
0,1,0.5446573
0,0,0.3798769
0,1,0.5677406
1,0,0.43862152
0,0,0.46804565
0,0,0.49835226
0,0,0.37893608
0,1,0.5925182
1,1,0.54124403
0,0,0.44672412
0,0,0.47502208
0,0,0.3683333
0,1,0.51352096
1,1,0.6085148
0,0,0.4545942
1,0,0.4362597
0,0,0.41900736
0,0,0.49205935
0,0,0.48217437
0,0,0.45987335
1,0,0.4352607
0,0,0.47916025
0,0,0.4645867
0,0,0.49425587
0,0,0.49909768
0,0,0.44598123
0,1,0.5126414
0,1,0.6020562
0,1,0.5105309
0,0,0.49956423
0,0,0.49514
0,1,0.5507402
0,0,0.4896653
0,0,0.4565199
0,0,0.46754837
1,1,0.5360392
0,1,0.5150824
0,0,0.40326118
1,1,0.52398247
1,1,0.51735836
0,1,0.5325131
1,0,0.4557357
1,1,0.5367747
0,1,0.52220225
0,0,0.38743025
0,1,0.52883345
0,0,0.46594453
0,1,0.501528
0,0,0.42632744
0,0,0.4886396
0,1,0.50920945
0,1,0.5173295
0,1,0.5426834
0,1,0.5778016
0,1,0.50314695
0,0,0.48178327
0,0,0.42105693
0,0,0.49379236
0,1,0.5129227
0,0,0.44770887
0,1,0.5409226
0,1,0.63661784
0,1,0.5057104
1,1,0.6116452
0,0,0.4361642
0,0,0.47339875
1,0,0.49443102
0,0,0.47395995
0,0,0.49879518
0,1,0.5680527
0,0,0.4075018
1,0,0.4629836
0,0,0.4546985
0,1,0.5777405
0,1,0.5364179
0,1,0.5684438
0,1,0.5938446
0,0,0.479815
1,0,0.46636066
0,0,0.35395893
0,0,0.36978555
1,0,0.47203764
0,1,0.6611381
0,1,0.51323605
0,0,0.46415156
0,0,0.4994015
0,1,0.5813023
0,1,0.5039515
0,0,0.44038725
1,0,0.4483179
0,1,0.5060702
1,0,0.36480394
0,0,0.4544989
1,1,0.5453588
0,0,0.42622593
0,0,0.49736533
0,0,0.49281844
0,0,0.45647097
0,0,0.42012388
0,0,0.32811984
1,0,0.4239856
1,0,0.4503251
0,1,0.531809
1,0,0.4498312
0,0,0.32537004
0,0,0.48420104
0,0,0.48651403
0,0,0.48542896
0,0,0.47999644
0,0,0.37013853
0,0,0.47089916
0,0,0.48239654
0,1,0.5155081
0,1,0.6387521
1,0,0.47920474
0,0,0.44936934
0,1,0.5146468
0,1,0.6170898
0,0,0.49687073
0,0,0.45924744
1,1,0.5216152
0,1,0.55949277
0,1,0.53015876
0,1,0.5416212
0,0,0.27269474
1,0,0.39303595
1,0,0.4690597
0,0,0.48628303
1,0,0.2282585
0,0,0.46195608
0,0,0.47006357
1,1,0.55653024
0,0,0.46874008
0,0,0.44033712
0,0,0.4888483
0,0,0.3965867
0,1,0.5656399
0,1,0.6017618
0,1,0.5236881
0,0,0.48091757
0,1,0.5469304
0,1,0.5619742
0,0,0.46766675
0,0,0.4392598
0,1,0.5135608
1,0,0.46314314
0,0,0.48239502
0,0,0.4730761
0,1,0.51119775
0,0,0.4418513
0,0,0.48803568
0,1,0.59118855
0,1,0.5137936
0,0,0.43783262
0,1,0.50629765
0,0,0.42374113
0,0,0.47348514
0,0,0.4918387
0,1,0.5318489
0,0,0.38918015
0,0,0.4672167
0,1,0.50474983
0,1,0.6276275
0,0,0.4554355
0,0,0.47594452
0,1,0.6280403
0,0,0.4845916
0,0,0.44429764
1,0,0.43561706
1,0,0.48306972
0,1,0.52128756
0,1,0.5544198
0,0,0.48969465
0,0,0.4702418
0,1,0.55079055
0,1,0.5156658
0,1,0.51691574
0,1,0.53619623
0,1,0.51061517
0,1,0.532609
1,0,0.43141192
0,0,0.49083087
0,1,0.5151169
0,0,0.48643064
0,1,0.5222062
0,1,0.5128067
1,1,0.5829606
1,1,0.56753546
0,0,0.42595026
0,1,0.5577365
0,0,0.43913612
0,0,0.45736957
0,0,0.4687369
0,0,0.45983383
0,0,0.47979215
0,0,0.46775022
0,0,0.4588069
0,1,0.5867899
0,1,0.5077319
0,1,0.5690451
0,0,0.41781986
0,1,0.5083379
0,1,0.52969396
0,0,0.44424123
0,0,0.4521397
0,0,0.39557958
0,1,0.6108898
0,1,0.5062439
1,1,0.52677584
1,1,0.54264975
0,0,0.4508833
0,1,0.61824244
0,0,0.31647074
0,0,0.4733952
0,0,0.35551736
0,1,0.5111397
0,1,0.50248283
0,1,0.50969756
1,1,0.5863517
0,0,0.49667266
0,1,0.5994158
0,0,0.32936007
0,1,0.5054508
0,0,0.47985125
1,1,0.60162646
0,0,0.4145347
0,0,0.34866175
0,0,0.45239866
0,0,0.4705331
0,0,0.40902117
0,1,0.5151506
0,0,0.46184438
0,1,0.63212395
1,0,0.4843778
0,0,0.48666045
0,1,0.5141959
0,0,0.45825428
0,1,0.5466481
0,1,0.5762377
0,0,0.48836407
0,1,0.5017114
0,0,0.48446003
1,0,0.45243374
0,0,0.4873445
0,0,0.45992735
0,0,0.35282254
0,0,0.48313493
0,1,0.6333849
0,0,0.48246855
0,0,0.46972245
0,0,0.45673874
0,1,0.52652067
0,0,0.4724437
0,1,0.566545
0,0,0.47212508
0,0,0.3801184
0,1,0.5112552
0,0,0.4259657
1,0,0.49775642
0,1,0.59030944
0,0,0.41164684
0,0,0.47798592
0,1,0.5342218
0,0,0.49829397
0,1,0.6004788
0,1,0.5551758
0,1,0.51442534
0,0,0.4816295
0,0,0.45780978
0,1,0.5272093
0,0,0.2768514
0,0,0.43032673
0,0,0.3521865
0,1,0.5651681
0,0,0.46584496
0,0,0.42650554
1,1,0.50082463
0,1,0.51278484
0,1,0.59108037
0,0,0.43586826
0,0,0.4502609
1,1,0.5415659
1,0,0.47802162
0,0,0.4556043
0,1,0.52104187
0,0,0.46380904
0,0,0.46984866
1,1,0.6090011
0,0,0.4575662
1,0,0.28226113
1,1,0.511989
0,1,0.540821
0,0,0.4624541
1,0,0.47768942
0,0,0.4663933
1,1,0.50651497
0,1,0.583181
0,1,0.50507855
0,0,0.43913734
0,1,0.5475005
1,1,0.5698889
0,0,0.26973787
0,1,0.51216024
1,0,0.46980372
0,1,0.574254
0,0,0.49754426
0,0,0.38276696
0,0,0.45791155
0,0,0.4986877
1,1,0.5302705
0,0,0.2762798
0,1,0.5977182
0,1,0.5056982
0,0,0.47327092
0,0,0.3844128
0,0,0.4759318
1,1,0.55177754
0,0,0.45353183
0,1,0.5222596
0,1,0.5162966
0,0,0.46959656
0,0,0.4672807
1,0,0.4680536
0,1,0.5130007
0,0,0.4414643
1,0,0.4853634
0,0,0.33412188
1,1,0.5284227
0,1,0.5073899
0,1,0.50301677
0,0,0.4840532
0,0,0.48024648
0,1,0.5081691
0,1,0.5883839
1,0,0.3896165
1,1,0.50180554
0,1,0.50313646
0,1,0.5165525
0,0,0.45862377
0,0,0.4965846
0,0,0.38483936
0,0,0.49719295
0,1,0.5538721
0,1,0.5575949
0,0,0.4544221
0,0,0.4920079
0,0,0.45670563
1,0,0.4840248
0,0,0.30131063
0,1,0.56651753
0,1,0.5073102
0,0,0.47803748
0,1,0.53141606
0,0,0.47709107
0,0,0.48266205
0,0,0.44588405
0,0,0.48078504
0,1,0.5320487
0,0,0.42713842
0,0,0.49645153
0,0,0.4702548
0,1,0.5690643
0,1,0.56938905
1,0,0.47140825
0,1,0.51063436
0,1,0.55405885
0,1,0.6210115
0,0,0.48544356
0,0,0.42138588
0,1,0.5114719
0,0,0.47383207
0,0,0.44902915
0,0,0.49306044
0,0,0.4743215
0,0,0.49034145
0,0,0.372467
1,1,0.55771416
0,0,0.49784476
1,1,0.5677067
0,1,0.53825027
0,0,0.37311882
0,0,0.44823152
1,0,0.46593538
0,1,0.53572744
0,1,0.5909254
0,0,0.48266456
0,0,0.3398277
0,1,0.57676584
0,0,0.43215925
0,0,0.489655
0,0,0.49684376
0,1,0.5136816
1,1,0.5267302
1,0,0.46444386
1,0,0.47025266
1,1,0.5734242
0,0,0.37020728
0,1,0.6063007
1,0,0.14907722
0,0,0.41602188
0,0,0.46811935
0,0,0.48415923
0,1,0.53843457
0,0,0.4673786
0,0,0.49734363
0,1,0.5142573
0,0,0.45718598
0,0,0.47594497
0,0,0.37110603
0,0,0.48406804
0,0,0.4663753
0,0,0.49302876
0,0,0.48703825
0,0,0.48172015
0,1,0.57327574
1,1,0.63890517
0,0,0.3862019
0,1,0.5260431
0,0,0.36493975
0,0,0.49692735
1,0,0.47643632
0,0,0.4662188
0,0,0.4531784
0,0,0.46434394
1,0,0.47117114
0,0,0.46086076
0,0,0.42050025
1,1,0.55568385
1,0,0.45350513
0,1,0.54420274
0,0,0.4352711
0,0,0.4269345
0,1,0.5029636
1,1,0.61212313
0,0,0.49619618
0,0,0.45895562
0,1,0.5337182
0,0,0.46506393
0,1,0.5361522
0,0,0.45677838
0,0,0.49064115
0,0,0.37150848
0,1,0.51687044
1,1,0.5325211
0,1,0.56386703
1,0,0.4751952
1,1,0.50108135
0,0,0.41316846
0,0,0.36987844
0,1,0.541921
1,0,0.3421653
1,0,0.4861507
0,1,0.53948927
0,0,0.47654188
1,0,0.48861247
0,0,0.44630733
0,0,0.40497917
1,1,0.6351263
0,0,0.4527352
0,0,0.48611814
0,1,0.522786
0,0,0.49114263
0,0,0.43288416
0,0,0.44654685
0,0,0.4146911
1,1,0.5416318
0,1,0.5530951
0,0,0.4536362
0,0,0.46069106
0,1,0.51489425
0,0,0.47198984
1,1,0.5690188
0,1,0.55380124
0,0,0.23764239
0,0,0.47226328
0,0,0.38517806
0,1,0.539579
0,0,0.45451272
0,0,0.28879827
0,0,0.29307112
0,0,0.49254474
0,0,0.42172533
0,0,0.48717597
1,0,0.48741588
1,1,0.58075833
0,1,0.5355563
0,1,0.5081117
1,1,0.55762374
0,0,0.4960631
0,0,0.34470734
0,0,0.46560755
0,1,0.50236464
0,0,0.4389966
0,1,0.5450169
1,0,0.44956324
1,0,0.4732784
0,0,0.4765215
0,0,0.37114933
1,0,0.35629296
0,1,0.5548339
0,1,0.5540354
0,0,0.48476487
0,0,0.32889056
0,0,0.30472887
1,1,0.51016754
1,0,0.42428643
0,0,0.47892776
0,1,0.58733624
0,1,0.5425123
0,0,0.49456638
1,0,0.48978645
0,1,0.6045351
0,1,0.6070432
0,0,0.41039076
0,0,0.46769872
1,0,0.49175867
1,0,0.4815684
0,1,0.50620985
0,0,0.3580713
0,0,0.39208177
0,0,0.46943292
0,0,0.44437736
0,0,0.48401296
0,0,0.41652557
1,0,0.48057276
0,0,0.4320661
0,0,0.4509826
1,1,0.5219234
0,0,0.4575174
0,0,0.3567858
0,0,0.36536744
1,0,0.43772218
1,1,0.527705
0,0,0.47257766
0,0,0.47128287
0,0,0.4656035
0,0,0.44805646
0,1,0.51197964
0,1,0.50768316
1,0,0.4981305
0,0,0.44823372
0,1,0.52454627
0,1,0.5161638
0,0,0.4685968
1,1,0.5164485
0,1,0.5515306
1,0,0.47166875
0,0,0.4790771
0,0,0.47306526
0,0,0.33271897
0,0,0.35925046
1,1,0.60140914
1,1,0.60232687
0,1,0.5012883
0,1,0.509101
0,0,0.47349185
0,1,0.58389527
0,0,0.4646089
1,1,0.58504534
0,1,0.55800223
0,1,0.5793392
0,0,0.46751976
0,0,0.48456448
0,1,0.51586115
0,1,0.50646436
0,0,0.42834806
0,1,0.55880433
0,0,0.41472277
0,0,0.2769343
1,1,0.57365006
0,1,0.5145588
0,0,0.4581064
0,1,0.56875575
0,0,0.47168165
0,1,0.52213466
0,0,0.4819788
0,0,0.49589768
0,1,0.50386757
1,1,0.5940434
1,0,0.49144647
0,0,0.49701124
1,1,0.52697676
0,1,0.51301944
0,1,0.52334565
1,0,0.49113622
0,1,0.54673177
1,0,0.465961
1,0,0.49188197
0,0,0.33672166
0,0,0.47517163
0,0,0.30816013
0,0,0.45287898
1,1,0.5094707
1,0,0.33262488
0,0,0.27480373
0,1,0.53218
0,0,0.4686577
0,0,0.46458545
0,0,0.27120396
0,0,0.48246512
0,0,0.49729273
0,1,0.54090285
0,1,0.5624182
0,0,0.47984225
0,0,0.33963767
1,1,0.5063907
1,0,0.43118057
0,0,0.4483923
0,0,0.39856473
0,0,0.36636877
0,0,0.47493058
1,1,0.5060764
1,1,0.6119835
0,1,0.59110385
0,0,0.4553844
1,1,0.59015787
0,1,0.5754042
0,0,0.47728103
0,1,0.5124726
0,1,0.50251555
0,1,0.53779125
0,1,0.5851176
0,0,0.4868503
0,0,0.44060323
0,0,0.39478424
0,1,0.5750548
1,1,0.5745975
0,0,0.43354475
1,0,0.4717993
1,0,0.41055384
0,1,0.5474624
0,1,0.62307674
1,0,0.4473758
0,0,0.45614633
0,0,0.44183794
1,1,0.5672512
0,1,0.52641606
0,0,0.42365932
1,0,0.44636315
0,0,0.4159273
0,0,0.47440767
0,0,0.33668897
1,0,0.44331667
1,1,0.5239316
1,1,0.5856138
0,1,0.6175644
0,1,0.5219594
0,1,0.5027904
0,0,0.40337124
0,1,0.5126429
0,1,0.5030793
0,0,0.4697632
0,0,0.3536674
0,0,0.45584932
0,0,0.46520793
0,0,0.45565033
0,0,0.49032345
0,0,0.46690857
0,0,0.30369827
1,1,0.5854176
1,1,0.5435118
0,1,0.5514809
0,1,0.51509184
0,0,0.4384836
0,1,0.56983835
0,0,0.41272646
0,1,0.515162
1,0,0.44787765
0,1,0.58655155
1,1,0.51808697
0,0,0.4853241
1,1,0.58370304
0,0,0.47312498
0,0,0.4989071
0,1,0.56072843
0,0,0.41616553
0,0,0.47519398
0,1,0.6078739
0,0,0.47581092
0,0,0.41630617
0,0,0.47478187
0,1,0.5233816
1,1,0.50678366
0,0,0.48637626
1,1,0.51938576
0,0,0.4761547
0,0,0.4286713
0,0,0.46106833
0,0,0.48897973
0,0,0.4374883
0,1,0.54989344
0,0,0.40647644
0,0,0.4370388
0,0,0.45401222
1,0,0.4569638
0,1,0.5151129
0,1,0.5326279
0,1,0.5274991
0,0,0.4629869
1,1,0.54765034
1,0,0.48729232
0,1,0.5605274
1,1,0.5544986
0,1,0.5489084
0,1,0.63320947
0,1,0.5362987
1,0,0.39874926
0,1,0.6417395
1,0,0.44496462
0,0,0.44616267
0,0,0.47986707
0,0,0.27429417
0,1,0.67643005
1,0,0.46661806
0,1,0.5427042
0,0,0.47887298
1,0,0.488566
1,0,0.48981783
1,1,0.5086114
1,0,0.43478474
1,0,0.46907076
0,1,0.5927713
0,1,0.545085
0,1,0.58458513
0,0,0.39325097
0,0,0.47661614
0,1,0.50031525
0,0,0.47087282
0,1,0.53123605
0,1,0.5421486
0,0,0.4935983
0,0,0.29182065
0,1,0.5294378
1,1,0.52057004
0,0,0.45680222
0,0,0.48957807
0,1,0.59425473
0,1,0.5296595
0,0,0.43800068
0,1,0.50967556
0,1,0.53012383
0,1,0.57273996
0,0,0.45250484
0,0,0.41006497
0,0,0.31043267
0,0,0.4283455
1,1,0.5017923
0,0,0.46443915
0,0,0.31975088
0,0,0.27882418
0,0,0.49299225
0,0,0.46660003
0,0,0.47758493
0,1,0.54022914
0,1,0.55533695
0,0,0.46631247
1,0,0.473194
0,0,0.47758266
0,1,0.5039516
0,1,0.59685826
1,1,0.56310344
0,0,0.49686518
0,1,0.54447186
0,1,0.5120298
0,0,0.31935763
1,0,0.31821805
0,0,0.44598627
1,1,0.5217275
1,0,0.4167271
0,0,0.4642799
0,0,0.44972524
0,0,0.36283138
0,0,0.48035714
0,1,0.59783614
0,0,0.441873
0,1,0.6132495
0,1,0.5271886
0,0,0.43899354
0,1,0.5074765
0,1,0.53041595
0,1,0.5045327
0,0,0.42729923
1,1,0.5971564
0,1,0.6296937
0,1,0.5440246
0,1,0.53307843
0,1,0.57224697
1,1,0.6634857
0,0,0.46215406
0,0,0.49717867
0,0,0.4340883
0,0,0.44442445
0,0,0.22755751
0,0,0.36779344
0,1,0.5351965
1,1,0.60125846
0,0,0.41703263
1,0,0.4578667
1,0,0.46493888
0,0,0.43831286
1,1,0.5449024
0,0,0.44975367
0,0,0.49168512
0,0,0.49419415
0,0,0.47882125
0,1,0.50419784
0,0,0.4004027
0,0,0.4389864
1,1,0.60245854
1,0,0.46500027
0,0,0.44351396
0,0,0.46039382
0,1,0.51834196
0,1,0.52307767
0,0,0.4684856
0,0,0.44595543
0,1,0.55992156
0,0,0.46190515
0,0,0.39306378
0,1,0.5728726
0,0,0.4879763
0,0,0.45967394
0,1,0.503332
1,1,0.58889914
0,1,0.5067322
0,1,0.53653276
0,1,0.51911086
0,0,0.44985566
0,0,0.49016112
0,0,0.4644818
0,0,0.357315
0,1,0.5392097
0,1,0.55318856
0,1,0.5204209
0,0,0.446156
0,0,0.40641913
0,1,0.5082554
0,0,0.38950604
0,0,0.42963558
0,0,0.45619398
0,0,0.48493555
1,0,0.48007607
0,0,0.44784454
0,0,0.48852146
0,0,0.47428042
0,1,0.54131705
1,0,0.2769103
1,0,0.44562316
0,1,0.53404254
1,1,0.5459919
0,1,0.60299706
1,1,0.58359104
0,1,0.55368155
0,0,0.37859347
0,0,0.44933185
1,0,0.30880442
0,0,0.47635126
0,0,0.4036456
0,0,0.29565147
0,0,0.49942178
0,1,0.50084496
0,0,0.44662702
0,1,0.5522712
1,1,0.52575725
0,0,0.4700126
1,0,0.49135476
0,0,0.44373482
0,1,0.5996478
0,0,0.25117883
0,0,0.48106563
1,0,0.49181595
0,0,0.3277748
0,1,0.53663254
0,0,0.40640634
0,1,0.5105859
0,0,0.48891625
0,0,0.3550501
0,1,0.5653696
1,1,0.58752453
0,0,0.4152199
0,0,0.47455657
0,1,0.5695801
0,1,0.5908662
1,1,0.5472327
0,0,0.47525147
0,0,0.48389685
0,0,0.4719558
0,0,0.43287212
0,0,0.4929465
0,0,0.49059775
0,0,0.32480833
0,1,0.53257906
0,0,0.3892893
1,0,0.4544254
0,0,0.44417813
0,1,0.6577368
1,1,0.50467193
0,1,0.6064334
0,0,0.486184
0,0,0.47809833
0,0,0.4732921
0,1,0.5587922
0,0,0.46412474
0,0,0.42373154
0,0,0.4843903
0,1,0.61567175
1,1,0.53277487
0,0,0.47249317
0,0,0.49350667
0,0,0.49070683
1,0,0.43261212
0,1,0.527384
0,0,0.45440364
0,0,0.42645106
0,0,0.48656526
0,0,0.34770796
0,0,0.46868175
0,0,0.4426933
1,0,0.47248232
0,0,0.482998
0,1,0.50486326
0,0,0.30511463
0,0,0.4042334
1,0,0.29620475
0,0,0.43979
0,0,0.4926123
0,0,0.2310357
0,0,0.4930908
1,1,0.5128726
0,1,0.5102797
0,0,0.49366015
0,0,0.4278675
0,1,0.50773394
1,0,0.4917581
0,1,0.50598437
0,0,0.4445008
0,0,0.43378234
0,0,0.4593313
0,0,0.4630743
0,0,0.36017987
0,0,0.47581303
1,1,0.50494325
1,0,0.4722823
0,0,0.4856797
1,1,0.50050443
0,0,0.49425566
0,0,0.28354904
0,0,0.46263418
1,1,0.56907046
0,1,0.50956666
0,0,0.45722744
0,0,0.43401438
0,1,0.53742135
0,1,0.5649225
0,0,0.49689066
0,1,0.58156437
0,0,0.46809423
1,1,0.53593236
0,1,0.5669318
0,0,0.49672654
0,0,0.4653836
0,0,0.4941094
0,1,0.5582285
0,0,0.39349714
0,0,0.4657444
0,0,0.47618982
0,0,0.43943238
0,0,0.4940744
1,0,0.44984338
1,0,0.47701782
1,1,0.5828411
0,0,0.32318085
0,0,0.4117012
0,0,0.4888196
0,1,0.59584296
0,0,0.38422793
0,1,0.5086411
0,0,0.4350464
0,0,0.43759933
0,1,0.5218503
0,1,0.57233
0,0,0.4593813
0,0,0.33586064
1,0,0.46092024
0,0,0.48809296
0,0,0.33903426
0,0,0.42705122
0,1,0.6238896
0,0,0.47519475
1,0,0.45142144
1,0,0.47866866
1,0,0.45633525
0,0,0.49115705
0,0,0.39914197
0,0,0.47977474
0,0,0.48334712
0,0,0.46722192
0,0,0.4690393
0,0,0.14686967
1,1,0.50482917
0,1,0.5562304
0,1,0.5550956
0,0,0.35736474
0,1,0.56757945
0,0,0.48899466
0,0,0.45548955
0,1,0.5467009
0,0,0.28304583
0,0,0.4698624
0,1,0.5943353
0,1,0.5710684
0,1,0.5171544
0,1,0.54852664
0,0,0.4514214
0,0,0.27918178
0,0,0.44840547
1,1,0.507823
0,0,0.4948249
0,1,0.5332369
0,0,0.45207435
0,0,0.44287282
0,0,0.48933372
0,0,0.48943713
0,1,0.5698127
0,1,0.514005
0,1,0.5127361
0,0,0.4757601
0,1,0.5040243
0,0,0.47550917
1,0,0.48338488
0,0,0.46778452
0,1,0.5763338
0,0,0.21524742
0,1,0.5394634
0,0,0.49679697
0,0,0.47810647
0,0,0.383229
0,1,0.5111104
1,1,0.5077268
1,1,0.5880922
0,0,0.48933885
0,0,0.43922466
0,0,0.32314214
0,1,0.5287992
1,0,0.40811348
1,0,0.46656346
0,0,0.4564896
0,0,0.20278737
0,0,0.47588545
0,0,0.47130656
0,1,0.5095012
1,0,0.4772153
0,1,0.5275734
0,0,0.4585013
0,0,0.3854136
0,0,0.3586289
0,0,0.39905652
1,1,0.5215606
0,0,0.4983628
1,1,0.5253477
0,0,0.464471
0,0,0.4535128
0,0,0.4537247
0,0,0.47594503
1,1,0.5661954
0,1,0.5424813
0,0,0.43154323
1,1,0.57978237
0,0,0.4752157
0,0,0.31830376
1,1,0.5590911
1,0,0.42894486
0,0,0.33375433
0,1,0.5091764
0,0,0.4865728
1,1,0.5016979
0,0,0.4489816
0,0,0.4917819
0,0,0.45613807
0,1,0.53246146
1,0,0.4498848
0,0,0.47696584
0,1,0.5971441
0,0,0.49024475
1,1,0.539254
0,0,0.4805741
0,1,0.5298322
0,1,0.5110346
0,0,0.47250953
1,1,0.50716954
0,0,0.47327736
0,1,0.5569312
1,0,0.49969953
0,1,0.5148571
0,0,0.4573923
1,0,0.4599915
0,1,0.5523209
0,0,0.37076208
0,1,0.5055991
0,0,0.45382035
0,0,0.46812353
1,1,0.5207732
0,1,0.57871896
0,0,0.48518732
0,1,0.5983987
1,0,0.46298605
0,0,0.44236878
0,1,0.51776314
0,0,0.48497552
0,0,0.40185162
0,1,0.51763606
1,0,0.4634444
0,0,0.38535246
0,1,0.53252196
1,1,0.5882316
1,1,0.6056756
0,1,0.51185316
0,0,0.4589177
0,0,0.45073363
0,1,0.5778697
0,1,0.5394763
0,0,0.41371408
0,0,0.4447727
1,0,0.4500886
0,0,0.47922722
0,0,0.43238536
0,0,0.25615177
0,0,0.41650406
0,0,0.47609523
0,0,0.49370548
0,0,0.49934903
0,0,0.2544843
1,1,0.57676154
0,0,0.49050906
0,0,0.44138268
1,0,0.45714873
1,1,0.5816522
0,0,0.45902875
1,0,0.47145608
0,0,0.45493883
0,0,0.49901223
0,0,0.42694667
1,0,0.37859002
0,1,0.53737146
0,0,0.45219216
1,0,0.495006
0,0,0.46979624
0,0,0.43769786
1,1,0.51226896
0,0,0.4341992
0,1,0.5099133
0,0,0.45745817
0,0,0.32928225
0,0,0.4678093
0,0,0.3946868
0,0,0.27642438
1,0,0.4744915
0,0,0.4688365
0,0,0.44211093
0,1,0.516164
0,0,0.4915926
1,0,0.46284723
0,0,0.43873835
0,1,0.5925746
1,0,0.47868472
0,0,0.4725447
0,0,0.4925251
1,1,0.60285664
0,0,0.47573784
0,0,0.48562908
0,0,0.3749853
1,0,0.4627044
0,1,0.56394947
1,0,0.47050488
0,0,0.47423038
0,1,0.51812464
1,1,0.5345276
0,0,0.4966552
0,0,0.34994352
0,1,0.5606504
0,0,0.4923549
0,1,0.7044901
1,0,0.49308562
0,1,0.565421
1,1,0.5020981
1,1,0.6631529
0,0,0.43415433
0,0,0.35983402
1,0,0.4898573
0,0,0.439925
1,1,0.5484952
0,1,0.5087989
0,1,0.5093879
0,0,0.40390936
1,1,0.50873506
1,0,0.49425268
0,0,0.31664824
0,1,0.57874846
0,1,0.5117701
1,1,0.5188073
0,0,0.3270842
1,1,0.52717125
0,1,0.5030036
0,0,0.47035193
1,1,0.50202644
0,1,0.5004849
0,0,0.4629672
0,0,0.29939812
0,0,0.45915118
0,0,0.4967145
0,1,0.5210777
0,1,0.5281486
0,0,0.4407509
1,0,0.4938945
0,1,0.51267856
1,1,0.540095
1,0,0.48109466
0,1,0.61552525
1,0,0.48704466
0,0,0.47605902
1,1,0.63523716
0,0,0.3911037
0,0,0.47371218
0,1,0.5512746
0,0,0.45023546
0,0,0.38415125
0,0,0.4739303
0,0,0.47994372
0,1,0.5275774
0,0,0.42411977
1,1,0.65039635
0,1,0.60609055
0,0,0.4879729
0,0,0.47257367
0,0,0.43524382
0,0,0.48605922
0,0,0.46385533
0,0,0.48131648
0,1,0.5624067
1,0,0.43799937
0,0,0.47260115
0,0,0.43547785
0,0,0.45101792
1,1,0.5627661
0,0,0.42368802
0,0,0.45560077
0,0,0.3211947
1,1,0.52367353
0,0,0.3997154
0,0,0.38563558
0,1,0.59288836
0,0,0.44967574
0,1,0.5226098
1,0,0.4547624
1,1,0.5583899
0,1,0.5369494
0,0,0.47690505
0,0,0.48503125
1,1,0.5138662
0,0,0.47672057
0,0,0.4967987
0,1,0.506615
0,1,0.5572298
0,0,0.4620933
0,0,0.45107386
1,1,0.56610674
0,0,0.4428672
0,0,0.42957047
0,1,0.5571214
0,0,0.47670603
0,0,0.44756338
0,1,0.5055449
1,0,0.42063114
0,0,0.48469806
0,1,0.6513809
1,1,0.51759213
0,0,0.46169558
0,0,0.3955002
0,1,0.52169603
0,0,0.43754494
0,1,0.51243776
0,0,0.3418666
0,0,0.45506465
0,0,0.34109902
0,0,0.47018653
0,0,0.4421622
0,0,0.35497907
0,0,0.4988962
0,0,0.42175797
0,0,0.45579812
0,1,0.5090597
0,0,0.49400204
1,1,0.5129261
0,1,0.5157605
1,1,0.5334821
0,1,0.56524754
0,0,0.3152613
0,1,0.5035893
0,0,0.43573084
0,1,0.52025294
0,0,0.47172824
0,1,0.5853274
0,0,0.27456623
0,1,0.5108798
0,0,0.4906353
0,1,0.5070292
1,0,0.46414155
0,0,0.46133325
0,1,0.52003735
0,1,0.513522
0,0,0.44437015
0,1,0.50819427
0,0,0.46424025
1,1,0.62345535
0,0,0.4875279
1,1,0.59979403
0,1,0.52202684
0,0,0.3552421
0,1,0.60354406
0,0,0.426655
0,0,0.48925972
0,0,0.319056
0,1,0.52257335
0,0,0.43305603
0,0,0.48874336
0,1,0.58318204
0,0,0.47274104
0,0,0.3008514
0,0,0.47790948
0,1,0.50338745
0,0,0.35184908
0,0,0.4486785
0,0,0.49069634
0,1,0.57744604
0,0,0.44664374
0,1,0.5295278
0,0,0.46085513
0,1,0.63244915
0,0,0.46997285
1,1,0.5383454
0,1,0.5091138
0,1,0.53075874
0,0,0.46484545
0,0,0.49238595
0,1,0.52372783
0,0,0.47704884
0,0,0.4342775
1,1,0.5203762
0,1,0.5070986
0,0,0.49035978
0,0,0.49245813
0,1,0.5742562
1,0,0.4960814
0,0,0.47765964
1,1,0.6235548
0,1,0.50142443
0,0,0.44555414
0,0,0.46274838
0,1,0.66100156
0,1,0.5640273
0,0,0.49887377
0,0,0.43213177
1,1,0.52900666
0,0,0.4485163
0,0,0.37814638
0,0,0.45066893
0,0,0.42378464
0,0,0.48265812
0,0,0.22026606
0,0,0.49338937
0,0,0.497253
0,0,0.47212923
0,0,0.47586092
0,0,0.48117334
1,1,0.5076083
0,1,0.507976
0,1,0.5210643
0,1,0.55335337
0,1,0.5600535
0,0,0.4322645
0,0,0.35446766
0,1,0.5394389
0,0,0.36026746
0,0,0.4557539
0,0,0.47883773
0,1,0.50043416
0,1,0.5302296
0,1,0.5049077
0,1,0.51114225
0,1,0.7696123
0,0,0.38125578
0,0,0.2949182
0,0,0.46221083
0,0,0.47986278
0,1,0.50359476
1,0,0.45325926
0,0,0.43084064
1,0,0.49134636
1,1,0.50359535
0,1,0.5427111
0,0,0.47021803
0,1,0.5430289
0,1,0.51175153
0,0,0.478911
0,0,0.47287437
0,0,0.25560302
1,1,0.5570458
0,0,0.35186082
0,0,0.48855457
0,0,0.45990244
0,1,0.58419406
0,1,0.5458332
0,0,0.27406487
0,0,0.44236642
0,1,0.5031857
0,1,0.56498396
0,0,0.46270213
0,1,0.50444716
0,0,0.42992917
0,0,0.44802746
0,1,0.5005181
0,0,0.3562238
0,1,0.5096049
0,0,0.48923528
0,0,0.49666148
0,1,0.5143576
0,0,0.4434265
1,0,0.47844034
0,0,0.30757505
0,0,0.43857926
0,1,0.59318084
1,0,0.48404753
0,0,0.31902722
1,1,0.676724
0,0,0.48163602
1,1,0.501488
0,0,0.45073783
0,0,0.35510316
0,0,0.473927
0,0,0.44828197
0,1,0.56893116
0,0,0.46923882
1,0,0.49173018
0,1,0.58415407
0,1,0.51778936
0,1,0.5072845
0,0,0.45077163
1,1,0.6218405
0,0,0.47275025
0,1,0.5189767
0,0,0.39486906
0,0,0.4695618
1,0,0.48377395
0,0,0.48584953
0,0,0.49554312
0,1,0.5067042
0,1,0.5036854
0,0,0.484746
0,1,0.51683384
0,1,0.5229144
0,0,0.47018605
0,0,0.4685509
0,1,0.5341768
1,0,0.48592347
0,1,0.5420597
0,0,0.33176124
0,0,0.45598012
0,0,0.48605633
0,0,0.47725275
1,1,0.5359954
1,1,0.51475245
0,1,0.532411
0,1,0.5206304
0,1,0.51786107
0,1,0.5059199
0,0,0.49526286
0,1,0.60624254
0,0,0.4460888
1,0,0.4232153
0,0,0.25865132
1,0,0.48580635
0,0,0.34653196
1,1,0.58520913
0,1,0.5483366
0,1,0.56183624
0,1,0.58557165
0,0,0.42964286
0,0,0.37892088
0,1,0.55543584
1,0,0.4191207
0,0,0.46418163
0,0,0.43595022
0,0,0.4895501
0,1,0.53372675
0,0,0.47730362
0,0,0.45884356
0,0,0.47550198
0,0,0.4688972
0,0,0.37538308
0,0,0.46111065
0,0,0.47374588
0,1,0.55564165
1,1,0.54082984
0,0,0.47088856
0,0,0.4501558
1,0,0.46309265
0,0,0.29240277
0,0,0.4524767
0,0,0.484414
0,0,0.3445772
0,1,0.5101126
0,0,0.46767002
0,0,0.42811245
0,1,0.53430986
0,1,0.57082623
1,0,0.48691353
0,0,0.449425
0,0,0.49267793
0,1,0.5305014
0,0,0.46599898
0,1,0.541668
0,0,0.42370555
0,1,0.5133781
0,0,0.46193823
0,0,0.4564139
0,1,0.5933321
0,1,0.58536994
1,1,0.51905286
0,1,0.5581334
0,1,0.55305165
0,0,0.383296
0,1,0.6196617
0,0,0.4575506
1,1,0.51527756
0,0,0.4709539
1,0,0.47066835
0,0,0.38457453
1,1,0.5168334
0,0,0.413791
1,1,0.6102306
0,1,0.5569026
0,0,0.47411
0,1,0.5462141
0,0,0.47044536
0,1,0.5833634
1,0,0.49507785
1,0,0.48216337
0,0,0.2680372
0,0,0.42763484
0,0,0.4767234
1,0,0.48222774
0,0,0.26599085
0,1,0.5459261
0,0,0.39570242
0,0,0.4165274
0,0,0.49500012
0,0,0.46569562
1,0,0.42896754
0,0,0.45702058
0,1,0.6136298
0,0,0.47324193
0,0,0.35725427
1,0,0.44820505
0,0,0.20952329
0,0,0.49764255
0,0,0.4969093
0,0,0.498882
0,1,0.50357115
0,0,0.47403052
0,0,0.2920433
0,0,0.3331866
0,0,0.49825317
1,1,0.616191
0,1,0.51138294
0,0,0.47060823
0,1,0.5509453
0,1,0.51572126
0,0,0.2069549
0,1,0.53696686
0,0,0.20988187
0,1,0.54379183
0,1,0.63447946
1,0,0.49114475
0,0,0.49437088
0,1,0.53182113
0,1,0.5092297
0,1,0.5138766
1,0,0.4521449
0,0,0.4012067
1,0,0.46989632
0,1,0.53705525
0,0,0.46967918
0,0,0.47993177
0,0,0.4624718
1,1,0.61160576
1,0,0.45835403
1,1,0.60855526
1,0,0.45665053
0,1,0.5242889
1,1,0.58074224
0,1,0.5065862
0,0,0.48852146
0,1,0.5643394
0,1,0.5345916
0,1,0.54351443
0,0,0.4297001
0,0,0.47097653
0,1,0.54581153
0,0,0.31106105
0,1,0.5353279
0,1,0.6013665
0,0,0.4963203
0,0,0.4406512
0,1,0.5174182
0,0,0.49693325
0,0,0.39063212
0,0,0.49013594
0,0,0.3347946
1,1,0.5627337
0,0,0.33979782
0,0,0.4879809
0,1,0.5557382
1,0,0.4559196
0,1,0.62864983
0,0,0.37094602
1,0,0.3921886
0,1,0.5151364
1,1,0.52019674
1,1,0.5528528
1,0,0.47843742
1,0,0.49201426
0,0,0.38792711
0,1,0.5348186
0,0,0.45718983
0,0,0.4767655
0,1,0.55615205
0,1,0.6104712
0,0,0.49792814
0,0,0.46593013
0,1,0.50695413
0,1,0.5094972
1,0,0.4677036
0,1,0.5639832
0,1,0.5852499
1,1,0.52702594
0,0,0.44586053
1,0,0.4890998
1,0,0.45791638
1,0,0.38689008
0,0,0.48446232
1,1,0.5758067
0,1,0.5733127
0,0,0.47494864
0,0,0.4431624
0,1,0.5318633
0,1,0.505339
0,0,0.44492355
0,0,0.44690302
0,0,0.46107572
0,0,0.43703085
0,1,0.6189019
0,0,0.45328233
0,0,0.4045688
0,0,0.4711191
0,0,0.47634995
0,1,0.6187612
0,0,0.4100374
0,0,0.37587985
0,0,0.45313072
0,0,0.49431998
0,0,0.465062
0,1,0.5075152
1,1,0.51063424
0,1,0.56892097
0,0,0.46075994
1,0,0.45675337
0,0,0.48002955
0,1,0.5418264
0,0,0.30703396
0,0,0.4774236
0,1,0.52315396
1,0,0.47300738
0,0,0.4868549
0,1,0.5010696
0,0,0.4652896
0,0,0.4925157
1,1,0.58778375
1,0,0.49700698
0,1,0.5030208
0,0,0.45435128
0,0,0.45657068
0,0,0.4922503
0,0,0.454358
0,0,0.49404126
0,1,0.5375332
0,0,0.4939231
0,0,0.3056829
0,0,0.46169582
1,0,0.45869347
0,1,0.5159641
0,0,0.4474817
0,0,0.45141882
0,0,0.49056807
0,0,0.45563546
0,0,0.43367767
0,1,0.53347814
0,0,0.33679864
0,0,0.420148
0,1,0.62315863
0,1,0.5705264
0,1,0.5080396
1,1,0.58600503
0,0,0.47570547
0,0,0.47626707
0,0,0.32197854
1,0,0.44468912
0,0,0.4229615
0,0,0.28444806
0,0,0.48676455
0,0,0.43372715
0,0,0.48153505
0,1,0.51671576
0,0,0.42714563
0,0,0.4086398
0,0,0.46891925
0,0,0.45927423
0,1,0.5554725
0,0,0.4323362
0,0,0.4290089
0,0,0.45092735
0,0,0.47684863
0,0,0.46665123
0,0,0.3676403
0,1,0.5015388
1,1,0.5532296
0,1,0.5382216
0,0,0.49840906
0,1,0.58689225
0,1,0.5704692
0,0,0.38323614
0,1,0.5448287
0,0,0.4745493
0,0,0.47708866
1,0,0.4623675
0,1,0.5226371
0,0,0.48517126
0,0,0.4009297
0,0,0.4732399
0,0,0.3769514
0,0,0.47924256
0,1,0.6061333
1,1,0.6080498
1,0,0.4877288
1,0,0.48596445
0,1,0.54515207
0,0,0.46457347
1,1,0.52416843
0,1,0.5457791
1,1,0.5517124
0,1,0.5126064
0,0,0.4571602
0,0,0.40243337
0,1,0.6008156
0,0,0.45956978
0,0,0.47007048
0,1,0.506412
0,1,0.5004535
0,1,0.56356615
0,0,0.4291118
1,1,0.5618207
0,0,0.4787433
1,1,0.5435537
1,0,0.46654642
0,0,0.46625966
0,1,0.5291569
0,0,0.4839381
0,0,0.45502016
1,0,0.4899819
1,0,0.47328958
0,1,0.5250936
1,0,0.4748552
1,0,0.4087337
0,1,0.5150728
0,1,0.5022648
1,1,0.5426381
0,0,0.4863552
0,1,0.50275975
1,1,0.54109824
0,0,0.4580203
0,0,0.47413507
0,0,0.40915322
1,0,0.34178066
0,1,0.5689465
0,0,0.44288397
1,1,0.55855215
0,0,0.41561735
0,0,0.18712364
0,0,0.34258407
0,1,0.63399196
0,1,0.5011565
0,0,0.4829196
1,0,0.36912075
0,0,0.41192645
0,0,0.45768887
1,1,0.5804631
0,1,0.50301206
1,0,0.4485941
0,0,0.47434217
0,0,0.38947096
1,0,0.46397406
0,0,0.4498312
0,1,0.5089138
0,1,0.5813775
1,0,0.30719167
0,1,0.54868746
0,1,0.5133975
1,1,0.5519779
0,1,0.5473593
1,1,0.61658823
1,0,0.47075567
0,0,0.48014826
0,1,0.5305716
0,0,0.46214223
1,0,0.4728725
0,0,0.4479837
0,0,0.41821802
0,1,0.6331329
1,1,0.5004793
1,0,0.4737517
0,0,0.46232414
1,0,0.38659397
1,0,0.48586312
0,0,0.2613847
0,1,0.58722335
0,0,0.48412195
1,0,0.4580564
1,0,0.46343252
0,0,0.3839178
0,1,0.5282027
0,0,0.45970055
1,0,0.4618857
0,0,0.49835616
1,0,0.42415023
0,0,0.48558247
1,0,0.4996129
1,1,0.5133502
0,0,0.43624297
1,0,0.45025355
0,1,0.5917906
0,1,0.59276444
0,0,0.45770955
0,0,0.46224648
0,0,0.47781372
1,1,0.62682486
0,0,0.41773382
0,0,0.32049266
0,0,0.46669745
0,0,0.423405
0,1,0.5229806
0,1,0.5648792
0,0,0.49566525
0,0,0.49654692
1,1,0.5030682
0,0,0.43374246
0,0,0.39519557
0,1,0.5079972
0,1,0.60251546
0,1,0.52663696
0,1,0.56350785
0,1,0.50425017
0,0,0.3647394
0,0,0.4715045
1,1,0.54468703
0,0,0.41151315
0,1,0.50768614
0,0,0.49384376
0,0,0.4360958
0,0,0.23936589
0,1,0.5532621
1,1,0.51732576
0,0,0.4769587
0,0,0.4675213
0,0,0.4713491
0,1,0.56556654
0,0,0.48493698
0,0,0.4425216
0,0,0.49284464
0,0,0.48950094
0,0,0.37794575
0,0,0.48528513
0,0,0.44971615
0,1,0.5705907
0,0,0.30006802
0,0,0.48110557
0,0,0.49818382
0,0,0.4565018
1,0,0.3571024
0,0,0.4767133
1,1,0.58821416
1,0,0.42930242
0,0,0.48913464
0,0,0.22199392
0,1,0.5003323
1,0,0.49949953
0,0,0.41081893
0,1,0.50682086
1,1,0.51092416
0,0,0.4419022
0,0,0.4623381
1,1,0.58706707
0,0,0.4164474
1,1,0.54772264
0,0,0.46448293
0,1,0.57414556
0,0,0.44689655
0,0,0.49218073
0,1,0.56097317
0,0,0.48665857
0,1,0.5411964
0,0,0.25100467
0,0,0.45763227
1,1,0.50750285
1,0,0.39501348
0,0,0.45685855
0,0,0.44669446
1,0,0.41675952
0,0,0.43992758
1,0,0.3485231
1,0,0.46978068
0,1,0.5023658
0,0,0.46304455
0,0,0.4989725
0,1,0.50301266
0,1,0.60862094
1,1,0.5699735
0,0,0.42673957
0,0,0.45901445
0,0,0.45374855
0,0,0.40271062
0,1,0.54787886
1,1,0.6442404
0,0,0.49404234
0,0,0.24411283
1,1,0.50353515
0,0,0.46091187
0,0,0.467312
0,0,0.29310116
0,0,0.4706099
1,1,0.541078
1,0,0.4571955
0,1,0.52751005
0,0,0.4865526
1,1,0.5428582
0,1,0.5675274
0,0,0.19510476
0,0,0.4023158
0,0,0.4934203
0,0,0.42568165
0,1,0.5014686
0,0,0.4431435
0,0,0.48308235
0,1,0.548706
0,0,0.4356548
0,0,0.49091977
0,0,0.37728003
0,1,0.5833389
1,1,0.5155061
0,0,0.4937258
0,0,0.44537476
1,1,0.52357775
0,1,0.54180545
0,1,0.50302905
0,1,0.5063094
1,0,0.39264816
0,0,0.45612144
0,1,0.5493752
0,0,0.40911794
0,0,0.48548916
0,0,0.36591437
0,1,0.5813136
0,1,0.5015804
0,0,0.49694344
0,1,0.56872326
0,0,0.48680347
0,0,0.26954052
0,1,0.51778847
0,1,0.52462095
0,0,0.46811128
0,0,0.4893019
0,0,0.31136417
1,1,0.5686039
1,1,0.56242824
1,1,0.561004
0,0,0.4439531
0,0,0.47963813
0,0,0.387822
0,0,0.49430564
0,1,0.5397749
0,0,0.38753632
0,0,0.40905732
0,1,0.65538496
0,1,0.5541028
0,0,0.433397
0,0,0.4592477
0,0,0.49786583
0,0,0.49647927
0,0,0.48077488
0,1,0.5417047
0,1,0.50939864
0,0,0.29931742
0,1,0.53992844
0,0,0.47076342
0,0,0.4741389
1,1,0.6042924
0,0,0.46188197
1,0,0.43731588
0,0,0.47774184
1,1,0.5080142
0,0,0.43059865
1,0,0.34906152
0,0,0.42905968
0,0,0.4681127
0,0,0.47997358
0,1,0.56654906
0,1,0.6097104
0,1,0.50222814
0,0,0.29051173
0,0,0.45478508
0,0,0.40901726
0,1,0.575429
0,0,0.49441755
0,1,0.5757979
0,1,0.535728
0,1,0.5093545
0,1,0.54271966
0,1,0.56848514
0,1,0.53424835
0,1,0.50498646
0,0,0.4412315
0,0,0.48249882
0,0,0.48706144
0,0,0.49117488
1,1,0.5608477
0,0,0.4947731
1,1,0.5108808
1,1,0.5118007
0,1,0.5662172
0,1,0.5098577
0,0,0.44668007
0,0,0.35492805
0,1,0.5873137
0,0,0.46411973
0,0,0.46478912
0,0,0.45896012
0,1,0.501958
1,1,0.53792626
0,0,0.4588958
1,1,0.63516086
1,0,0.49987713
1,1,0.5507553
0,1,0.55224496
1,1,0.56464446
0,1,0.54965
0,0,0.46668577
1,0,0.4500507
0,0,0.4392097
0,1,0.5359458
0,1,0.5237007
0,0,0.44871873
1,1,0.5017096
0,0,0.45262983
0,0,0.38003182
0,0,0.46755105
0,1,0.5670397
1,1,0.5286388
0,1,0.5266337
0,1,0.50889796
0,0,0.2955422
1,1,0.52430725
0,0,0.48369828
0,1,0.57320154
0,1,0.51488787
0,0,0.3762735
0,1,0.5348205
0,0,0.49945953
1,1,0.5338496
0,1,0.5679574
0,0,0.4623724
0,1,0.564263
0,0,0.40295202
0,0,0.49424517
0,0,0.42815232
0,1,0.5266238
0,0,0.37394106
0,0,0.2898536
1,0,0.4740914
0,0,0.43969268
0,0,0.49804714
1,1,0.511562
0,1,0.54687244
0,1,0.5483459
0,1,0.5164063
0,1,0.54524046
0,0,0.35398147
1,1,0.5006033
0,1,0.50944006
0,0,0.49736604
0,1,0.5861521
0,1,0.5974255
0,0,0.46030384
0,1,0.5092752
0,0,0.4071883
0,1,0.5393602
0,0,0.4292363
0,0,0.46126738
0,1,0.5793868
0,0,0.4674475
0,0,0.40824747
0,0,0.43500486
0,0,0.43868116
0,0,0.45543253
0,0,0.44758275
0,1,0.53413016
0,0,0.49979573
0,0,0.4954816
0,0,0.3645616
0,0,0.42897165
1,0,0.49510688
0,0,0.46252754
0,0,0.48420596
0,0,0.413464
0,0,0.44029447
0,1,0.55484533
0,1,0.53950715
1,0,0.49610806
0,0,0.48660523
0,0,0.43436712
0,0,0.48610422
0,0,0.3667736
1,1,0.5346204
0,0,0.49581304
1,0,0.33990106
0,0,0.4056559
0,0,0.456853
0,1,0.50041986
0,0,0.39789855
1,0,0.48864394
0,0,0.46583202
0,0,0.4888708
0,1,0.5113081
1,0,0.4173771
0,0,0.46950087
1,0,0.43798494
0,1,0.54573315
0,0,0.49760333
1,1,0.58228576
0,1,0.5332027
1,0,0.458967
0,1,0.56150204
0,0,0.36265805
0,0,0.45801395
0,0,0.4409672
0,1,0.53641295
0,0,0.3901305
0,1,0.6685341
0,0,0.44954893
0,0,0.46201515
0,0,0.4237066
0,0,0.33249196
0,0,0.46472102
1,0,0.46341136
0,0,0.47196513
0,0,0.4884845
0,0,0.38480052
0,0,0.47704756
0,0,0.4775754
1,1,0.50647265
0,0,0.4595823
0,1,0.5260057
0,1,0.5183874
0,0,0.45130715
0,0,0.4094163
0,0,0.30373952
1,1,0.54697657
1,1,0.5262651
0,1,0.59046143
1,1,0.527053
0,0,0.4524856
0,0,0.4875769
0,0,0.40632778
0,0,0.4727324
0,0,0.42458227
1,1,0.5030378
0,0,0.43827412
0,1,0.54702127
1,0,0.39743683
0,0,0.37588832
0,0,0.47750288
0,1,0.52505875
0,0,0.4582987
0,0,0.42583776
0,1,0.5427729
0,1,0.5104229
0,0,0.44218165
0,0,0.45668682
0,0,0.43416008
0,0,0.4676061
0,0,0.48678792
0,1,0.5986237
0,0,0.48546624
0,0,0.4988698
0,0,0.4146173
0,0,0.35606754
0,0,0.39413023
0,0,0.39437038
0,0,0.49736848
0,0,0.49214554
0,0,0.2606414
1,0,0.46957627
0,0,0.38345137
0,1,0.52033657
0,0,0.46958315
0,0,0.49933815
0,1,0.521067
0,1,0.5359863
0,1,0.52867997
1,0,0.42865536
1,0,0.48178548
1,1,0.5595907
0,0,0.40009248
0,0,0.49760112
0,0,0.46967116
0,0,0.4445284
0,0,0.38722485
1,0,0.4514284
0,0,0.44680375
0,1,0.52226275
0,0,0.49303788
0,0,0.46886003
1,0,0.4536039
0,0,0.48754898
1,1,0.62144846
0,0,0.48195726
0,1,0.50646335
1,1,0.5739889
0,1,0.50840104
0,1,0.5525137
0,0,0.47520927
1,0,0.49322775
0,0,0.43088895
0,0,0.40297022
1,1,0.629004
0,0,0.432125
0,1,0.54085404
0,1,0.56655335
0,0,0.46695057
0,0,0.4720512
0,1,0.5107808
1,0,0.4845854
0,1,0.5092803
0,0,0.4421682
0,0,0.45177752
0,1,0.51505846
0,0,0.45835978
0,0,0.485659
0,1,0.53973186
0,0,0.47153878
1,0,0.47295263
0,1,0.533586
0,0,0.39715102
0,1,0.5689185
0,1,0.59005594
1,0,0.43352422
0,1,0.5106729
0,0,0.41178048
1,0,0.45805758
1,1,0.5533553
0,1,0.5038952
0,1,0.6695781
0,0,0.47844747
0,1,0.56050926
0,0,0.4678515
1,1,0.6180388
0,0,0.49014398
1,0,0.4592826
0,0,0.44633177
0,0,0.44422057
0,1,0.5150387
1,0,0.47679302
0,1,0.5284362
0,1,0.61608803
0,0,0.4365662
0,0,0.47540998
0,0,0.29757136
0,1,0.5162714
1,1,0.5238049
0,0,0.47978166
0,0,0.27656385
1,0,0.4960505
0,1,0.5770336
0,1,0.51019436
0,0,0.41541454
0,0,0.47720262
0,1,0.51180744
0,0,0.4280978
0,1,0.51202226
0,0,0.40770227
0,0,0.45978892
1,1,0.61873645
0,0,0.4686764
1,1,0.52710384
0,0,0.4935183
0,1,0.5626636
0,1,0.52966654
0,0,0.4934066
0,1,0.5317067
1,0,0.34804353
0,0,0.49913907
0,0,0.42836133
0,1,0.518913
0,0,0.47287205
0,1,0.51482236
0,0,0.43176308
0,1,0.5036751
0,0,0.4632455
1,0,0.46394274
0,1,0.5541195
0,0,0.3985336
0,1,0.5433055
0,0,0.464844
1,0,0.3027791
0,1,0.5195331
0,0,0.4335444
0,1,0.6110018
0,0,0.4574585
0,1,0.61418384
0,0,0.31507805
0,1,0.5213181
0,0,0.4213011
0,0,0.49966118
0,1,0.5286042
0,0,0.48629037
0,0,0.4414811
0,0,0.4869423
1,0,0.49164048
0,0,0.38738683
1,0,0.46249348
0,1,0.51049757
0,0,0.46619293
0,0,0.43300018
0,1,0.51938146
0,1,0.51314026
1,0,0.4959557
0,1,0.51258415
1,1,0.5610564
1,0,0.4656835
0,0,0.43613163
0,0,0.45212275
0,0,0.39653394
0,1,0.5689447
1,0,0.4019658
0,0,0.47821525
0,0,0.4599214
0,1,0.52599144
0,0,0.3522346
0,0,0.4861848
0,0,0.45576292
0,0,0.46230543
0,1,0.6533369
0,0,0.49038032
0,1,0.5020181
1,1,0.5673567
0,0,0.46813694
1,0,0.48490435
0,0,0.35075107
0,0,0.46960485
0,1,0.5071148
0,0,0.4305272
0,0,0.49527568
0,0,0.37106714
0,0,0.38923493
1,1,0.65337545
1,0,0.27657828
1,1,0.5758835
0,0,0.3866064
0,0,0.47597447
0,0,0.49711016
0,0,0.46001437
0,0,0.45147988
0,0,0.4759813
0,1,0.5079332
0,0,0.49853408
0,0,0.48217806
0,0,0.27439535
0,0,0.43726346
0,0,0.34996718
0,0,0.43961465
0,0,0.40983588
1,1,0.60683215
0,0,0.44419807
0,0,0.46555516
0,1,0.51320875
0,0,0.49145985
1,1,0.5365733
0,1,0.5365202
0,1,0.5410506
0,0,0.47167066
0,0,0.4456968
0,1,0.5173903
0,0,0.2881362
1,1,0.5105081
0,1,0.50354946
1,1,0.62257093
0,0,0.27555582
0,0,0.47114602
0,0,0.47460896
0,0,0.45089713
0,1,0.50749975
0,1,0.55885524
1,1,0.51742756
1,1,0.54738283
0,0,0.49951392
0,0,0.43607157
0,1,0.54591334
0,1,0.51135826
0,1,0.5193463
0,1,0.52068484
0,1,0.5016377
1,0,0.45854235
0,1,0.52685654
0,0,0.3077835
0,1,0.5128885
0,1,0.5886745
1,0,0.45390356
0,0,0.4945059
0,0,0.4833902
0,0,0.3491192
0,1,0.5187085
1,0,0.3737013
0,1,0.532626
0,1,0.62337726
0,1,0.598488
1,0,0.47584102
0,1,0.5437812
0,0,0.46199736
0,0,0.44466132
0,1,0.5088127
0,1,0.5042859
0,1,0.5252524
0,0,0.43329117
0,0,0.24325834
0,0,0.48666582
0,0,0.3580212
0,1,0.53557676
0,0,0.39133114
1,1,0.60876405
0,1,0.5190028
0,0,0.44571808
0,0,0.4850895
1,0,0.46551448
0,0,0.35765946
0,0,0.28318322
0,0,0.4905356
0,1,0.5043461
0,0,0.45551994
0,0,0.47108054
0,1,0.5022862
0,1,0.51550555
1,0,0.42136213
0,0,0.46156
0,1,0.5101203
0,0,0.35002643
0,1,0.53944343
1,1,0.5422716
0,0,0.48616594
1,1,0.57166284
0,0,0.46427223
0,0,0.4840981
0,0,0.38971734
0,1,0.5479304
0,1,0.5885394
0,0,0.4705484
1,0,0.4203416
0,0,0.35453126
0,0,0.47307882
0,1,0.52111113
0,1,0.5091173
1,1,0.5240679
0,1,0.52545834
0,1,0.5777087
0,0,0.2928257
0,1,0.6217337
0,1,0.55243194
0,1,0.55652
0,0,0.4748799
0,1,0.6063697
0,1,0.5135585
0,0,0.39674297
1,0,0.49608877
1,1,0.50194967
0,0,0.4985354
0,0,0.3377873
0,1,0.5314975
0,1,0.52207845
0,1,0.50325936
0,1,0.5624873
0,1,0.5235334
1,0,0.3802181
0,1,0.50278044
0,0,0.47416773
0,1,0.5467502
0,0,0.3756573
0,0,0.42787173
1,0,0.47947913
1,1,0.53752697
0,1,0.567658
0,1,0.546651
0,1,0.56246656
0,0,0.45582458
0,0,0.40385574
0,1,0.5672273
0,1,0.62774193
0,0,0.49252036
0,0,0.43601748
0,0,0.46537656
1,1,0.5214369
0,0,0.3992579
0,0,0.4530199
0,0,0.4380378
0,1,0.50242525
0,0,0.43261495
0,0,0.4661565
0,1,0.6122196
0,0,0.48228437
0,0,0.45308074
0,0,0.44154623
0,0,0.48577082
0,1,0.5201149
0,0,0.396452
0,0,0.49263716
0,0,0.48873597
0,1,0.61104846
0,1,0.58516926
0,0,0.47775674
1,1,0.5765903
0,1,0.5003681
0,1,0.57295614
1,0,0.46691737
0,1,0.5719713
0,1,0.5462886
0,0,0.4245767
1,0,0.47997063
0,0,0.39425424
0,0,0.46791008
0,1,0.572616
1,1,0.51240236
0,0,0.4740762
0,1,0.5384566
0,0,0.44244483
1,1,0.51029646
0,1,0.5544795
1,1,0.5069965
0,0,0.4580773
1,1,0.5962435
0,0,0.4998074
0,0,0.40363744
0,1,0.6151708
0,0,0.45527267
0,0,0.46329772
0,1,0.5385819
0,0,0.45272744
0,0,0.43351912
0,0,0.4982105
0,1,0.5320286
0,0,0.450186
0,0,0.46975937
0,0,0.47443503
0,0,0.49124387
0,0,0.47704843
0,1,0.50007635
0,0,0.4361573
0,0,0.46699098
1,1,0.56993693
0,1,0.50788736
0,0,0.49687037
0,0,0.46559995
0,0,0.4577418
0,0,0.47465947
0,0,0.49745467
1,1,0.6289089
0,0,0.48076582
0,0,0.49833807
0,1,0.5173683
0,0,0.4752146
0,1,0.5822204
1,1,0.57391936
1,0,0.4508091
0,1,0.56188077
0,0,0.47013047
0,1,0.588256
0,0,0.45920315
0,0,0.3960254
0,0,0.48167583
0,0,0.41183895
0,0,0.43704063
0,0,0.47438434
0,1,0.5389877
0,0,0.4401465
1,1,0.5994083
0,0,0.44385192
0,0,0.4935729
1,1,0.5031802
0,1,0.53204906
0,1,0.646918
0,0,0.49067286
0,1,0.52998906
1,0,0.4929463
0,1,0.5311091
0,0,0.45909852
0,0,0.45217553
0,0,0.46405596
0,0,0.27270207
0,0,0.42026335
0,1,0.5747737
0,1,0.5323546
1,1,0.5020324
0,1,0.5220633
0,0,0.49682876
0,1,0.5996782
0,1,0.58630055
1,0,0.4839371
1,0,0.43620363
1,1,0.5315872
0,0,0.37408957
0,0,0.38491812
0,0,0.40698677
0,1,0.5048695
0,0,0.48021266
0,0,0.32489973
0,1,0.5841538
0,0,0.22005978
0,0,0.39357704
0,0,0.3713519
0,1,0.52736974
0,1,0.5321812
0,0,0.46972856
0,1,0.5063512
1,0,0.48754036
0,0,0.48333701
0,0,0.43713292
0,0,0.46313217
0,1,0.53785443
0,0,0.45149606
0,1,0.5079481
1,0,0.28494594
0,0,0.46652377
0,0,0.4688473
1,0,0.45111784
1,0,0.4964185
0,1,0.5284347
0,1,0.5181484
0,1,0.50715333
0,1,0.6280047
0,1,0.56282526
0,1,0.6258289
1,0,0.464841
1,0,0.48407504
0,1,0.63142365
0,0,0.43179244
0,0,0.47291332
0,0,0.47801226
0,0,0.45117387
0,0,0.49495465
1,0,0.44702414
0,0,0.4905114
0,0,0.49823812
0,1,0.5168862
1,0,0.4674014
0,0,0.4101683
0,0,0.47521117
0,0,0.45366243
0,0,0.33933312
0,0,0.33516926
0,0,0.49241477
0,0,0.4799667
1,1,0.5061909
0,0,0.3567885
0,0,0.33317396
0,0,0.49334973
0,0,0.49687278
0,0,0.31606415
0,0,0.47658405
0,0,0.45884696
0,0,0.47511822
0,0,0.486063
0,1,0.6265463
0,0,0.49563235
0,0,0.48799565
1,0,0.46644208
1,0,0.45654273
0,0,0.4608413
0,1,0.53224605
0,0,0.4837086
1,0,0.4723283
0,0,0.4998454
0,1,0.5597487
0,0,0.4166405
0,1,0.5094877
0,0,0.44436145
0,0,0.45664957
0,0,0.4919684
0,0,0.37718853
0,0,0.40188938
0,0,0.42001566
0,0,0.43857136
1,1,0.5905752
0,1,0.5159921
0,0,0.47037128
1,1,0.50635374
0,0,0.35487473
0,1,0.5002858
1,1,0.51831186
0,0,0.28025597
0,0,0.47174639
1,1,0.5025512
0,1,0.5403902
0,1,0.53376746
0,0,0.45300895
0,0,0.45732844
1,0,0.47770813
0,0,0.3016755
0,0,0.48397523
0,1,0.5155427
0,0,0.44393998
1,0,0.48093742
0,0,0.34517282
0,1,0.5635308
0,0,0.43218645
0,0,0.44960526
0,0,0.4743198
0,0,0.47724238
0,0,0.47958928
0,0,0.44443524
0,0,0.47149283
0,0,0.49926975
1,1,0.57137656
0,0,0.47585145
0,0,0.3745021
0,0,0.43234146
0,0,0.4370841
0,1,0.5704159
1,1,0.53763473
0,0,0.46602333
0,0,0.4288243
0,0,0.4705558
0,0,0.49377123
1,1,0.5185625
0,0,0.34274435
0,0,0.39744416
0,0,0.47390324
0,0,0.440156
1,1,0.5380139
0,0,0.43912128
1,1,0.5029872
0,1,0.5391758
0,0,0.4882001
0,0,0.49237227
0,0,0.4623023
0,0,0.38372093
0,0,0.45099092
1,0,0.4677011
1,0,0.41746423
1,1,0.6381427
0,0,0.40639308
0,1,0.50266135
0,0,0.4866367
1,1,0.56714875
0,0,0.4687502
0,0,0.47315338
0,0,0.4877272
1,1,0.54054797
0,0,0.34174392
0,1,0.6284951
1,1,0.52663225
1,1,0.52767146
1,1,0.57171714
0,1,0.55003405
0,1,0.5535011
1,0,0.45792404
1,1,0.5126895
0,0,0.4613906
0,0,0.48692828
0,1,0.54407924
1,0,0.48223877
0,0,0.40746397
0,1,0.53297466
0,0,0.47145367
0,1,0.60906
0,0,0.48470008
1,1,0.56026334
0,0,0.40924996
0,0,0.48995328
0,1,0.5100825
0,0,0.45656115
0,0,0.4203229
0,0,0.44929194
1,0,0.43104276
1,0,0.47158927
0,0,0.26419854
0,0,0.41112828
0,1,0.5019315
0,0,0.3853222
0,1,0.50757146
1,0,0.447477
0,1,0.5040717
0,1,0.5824361
0,1,0.5125897
0,0,0.46048096
1,1,0.51777244
0,0,0.49131238
0,0,0.44609275
0,1,0.6287306
0,0,0.45176032
0,0,0.49117
0,0,0.47289732
0,1,0.540298
1,1,0.5777103
1,0,0.4803304
0,1,0.53976655
0,0,0.4142606
0,0,0.45582274
1,0,0.43503988
0,0,0.3927647
0,0,0.48240572
0,1,0.5472857
1,1,0.60910255
1,1,0.58867913
0,1,0.5327745
1,0,0.4530734
0,1,0.5809983
0,0,0.41998988
0,0,0.47759247
1,1,0.6071602
0,0,0.47629932
0,1,0.5131863
0,0,0.49209446
0,0,0.45382923
0,1,0.5725092
0,1,0.5242852
0,0,0.47589913
1,1,0.5040426
0,0,0.4204171
1,0,0.45593005
0,0,0.39334506
0,1,0.5120093
0,0,0.26038298
0,0,0.49205947
1,1,0.5442405
0,0,0.4844941
0,0,0.4703817
0,0,0.47416672
1,1,0.5230998
0,1,0.55576664
0,0,0.47493434
0,1,0.56327486
0,0,0.47817793
0,1,0.57594085
0,1,0.52103525
1,1,0.5170998
1,1,0.53271174
0,1,0.51407516
0,0,0.39635983
0,1,0.56167287
1,0,0.45496535
1,0,0.44930565
0,0,0.46957573
1,1,0.52035296
0,0,0.44725636
0,0,0.47717437
0,1,0.5856164
0,0,0.4310627
1,1,0.5659589
1,1,0.6223855
0,1,0.5226728
0,0,0.4359278
0,1,0.58371824
0,0,0.32872316
0,0,0.2776478
0,0,0.43783957
0,0,0.45920566
0,0,0.49723554
0,0,0.35918632
0,0,0.4182051
0,0,0.38825282
0,1,0.50532246
0,0,0.48846492
0,0,0.19649158
0,0,0.19826292
0,0,0.49118742
1,0,0.47369525
0,0,0.45351434
0,0,0.46518615
0,0,0.44843826
0,0,0.48438781
0,1,0.52905995
0,0,0.4716584
0,0,0.4949728
0,0,0.45841601
0,0,0.47683153
0,0,0.28725132
1,0,0.43621352
0,0,0.48575905
0,1,0.56661385
0,0,0.4780248
0,0,0.47306257
0,0,0.4858106
0,1,0.6074191
0,1,0.55549294
0,0,0.33327052
0,0,0.40681592
0,1,0.61090344
0,0,0.38352123
0,0,0.46019307
0,0,0.45817652
0,0,0.4687533
0,1,0.50157034
0,1,0.5538972
0,0,0.4333629
0,0,0.44346195
0,0,0.4230108
0,0,0.37131646
0,0,0.4878463
0,0,0.48393226
0,0,0.46653134
0,0,0.48327285
0,0,0.4654827
0,1,0.50949746
0,0,0.43892163
1,1,0.50608647
0,0,0.47807893
0,0,0.4650598
0,1,0.5870077
0,0,0.45600352
0,1,0.58030504
1,0,0.49365756
0,0,0.4950175
0,1,0.50937265
0,0,0.47068757
0,0,0.45372742
0,0,0.47581774
0,1,0.56289667
1,0,0.4852038
0,0,0.44977754
1,1,0.5021281
0,0,0.45642447
0,0,0.24148743
0,0,0.47532406
1,0,0.49257523
1,0,0.44248357
0,0,0.44849887
0,0,0.32953104
0,0,0.38612852
0,0,0.4854619
0,0,0.44148496
1,1,0.5125209
0,0,0.42965308
0,0,0.46455047
1,0,0.49588272
1,0,0.42772514
0,1,0.5244829
0,1,0.55525494
1,0,0.48619017
1,0,0.49282423
0,0,0.48190016
1,1,0.5414519
0,1,0.52300364
0,1,0.5260241
0,0,0.47200903
0,0,0.27496633
0,0,0.3982742
1,1,0.53688556
0,1,0.56623805
0,0,0.47840524
1,0,0.48662567
1,0,0.43791392
0,0,0.39854562
0,0,0.36300975
0,0,0.46529007
1,1,0.6367781
0,1,0.57797134
0,0,0.34528428
0,0,0.47401804
1,1,0.502611
0,1,0.5016776
0,1,0.6156027
1,1,0.54158074
0,0,0.46124431
0,0,0.49613214
0,0,0.42859548
0,1,0.68502045
0,0,0.49655652
1,0,0.2845615
0,0,0.46539187
0,0,0.4713014
1,0,0.4829117
1,0,0.4989392
0,0,0.43022665
0,0,0.36820066
0,0,0.45915112
0,1,0.5995443
0,1,0.53260064
0,1,0.5538818
0,1,0.5583737
0,0,0.33307603
0,1,0.5230999
0,1,0.5176635
0,1,0.5555963
1,0,0.37296313
0,1,0.58567095
0,1,0.54944384
0,0,0.45447683
0,0,0.4533728
0,1,0.5582841
0,0,0.3735056
0,1,0.5842711
0,1,0.5404945
0,0,0.4996141
0,1,0.5220443
0,0,0.33464807
0,0,0.3843558
0,0,0.34423164
1,0,0.47975695
1,1,0.5766376
0,0,0.49573842
0,1,0.5037486
0,1,0.60330915
0,1,0.53755665
1,0,0.4864545
0,0,0.41987392
0,0,0.49258655
0,0,0.2643931
0,1,0.63638955
1,0,0.49861223
0,0,0.4730976
0,0,0.48467657
0,1,0.5941032
0,0,0.4725016
0,0,0.4261271
0,1,0.57751447
0,0,0.45930895
0,1,0.55919045
0,0,0.32862815
0,0,0.45916432
1,0,0.46393728
0,0,0.47520858
1,1,0.5116901
0,1,0.5499468
0,0,0.34158748
1,1,0.5096736
0,1,0.52098125
0,1,0.5078006
0,0,0.21684891
0,0,0.48941365
0,0,0.32674938
0,0,0.44783416
0,0,0.4572133
0,0,0.44801205
0,0,0.3250303
0,0,0.4491087
0,1,0.6218186
0,0,0.41464722
0,0,0.46737233
0,1,0.53099126
1,1,0.5509788
1,1,0.55984676
0,0,0.4173621
0,1,0.65200895
1,0,0.44497496
0,0,0.46361122
0,0,0.45630884
1,1,0.5336381
0,1,0.5648876
0,0,0.4823758
0,1,0.5240769
0,0,0.37371546
0,1,0.52773315
0,0,0.46690843
1,0,0.48203743
0,0,0.49462998
1,0,0.4927757
1,0,0.4989937
0,0,0.41461805
0,0,0.37687093
0,0,0.45998967
0,0,0.43972316
0,1,0.543894
0,1,0.54741013
0,1,0.56569904
0,0,0.44876423
0,1,0.62758315
0,1,0.5150307
0,0,0.4873789
0,0,0.48602226
0,1,0.56589
1,1,0.51266605
0,0,0.4679023
0,0,0.40218562
0,0,0.47212785
1,0,0.4601741
0,0,0.46822897
0,1,0.513757
1,1,0.5230853
0,1,0.5412742
0,0,0.4437028
0,1,0.54462624
0,0,0.47231275
0,1,0.58523005
0,0,0.46330923
1,0,0.45750204
0,0,0.46755192
0,1,0.59483904
0,0,0.4861635
0,0,0.29611486
0,0,0.38740674
0,0,0.3176102
0,1,0.5102802
0,0,0.47714543
0,1,0.5203217
0,1,0.51928097
0,1,0.56626385
0,1,0.61756045
0,0,0.43798262
0,1,0.57172453
1,1,0.5756479
1,0,0.48652765
0,1,0.51763326
0,0,0.48201796
0,1,0.5465839
0,0,0.45919955
0,1,0.50087726
1,0,0.43639445
0,1,0.5812536
0,0,0.33198988
0,0,0.46933362
0,1,0.5179956
1,1,0.6194734
0,1,0.57630396
0,1,0.64812654
0,1,0.55686146
0,0,0.4234415
1,0,0.48539138
0,0,0.4850851
0,0,0.49597576
0,0,0.4772644
1,1,0.535772
1,0,0.46599072
1,0,0.45275232
1,1,0.5988567
1,0,0.3627521
0,0,0.4580687
0,0,0.44522384
0,0,0.46112353
1,0,0.43802965
0,1,0.55059373
0,0,0.33391842
1,1,0.5672631
0,0,0.4241145
0,0,0.44736037
0,0,0.46112183
0,1,0.50662977
0,1,0.5113599
1,0,0.4742187
0,1,0.50360763
0,0,0.49354082
0,0,0.4809621
0,1,0.5176548
0,0,0.27191955
0,1,0.50501215
0,0,0.37462437
1,1,0.50858724
0,1,0.5180068
0,1,0.5678491
0,1,0.51957524
0,0,0.3120207
0,0,0.46420765
1,0,0.46548715
0,0,0.4032658
0,0,0.47614077
0,0,0.4878271
0,0,0.47290555
0,1,0.60721225
0,1,0.5054781
0,0,0.40845793
0,0,0.47325236
0,0,0.30994532
0,0,0.45989263
0,1,0.5152046
0,0,0.4861918
0,1,0.58432513
0,0,0.48898843
0,0,0.26221675
0,0,0.48591268
0,1,0.58228916
0,1,0.5171742
1,0,0.4753625
0,1,0.6198234
1,0,0.49460286
0,0,0.3056228
1,1,0.56436837
0,0,0.35811657
0,0,0.3357701
0,0,0.4704394
1,0,0.49681363
0,0,0.4952619
0,1,0.52044994
0,0,0.45775145
0,0,0.44110096
0,0,0.47914696
0,1,0.61794525
0,0,0.47384435
0,0,0.42762432
1,1,0.50143
0,0,0.37082994
1,0,0.46697617
0,1,0.5809981
0,0,0.4732991
0,0,0.44897106
0,1,0.58483696
0,1,0.5350376
0,0,0.4975559
0,1,0.5085661
0,1,0.50074625
0,0,0.4480012
1,0,0.45150137
0,0,0.48582205
0,0,0.46074313
0,1,0.5644935
0,0,0.45725656
0,0,0.4511634
1,1,0.50855803
0,1,0.5018972
0,1,0.5621363
0,0,0.46750742
0,1,0.5848465
0,0,0.42161798
0,1,0.50809425
0,0,0.47896534
0,0,0.4925225
1,1,0.56132764
0,1,0.57359767
1,0,0.45099974
0,0,0.4792064
0,0,0.45693833
1,0,0.47110942
0,0,0.48601553
0,0,0.4049995
0,0,0.44789368
0,1,0.5179179
0,0,0.49318936
1,0,0.49378443
0,1,0.6394364
1,1,0.50901157
0,0,0.42939317
0,0,0.48326394
0,0,0.3864218
0,0,0.47304374
0,0,0.45765868
0,1,0.5019044
1,0,0.34253252
0,1,0.508598
0,1,0.5817277
1,0,0.46528432
0,0,0.38238004
0,1,0.5178408
0,0,0.48839316
0,1,0.56085294
0,0,0.49495122
0,0,0.4985306
0,0,0.46715975
0,0,0.46616942
1,1,0.5067574
0,1,0.58849126
0,1,0.50559825
0,1,0.56506354
0,0,0.42142066
0,0,0.48327097
0,1,0.56044835
1,1,0.5358344
0,0,0.47619957
0,0,0.47324353
0,0,0.41520384
0,1,0.549771
0,1,0.5207854
1,1,0.5333549
1,1,0.51214963
0,0,0.34429798
0,0,0.49968606
0,1,0.5399843
0,1,0.52229893
0,0,0.4592162
0,0,0.36411482
1,0,0.38986582
0,1,0.50295854
0,0,0.42295095
0,1,0.57592213
0,0,0.43037975
0,1,0.5409804
1,1,0.58512485
0,0,0.4774236
0,1,0.544433
1,0,0.49286935
0,0,0.495412
0,0,0.47946632
1,0,0.42915004
0,1,0.5648463
0,0,0.49000213
1,1,0.6056406
0,0,0.46046942
0,0,0.4404926
0,1,0.547342
1,1,0.5851485
0,0,0.46101028
0,0,0.4233977
0,0,0.42672977
0,1,0.5000671
0,0,0.46693268
0,1,0.5514929
0,0,0.4396587
0,1,0.5002812
0,0,0.22053581
0,0,0.34737578
0,0,0.4178589
0,0,0.33343342
1,1,0.553013
0,1,0.5693728
0,0,0.4610758
0,1,0.5790799
0,0,0.4567246
1,0,0.35262093
0,0,0.4935564
0,1,0.5108
0,1,0.50815415
1,1,0.55295134
0,0,0.48017454
0,1,0.5044715
0,0,0.46923125
0,1,0.50150436
0,0,0.45771676
0,1,0.5002768
0,0,0.49627015
0,1,0.58905154
1,0,0.43659166
0,0,0.48683837
0,0,0.47441873
0,1,0.5596174
0,0,0.4749865
0,0,0.4615102
0,0,0.48687086
0,1,0.5145568
1,0,0.48055077
0,0,0.39722276
0,0,0.43273693
0,0,0.43074563
1,1,0.5183213
0,0,0.3071298
1,0,0.49223414
0,1,0.50537103
1,0,0.49527812
0,1,0.54181916
1,1,0.5190633
0,1,0.57400656
0,1,0.5206676
0,0,0.4509792
0,0,0.3121027
0,0,0.48565215
0,1,0.5044633
0,0,0.47787195
1,0,0.45277765
0,1,0.57104075
0,0,0.47871473
0,1,0.5737459
1,0,0.44766083
1,1,0.52106386
0,0,0.3760071
0,1,0.5034955
0,0,0.4436324
0,0,0.4222659
0,1,0.60284406
0,0,0.47732908
0,1,0.59910077
0,1,0.57580566
1,1,0.58507323
0,1,0.54818517
0,0,0.35411456
0,0,0.48593533
0,1,0.5669559
0,0,0.28735062
0,1,0.50123036
0,1,0.55154413
0,0,0.49979237
0,0,0.42998615
0,0,0.45702845
0,1,0.5103761
0,1,0.5417332
0,0,0.40751985
0,0,0.45988882
0,0,0.46404082
0,0,0.49614236
1,1,0.53927356
0,0,0.44936562
0,0,0.380965
0,0,0.3341867
1,0,0.49994493
0,1,0.5456959
0,0,0.49252948
0,0,0.45992225
0,0,0.46058926
0,0,0.45344976
0,0,0.4662155
0,0,0.41231716
0,0,0.485074
0,0,0.31413984
1,0,0.4896186
1,0,0.4523907
0,1,0.5942265
0,1,0.5359832
0,0,0.4238134
0,1,0.5031389
1,0,0.39590415
0,0,0.4464216
0,0,0.33879957
0,1,0.6133349
1,1,0.5787678
0,0,0.4821449
0,0,0.47358474
0,0,0.4995095
1,1,0.541531
0,1,0.527188
0,0,0.4907719
0,0,0.47661015
0,0,0.49933988
0,1,0.58073276
0,1,0.54284674
0,1,0.5433106
0,0,0.43006024
0,1,0.55840296
0,0,0.49172282
1,0,0.40516636
0,0,0.46990958
0,0,0.29489723
0,0,0.471143
0,1,0.58123237
1,0,0.45273134
0,0,0.3443023
0,1,0.5085612
0,0,0.36473867
0,0,0.45459363
0,1,0.64809215
0,1,0.51022494
0,0,0.49456993
0,0,0.46494943
1,0,0.45947993
0,1,0.57986134
1,1,0.5551557
0,1,0.5114678
0,0,0.2706521
0,1,0.5030289
0,0,0.44017935
0,0,0.48172405
0,1,0.5483208
0,0,0.45420524
1,1,0.549932
0,0,0.47106585
0,0,0.4616752
1,0,0.40005213
0,0,0.39040622
0,1,0.5110475
1,0,0.49069312
0,0,0.46332604
0,0,0.4897718
0,0,0.28791466
0,1,0.557164
0,1,0.55023575
0,1,0.53474706
0,0,0.45881334
0,1,0.50979763
0,1,0.57532483
1,1,0.5309895
0,0,0.39832747
0,0,0.4992411
1,1,0.5243249
1,0,0.49218127
1,1,0.5319518
0,1,0.50542116
0,1,0.6147063
1,0,0.45275488
1,1,0.5192812
0,0,0.44638482
0,1,0.58911914
0,1,0.50386643
1,1,0.5627733
0,0,0.45844775
1,0,0.47678202
0,0,0.48749357
0,0,0.4790726
0,0,0.45772842
0,0,0.45032892
0,0,0.270558
1,1,0.6032401
0,1,0.523461
0,0,0.492441
1,0,0.43226823
0,0,0.37764773
0,0,0.44421875
1,0,0.34597242
1,0,0.49182948
1,1,0.53503823
0,1,0.5061084
1,1,0.50968945
0,0,0.38461143
0,0,0.4604802
0,0,0.35545132
0,0,0.38421053
0,0,0.40252873
0,1,0.51292855
0,0,0.46771935
1,0,0.28877896
0,0,0.4733635
0,0,0.4970001
0,0,0.46112847
0,0,0.35097054
1,1,0.56247056
1,1,0.5387071
0,1,0.5976165
1,1,0.6124617
0,0,0.40822524
0,0,0.46554258
0,0,0.45583254
1,1,0.5591117
0,0,0.48927626
0,0,0.32345083
0,1,0.5116892
0,0,0.4844992
0,1,0.5421816
0,1,0.5415072
0,0,0.47278744
0,0,0.4976138
0,1,0.5068636
1,0,0.4075598
1,0,0.49599293
0,0,0.48181775
0,1,0.60588795
0,0,0.47918648
0,1,0.53338873
0,1,0.54469895
0,0,0.37615922
0,0,0.35297433
0,0,0.43607414
0,0,0.4756128
0,1,0.60468423
1,0,0.4429497
0,0,0.49481165
0,0,0.48180142
0,0,0.45715848
0,1,0.5679482
0,1,0.52297807
0,1,0.559651
1,1,0.5592988
0,0,0.3338814
0,0,0.45840788
0,0,0.43852073
0,1,0.5740259
0,0,0.33903912
0,0,0.32983097
0,1,0.5680562
0,0,0.45249766
0,1,0.52574337
0,0,0.45438224
0,1,0.55771124
0,0,0.30030918
0,1,0.50477225
0,1,0.58232164
0,1,0.538161
0,0,0.36295012
0,0,0.49086577
0,1,0.60045093
0,1,0.561964
0,1,0.60809195
0,1,0.55524766
1,0,0.49615294
0,0,0.4662207
0,1,0.50355875
0,0,0.47178003
0,1,0.5936396
0,0,0.46035004
0,0,0.344995
0,1,0.5524137
0,0,0.33262846
1,0,0.46562606
0,1,0.5010442
0,0,0.2576772
0,0,0.48912638
0,0,0.48667854
0,0,0.27293128
0,0,0.4549896
1,1,0.5313688
1,0,0.42188302
1,1,0.54391736
1,1,0.62270087
0,1,0.54684967
0,1,0.5044286
0,1,0.6059379
0,0,0.4984083
1,1,0.6312968
0,0,0.45219868
0,0,0.40617943
0,0,0.4614216
0,0,0.39550298
0,0,0.4889891
0,0,0.45040885
1,0,0.40996227
0,1,0.5733641
0,0,0.49565873
0,0,0.49899977
0,0,0.49295655
0,0,0.38236427
0,1,0.5198483
1,1,0.563218
0,1,0.5117183
0,0,0.47335798
0,0,0.47804153
0,1,0.5393124
0,0,0.48807693
1,0,0.4204407
0,0,0.46821576
0,1,0.5644966
0,0,0.4051832
0,1,0.5661032
1,0,0.40684018
0,0,0.48986426
0,0,0.47707283
0,0,0.47132945
0,0,0.476829
0,1,0.51212054
0,1,0.5032078
0,1,0.5264847
0,0,0.48723546
0,1,0.5988375
1,1,0.5041137
0,1,0.54056716
0,1,0.57657
0,1,0.54749143
0,0,0.44141403
0,1,0.57474524
0,0,0.48747104
0,0,0.48816454
0,0,0.4654533
0,1,0.6062271
1,0,0.4229971
0,0,0.38721052
0,0,0.49661195
0,1,0.5591437
0,1,0.56682605
1,1,0.62141985
1,1,0.51435536
0,0,0.41270077
1,0,0.44445053
0,0,0.4358457
0,1,0.5290585
1,1,0.53404516
0,1,0.52321637
1,1,0.6007495
1,0,0.38584766
0,0,0.43269888
1,1,0.50780785
0,0,0.44433707
1,0,0.26829013
0,1,0.500411
0,1,0.5029545
1,0,0.49352002
0,0,0.3682835
0,1,0.56114936
0,0,0.49830705
0,1,0.6005334
0,1,0.53616965
0,0,0.41161373
1,0,0.44221923
0,0,0.4907325
0,0,0.44623533
0,1,0.52702636
0,1,0.5030256
0,0,0.49185148
1,0,0.48285457
0,0,0.44142517
0,0,0.47579753
0,0,0.41660538
0,0,0.26549017
0,0,0.460252
0,0,0.3980985
0,0,0.44633594
0,0,0.38081434
0,1,0.5324049
0,1,0.5048851
0,1,0.6259147
0,1,0.5399664
0,1,0.53340274
1,1,0.5536
0,1,0.54694104
1,0,0.4960527
0,0,0.45502007
1,0,0.4653669
0,1,0.6435115
1,0,0.49377894
0,0,0.4795299
0,0,0.3950204
0,0,0.36077186
0,1,0.5274196
0,0,0.42500353
0,0,0.44251698
1,0,0.45726958
1,1,0.52853525
0,0,0.48360622
0,0,0.4386045
0,1,0.63181704
0,0,0.47631258
1,1,0.6409047
0,0,0.45521227
0,0,0.4312125
0,0,0.4612402
0,0,0.49533996
1,0,0.4773623
1,1,0.6127508
1,0,0.45359457
1,0,0.45156214
1,0,0.4854957
1,0,0.48789272
0,0,0.4731127
1,0,0.3259704
1,0,0.4654536
0,1,0.52577096
0,0,0.4719226
0,0,0.23162451
0,1,0.5235832
0,0,0.35749352
0,1,0.5668173
0,1,0.5195304
0,0,0.46593207
0,1,0.5648772
0,0,0.49050134
0,0,0.48137724
0,0,0.3281227
0,1,0.52982783
1,0,0.34308067
1,1,0.54826856
1,0,0.49550954
1,1,0.6203559
0,0,0.44617328
0,1,0.50219756
0,1,0.54008156
0,0,0.39588976
0,0,0.4818676
0,0,0.49082318
0,1,0.5020169
0,1,0.52950287
0,0,0.48853946
0,0,0.4899177
0,1,0.60681325
0,0,0.46054897
1,0,0.48316637
0,0,0.47434366
0,0,0.49611324
1,0,0.44541237
1,0,0.46521825
0,1,0.5128873
0,0,0.4595218
0,0,0.4474991
0,1,0.52781075
0,1,0.53495085
0,0,0.40540037
0,1,0.5169765
1,0,0.42924407
0,0,0.45885912
0,1,0.507187
0,1,0.553725
0,1,0.50286937
0,0,0.48343578
0,0,0.49481758
0,0,0.4933333
0,0,0.38714442
0,0,0.36250818
0,0,0.27286428
0,0,0.4693603
0,0,0.4703958
0,1,0.5035981
0,0,0.34746093
0,1,0.5123792
0,1,0.5150176
0,1,0.57070506
0,0,0.39911312
0,1,0.51456
0,1,0.50216335
0,1,0.52578676
0,0,0.47734323
0,0,0.4420558
0,0,0.4906501
0,0,0.4132569
0,1,0.63144064
0,1,0.5247623
0,1,0.53676116
1,1,0.5462229
1,0,0.4715686
0,0,0.46443754
0,1,0.5266083
0,1,0.59986603
1,0,0.49369594
1,1,0.52179337
0,0,0.49047622
0,0,0.34965855
0,0,0.4610457
0,0,0.39847004
0,1,0.5289437
0,0,0.4627674
0,0,0.48360303
0,0,0.38621426
1,0,0.4505605
0,0,0.2580859
0,1,0.5440033
0,1,0.52179056
0,0,0.4756105
0,0,0.46362698
0,0,0.43100348
0,0,0.43221173
0,1,0.5616848
0,0,0.4932416
1,0,0.453601
1,0,0.45370767
0,0,0.45926985
0,0,0.48896748
0,0,0.3402832
0,1,0.62451833
0,1,0.5297704
0,0,0.39829865
0,0,0.4664805
0,0,0.4343308
0,1,0.5197437
0,0,0.41555935
0,0,0.18258554
0,0,0.37614378
0,0,0.4337519
0,0,0.43477792
0,0,0.42838755
0,0,0.49027556
1,1,0.64887613
1,1,0.50420135
0,0,0.33050933
0,0,0.4982806
0,1,0.5075175
0,0,0.35619307
0,1,0.5605945
0,0,0.4925808
0,0,0.45857367
0,0,0.44549912
1,1,0.51464576
0,1,0.57134074
0,0,0.4173239
0,0,0.47559473
0,0,0.4568622
1,0,0.44719428
0,0,0.39982164
0,0,0.3649416
0,0,0.41628033
0,1,0.5352442
0,0,0.41705164
1,1,0.58747613
0,0,0.4907826
0,0,0.46421835
0,1,0.5726553
0,0,0.47867706
1,1,0.6433051
0,0,0.25457504
1,1,0.51623446
0,0,0.47356474
0,1,0.55375165
0,0,0.49248552
1,1,0.5351204
1,0,0.4898219
0,1,0.54167765
0,0,0.46221069
0,0,0.4797125
0,1,0.5140505
0,1,0.5326951
0,0,0.49716827
0,0,0.48039767
1,1,0.5854272
0,1,0.60392946
0,1,0.5335401
1,0,0.47136587
0,0,0.45188978
0,0,0.46064445
0,0,0.47074425
0,1,0.5592942
0,0,0.45655414
0,1,0.52540165
0,0,0.4833437
0,0,0.4348534
0,0,0.28056028
1,1,0.6060708
1,0,0.395628
0,1,0.56520414
0,0,0.34027064
0,1,0.53259474
0,0,0.4811035
0,0,0.49914333
0,0,0.45891115
0,1,0.50183237
0,1,0.65534514
0,0,0.4473152
0,0,0.46762946
0,1,0.5056914
0,0,0.36424005
0,1,0.53434455
0,0,0.42611906
1,0,0.46722558
0,0,0.27460808
0,1,0.54814315
0,0,0.30941513
0,0,0.42869556
0,1,0.54703766
0,1,0.648606
0,1,0.53231657
0,0,0.4609676
0,0,0.45818055
0,0,0.43405655
0,0,0.38823792
0,0,0.36136413
0,0,0.41861293
0,1,0.5774617
0,0,0.3802207
0,0,0.48291337
0,1,0.5862023
0,1,0.57946455
0,0,0.44581696
0,0,0.46736374
0,0,0.30291948
0,0,0.4694524
0,1,0.5073581
0,0,0.48626885
0,0,0.47856662
1,1,0.509109
0,1,0.5614749
1,0,0.49655187
1,0,0.46900403
0,1,0.5821036
0,1,0.510383
1,0,0.4678491
0,0,0.48226964
0,0,0.45534894
1,1,0.5041078
1,1,0.5857289
0,0,0.47440198
1,0,0.47188795
0,0,0.4965861
0,0,0.349955
0,1,0.5448695
0,1,0.54657006
0,1,0.5130528
1,0,0.39657158
0,0,0.428297
1,0,0.48441905
0,0,0.4679922
0,1,0.61636543
0,0,0.4411798
0,0,0.41177303
0,0,0.48390037
0,1,0.6053789
0,1,0.50835484
0,1,0.5300953
0,1,0.56685543
0,0,0.47510612
0,1,0.5880468
0,0,0.43699574
0,0,0.4821019
1,1,0.5041514
1,0,0.45047984
1,0,0.47504726
1,1,0.5361437
0,1,0.50712115
1,0,0.46634108
1,0,0.49621648
0,0,0.3703611
0,0,0.4416977
0,0,0.4510079
0,0,0.47287187
0,0,0.47541952
0,0,0.46951067
0,0,0.49373397
0,1,0.50656205
1,1,0.5455811
0,0,0.46623212
0,0,0.0010363616
0,0,0.4666983
0,1,0.5911639
0,0,0.42762065
1,0,0.45828074
0,1,0.6105425
0,1,0.56619525
0,0,0.41125494
1,0,0.4717396
0,0,0.49297455
1,1,0.5384378
0,1,0.5057303
1,1,0.5705582
0,0,0.30320165
0,0,0.45687807
0,1,0.572549
0,0,0.44580606
0,1,0.51217604
1,1,0.623306
0,0,0.46085784
0,1,0.50122136
1,0,0.4247272
0,1,0.53394616
0,0,0.4567599
0,0,0.48886982
0,0,0.49368262
0,0,0.4533964
0,0,0.27405512
0,0,0.48808515
0,1,0.6188279
0,0,0.48319837
0,0,0.45190734
0,0,0.49884227
0,0,0.30889615
0,1,0.52495635
0,0,0.37110564
0,0,0.45162442
0,1,0.503519
1,1,0.6005929
0,0,0.44318455
0,1,0.6010667
0,1,0.50950176
0,0,0.49254295
0,0,0.40986973
0,0,0.4709798
1,1,0.51956064
0,1,0.6284265
1,0,0.41210955
0,0,0.35848042
0,0,0.47584203
0,0,0.46908927
0,1,0.5735473
0,1,0.5099641
0,0,0.39744893
1,0,0.4975533
1,1,0.56881255
0,0,0.4959532
0,0,0.49160597
0,1,0.54590595
1,1,0.5452583
1,0,0.4588459
0,0,0.47409368
0,1,0.62050104
0,1,0.5657854
1,0,0.40212524
0,1,0.56638473
0,1,0.56635696
0,1,0.5198074
0,0,0.49777317
0,1,0.52948445
1,1,0.54318273
0,1,0.5459949
0,0,0.32160407
0,0,0.47350132
0,1,0.5131452
0,0,0.3864609
0,0,0.45182735
0,1,0.5880681
0,0,0.47453192
0,0,0.46901858
1,1,0.5635989
0,0,0.4642493
0,0,0.4330492
1,1,0.50356346
0,0,0.42847413
0,1,0.55308264
0,0,0.28970808
0,1,0.5304655
0,0,0.4782319
0,1,0.5327415
0,0,0.44760787
0,0,0.47704408
0,0,0.3842713
1,1,0.62539285
1,0,0.47406706
0,0,0.39663234
0,1,0.6087307
0,1,0.50775915
1,0,0.49143884
1,0,0.49936423
0,0,0.4802059
0,1,0.50258297
0,0,0.47903952
0,0,0.38217077
0,1,0.5135261
0,0,0.41654775
0,0,0.46699983
0,0,0.33103603
0,0,0.47499213
0,0,0.482591
0,0,0.37589583
1,0,0.44742182
0,1,0.55785847
0,0,0.44071814
0,0,0.34365812
0,0,0.43497312
0,0,0.4158579
0,1,0.50627583
0,0,0.45859084
1,1,0.53568345
0,0,0.38962698
1,1,0.5560517
0,1,0.5233701
0,1,0.5896301
0,0,0.40831506
0,1,0.56249845
1,0,0.3998853
0,0,0.44479266
0,1,0.51490295
1,1,0.61738956
0,0,0.4411012
0,0,0.4638145
1,1,0.57653224
0,1,0.51212656
0,0,0.42436752
1,0,0.40476137
0,1,0.50284183
0,1,0.598497
0,1,0.64108306
0,1,0.5920147
0,1,0.5642809
0,0,0.40738
0,0,0.4708285
0,1,0.5428934
0,0,0.45660698
0,0,0.41388878
0,0,0.38931677
0,1,0.5093669
0,0,0.42331377
0,0,0.39411694
1,0,0.38914034
1,1,0.5702927
0,1,0.5467959
1,0,0.46466324
1,0,0.48327947
0,1,0.5430401
1,1,0.59433025
0,1,0.50647753
0,1,0.63234556
0,1,0.5278251
0,1,0.51885927
0,0,0.47727668
0,0,0.45825207
0,0,0.4507797
0,0,0.48219985
0,1,0.5166855
0,1,0.67424244
0,1,0.5030906
0,0,0.41667828
0,0,0.48255554
1,0,0.4046067
0,0,0.442651
0,0,0.44644496
0,0,0.4265734
1,0,0.41548103
0,1,0.5083021
0,1,0.52356726
0,1,0.555821
0,0,0.2467238
1,0,0.49156028
0,0,0.4626317
0,0,0.45792124
0,0,0.49471977
0,0,0.48524246
0,1,0.5004605
0,0,0.35060543
0,0,0.48451945
1,0,0.49554646
0,1,0.53454274
0,0,0.44016314
0,0,0.4679269
0,0,0.49808636
0,0,0.48637158
0,0,0.43209007
0,0,0.36223635
0,0,0.45470002
1,0,0.4292235
0,0,0.45343086
0,1,0.5381739
0,1,0.56418097
1,0,0.46669644
0,0,0.443273
0,0,0.3869338
0,1,0.5018093
0,0,0.42742658
0,1,0.53370506
0,0,0.42403367
1,0,0.47165784
0,1,0.5234799
1,1,0.55035895
0,1,0.5641154
1,1,0.53794223
0,0,0.45607972
0,1,0.5026425
0,0,0.4671884
0,1,0.55664885
1,0,0.4941352
0,1,0.5162695
0,0,0.37664178
0,1,0.51455796
0,0,0.48050836
0,0,0.4158068
0,1,0.56891036
0,1,0.60230106
0,1,0.5915916
1,1,0.51915425
1,0,0.49475336
0,0,0.46563733
0,1,0.5309964
0,0,0.46853834
0,0,0.48724464
1,0,0.43899605
0,0,0.49572876
1,0,0.43346083
0,0,0.42290133
0,1,0.5414639
0,0,0.40667063
1,0,0.48983002
0,0,0.47561663
0,1,0.55592424
1,0,0.4790949
0,0,0.4977114
0,1,0.5003572
0,0,0.37150374
0,1,0.54796666
0,1,0.5892339
0,0,0.34489146
0,0,0.4697824
0,1,0.553178
1,1,0.5109857
0,1,0.50491184
0,0,0.4897103
0,0,0.47735968
1,0,0.42466962
0,0,0.4833052
0,0,0.47195512
0,0,0.4563225
0,0,0.27954182
0,0,0.46585846
0,0,0.41826746
0,1,0.5499045
0,0,0.48118123
1,1,0.5113955
0,0,0.49694318
0,1,0.5062858
0,0,0.4437832
0,0,0.44557494
0,0,0.46636105
0,0,0.40006265
0,0,0.4643699
0,0,0.49137297
0,1,0.6423806
0,1,0.5285096
0,1,0.5330485
0,0,0.47194082
0,1,0.5278339
0,1,0.512851
0,0,0.3623114
0,0,0.49241152
0,0,0.48891434
0,0,0.45595825
1,0,0.4922526
0,0,0.42932642
0,0,0.4534998
0,0,0.45667273
0,1,0.5263988
0,0,0.4506423
0,1,0.50499827
1,1,0.5235598
0,1,0.61011535
1,0,0.39476418
0,0,0.44977552
0,1,0.6059482
0,0,0.49081543
0,0,0.47495344
0,0,0.46481234
0,0,0.4648582
0,0,0.31350705
0,0,0.43547806
0,1,0.58077335
1,1,0.50177056
0,0,0.26309574
1,0,0.4886633
0,0,0.45425868
0,0,0.2800523
0,0,0.45006022
0,1,0.509919
0,1,0.5403692
0,0,0.47986743
0,0,0.46121898
0,1,0.5640681
0,1,0.5351438
0,0,0.48392916
0,0,0.47533312
0,0,0.277999
0,1,0.5465682
0,0,0.44335157
0,1,0.600803
0,1,0.5365709
0,0,0.32125562
1,1,0.5291927
1,0,0.3985879
1,0,0.43402192
0,1,0.5171594
0,1,0.5587579
1,1,0.5827882
0,0,0.4754257
0,0,0.46240503
0,1,0.5058478
0,0,0.4654091
1,0,0.4974203
0,0,0.43666968
0,0,0.34328124
1,1,0.6268479
0,0,0.4305748
0,0,0.43197954
0,0,0.3535348
0,0,0.348353
0,0,0.39871958
0,0,0.45037735
0,1,0.52717924
0,0,0.4724584
0,0,0.46980205
0,1,0.532105
0,0,0.48439908
0,0,0.48884323
0,0,0.47335994
0,0,0.47321972
0,0,0.4583391
0,0,0.47510576
0,1,0.5572283
0,0,0.3419377
0,0,0.30167904
0,0,0.43905774
0,1,0.62522674
0,1,0.58176994
0,1,0.5036226
0,0,0.49546376
0,0,0.344336
1,1,0.53832483
0,1,0.54416686
1,0,0.4613206
0,0,0.40081868
0,0,0.4804543
0,0,0.4462631
0,0,0.47095606
0,0,0.45432532
0,0,0.49024126
0,0,0.4768637
0,1,0.5279724
0,0,0.45674342
0,0,0.41017878
0,0,0.40801218
0,0,0.47828582
0,0,0.43000463
0,0,0.4367405
0,0,0.48739472
1,0,0.49522763
0,0,0.48467746
1,0,0.48305783
0,0,0.4348884
0,0,0.24322584
0,0,0.48301777
0,0,0.46178877
0,0,0.46054512
0,1,0.6022868
0,0,0.41152444
0,1,0.5555682
1,0,0.42954388
0,1,0.5830436
0,0,0.4736343
0,0,0.47220942
0,0,0.42452964
0,0,0.43537304
0,1,0.5345257
0,1,0.5586045
0,1,0.5801603
1,0,0.417368
0,1,0.5597822
1,0,0.485069
0,0,0.4701318
0,1,0.6446163
1,1,0.6064812
0,0,0.45785424
0,1,0.5300507
0,1,0.57000095
0,0,0.34834826
0,0,0.4957829
0,1,0.560809
0,0,0.28269032
1,0,0.4726808
0,1,0.5132495
0,1,0.5756321
0,0,0.41436392
0,1,0.53098714
0,0,0.48178464
1,1,0.50722003
0,0,0.43702874
0,0,0.4250103
1,0,0.3220627
0,1,0.5173111
0,1,0.5735408
0,1,0.5173155
0,0,0.44854808
0,0,0.4577943
0,1,0.59598666
1,1,0.5192041
0,1,0.5938463
0,1,0.6629576
0,1,0.5068063
0,1,0.50398326
0,0,0.4707666
0,1,0.5448286
0,0,0.4830691
0,1,0.5133918
0,1,0.6403299
0,1,0.5214819
0,0,0.48676068
0,0,0.412769
0,0,0.4865596
1,1,0.5454665
0,1,0.51423067
0,0,0.4589864
0,1,0.59065944
0,0,0.47041583
0,1,0.5214102
1,0,0.43366364
0,1,0.57399875
0,0,0.45985246
1,0,0.306739
0,0,0.47708353
0,0,0.43117312
0,0,0.44653535
0,0,0.47191095
1,1,0.59382236
0,0,0.49573737
0,0,0.36473498
0,0,0.48317215
0,0,0.4714485
0,0,0.37123704
0,1,0.58026594
1,0,0.37788162
1,0,0.47187886
0,0,0.47635916
0,0,0.39554313
0,1,0.51260805
0,0,0.31223726
0,0,0.36255825
0,1,0.5512999
0,0,0.49499047
1,0,0.2825812
1,1,0.55191416
0,0,0.45561668
0,1,0.5967962
1,0,0.47340623
0,1,0.5248003
1,0,0.47562712
0,0,0.4962847
0,0,0.36079457
0,0,0.4844424
0,1,0.53281873
0,0,0.43998414
0,1,0.54493356
0,0,0.41263005
1,0,0.46105424
0,0,0.30517465
0,1,0.55824894
1,0,0.47926167
0,1,0.5672586
1,1,0.53125554
0,0,0.43815935
0,1,0.5102139
0,0,0.47656116
0,1,0.5272365
0,0,0.49712414
1,0,0.4541968
0,0,0.4159227
0,1,0.50782126
0,0,0.366152
1,1,0.5240813
1,1,0.5178146
0,0,0.4719585
0,0,0.4586494
0,0,0.49954203
0,0,0.49737248
1,1,0.55310434
0,0,0.47316083
0,0,0.46089476
0,0,0.38489425
0,0,0.4342422
0,1,0.54841536
0,0,0.4841451
0,0,0.37375852
0,0,0.40325233
1,0,0.48214278
1,1,0.510169
0,0,0.45169517
0,0,0.4128122
0,0,0.4959252
1,1,0.5009266
0,1,0.5207706
1,0,0.4364643
0,0,0.49145597
0,0,0.45405677
0,0,0.3878745
0,0,0.43157843
0,0,0.48862055
0,0,0.4425432
1,1,0.5831826
0,0,0.46698803
0,0,0.46779752
0,0,0.28219715
0,0,0.47278306
0,0,0.36106265
1,0,0.40636367
0,0,0.4395674
0,0,0.46184108
0,0,0.33296418
0,0,0.4758476
0,1,0.5606428
1,0,0.40439662
0,1,0.50676394
1,1,0.56167567
1,0,0.48153558
0,0,0.4541289
0,1,0.5203532
0,0,0.40100023
0,0,0.34359607
0,1,0.50931084
0,1,0.5960184
1,0,0.4789068
0,1,0.6171512
0,0,0.29047
1,0,0.46950063
1,0,0.41447613
0,0,0.453043
0,1,0.5763191
0,0,0.23363855
0,0,0.42922357
0,0,0.47516868
0,0,0.356031
1,0,0.36173654
1,1,0.5231209
0,0,0.3029153
0,0,0.31066775
0,1,0.5453608
0,1,0.5237522
1,0,0.47750232
0,0,0.46877077
0,0,0.47826758
0,0,0.47340912
0,0,0.4936727
0,1,0.5102107
0,0,0.48513722
1,1,0.5169216
0,1,0.53901297
0,0,0.44389275
0,0,0.47965053
0,1,0.50136286
0,1,0.5494848
0,1,0.54415834
0,1,0.5000819
0,1,0.5222989
0,1,0.62754136
1,1,0.5778052
0,0,0.49783146
0,0,0.36887136
0,1,0.65865093
0,0,0.42314205
0,0,0.49164212
0,0,0.43266112
0,1,0.6013711
0,1,0.5399384
0,0,0.48694792
1,0,0.4985743
0,1,0.5610172
0,1,0.5203327
1,0,0.44104788
0,1,0.57922107
0,1,0.5769173
0,0,0.40497217
0,0,0.46491197
0,0,0.3192053
0,1,0.5077266
0,0,0.4652783
0,1,0.5812358
1,0,0.49734834
0,0,0.43563846
1,1,0.50101435
0,1,0.5239949
0,0,0.4618696
0,1,0.56033
0,1,0.5558324
0,1,0.5185669
0,1,0.56909204
1,0,0.46330255
0,0,0.45330897
1,0,0.48899922
1,1,0.53133965
0,0,0.44517675
0,1,0.5037363
0,1,0.5552117
1,0,0.4575665
0,0,0.4711649
0,0,0.4707159
0,0,0.47441328
0,1,0.5041473
0,0,0.44450784
1,1,0.5376737
0,0,0.43047386
0,1,0.52554744
0,0,0.4296996
0,0,0.4746571
0,0,0.28402913
0,0,0.36893478
0,0,0.2935329
0,1,0.56880254
0,0,0.47344837
0,0,0.38704905
0,0,0.2436041
0,0,0.45674822
0,1,0.5812877
0,0,0.29995283
0,0,0.3817229
0,0,0.45735967
1,1,0.502298
0,0,0.48799726
0,1,0.5653629
0,0,0.49194053
0,0,0.48795184
0,0,0.4545217
0,0,0.4531078
0,0,0.3774751
0,0,0.23304921
0,1,0.5325708
0,1,0.512868
0,0,0.48644045
0,0,0.35985136
0,0,0.3754113
0,0,0.46029127
0,0,0.29431206
0,0,0.44024685
0,1,0.50354624
0,0,0.46080726
0,1,0.6346756
0,0,0.4872742
0,1,0.5007571
0,1,0.579322
1,1,0.50166804
0,0,0.45951137
0,0,0.44961825
0,1,0.5243872
0,0,0.4657277
0,1,0.63638604
0,0,0.44513437
0,1,0.52527297
1,1,0.56528664
0,1,0.5199647
0,0,0.42608607
0,0,0.45111033
0,0,0.4745446
0,0,0.49018842
0,0,0.47969168
0,0,0.41425332
0,1,0.51566225
0,1,0.51503474
0,0,0.49748984
0,0,0.4033988
0,0,0.39371026
0,1,0.50418144
1,1,0.5891776
0,0,0.40669802
0,0,0.45894378
0,1,0.5355558
1,1,0.5043378
0,1,0.52609426
0,1,0.62797326
0,0,0.45432803
0,0,0.47167516
1,0,0.4794004
0,1,0.5597424
1,1,0.60935235
0,0,0.49939224
0,0,0.21802571
0,1,0.5072233
0,0,0.294707
0,1,0.5154085
1,0,0.4996698
0,0,0.47582507
0,0,0.42039374
0,1,0.5014214
1,1,0.53494984
0,1,0.6023358
0,1,0.5939943
0,0,0.3861634
1,1,0.5023979
0,1,0.52803373
0,1,0.5126541
1,1,0.5163454
0,1,0.5139629
1,0,0.4315827
0,1,0.6794415
0,1,0.55091035
0,0,0.478868
0,1,0.5927318
0,0,0.48235464
0,0,0.37414977
1,1,0.5473239
0,0,0.4970739
0,0,0.49440148
0,1,0.5497423
0,1,0.53721404
1,1,0.5041613
1,0,0.4567462
0,1,0.54186714
0,1,0.509558
0,1,0.5155482
0,0,0.4597213
0,0,0.4077021
1,1,0.52427685
0,1,0.52132124
0,0,0.4804492
0,1,0.57702565
0,0,0.43507558
0,0,0.48248866
0,0,0.32881054
0,0,0.4695769
0,1,0.5272446
1,1,0.5155941
0,0,0.37878183
1,1,0.6208318
0,1,0.50487196
0,0,0.48126608
0,0,0.43955407
0,1,0.53742146
1,0,0.37257352
0,0,0.42584825
1,1,0.50203484
0,0,0.46181744
0,0,0.44952396
0,1,0.597688
0,1,0.56713444
0,0,0.41003886
0,0,0.48233244
1,1,0.53576404
0,0,0.39380875
1,1,0.6013615
0,0,0.46707353
1,1,0.5164154
1,0,0.4685132
1,0,0.49466836
0,1,0.50652885
0,0,0.47221315
1,1,0.5823036
1,0,0.46794176
0,0,0.49542758
0,0,0.44389117
0,0,0.49753314
0,0,0.39157492
0,1,0.6230931
0,0,0.47510397
0,0,0.47891778
0,1,0.55657405
0,0,0.4550068
0,1,0.5355771
0,0,0.47807094
0,0,0.3663803
0,0,0.45893225
0,0,0.4873965
0,0,0.3496082
0,0,0.48653942
0,1,0.50652784
1,1,0.50905174
0,0,0.44046602
1,0,0.4915761
0,1,0.54390395
0,1,0.56870586
0,1,0.52148783
1,1,0.54280835
0,0,0.26026508
1,0,0.4995397
0,0,0.4582849
0,1,0.56748486
0,0,0.37268513
0,1,0.54266065
0,0,0.31504077
0,0,0.49570855
1,0,0.4734417
0,1,0.593639
0,1,0.5853194
1,0,0.3376847
1,1,0.5760379
1,1,0.5879048
0,0,0.47724372
1,1,0.5240315
1,0,0.475754
0,1,0.5399552
0,0,0.32446453
0,0,0.46938193
0,1,0.5400968
0,1,0.5075152
0,0,0.47084418
0,0,0.28989458
1,0,0.4178379
0,0,0.407492
1,1,0.6020135
0,0,0.48508403
0,0,0.2967071
1,1,0.57588446
1,1,0.5508894
0,0,0.4873
0,1,0.50295746
0,1,0.55378675
0,0,0.37157243
1,1,0.51502097
0,1,0.5306719
0,1,0.50092196
0,1,0.50365466
0,1,0.5662079
0,1,0.50415593
0,0,0.46679237
1,1,0.50017184
0,0,0.4782005
0,0,0.4410558
0,0,0.49579638
0,0,0.3606812
0,1,0.61283004
0,0,0.38302365
0,0,0.41904527
0,0,0.46652308
0,0,0.49090043
0,1,0.5019405
1,0,0.47792855
0,0,0.48263562
0,0,0.4815465
0,0,0.4706124
0,1,0.5474884
1,0,0.43358758
0,1,0.6087469
1,1,0.67151237
1,0,0.41834554
0,1,0.50290406
1,0,0.41671273
0,0,0.3872663
0,0,0.4476151
0,0,0.3632743
0,0,0.4316512
1,1,0.5139409
0,0,0.16991013
0,0,0.48783365
0,0,0.46392947
0,1,0.55034775
1,1,0.69045705
0,0,0.49303216
0,0,0.44259283
0,0,0.47326988
0,0,0.45637795
0,0,0.47754553
0,0,0.47152746
1,0,0.47945935
0,0,0.48063335
0,0,0.4626717
1,1,0.5360883
1,0,0.45029086
0,0,0.34258893
0,0,0.4689859
1,0,0.39186242
0,0,0.4994291
0,1,0.56483924
0,1,0.53008425
1,0,0.47125244
0,0,0.33081755
0,0,0.445293
0,0,0.4904922
0,0,0.49374497
0,0,0.43701792
0,0,0.48779747
0,0,0.477301
0,1,0.56450456
1,1,0.5676126
0,1,0.53083336
0,1,0.53360623
0,0,0.49494267
0,1,0.53686315
0,1,0.5038391
1,0,0.47251183
0,0,0.46256605
0,1,0.5884021
0,0,0.42442033
0,1,0.50134516
1,0,0.49105665
0,0,0.47704104
0,0,0.48458582
1,0,0.433897
0,0,0.46997547
0,1,0.56865513
1,0,0.45958903
0,0,0.4493045
0,0,0.46076873
0,0,0.47545457
0,0,0.3454287
0,0,0.31444174
0,1,0.6666476
0,0,0.43115747
0,0,0.49323004
0,0,0.43107975
0,1,0.58331174
0,0,0.45211273
1,0,0.49197224
1,0,0.38959268
1,1,0.5507521
0,0,0.43215483
0,0,0.24227282
0,0,0.29258844
0,0,0.49788985
1,1,0.50221735
0,0,0.4800938
1,0,0.49022105
0,1,0.57404584
1,0,0.33951885
0,1,0.53653824
0,0,0.40385547
1,1,0.52591735
0,1,0.50677365
0,1,0.57916474
0,0,0.3777677
0,0,0.48144785
0,0,0.47292593
0,1,0.51239574
0,0,0.36859375
0,1,0.55791926
0,0,0.45007107
0,0,0.47836512
1,0,0.45040882
0,0,0.3998603
0,0,0.47871715
1,1,0.5044584
0,0,0.30926284
0,0,0.29914346
0,0,0.47081247
0,1,0.5266572
0,0,0.35859066
0,1,0.53014684
0,0,0.4998735
0,0,0.47634217
0,0,0.4668639
0,0,0.36854577
1,1,0.59231836
0,1,0.54290307
0,0,0.48518604
0,1,0.5711144
0,0,0.45375782
1,1,0.5230645
0,1,0.5472646
0,1,0.53650606
0,0,0.33390352
0,1,0.50793326
0,1,0.5126942
0,0,0.42078516
0,0,0.4952549
0,0,0.2748113
1,1,0.57764226
0,0,0.47124916
0,0,0.42358375
0,0,0.4924069
0,1,0.53086954
0,0,0.49087673
0,0,0.363856
0,0,0.47998977
0,0,0.47604895
0,0,0.46377945
0,0,0.40719846
0,1,0.65089595
0,0,0.47579116
1,1,0.54627824
0,1,0.51819867
0,1,0.5593088
0,1,0.5544153
0,0,0.39413533
0,0,0.19754116
0,0,0.48447758
1,0,0.44918752
0,0,0.36066464
0,1,0.5262526
0,0,0.4131566
0,0,0.4290053
0,0,0.4629656
0,0,0.28833976
1,0,0.4777181
0,1,0.58413374
0,0,0.4463893
0,1,0.52493185
0,0,0.42903396
0,0,0.42214257
1,0,0.33093494
0,0,0.46359134
1,1,0.5328718
0,1,0.5441659
1,0,0.48705205
0,0,0.4508695
0,1,0.5561604
0,0,0.37213334
0,0,0.36126056
0,0,0.45902044
0,1,0.50578713
0,0,0.446325
0,1,0.54841465
0,0,0.46454927
0,1,0.5383297
0,0,0.4557897
0,0,0.46631458
0,1,0.51074255
1,0,0.47724038
0,0,0.49064815
0,0,0.42642778
0,0,0.24577983
1,1,0.5377484
0,1,0.5080799
0,1,0.52182376
0,0,0.33241037
0,1,0.50678855
0,0,0.39302975
0,1,0.51086926
1,0,0.48511884
0,0,0.47660798
0,0,0.2671502
0,0,0.44183573
0,0,0.44246623
0,0,0.45525944
0,0,0.437804
0,1,0.5019653
0,0,0.43660632
0,1,0.5684797
0,1,0.5102489
1,0,0.43752933
0,1,0.59866863
0,0,0.3095409
0,1,0.51902026
1,1,0.500815
0,0,0.32449013
0,1,0.5197105
1,1,0.5097593
0,0,0.47885385
1,0,0.44960314
0,0,0.48265493
0,1,0.5574382
1,0,0.40287262
0,0,0.4767041
1,0,0.47345454
0,0,0.43109375
0,0,0.48690343
0,1,0.55828923
0,1,0.54238665
0,1,0.5527981
0,0,0.44689196
0,0,0.46952274
0,1,0.5342612
0,0,0.44667575
0,0,0.39028236
0,0,0.36983198
0,1,0.51250637
0,0,0.3707281
0,1,0.5466481
1,0,0.49744555
0,1,0.51791584
0,1,0.57885927
0,1,0.5354142
1,0,0.452542
1,0,0.45613918
1,1,0.5128301
0,0,0.4738456
0,0,0.36086363
0,1,0.5191642
0,1,0.51234806
0,1,0.51048
0,1,0.5412808
0,0,0.4445026
0,0,0.4864691
1,0,0.490474
0,1,0.520118
0,1,0.5068053
0,1,0.55827045
0,1,0.5709982
0,1,0.5083627
0,1,0.5561043
1,0,0.39645752
0,1,0.64208513
0,1,0.50174147
0,0,0.43478292
1,1,0.61284983
0,0,0.4681879
0,0,0.40257785
0,0,0.46655795
0,0,0.3486118
0,0,0.48870316
0,0,0.4899071
0,0,0.45007524
0,0,0.45295924
0,0,0.34781003
0,1,0.541997
0,0,0.48278666
0,0,0.4338507
1,1,0.5730342
0,0,0.49272054
1,0,0.42096815
0,1,0.5292244
0,1,0.5071455
0,1,0.65048385
0,1,0.5037494
0,0,0.34803048
1,0,0.4469949
0,0,0.48582146
0,0,0.3920644
0,0,0.49450067
0,0,0.47564584
0,1,0.5232148
0,0,0.46014053
1,0,0.4471544
0,0,0.4879633
0,0,0.469629
0,0,0.49026102
0,0,0.48183632
0,0,0.42716238
0,0,0.48852146
0,1,0.61659724
0,0,0.42973164
1,1,0.65064275
0,0,0.48600358
0,0,0.41492748
1,1,0.534883
0,1,0.5229744
1,0,0.4214975
0,1,0.53488237
0,1,0.52523005
1,0,0.46887073
0,0,0.39217293
0,1,0.547995
0,0,0.36449462
0,0,0.34106043
0,0,0.4606607
1,0,0.46549398
0,0,0.44330463
0,1,0.51423013
1,1,0.5284123
0,0,0.34318346
0,1,0.53061
0,0,0.42415726
0,1,0.52016395
0,0,0.49585173
0,0,0.4708006
0,1,0.50979435
1,0,0.4658967
0,0,0.47067565
0,1,0.5152961
0,0,0.44764405
0,1,0.55504084
0,0,0.49360955
0,0,0.44673455
0,1,0.5826255
0,0,0.49164447
0,0,0.46344066
0,0,0.461137
1,1,0.55159307
0,0,0.4638578
0,1,0.60428035
0,0,0.4788814
1,0,0.4333299
0,0,0.45451564
0,1,0.55971766
1,0,0.48824158
0,1,0.57704186
0,0,0.2209048
0,1,0.5456634
0,1,0.5398762
0,0,0.42137256
0,0,0.46763682
0,0,0.4842531
0,0,0.40010473
0,0,0.49623212
0,0,0.47696555
1,1,0.52383226
0,0,0.31040183
0,0,0.40155396
0,1,0.50665504
0,1,0.5165141
0,0,0.4452438
0,0,0.49596256
0,0,0.48327217
0,0,0.47775525
1,1,0.52997977
0,1,0.53673714
0,1,0.60168904
1,0,0.48822692
0,0,0.3706453
0,1,0.5157153
0,0,0.39346364
1,0,0.48883042
1,1,0.545081
0,1,0.53009576
0,0,0.4806234
0,0,0.4754429
1,1,0.6420791
0,0,0.29949087
0,0,0.453017
0,1,0.5898086
0,0,0.41707617
0,0,0.47279742
0,1,0.60569733
0,1,0.5543069
0,1,0.5053744
1,0,0.48572725
0,1,0.51615894
0,0,0.45867744
0,0,0.48757997
0,0,0.48641095
0,0,0.4214012
1,1,0.50206053
1,0,0.23823048
0,0,0.47264856
0,0,0.46673045
0,1,0.50255513
0,0,0.48505768
0,0,0.42842963
0,0,0.47893095
0,1,0.51513916
1,0,0.25388798
0,0,0.48702592
0,0,0.46145937
0,0,0.40925774
1,1,0.56682587
0,0,0.47264355
0,1,0.50723946
1,0,0.4461993
0,0,0.3908222
0,0,0.45896503
0,1,0.55674183
0,1,0.51093996
0,0,0.48974475
0,1,0.5442523
0,1,0.53068376
0,0,0.30730772
1,0,0.4394018
0,1,0.65620947
0,0,0.30423486
0,1,0.5289505
0,0,0.36617768
0,1,0.50480825
0,1,0.521115
0,0,0.48369136
0,0,0.47487196
0,0,0.42296663
1,1,0.5443954
0,0,0.46913263
0,0,0.48367092
0,0,0.42529827
0,0,0.49288595
0,1,0.51370674
0,1,0.54302824
0,1,0.50739956
0,0,0.48639703
0,1,0.56921417
0,0,0.41766933
0,0,0.44021156
0,0,0.47791916
0,0,0.34765333
1,0,0.43350193
0,1,0.5453468
1,1,0.5233027
0,1,0.51960456
0,0,0.30661207
0,0,0.4468865
1,0,0.3516565
0,0,0.47080827
0,0,0.4863002
0,0,0.3070126
0,0,0.43883967
0,0,0.44168115
0,1,0.51176834
0,1,0.54950243
1,0,0.39243826
0,1,0.51274616
0,0,0.47519392
1,1,0.56276023
0,0,0.45389998
0,1,0.51156473
0,0,0.4655708
0,0,0.45969048
1,0,0.46580726
1,1,0.5683333
0,0,0.2557526
1,1,0.5883794
1,0,0.47449234
0,0,0.44768327
0,0,0.47576603
0,0,0.42852584
0,1,0.59768003
0,0,0.4253031
0,0,0.4076825
0,0,0.4773767
0,1,0.5915928
0,0,0.39392895
0,0,0.49912086
0,0,0.48051307
0,0,0.4866639
0,0,0.4734627
1,1,0.5617059
0,0,0.48397568
0,0,0.47582424
0,0,0.4859969
0,1,0.5941496
0,1,0.5277463
0,0,0.48119864
1,1,0.56576353
0,0,0.46487185
0,0,0.47037506
0,0,0.3395591
0,1,0.5093001
1,1,0.5450591
0,1,0.58677727
0,0,0.47350368
1,1,0.610491
0,1,0.52583045
1,0,0.4892451
0,0,0.47414625
0,0,0.3535205
1,0,0.4659752
0,1,0.51534235
0,0,0.3358475
0,0,0.41440758
0,1,0.51759255
0,1,0.50086474
1,0,0.4730158
0,0,0.3259908
0,0,0.46172968
0,1,0.5841044
1,1,0.5385348
1,0,0.49995083
1,1,0.53148067
0,0,0.436492
0,1,0.52990156
0,1,0.5802483
0,0,0.48464352
1,0,0.47104475
0,0,0.4574666
0,1,0.5579733
0,1,0.57982
0,1,0.5535402
0,0,0.45526466
0,0,0.46019274
0,0,0.45717984
0,0,0.4753215
0,0,0.4932062
0,0,0.4348326
0,1,0.51141596
0,0,0.443941
0,0,0.48310792
1,1,0.5598209
0,0,0.44346654
1,0,0.4618124
1,1,0.5841098
0,0,0.49833912
0,1,0.57899016
0,1,0.5082044
1,0,0.46350783
0,1,0.50352985
0,0,0.28750893
0,1,0.503147
1,1,0.52477854
0,0,0.4651014
1,0,0.47321793
0,0,0.46905544
0,0,0.40906012
0,0,0.31755522
1,0,0.45544028
0,0,0.43588126
0,1,0.5779593
0,1,0.5697297
0,0,0.4246405
0,0,0.48382676
0,1,0.57780486
0,0,0.3406213
0,1,0.5061358
0,1,0.52995735
0,1,0.5290129
1,0,0.43560442
1,1,0.51887846
0,0,0.46120533
0,1,0.53611463
0,0,0.3742022
0,1,0.57621706
0,1,0.57580936
0,0,0.46609682
0,1,0.5055464
0,1,0.52873033
0,1,0.542264
0,0,0.47695667
0,0,0.4299415
0,0,0.25516888
0,1,0.5629031
1,1,0.5120389
0,0,0.25388634
0,1,0.50405073
0,0,0.45843643
0,0,0.4698236
0,0,0.3928358
0,0,0.45570615
0,0,0.38726383
1,0,0.27097574
0,0,0.489787
0,0,0.4126678
0,0,0.45593774
0,0,0.48729715
0,0,0.4609829
0,0,0.47225776
0,0,0.49101934
1,1,0.5784072
0,0,0.48978212
1,1,0.54834765
0,0,0.48186824
0,1,0.56319606
0,0,0.49185756
1,1,0.50965965
0,1,0.591448
1,1,0.5420494
0,0,0.45895323
1,0,0.45297745
0,0,0.43963224
1,0,0.28095123
0,1,0.58041006
0,0,0.31561103
0,0,0.4396947
0,0,0.4539404
0,0,0.2919356
0,1,0.5476365
1,0,0.4725561
0,1,0.5733057
0,0,0.47089177
0,1,0.50134534
0,0,0.44674638
0,1,0.5110259
0,1,0.57774824
0,1,0.5677928
0,0,0.39425188
0,1,0.5252101
0,1,0.52103746
0,1,0.54279315
0,1,0.51626074
1,1,0.5357024
0,1,0.5916389
1,1,0.50923336
0,0,0.46577525
0,1,0.5969113
1,0,0.48936895
0,0,0.47976124
0,1,0.56793624
0,0,0.46713507
0,0,0.46721768
0,0,0.4823348
0,1,0.5208601
0,0,0.4587962
0,1,0.511319
0,0,0.44487524
0,1,0.53214467
0,0,0.44661036
0,0,0.47311807
0,1,0.51463974
1,1,0.55859786
0,0,0.4578433
0,0,0.47062162
0,0,0.48639265
0,1,0.5081757
0,0,0.49190557
0,1,0.53494126
1,0,0.48111373
0,0,0.46479326
0,0,0.31336072
0,0,0.34208614
0,0,0.47644567
0,1,0.50517434
0,1,0.56726533
0,0,0.4452665
0,0,0.3162773
0,1,0.53507775
0,0,0.49227312
1,1,0.50706184
1,1,0.6079487
0,1,0.5709904
1,0,0.48553875
0,0,0.49253264
1,1,0.5170273
1,0,0.47679865
1,1,0.5599648
0,0,0.4690207
0,0,0.46350843
1,1,0.5498284
0,0,0.4992197
0,1,0.5374795
0,1,0.5099766
1,1,0.54357445
0,1,0.5112474
1,1,0.5603501
0,1,0.52312136
0,0,0.49124417
0,0,0.4178505
1,0,0.45662323
1,0,0.43979093
0,0,0.44136447
0,0,0.4516099
0,0,0.45273304
0,0,0.49580482
0,0,0.42481175
1,0,0.46872133
0,0,0.4741289
0,0,0.4766472
1,0,0.49058658
0,1,0.50207865
0,1,0.54414004
1,1,0.56005186
0,0,0.47272152
0,0,0.4307821
0,1,0.5391819
0,1,0.585281
0,1,0.50950587
0,0,0.41921252
0,0,0.4919925
0,1,0.5580217
0,0,0.4686432
0,0,0.49965477
1,1,0.5876242
0,0,0.46703082
0,0,0.4915403
1,1,0.53775394
0,1,0.50481915
0,0,0.4947028
0,0,0.39321882
0,1,0.5516503
0,0,0.3901022
0,1,0.50048596
1,1,0.5025964
0,0,0.3461631
0,1,0.5456593
0,0,0.48540226
0,0,0.477479
0,1,0.56314176
1,1,0.55667186
0,0,0.3904313
1,1,0.5285589
0,1,0.5228219
0,0,0.4879151
0,1,0.56527376
0,0,0.45141986
0,0,0.33155313
0,0,0.49321237
0,0,0.34240767
0,0,0.46632043
0,1,0.54103285
0,1,0.5070493
0,0,0.48398688
0,0,0.47183862
0,0,0.42125127
0,0,0.4924799
0,1,0.5305204
0,1,0.5021435
0,1,0.5097516
0,1,0.53556395
0,0,0.4888884
0,1,0.58452153
0,0,0.48360297
1,1,0.6029626
0,0,0.4710665
0,0,0.45081833
0,0,0.4819002
0,1,0.5227205
1,1,0.6231377
0,1,0.5499204
0,0,0.45069215
1,0,0.44001505
0,1,0.5570042
0,1,0.5382688
0,0,0.38277692
0,1,0.52556586
0,1,0.54190737
0,0,0.47387776
0,0,0.48448038
1,0,0.47419402
0,1,0.50051934
1,0,0.4810022
0,1,0.53247905
0,1,0.576098
1,0,0.4840631
0,1,0.53367096
0,0,0.42420608
1,1,0.5709966
0,0,0.4075013
1,1,0.5630768
0,0,0.47189605
0,0,0.4819058
0,0,0.41519254
0,0,0.27843004
0,0,0.4892985
0,1,0.5694527
0,1,0.506872
0,0,0.36943683
0,0,0.4218609
0,0,0.49205178
0,0,0.42237785
1,0,0.38160327
0,0,0.46640137
0,1,0.55302787
0,1,0.580855
0,0,0.45752522
1,1,0.62130934
0,1,0.5252687
1,0,0.45460156
0,1,0.5426481
0,1,0.54387146
1,0,0.47397974
0,1,0.5993032
0,0,0.4655259
0,1,0.51229656
0,0,0.46598873
0,1,0.51248664
0,0,0.48702148
0,0,0.49656594
0,0,0.48648077
0,0,0.4960823
0,0,0.27258965
0,0,0.48955408
0,0,0.47486737
0,0,0.49045178
0,0,0.462172
0,1,0.6153384
1,1,0.5491256
0,0,0.43362415
0,0,0.42998374
0,1,0.5759397
0,1,0.5027068
1,0,0.47990203
0,0,0.46484366
0,0,0.4654146
0,1,0.54439616
0,0,0.4762193
0,0,0.3196934
0,1,0.5057655
0,0,0.49308786
0,0,0.4032496
0,0,0.43925363
1,0,0.4951196
1,0,0.2994482
1,1,0.53124285
0,1,0.50310785
0,0,0.45749402
0,1,0.5445133
0,0,0.46092212
0,0,0.4786481
0,0,0.42926902
0,0,0.48755765
1,1,0.540792
0,0,0.49580768
0,0,0.49304387
0,1,0.579331
1,0,0.41462347
0,1,0.5729266
0,0,0.30745223
0,0,0.44097298
1,1,0.56543136
0,0,0.37700334
0,1,0.5851762
0,0,0.4654533
0,0,0.4826036
0,0,0.3449466
0,1,0.6107683
0,0,0.45979643
0,0,0.48990205
0,1,0.52506137
1,1,0.5471775
0,1,0.52080464
0,0,0.44688204
0,1,0.5852029
1,1,0.55989707
0,0,0.49894935
0,1,0.5614936
0,0,0.36697006
1,0,0.4744826
1,1,0.54583734
0,0,0.41494125
0,0,0.48359483
0,0,0.48198158
0,1,0.65790355
0,0,0.47704798
0,1,0.56472415
0,0,0.46585992
1,1,0.51586205
1,0,0.45099914
0,0,0.39070892
0,1,0.6210908
0,0,0.46637875
0,1,0.59667563
0,1,0.511622
1,0,0.46896717
0,0,0.4652154
0,0,0.45651495
1,0,0.468161
0,1,0.52445686
0,0,0.4860267
0,1,0.6361865
0,0,0.46297652
0,0,0.4773241
1,1,0.5714914
0,0,0.455929
0,0,0.49594137
0,0,0.496509
0,0,0.22199059
0,0,0.4237749
0,0,0.49978772
0,0,0.4072554
0,0,0.4953398
0,0,0.44999677
0,0,0.42735434
0,0,0.31665587
1,1,0.50298965
0,0,0.31676537
0,1,0.5353639
1,1,0.5121183
1,0,0.45859572
1,1,0.5473298
0,0,0.45403954
0,1,0.5366487
0,0,0.3573447
0,0,0.4964162
0,0,0.33104053
0,0,0.45469382
0,1,0.50023395
0,1,0.6226735
0,0,0.49670443
0,0,0.43503284
0,1,0.5070285
0,0,0.49007267
1,0,0.4401242
0,0,0.48329023
0,0,0.48453882
0,0,0.46381897
0,1,0.53592193
0,0,0.3815541
0,1,0.5048373
0,0,0.44874096
0,1,0.52394325
0,0,0.3807932
0,1,0.56530553
0,1,0.5629107
1,1,0.5627259
0,1,0.5590917
0,0,0.48942298
1,1,0.55010295
0,0,0.4888229
1,1,0.5070418
0,0,0.4266851
0,1,0.50093657
0,0,0.49437755
1,1,0.61797714
0,1,0.5492208
1,1,0.5573997
0,1,0.6370579
0,1,0.5149419
0,0,0.36101362
0,0,0.3682367
0,0,0.48594496
0,0,0.31499183
0,0,0.33923015
0,0,0.48664042
0,0,0.34555143
0,1,0.5507687
0,0,0.43120202
0,1,0.514881
0,0,0.39361537
0,0,0.49060953
0,0,0.39950228
0,0,0.28207943
1,1,0.5181911
1,1,0.5192232
1,1,0.5215286
0,0,0.41524497
0,0,0.4270648
0,1,0.51548815
0,1,0.5108054
1,1,0.5247412
0,0,0.2967572
0,1,0.51672834
0,0,0.49713778
0,1,0.50344014
0,0,0.39328754
0,0,0.47654513
0,1,0.5440691
0,0,0.45145553
0,1,0.54106325
0,1,0.55960375
0,0,0.4337068
0,1,0.50744164
0,1,0.51872194
1,0,0.46088892
0,0,0.3480079
0,1,0.57289356
1,1,0.5224061
0,1,0.50083464
1,0,0.39779264
0,0,0.3455734
0,0,0.445475
0,0,0.47035384
0,1,0.50720274
0,0,0.34248802
0,0,0.36595502
0,0,0.48946998
0,0,0.3539
0,0,0.45849156
0,0,0.4320626
0,1,0.5550339
0,0,0.46219137
1,1,0.6033085
0,1,0.5178099
0,1,0.5692244
1,1,0.51847154
0,1,0.5185327
1,1,0.506681
0,1,0.5667075
0,0,0.48499817
0,1,0.53606874
0,0,0.49026734
0,1,0.535995
0,1,0.5022185
0,0,0.4767354
0,0,0.44184706
0,0,0.43643594
0,0,0.47287723
0,1,0.5776762
0,0,0.45847178
0,0,0.45671284
0,0,0.4945649
1,0,0.46689922
0,0,0.39441735
0,0,0.4936059
0,0,0.46203005
0,1,0.5490057
0,1,0.6372837
0,0,0.38655216
0,0,0.47052422
1,1,0.5161513
0,0,0.47034112
0,0,0.4891814
0,1,0.5670868
0,0,0.49172592
0,1,0.5821507
0,1,0.51794857
0,0,0.3831358
0,0,0.41829774
0,1,0.5084965
0,1,0.5090589
0,0,0.3194216
0,1,0.5410886
0,0,0.45766842
0,0,0.47736457
0,1,0.55617887
1,1,0.5675858
0,0,0.47136888
0,0,0.37471044
1,1,0.5112215
0,1,0.5608536
0,1,0.5127825
1,1,0.5181834
0,0,0.3625278
0,0,0.44904217
0,0,0.4675477
1,0,0.4675406
0,0,0.3991414
1,0,0.44316176
1,1,0.58497167
0,1,0.5149202
1,0,0.49968877
1,1,0.5387879
0,1,0.5058459
0,1,0.50917673
0,1,0.5817183
0,1,0.5433057
0,0,0.4685826
1,0,0.45612884
0,1,0.54064685
0,0,0.47953627
0,0,0.4966957
0,1,0.5487254
0,1,0.5524484
0,0,0.49619594
0,0,0.48623198
0,0,0.45662716
0,0,0.35766125
0,0,0.47757447
0,1,0.55151355
1,1,0.52984107
0,0,0.34493226
0,0,0.44340548
0,1,0.51387537
0,0,0.47443268
0,0,0.49509722
1,0,0.46554103
0,1,0.5539996
0,0,0.46354708
0,0,0.4625563
0,0,0.4671649
0,1,0.62795705
0,1,0.5616517
0,0,0.4818559
0,0,0.46904606
0,0,0.44124493
0,0,0.31003204
0,0,0.46163857
0,1,0.5055565
0,0,0.43732932
1,0,0.47449794
0,0,0.45367533
0,0,0.45825633
0,0,0.44946474
1,0,0.4208813
0,0,0.49822935
0,0,0.46639916
0,0,0.46961218
0,0,0.4898336
0,1,0.50395185
0,0,0.4751713
1,1,0.5016391
0,0,0.35448873
0,1,0.5117026
0,0,0.45723897
1,0,0.4609017
1,1,0.57806385
0,0,0.43074018
0,0,0.4100142
0,1,0.50768137
0,0,0.33589482
0,1,0.5294901
0,0,0.44156432
0,0,0.4492163
0,0,0.32020196
0,0,0.2988565
0,0,0.4246832
0,0,0.38971972
0,0,0.48679185
0,0,0.4907801
0,1,0.5255772
0,0,0.31942382
0,1,0.58395904
0,1,0.5173348
0,0,0.4705667
0,0,0.2977919
1,0,0.2917892
0,0,0.45886302
1,1,0.55652153
1,1,0.59152347
0,0,0.49366367
0,0,0.4923256
0,1,0.55373496
0,1,0.538285
0,0,0.47448662
0,1,0.5601807
0,0,0.44608518
1,0,0.48102212
0,0,0.37880084
0,0,0.4877032
0,0,0.3716595
0,1,0.51036304
1,0,0.4143393
0,0,0.49179393
0,1,0.53853697
0,1,0.56076974
0,1,0.5061132
0,1,0.6872943
0,0,0.497871
0,0,0.4121546
1,0,0.4664249
0,1,0.504474
0,0,0.32618576
0,0,0.4466987
0,0,0.4720228
0,1,0.58644193
0,1,0.57276815
1,0,0.4712214
0,1,0.51887554
0,0,0.46912032
0,1,0.6006588
0,0,0.48181742
1,1,0.53581834
0,0,0.46806747
0,0,0.478744
0,0,0.48541635
0,0,0.4830376
0,1,0.6617818
0,0,0.45710996
1,1,0.5208015
0,1,0.5340497
1,1,0.5069171
0,0,0.398009
0,0,0.4267555
1,0,0.4888678
0,1,0.5105507
0,0,0.4692929
0,0,0.48238283
0,1,0.5349091
1,0,0.4784658
0,0,0.48071435
0,0,0.4086138
1,1,0.5252479
0,0,0.4614898
0,0,0.33829892
0,0,0.48372146
0,1,0.52926207
1,1,0.5814917
0,0,0.4878913
0,0,0.46618778
0,0,0.44806743
0,1,0.5228307
0,1,0.55506563
0,0,0.3662173
1,1,0.5892842
0,0,0.4391787
0,0,0.4895396
0,1,0.5783447
0,1,0.5194155
0,0,0.4794178
0,1,0.51260954
0,0,0.49838093
1,0,0.4852483
0,1,0.5007116
0,1,0.58301026
1,1,0.5221407
0,1,0.58631533
0,0,0.4441174
0,0,0.49723518
0,0,0.4469728
0,0,0.46442923
0,0,0.49297184
0,0,0.46493068
0,0,0.4820744
0,1,0.554855
0,0,0.48337424
0,0,0.48108947
0,1,0.5301461
0,1,0.5666529
0,1,0.51791936
0,0,0.49504706
0,0,0.47231373
1,1,0.55512816
0,0,0.49221554
0,0,0.48605636
0,0,0.46062973
0,0,0.40498963
0,0,0.47046056
0,0,0.47406998
0,1,0.5323335
1,1,0.55760384
0,0,0.46276134
1,1,0.5245103
0,0,0.48882243
0,1,0.55606365
0,0,0.33275533
0,0,0.4401537
0,0,0.31235057
0,1,0.5006581
0,0,0.49392214
0,0,0.39702886
1,1,0.5187913
0,1,0.53051937
0,0,0.48195276
0,0,0.2910034
0,0,0.47412243
0,0,0.38762724
0,1,0.5483405
1,0,0.4452385
0,1,0.5224928
0,0,0.494432
1,0,0.48890698
0,0,0.44478977
1,1,0.51290953
0,1,0.54069126
0,0,0.4522469
0,1,0.5865999
1,1,0.59517795
1,1,0.5100959
0,1,0.5076897
0,0,0.4754416
0,1,0.5051842
0,0,0.34788874
0,1,0.54276544
0,0,0.37636706
1,0,0.42344847
0,0,0.46079144
0,0,0.39856163
0,1,0.5399149
1,1,0.529773
0,1,0.5823371
1,0,0.48836997
0,0,0.39409587
0,0,0.49627972
0,0,0.29886422
0,0,0.4688131
0,1,0.5113578
0,1,0.5616249
0,1,0.50115174
0,1,0.51622033
0,0,0.41273588
0,1,0.6026535
1,0,0.31574896
0,1,0.58440715
0,0,0.24186103
1,1,0.63540125
0,0,0.4938291
0,1,0.5280825
0,0,0.48769626
0,0,0.34431344
0,1,0.5075638
1,0,0.43413118
0,0,0.4234504
0,1,0.5663336
1,1,0.5049975
1,0,0.4475964
0,1,0.5067264
0,0,0.47163635
1,1,0.64132684
1,0,0.41085863
0,0,0.49398327
0,0,0.45545375
1,0,0.41932616
1,0,0.4819761
0,0,0.37100923
0,0,0.4267332
0,1,0.5450833
0,1,0.5417238
0,1,0.53924465
0,0,0.46044078
0,1,0.570315
0,0,0.49255118
1,0,0.4988425
0,1,0.506134
0,1,0.50397885
0,1,0.5205459
1,1,0.5487468
1,1,0.5994574
0,0,0.46742612
0,0,0.48652607
0,0,0.26105806
0,0,0.41801095
1,1,0.59146094
1,0,0.48883873
0,0,0.40396175
0,1,0.6605802
0,0,0.45309097
0,0,0.47978017
0,0,0.48726162
0,0,0.46340117
0,0,0.48836216
0,0,0.2745597
0,0,0.39360693
0,0,0.3715039
0,0,0.45590585
0,0,0.49505237
0,0,0.4446654
0,1,0.54779387
1,0,0.49889335
0,1,0.58269596
0,0,0.33851093
0,0,0.4699669
1,1,0.5057908
0,0,0.43575475
0,0,0.29618934
0,1,0.55800813
0,1,0.5589195
1,1,0.5416762
0,0,0.4721083
0,0,0.47653216
1,1,0.61602056
1,1,0.50062305
0,1,0.5158136
0,0,0.35237542
0,0,0.4983203
0,1,0.5901925
0,0,0.47713473
0,0,0.4026578
0,1,0.535609
1,1,0.52491945
0,0,0.46283662
0,0,0.48435757
1,1,0.6047528
0,1,0.57321805
0,0,0.48220995
0,0,0.4716271
0,0,0.4835027
1,0,0.4953147
0,1,0.56752074
0,1,0.57183623
0,1,0.5633973
0,1,0.6184378
0,1,0.5344771
0,1,0.5038611
0,0,0.32979265
0,0,0.29040357
0,1,0.52311486
0,0,0.30314645
0,1,0.5033325
0,1,0.5513524
0,1,0.5056882
1,0,0.49902427
1,0,0.45631817
0,0,0.46352807
1,0,0.4164238
0,0,0.2805279
0,1,0.5822827
0,0,0.48705193
0,0,0.42527574
1,1,0.60671073
0,0,0.48852146
0,1,0.64489883
0,1,0.6059133
0,1,0.53388155
0,0,0.4071048
0,1,0.518407
0,0,0.47786698
0,0,0.37232116
0,0,0.46822256
0,0,0.45873457
0,0,0.45406276
1,1,0.60453576
0,1,0.6104654
0,1,0.5022569
0,1,0.5015312
0,1,0.52316636
0,1,0.5241637
0,0,0.47074208
0,0,0.45207614
0,0,0.24353471
0,0,0.48825246
0,1,0.56335485
0,0,0.453928
0,0,0.47042015
0,1,0.55693114
1,0,0.3434772
0,0,0.49278158
0,0,0.4490412
0,0,0.44367185
0,0,0.44253218
0,1,0.5323007
0,0,0.4807069
1,1,0.55526984
1,1,0.56510824
0,0,0.4914246
0,0,0.46659175
0,0,0.4818689
0,0,0.46690446
0,1,0.5785736
1,1,0.54597795
0,1,0.5051872
0,0,0.4507752
1,0,0.2947288
0,0,0.4483167
0,0,0.48958933
0,1,0.53306895
0,1,0.50903946
0,1,0.5343432
0,0,0.49198407
1,0,0.3335223
0,1,0.51146275
0,0,0.31997046
0,1,0.5171484
0,0,0.46513996
0,0,0.48267365
0,0,0.4591511
0,1,0.50390947
0,0,0.4759253
1,1,0.5235796
0,1,0.50482
0,0,0.44370425
0,0,0.46129653
0,0,0.41365203
0,0,0.41951776
0,1,0.6012113
0,0,0.48899093
0,0,0.49164948
0,1,0.5257306
0,1,0.5026783
0,1,0.5360961
0,0,0.47767395
1,1,0.55991876
0,0,0.4884676
0,0,0.4674343
0,0,0.30946702
0,0,0.46797654
1,1,0.5419591
0,1,0.53609633
0,0,0.43344015
0,0,0.36963367
0,0,0.495488
0,0,0.4480946
0,0,0.49218652
0,0,0.47595775
0,0,0.41965115
0,1,0.53574437
1,1,0.5272044
1,0,0.46653667
0,0,0.46272215
0,1,0.5003303
0,0,0.46768838
0,0,0.46930927
0,1,0.5154703
0,0,0.38527536
1,1,0.5161835
0,0,0.33834204
1,1,0.52326477
0,0,0.4755849
0,1,0.5765799
0,0,0.41814825
1,0,0.3188227
1,0,0.49929935
1,0,0.4470724
0,1,0.5000731
0,0,0.37381628
0,0,0.472004
1,1,0.5637784
0,0,0.36222288
0,0,0.458476
1,0,0.49587604
0,0,0.47914854
0,1,0.5224592
1,1,0.5074256
0,1,0.50798017
1,1,0.5903596
0,0,0.4785461
0,0,0.47499257
1,1,0.5160867
0,0,0.4729993
1,1,0.51133186
0,1,0.5066107
0,0,0.39113328
0,0,0.48453152
0,0,0.46894422
0,0,0.363831
0,0,0.3608176
0,0,0.46287745
0,1,0.54594827
0,0,0.39562613
0,1,0.5008975
0,0,0.49352956
0,0,0.48237875
0,0,0.3931183
0,0,0.4921194
0,1,0.51190245
0,1,0.534285
0,0,0.27762353
0,1,0.51532
1,0,0.48515385
0,1,0.605301
0,0,0.3938978
1,0,0.46066207
1,0,0.452439
0,0,0.48891774
0,0,0.49250108
1,1,0.5956732
0,1,0.50078446
0,1,0.5128352
0,0,0.4937807
0,0,0.45368364
1,0,0.48349348
0,1,0.57236046
0,0,0.3614261
0,0,0.46462044
0,1,0.50006557
0,0,0.33547807
0,0,0.468464
0,0,0.4995128
0,0,0.46786216
0,0,0.39041317
0,1,0.53601474
0,0,0.49142456
0,1,0.5108837
0,1,0.5451329
0,1,0.5077083
0,0,0.38784808
0,0,0.45668742
0,0,0.41205007
0,1,0.5152788
1,0,0.472159
0,1,0.5152395
0,1,0.609695
1,0,0.46342787
0,1,0.53747326
0,0,0.38982257
0,0,0.4440827
1,1,0.5243953
0,1,0.6108583
0,1,0.5771169
0,1,0.5018888
0,0,0.38129428
0,1,0.5118958
0,0,0.4593757
0,0,0.4459232
0,0,0.47754663
0,0,0.3260235
0,0,0.49238977
0,0,0.26194918
0,0,0.4756469
1,0,0.47739002
0,1,0.52798456
0,0,0.49052995
0,0,0.45326883
0,0,0.45073882
0,1,0.50344515
0,1,0.6347548
0,0,0.47394744
0,0,0.46797773
1,0,0.48908144
0,1,0.50690573
0,1,0.5204945
1,0,0.4810893
1,1,0.62152094
0,0,0.44468755
0,0,0.36964473
0,1,0.61488
0,0,0.41674417
0,0,0.47354263
1,0,0.47307262
0,0,0.44646406
0,0,0.451918
0,0,0.49793032
0,1,0.5829758
1,1,0.50974405
0,1,0.5399912
0,0,0.45678914
0,0,0.32662874
0,0,0.4987964
0,0,0.43720973
0,0,0.4689985
1,0,0.49592906
0,1,0.5331855
1,1,0.6139448
1,0,0.4455556
0,0,0.30258378
0,1,0.51859266
0,0,0.46568447
0,0,0.4466305
0,0,0.4420192
0,1,0.56553024
0,0,0.4801111
0,1,0.5044815
1,1,0.5780371
0,0,0.49802902
0,0,0.47602454
1,1,0.5548434
0,0,0.47499412
0,1,0.58017206
0,0,0.45913962
0,1,0.5524041
1,1,0.54009485
1,0,0.42002296
0,0,0.49002376
0,0,0.43982518
0,0,0.44709936
0,0,0.48955235
0,1,0.54650134
1,1,0.50145185
0,1,0.54929465
1,0,0.4934121
0,1,0.5023222
0,0,0.44987532
0,1,0.51049906
0,1,0.5028969
1,1,0.604746
0,0,0.48394
0,0,0.4998269
0,0,0.47221994
0,1,0.51067203
0,0,0.45379722
0,0,0.45804486
1,0,0.44843665
0,1,0.5010711
0,0,0.48107874
1,0,0.47855583
0,0,0.4951876
0,1,0.57028085
0,0,0.45977658
0,0,0.4900972
0,0,0.47697988
0,1,0.5102843
0,0,0.42728564
0,1,0.5231507
0,0,0.37124795
0,1,0.5128695
1,1,0.5655377
0,0,0.32025823
0,1,0.5488584
0,0,0.44151986
0,1,0.5294231
0,1,0.52592564
0,0,0.46776378
1,1,0.5344404
0,0,0.47552675
0,1,0.57865006
0,0,0.44991985
0,0,0.44517595
0,0,0.41791287
0,0,0.41891953
0,0,0.40763634
0,1,0.50454223
1,1,0.57950646
0,1,0.5799116
0,1,0.56178916
0,0,0.42470154
1,0,0.4887788
0,1,0.525168
0,0,0.4340913
0,0,0.46496302
0,0,0.43599045
0,0,0.4283277
0,0,0.32341218
0,1,0.54742575
0,0,0.48634613
0,0,0.47706848
0,0,0.44870892
1,1,0.5298462
0,0,0.39563915
0,0,0.4582221
0,1,0.52613014
1,0,0.4939648
0,0,0.48716447
1,1,0.5044503
0,0,0.44214362
1,0,0.4676408
0,0,0.47234717
1,1,0.53795207
0,0,0.49508065
1,0,0.40806368
0,0,0.3976519
0,0,0.4104279
0,0,0.42073578
0,0,0.43656686
0,1,0.5564518
1,1,0.51971275
1,1,0.5191368
0,1,0.55329484
0,1,0.5193089
0,0,0.31287572
1,1,0.50418735
0,1,0.5337245
0,0,0.31236875
0,0,0.416997
0,0,0.47662717
0,1,0.5369781
0,0,0.49660185
0,0,0.37198997
0,0,0.46076876
1,1,0.6273536
1,1,0.5448438
0,1,0.51358676
0,1,0.5530534
0,1,0.5549331
0,1,0.517027
0,0,0.41056284
0,0,0.46385399
0,0,0.45695394
0,0,0.47583336
0,0,0.45423672
0,0,0.3363157
1,1,0.52133095
0,0,0.47355354
0,0,0.46272248
0,1,0.52708423
0,0,0.47739384
0,0,0.37957594
0,0,0.25163513
0,1,0.5244497
0,1,0.6408032
1,1,0.5808689
0,0,0.47624376
0,1,0.51166993
0,0,0.4539956
0,0,0.24271894
0,1,0.5080495
0,1,0.57363504
0,0,0.46839285
0,0,0.404606
0,0,0.4737569
0,0,0.48960665
0,0,0.36765605
0,0,0.44674674
0,1,0.5104579
0,0,0.45184222
0,1,0.50382537
0,0,0.38701406
0,0,0.35407746
0,0,0.4319803
0,0,0.46188512
0,0,0.48144677
1,1,0.52173924
1,1,0.60180765
0,0,0.45785812
0,0,0.4884168
0,0,0.32976088
0,1,0.53689766
0,0,0.47863683
0,0,0.444192
1,0,0.47977743
0,0,0.475936
0,0,0.3288421
0,0,0.44796467
1,0,0.46627948
1,0,0.4618542
1,0,0.43095893
0,0,0.4916281
0,0,0.45342767
0,0,0.47651425
0,1,0.5404507
0,0,0.34339094
0,0,0.4711029
0,1,0.5139624
0,0,0.46952134
0,1,0.52597976
0,0,0.46626833
0,0,0.47468004
0,0,0.328688
0,0,0.4712397
0,0,0.3291379
0,0,0.4430896
1,1,0.5075409
0,1,0.5502398
0,0,0.3520348
1,0,0.4496882
0,0,0.47388762
0,1,0.5493388
0,0,0.44876367
0,0,0.47843593
0,0,0.48192862
0,0,0.4502268
0,0,0.49249533
0,1,0.5029052
0,1,0.5452174
0,1,0.52776396
0,0,0.4853205
0,0,0.42734635
0,0,0.38795906
0,0,0.48773777
0,1,0.5528735
0,1,0.5559614
0,0,0.44755173
0,0,0.4609927
0,0,0.474658
0,0,0.46617886
0,0,0.44894877
1,0,0.47067413
0,0,0.4391436
1,0,0.47912687
1,0,0.41543552
0,1,0.60963243
1,1,0.54123616
0,1,0.5685885
1,1,0.54164726
0,1,0.5286767
0,0,0.2431041
0,1,0.52075547
1,1,0.5485031
0,0,0.36348748
0,0,0.42717397
0,1,0.58112
0,0,0.46278068
0,0,0.4648315
0,0,0.4824496
0,0,0.49158874
0,0,0.4883519
0,1,0.5470754
0,0,0.49221835
0,1,0.50595814
0,0,0.42676312
0,0,0.38502425
1,0,0.30604976
1,0,0.47018844
0,0,0.49741194
1,0,0.46620992
1,0,0.4291585
0,0,0.4404323
0,0,0.3847772
0,0,0.46889222
0,1,0.58075196
0,1,0.51834494
0,0,0.49032733
0,1,0.65151656
0,1,0.5245203
0,0,0.4572471
0,0,0.38929376
0,0,0.44538096
1,1,0.50123626
1,0,0.4973464
1,0,0.4956593
0,0,0.45564482
1,0,0.415829
0,0,0.46162418
0,1,0.5181214
0,0,0.25957796
1,1,0.5705882
1,0,0.48744518
0,1,0.537775
0,0,0.45250267
0,0,0.48772278
0,1,0.5517064
1,1,0.5578672
0,1,0.5070405
0,0,0.48871082
0,0,0.4806119
0,1,0.54057145
0,0,0.4761479
0,1,0.56052476
0,0,0.47773513
0,1,0.61562157
0,0,0.43600315
0,1,0.53846085
0,0,0.46692356
0,1,0.5990316
0,0,0.4244726
0,0,0.49732408
0,1,0.5020698
0,0,0.2980251
0,0,0.4237355
0,0,0.39671147
0,1,0.5309454
0,0,0.47392726
0,1,0.5359155
0,0,0.25826532
0,0,0.4782422
0,1,0.6166087
0,1,0.5287178
1,1,0.5536276
0,0,0.43967208
0,0,0.49385396
0,0,0.33171266
0,0,0.48541766
1,0,0.4677808
0,0,0.39890283
1,1,0.5210034
0,0,0.45951074
0,0,0.33910772
0,1,0.51323813
1,1,0.53916186
0,0,0.4846551
0,1,0.5100098
0,1,0.6197386
0,1,0.53511435
0,0,0.42508802
1,1,0.6265845
0,0,0.43372324
0,1,0.52679825
0,0,0.47348055
0,0,0.46327242
0,1,0.5739723
0,0,0.33504233
0,0,0.48028362
0,1,0.51189655
1,1,0.5244976
0,0,0.4709639
0,0,0.4518048
0,0,0.48611048
0,0,0.47740042
0,1,0.51029795
0,1,0.54009753
0,0,0.4415979
0,1,0.5162497
1,0,0.49799106
0,0,0.45130992
0,1,0.503344
0,1,0.53157747
0,1,0.50700545
0,0,0.47171187
0,0,0.3351141
0,0,0.45900622
1,0,0.42230502
0,1,0.54278326
0,0,0.4655487
0,0,0.45075905
0,1,0.50845593
0,1,0.5589948
1,1,0.6247226
0,0,0.3188982
0,1,0.51715446
0,0,0.47988877
0,0,0.44357258
0,0,0.3298493
0,0,0.39927298
1,1,0.514121
0,0,0.35468355
0,0,0.48695973
0,0,0.46936813
0,1,0.50039333
0,0,0.4012883
0,1,0.5238828
0,0,0.41048223
0,0,0.48551333
1,0,0.48375586
0,0,0.44861636
1,1,0.53649485
0,0,0.4618637
0,0,0.48209956
1,1,0.51470494
0,0,0.46242332
0,0,0.4796554
0,0,0.46421582
0,0,0.49387226
0,0,0.4060815
0,1,0.5323598
0,0,0.3091215
1,0,0.4307507
1,1,0.52268285
0,0,0.48045745
0,1,0.5089494
1,0,0.44233325
0,0,0.47742048
0,0,0.29998377
0,0,0.49155244
1,1,0.53849685
0,0,0.49314064
0,0,0.48509654
0,1,0.539123
0,1,0.55532056
0,1,0.552894
1,1,0.5134462
0,1,0.5612024
0,0,0.46511266
1,0,0.45227396
0,0,0.49746832
0,0,0.46576765
0,0,0.3839339
0,0,0.43194196
1,0,0.43614262
0,1,0.59918153
0,1,0.5094033
0,0,0.325932
0,1,0.53472453
0,0,0.45701736
0,1,0.6216553
0,1,0.5771858
0,0,0.4860396
0,1,0.5256957
1,0,0.446572
1,0,0.4271084
0,0,0.47636187
0,1,0.5120749
0,1,0.50668997
0,1,0.5078181
1,0,0.4871692
1,1,0.6412292
0,1,0.51385856
0,1,0.531744
0,0,0.47492483
0,0,0.46677572
0,0,0.46589482
0,0,0.476928
0,0,0.46157187
0,0,0.4719278
1,1,0.5464803
0,0,0.3372624
1,0,0.4649478
0,0,0.3699449
0,1,0.59763813
0,1,0.55949575
0,0,0.4896287
0,0,0.42928118
0,0,0.31161675
0,0,0.49754596
0,1,0.5355421
0,0,0.3772613
0,0,0.49847582
0,0,0.48985896
0,1,0.51985174
1,0,0.4797843
0,0,0.45439646
0,0,0.4386149
0,1,0.6038865
0,1,0.5427372
0,0,0.34372061
0,0,0.49666965
0,0,0.4824489
0,0,0.46856916
0,1,0.55608517
0,1,0.6279626
0,0,0.4762129
0,0,0.27923322
0,1,0.50479776
0,0,0.30864823
1,1,0.50782245
0,0,0.3536866
0,1,0.5513127
0,0,0.4587339
0,1,0.54012626
0,0,0.44898582
0,0,0.47504422
0,0,0.48384494
0,1,0.51917803
0,1,0.6009703
1,0,0.4520705
0,1,0.5058285
0,0,0.4845814
0,1,0.52540153
0,0,0.49457422
0,0,0.4847967
0,0,0.3855574
0,1,0.5024384
0,1,0.55090076
0,0,0.46070823
0,0,0.428691
0,1,0.56003994
1,0,0.47533733
0,0,0.4961233
1,0,0.49541044
0,1,0.5771666
0,0,0.49875072
0,1,0.64501166
0,1,0.5048661
0,0,0.2804426
0,1,0.54817104
0,1,0.50383025
0,1,0.5409259
0,1,0.58316326
0,0,0.45515376
0,0,0.4557609
1,1,0.5423603
1,0,0.45103133
0,0,0.3414878
0,1,0.5310719
1,0,0.49627954
0,0,0.49308693
0,0,0.498979
1,1,0.5652676
1,1,0.6935393
0,0,0.45825192
0,0,0.31433272
0,1,0.71484065
0,1,0.5005504
0,1,0.51821584
1,0,0.47923788
0,0,0.32766774
0,1,0.5573274
0,0,0.38857672
0,0,0.44980243
0,0,0.49297455
0,1,0.5951884
0,0,0.47950235
0,1,0.51368344
0,0,0.42840496
0,1,0.5677027
1,1,0.58651686
0,1,0.5090088
0,1,0.5296518
1,0,0.37858015
0,0,0.37833995
1,0,0.44181338
0,0,0.49789613
0,0,0.35663164
0,0,0.42994812
1,1,0.5651062
0,0,0.43988436
1,0,0.40820202
1,1,0.6225847
0,0,0.42981058
0,0,0.4697833
0,1,0.55062926
0,0,0.45141095
0,0,0.4969404
0,1,0.60108614
0,1,0.59583014
0,0,0.46398386
0,1,0.5726215
0,0,0.3838757
1,1,0.5202016
0,0,0.44132248
0,0,0.49017256
0,0,0.4740182
0,1,0.5136435
0,1,0.5241881
1,0,0.49713385
0,0,0.40663445
0,1,0.5009388
0,0,0.43896058
1,1,0.53469646
0,1,0.572147
0,0,0.47306868
1,0,0.4773115
0,0,0.48824653
0,0,0.45556507
0,1,0.5697294
1,1,0.5780667
1,1,0.67041814
0,0,0.49939716
0,0,0.3150622
0,0,0.48833075
0,1,0.50800586
0,0,0.44112936
0,1,0.51192814
0,1,0.5378557
0,0,0.2887658
0,0,0.4609423
0,0,0.49579576
1,0,0.42299703
0,0,0.38435283
0,0,0.44362026
0,1,0.5500998
0,0,0.40823525
0,1,0.58110696
0,1,0.5411176
0,0,0.45609203
0,1,0.53604776
0,0,0.4885513
0,1,0.574653
1,0,0.4023821
0,1,0.5780318
1,0,0.36944106
0,0,0.4974937
0,0,0.3855161
0,0,0.34845802
1,0,0.46300697
1,0,0.3707227
0,1,0.5506508
0,1,0.504748
0,0,0.48140162
0,1,0.7206645
0,0,0.41989473
0,1,0.50240403
0,0,0.36253053
0,0,0.4694869
0,1,0.5238726
0,0,0.38956553
0,0,0.45077372
0,0,0.444641
0,1,0.52025425
0,1,0.5310527
1,1,0.5724837
0,0,0.34997305
0,1,0.5177232
0,0,0.39687613
0,1,0.54355264
0,1,0.59584576
0,0,0.487482
0,0,0.39595497
0,0,0.24470417
1,0,0.263548
0,0,0.47701406
0,0,0.49841157
0,0,0.46747673
0,0,0.24909604
0,1,0.5669121
0,0,0.28963318
0,0,0.47746482
0,0,0.43881026
0,0,0.46385476
1,1,0.5827403
0,0,0.49454
1,1,0.5933757
1,1,0.52889204
0,0,0.48280707
0,0,0.4690067
0,0,0.46977505
0,0,0.4899829
0,0,0.43710944
0,1,0.53677714
0,1,0.5822886
0,1,0.5191203
0,0,0.47883227
0,1,0.5709442
0,1,0.5549315
0,1,0.52323055
0,1,0.5702933
0,0,0.47753346
0,0,0.4974445
0,0,0.48519886
0,1,0.62185276
0,1,0.50416857
1,1,0.5512282
0,0,0.36560214
0,1,0.5055526
1,0,0.41998985
0,1,0.538697
1,1,0.5863172
1,1,0.55278605
0,0,0.47663766
0,0,0.45417407
0,0,0.49328405
0,0,0.43632668
0,1,0.53730136
0,0,0.44038594
0,0,0.49030557
0,0,0.23879784
0,1,0.5350572
0,0,0.49884477
1,1,0.57787234
0,0,0.48459184
0,0,0.40948197
1,0,0.18459873
0,0,0.4959958
0,1,0.50390637
0,0,0.44791254
0,1,0.59939694
0,1,0.50000554
0,0,0.46417522
0,0,0.3769137
1,1,0.52849466
0,1,0.56162995
0,0,0.40438774
0,0,0.49527726
0,1,0.55661166
0,1,0.6428634
0,0,0.40415958
0,0,0.39873925
0,1,0.50081885
1,0,0.44808403
1,0,0.4619937
0,1,0.51014054
0,1,0.53350586
0,0,0.41835132
1,0,0.4699779
0,0,0.48302835
0,1,0.54515535
0,0,0.4748134
0,0,0.4855766
0,0,0.4762211
1,0,0.48389396
0,1,0.5150631
0,0,0.35134345
0,0,0.26943448
0,1,0.51012886
0,1,0.5600422
1,1,0.50599873
0,1,0.51165676
0,0,0.39287063
0,0,0.48833364
0,1,0.5307498
0,0,0.46998355
1,1,0.553915
0,0,0.41960102
0,0,0.47988865
0,0,0.41648427
0,0,0.46803832
1,1,0.56796736
0,1,0.5922699
1,0,0.4825174
0,1,0.53652304
0,1,0.5388413
0,0,0.49413046
1,0,0.48284277
0,0,0.4580495
1,0,0.4774258
1,1,0.55760837
0,1,0.51458406
0,0,0.49840403
1,1,0.5689786
0,1,0.50168884
0,0,0.4263883
1,0,0.48026255
0,0,0.4989641
1,1,0.5329706
0,0,0.4521732
0,1,0.5849321
0,0,0.24549857
0,0,0.2682411
0,0,0.4724048
1,1,0.6336872
1,0,0.484111
1,1,0.5141626
0,0,0.42896053
1,0,0.47360063
0,1,0.50917995
0,0,0.2582256
0,0,0.4268243
0,0,0.34830552
0,1,0.53841823
0,0,0.47879624
1,1,0.5042872
0,0,0.3835619
0,0,0.41036722
0,0,0.3918461
0,0,0.38709548
0,0,0.4106547
1,1,0.52272826
0,1,0.57449037
0,1,0.52875805
0,1,0.5185958
1,0,0.46918243
0,1,0.5065827
0,0,0.42091823
0,0,0.4100651
0,1,0.5030609
0,0,0.44575784
0,1,0.5274842
1,0,0.49166176
0,1,0.60105044
0,0,0.29175588
0,1,0.6294253
1,0,0.45911947
0,1,0.5019033
0,0,0.4295456
0,1,0.56967324
0,1,0.55297166
0,0,0.4921752
0,1,0.6116886
0,0,0.45027387
0,1,0.5353563
0,0,0.4938621
0,0,0.49604973
1,1,0.63966197
1,0,0.46782988
0,0,0.42678863
1,0,0.48768184
1,0,0.44324815
0,1,0.5552447
0,0,0.4977299
0,0,0.46105948
0,0,0.41902968
0,1,0.65621585
1,1,0.5490025
0,1,0.5142149
1,1,0.53108996
0,0,0.425482
0,0,0.49985558
0,0,0.4090265
0,1,0.54614466
0,0,0.37518296
0,0,0.45026347
1,0,0.4767226
0,0,0.4864214
0,0,0.3726544
0,0,0.42056218
0,0,0.4629036
1,1,0.53933686
0,1,0.5292554
0,0,0.34511656
0,0,0.48967507
1,0,0.47331765
1,0,0.47244895
0,1,0.5420253
0,1,0.5717041
0,0,0.4952955
1,1,0.57904214
0,0,0.42482957
0,0,0.48345587
0,0,0.49494776
0,0,0.44519272
0,0,0.49182227
0,1,0.55974364
0,0,0.45774132
0,1,0.53220767
0,1,0.589914
1,1,0.53661174
0,1,0.5136579
0,0,0.47194532
0,0,0.49449968
0,0,0.16757827
0,1,0.5599017
1,1,0.56524646
0,1,0.5272702
0,0,0.44132414
0,1,0.5810868
1,0,0.48928592
0,0,0.25656596
0,0,0.49852782
0,0,0.48080373
0,0,0.4812051
0,1,0.54554826
0,0,0.35930112
1,1,0.52092695
1,0,0.47730163
0,1,0.5505752
0,0,0.45520937
1,0,0.49375474
0,1,0.59016275
0,0,0.4575686
0,0,0.47557324
0,1,0.5585001
0,0,0.40710938
0,0,0.28824955
0,0,0.46000093
0,0,0.47401085
0,0,0.44976032
1,0,0.4667307
1,0,0.46302184
0,0,0.46440357
0,0,0.35237765
0,1,0.5004559
0,0,0.47325853
0,1,0.51351935
0,0,0.43305326
0,0,0.46552828
0,0,0.4938197
0,0,0.44007558
0,0,0.42634276
0,0,0.29798216
0,1,0.5920131
0,0,0.44785988
0,0,0.46387187
0,1,0.5291475
0,1,0.5289551
1,1,0.5048021
0,0,0.49104548
0,1,0.544473
0,0,0.49852946
0,1,0.54566973
0,0,0.28491002
0,0,0.37938297
0,0,0.35325873
0,0,0.43964854
0,0,0.4128431
0,0,0.46487913
0,0,0.47252104
0,1,0.5747037
0,0,0.40577066
0,0,0.4313687
0,0,0.4762288
1,0,0.49832505
0,0,0.44517276
0,0,0.47932062
0,0,0.4125829
0,1,0.5817184
0,1,0.5816601
0,0,0.40460116
0,0,0.47453484
0,1,0.5406479
0,1,0.52468365
0,0,0.4509586
1,1,0.54624695
0,1,0.6225283
1,0,0.46417478
0,0,0.49904722
0,1,0.52441
0,0,0.4531837
0,0,0.42717734
0,0,0.44326076
1,0,0.47165734
0,0,0.48642862
0,1,0.6688354
1,0,0.45435762
0,1,0.6133849
0,1,0.53506184
0,0,0.4695694
0,0,0.4735743
0,0,0.43842244
0,0,0.44453937
0,1,0.5077398
0,0,0.4001613
0,0,0.4347346
0,0,0.455233
0,0,0.4860502
0,1,0.5454736
1,0,0.3905324
0,1,0.5590004
0,0,0.47931224
1,0,0.49437377
0,1,0.5521134
0,0,0.28068206
0,1,0.58016104
0,0,0.48467252
0,1,0.5540809
0,1,0.5125403
1,0,0.49958193
0,0,0.46530417
0,0,0.48007107
0,0,0.4540115
0,0,0.48348063
0,0,0.41754293
0,1,0.5440602
0,0,0.48093554
0,1,0.50757
0,1,0.5284046
0,0,0.42191312
0,1,0.6362345
0,1,0.6249138
0,0,0.42396
0,0,0.4818055
0,0,0.44251594
0,0,0.20472439
0,0,0.36498272
0,0,0.42124033
1,1,0.52769595
0,1,0.5229937
0,0,0.49183849
0,0,0.46706632
0,0,0.3794845
0,0,0.27482763
0,0,0.47620666
0,1,0.6291231
0,1,0.5015279
0,0,0.47950825
0,0,0.47676858
0,0,0.41831112
0,1,0.6054017
0,1,0.5163766
0,0,0.47280166
0,1,0.6176591
0,0,0.48461902
0,1,0.50405043
0,1,0.604995
0,0,0.45819843
0,0,0.4837365
1,1,0.637631
0,1,0.53709143
0,1,0.6049225
0,0,0.30073553
1,0,0.4534614
0,0,0.43123937
0,0,0.43861014
1,1,0.5364331
0,0,0.35843363
0,0,0.4527631
0,1,0.5230133
1,0,0.4611707
0,1,0.5498496
0,0,0.2684742
1,1,0.6156015
0,1,0.5442775
0,1,0.52076805
0,0,0.47130615
0,0,0.3565777
0,0,0.37900576
1,0,0.412318
0,0,0.4856448
1,0,0.18710937
0,1,0.50161594
0,0,0.42868096
0,0,0.46088263
1,1,0.5241093
0,0,0.43757692
1,1,0.6012767
0,0,0.49736664
0,1,0.5585431
0,0,0.4511019
1,1,0.6593177
0,1,0.5361844
1,1,0.51828015
1,1,0.50061023
0,1,0.50795746
0,1,0.64483804
0,0,0.4499375
0,0,0.47688064
0,1,0.5226692
0,0,0.4863528
0,0,0.4784081
0,0,0.49877205
0,0,0.44540295
0,0,0.43947795
0,1,0.6441516
0,1,0.5186153
0,0,0.48700652
0,0,0.26802608
0,0,0.43628192
0,1,0.54114217
0,0,0.478746
0,0,0.48593572
0,1,0.5766024
0,0,0.4849501
0,0,0.45208994
0,1,0.51268345
0,0,0.46303493
1,1,0.5146994
0,0,0.34639123
1,0,0.4390909
0,1,0.5910133
0,0,0.47826394
0,0,0.44923466
1,0,0.43554157
0,0,0.4718125
0,0,0.4728468
0,0,0.46826148
0,1,0.5208764
0,0,0.4361836
0,0,0.48232
0,0,0.46049955
1,1,0.5161956
1,1,0.594047
0,0,0.38642198
0,1,0.50871855
0,0,0.4766534
0,0,0.35657004
0,1,0.53496397
0,0,0.47861767
0,1,0.5127962
0,0,0.46669674
0,0,0.48240417
0,0,0.48938933
0,0,0.44284984
0,0,0.45567918
0,0,0.31958073
0,1,0.5781006
0,0,0.4366221
0,0,0.386863
0,0,0.4730598
1,0,0.4679446
0,0,0.49969894
0,0,0.4863982
0,0,0.34555534
0,1,0.65640473
0,0,0.47046766
0,0,0.4808801
0,0,0.4418929
0,0,0.37679565
0,1,0.5364078
0,0,0.4897436
0,1,0.5538943
0,0,0.3888752
0,0,0.47294804
0,1,0.5050981
0,1,0.5023223
0,0,0.3079872
1,1,0.5109176
1,0,0.47443113
0,1,0.55357796
0,1,0.5745206
0,0,0.49587604
0,0,0.48984957
1,0,0.39714533
1,0,0.49815884
1,0,0.47078988
0,1,0.55656135
0,0,0.4602573
0,0,0.44819662
1,1,0.5897113
0,1,0.544621
0,1,0.5875978
1,0,0.3728396
1,0,0.4834773
0,1,0.565271
0,0,0.44661996
0,1,0.5433086
0,1,0.576626
0,0,0.49065077
0,1,0.519863
0,1,0.52561635
0,0,0.37468836
1,1,0.5227094
0,0,0.42513853
0,1,0.5048902
0,1,0.58464086
0,0,0.32423744
1,1,0.60581625
0,0,0.43680555
0,1,0.52084625
0,1,0.5169307
0,0,0.23933652
1,1,0.5255699
0,0,0.47136617
0,0,0.42092174
0,0,0.48368564
0,1,0.52786446
1,0,0.49125254
0,1,0.55057657
0,0,0.335417
0,0,0.46299618
0,1,0.5683666
1,0,0.38704452
0,0,0.45701295
0,1,0.52525604
0,0,0.4695443
0,1,0.6042766
0,0,0.4437533
0,1,0.5535096
0,0,0.48557028
0,0,0.46534246
0,1,0.51680624
1,1,0.529909
0,0,0.47014877
0,0,0.4343096
0,1,0.5104682
0,1,0.51390207
0,0,0.48842764
0,0,0.47134694
0,0,0.49059573
0,0,0.46683687
1,0,0.44597465
0,0,0.4862084
0,0,0.44229543
0,0,0.47607115
1,1,0.54367554
1,1,0.5034927
0,1,0.5309637
1,1,0.50201035
0,1,0.58740246
0,1,0.5364816
0,0,0.27166107
0,0,0.41707227
0,1,0.6876276
0,0,0.49758774
0,0,0.49364012
0,0,0.46559358
0,0,0.4637708
0,0,0.43871415
0,0,0.46942902
0,0,0.48908386
0,0,0.48340186
0,0,0.41165096
0,0,0.37228882
1,0,0.4860566
0,1,0.5044712
0,0,0.49000427
0,0,0.47272336
1,1,0.55673206
0,0,0.49406728
1,0,0.45000643
0,0,0.43325436
0,0,0.39942962
0,0,0.46929792
1,1,0.60109895
0,0,0.35784748
1,1,0.55337745
1,0,0.43249002
0,1,0.5087708
0,1,0.524194
0,1,0.62157714
1,0,0.28408024
0,0,0.46068978
0,1,0.5003247
0,1,0.5098798
0,1,0.53005457
0,0,0.45537582
0,1,0.60920036
0,1,0.53836524
0,0,0.4877941
0,1,0.51190263
0,0,0.35381076
0,1,0.5326425
0,0,0.46867567
0,0,0.45487842
0,1,0.53527117
0,1,0.52956
0,0,0.48531446
0,0,0.4123695
1,1,0.54127365
1,0,0.43857455
1,0,0.46686485
0,0,0.49466237
1,0,0.49559984
0,0,0.423961
0,0,0.48903185
0,0,0.3876667
1,1,0.6040863
0,0,0.49879873
0,0,0.43541145
0,0,0.49830058
0,1,0.5602623
0,0,0.4400578
0,0,0.27450538
0,0,0.18406375
0,0,0.076372325
1,0,0.4530887
0,1,0.58427775
0,0,0.31838155
0,0,0.41725907
0,0,0.4740387
0,0,0.2718114
0,0,0.4887457
0,0,0.44774276
0,0,0.47853103
1,1,0.55681086
0,1,0.58435
0,1,0.59742254
0,0,0.4375579
1,1,0.5092417
1,1,0.60053486
0,0,0.40113047
1,0,0.47626373
0,1,0.5597784
0,0,0.45583674
0,0,0.47666374
0,0,0.47908512
1,1,0.6067991
0,0,0.41894335
0,0,0.49127814
0,1,0.59587514
0,1,0.5697014
0,1,0.5545161
0,0,0.41891733
1,1,0.51816833
0,0,0.29421577
0,1,0.50432765
0,0,0.49580738
0,0,0.4760564
0,1,0.5129969
0,1,0.5448731
0,1,0.59147507
0,0,0.49429822
0,1,0.52499455
0,1,0.67059153
0,0,0.41885695
1,1,0.5085273
0,0,0.47535345
0,0,0.43611124
0,0,0.23717412
0,1,0.5452699
0,0,0.4334256
0,1,0.5117686
0,0,0.47114184
0,0,0.4806861
0,0,0.4703706
1,0,0.4477269
0,0,0.462566
0,0,0.48532662
0,0,0.39560694
0,1,0.5782841
0,0,0.444643
0,1,0.579264
0,1,0.66475475
1,1,0.5031138
1,0,0.496463
1,1,0.59471714
0,0,0.34786037
0,1,0.5259059
0,0,0.43718326
0,0,0.45954388
0,0,0.44417685
1,1,0.58765405
0,0,0.480576
1,1,0.6032719
1,0,0.4181029
0,1,0.5399527
0,1,0.53468275
0,1,0.50100464
0,1,0.53060335
0,0,0.4301253
1,1,0.64176244
0,0,0.4456387
0,0,0.33319318
1,0,0.41046643
1,1,0.54194003
0,0,0.49018466
0,0,0.49993157
0,0,0.25549948
0,0,0.48873708
0,1,0.5939857
0,1,0.52748746
0,0,0.49215016
1,0,0.44848907
0,0,0.46421388
0,1,0.6142317
0,0,0.31949845
0,0,0.40297198
0,1,0.5066212
0,1,0.5002321
0,0,0.4122608
0,0,0.43905845
0,1,0.5288774
1,1,0.5678002
0,1,0.5008334
0,0,0.21319102
0,1,0.5134669
0,0,0.3583772
0,1,0.5039143
1,0,0.39444098
1,1,0.5458448
1,0,0.3113788
0,0,0.47951928
0,0,0.4641242
0,0,0.42949268
0,0,0.40636405
0,1,0.51404893
0,0,0.49559334
0,1,0.5006407
0,1,0.5741973
1,1,0.5317812
1,1,0.5099716
0,1,0.61340106
0,1,0.50074536
1,0,0.48289615
0,0,0.48355687
0,0,0.46315098
0,1,0.50046647
1,1,0.6277297
0,0,0.46387556
1,1,0.5243596
0,1,0.5307599
0,0,0.47597176
0,1,0.5351695
0,1,0.53419846
1,0,0.49812245
0,0,0.4768785
0,1,0.5089896
0,1,0.5422015
0,0,0.4137434
0,1,0.5229494
0,0,0.48707786
0,1,0.56200886
0,0,0.34590447
0,0,0.38944367
0,1,0.5791292
0,0,0.49290588
0,1,0.51160055
0,1,0.56472194
0,1,0.50513214
0,0,0.49646857
1,0,0.36184236
1,1,0.5169423
0,0,0.42926446
0,0,0.43767673
0,0,0.464714
0,0,0.49926642
0,0,0.46704528
0,1,0.50554454
0,0,0.40540963
0,1,0.51256514
0,1,0.526482
0,0,0.26912248
0,1,0.5646149
0,1,0.52867746
0,0,0.46180218
0,0,0.44907486
0,0,0.41725582
0,0,0.49360302
0,0,0.48811972
0,0,0.4641291
0,0,0.44147328
1,0,0.47538456
0,0,0.47168642
0,0,0.49268568
1,0,0.4795001
0,0,0.321822
0,0,0.47283003
0,0,0.4640388
1,1,0.5989984
0,0,0.47006246
0,1,0.5196987
0,0,0.44074005
0,0,0.475019
0,0,0.4793074
0,1,0.52560073
0,0,0.44324514
0,0,0.26546168
0,1,0.52566516
0,0,0.33729774
1,0,0.42372006
0,0,0.42553124
0,0,0.43136573
0,0,0.41382807
1,1,0.56644684
0,1,0.5331805
1,1,0.6729911
0,0,0.48553887
0,0,0.48261318
0,0,0.46067908
0,0,0.4633935
0,0,0.47691768
0,0,0.46424636
0,0,0.4101921
0,0,0.49567464
0,1,0.5136261
0,0,0.44372812
0,0,0.36746842
1,0,0.39591458
0,0,0.4947851
1,0,0.44895405
0,0,0.494555
0,1,0.533826
0,0,0.4319642
0,1,0.528471
0,0,0.3905711
0,1,0.54817027
0,1,0.595288
0,0,0.38548133
0,0,0.4368966
0,0,0.48380262
1,0,0.49351
1,1,0.5941979
0,0,0.41111892
0,1,0.59409624
0,1,0.5115059
0,1,0.5241883
0,0,0.4131176
0,0,0.42683157
0,0,0.47015324
1,0,0.46551806
1,1,0.53596306
1,0,0.4744145
0,0,0.48480496
0,1,0.57416403
0,1,0.56286454
0,1,0.5351015
0,0,0.4944161
0,1,0.50660056
0,0,0.4763665
0,0,0.382885
1,0,0.47134832
0,0,0.34900442
0,0,0.45001373
1,1,0.55313873
0,0,0.4850469
1,0,0.47282737
1,1,0.5192942
0,1,0.5112037
0,0,0.2747443
0,0,0.47917885
0,1,0.5423232
0,0,0.2481538
0,0,0.47572058
1,0,0.47002763
0,0,0.4817935
0,0,0.4500542
0,0,0.4566293
0,0,0.49298307
0,1,0.55621356
0,1,0.5227401
1,1,0.5380478
0,0,0.4862095
0,0,0.45241508
0,1,0.55787975
0,0,0.48708016
0,0,0.49598262
0,0,0.48385042
0,0,0.49805605
0,0,0.46004298
0,0,0.45342827
0,0,0.44854128
1,0,0.2858426
0,1,0.5469789
0,0,0.4257013
1,1,0.50662553
0,0,0.4716171
0,0,0.477158
1,0,0.44461638
1,0,0.3822352
0,1,0.57191753
0,1,0.5056081
0,0,0.48708054
0,1,0.5479284
1,1,0.5057282
1,1,0.5223308
0,0,0.47757468
0,1,0.5520424
0,0,0.48493156
0,0,0.39060453
0,0,0.38616827
0,0,0.4953076
0,0,0.4939468
0,1,0.5103445
0,0,0.46938977
0,1,0.5911371
1,0,0.4752506
0,0,0.45910257
0,0,0.48253906
0,0,0.48279026
0,1,0.55628043
0,0,0.3492155
1,1,0.5265811
1,0,0.4607295
1,1,0.50119716
0,0,0.45308805
1,1,0.5804238
0,1,0.52599233
0,0,0.49215627
0,0,0.4505021
0,0,0.40814382
0,1,0.5019855
0,0,0.45695573
0,0,0.45687282
1,1,0.53531367
0,1,0.5476975
0,1,0.50402033
0,1,0.5598315
0,1,0.5297858
0,0,0.3852469
0,1,0.5725446
0,0,0.4650223
0,1,0.55318105
0,0,0.48929185
1,0,0.4667415
0,0,0.4566312
1,0,0.4911675
0,0,0.2461292
0,1,0.5347534
0,1,0.56588393
0,0,0.46680576
0,0,0.39532042
0,0,0.49458075
1,1,0.54565096
0,1,0.552755
0,0,0.45432293
0,0,0.4766748
1,1,0.5368972
0,0,0.4897542
0,1,0.5278911
0,0,0.45351538
0,1,0.5449821
0,1,0.540255
0,0,0.4365779
0,0,0.48082265
0,1,0.50335276
0,0,0.47447076
0,1,0.5634272
0,0,0.48962268
0,1,0.5428905
0,1,0.52742577
1,1,0.5225256
0,0,0.4779034
0,1,0.5574378
0,0,0.24451704
0,0,0.325723
0,0,0.3485779
0,0,0.48038334
0,1,0.53799695
1,0,0.2761983
0,0,0.47588924
0,0,0.43106693
0,0,0.42464134
0,0,0.33434013
1,0,0.41387922
1,0,0.4363176
0,0,0.41031274
0,1,0.5196114
0,1,0.5007346
1,0,0.4784921
0,0,0.40949124
0,0,0.4327581
0,0,0.30944467
0,1,0.6061184
0,0,0.4932989
0,0,0.34336844
1,1,0.5822749
0,1,0.5663818
0,0,0.299538
1,1,0.5688105
1,1,0.6260625
0,1,0.51389927
0,0,0.44481578
0,0,0.36513218
0,1,0.5164572
0,0,0.444663
0,0,0.46062154
1,1,0.59887606
1,1,0.5506991
0,0,0.4701647
0,0,0.46853983
1,0,0.477666
0,1,0.51198536
0,0,0.4897811
0,0,0.4742099
0,1,0.60245496
0,0,0.43364283
0,0,0.4756222
0,0,0.45788667
0,0,0.4305898
0,0,0.32656324
0,0,0.4764018
0,0,0.4550182
1,1,0.51715237
0,0,0.4531868
0,1,0.50676614
0,1,0.5145197
0,0,0.48502663
1,0,0.47115463
0,0,0.43922177
0,0,0.32158512
0,0,0.4887757
0,1,0.5989531
0,0,0.48183426
1,1,0.5026057
0,1,0.68344635
0,1,0.57730025
0,0,0.48831624
0,1,0.51626986
1,1,0.5562868
0,1,0.53557736
0,1,0.5855478
1,0,0.45934018
0,1,0.5927378
0,1,0.5360952
0,1,0.610676
0,0,0.47176003
0,0,0.49997336
0,0,0.45184878
0,0,0.3650006
0,0,0.4947445
0,0,0.49251902
0,0,0.4498312
0,0,0.48590225
0,0,0.49805444
0,0,0.2962487
0,1,0.5005683
0,0,0.4759536
0,0,0.46840635
0,1,0.53205097
0,0,0.43326035
0,0,0.49611312
0,0,0.44386134
0,0,0.36666787
0,0,0.45145878
0,0,0.43032998
0,0,0.44084504
0,1,0.5365056
0,0,0.49596414
0,0,0.44693372
0,0,0.41002825
1,1,0.7013635
0,0,0.42716727
0,1,0.70087844
0,1,0.54953617
0,1,0.52621233
0,1,0.5154601
0,0,0.38643157
0,0,0.47652352
0,0,0.4415671
0,1,0.5612748
0,1,0.57378846
0,1,0.5848097
1,1,0.60084105
0,0,0.4855429
1,0,0.455086
0,0,0.3180332
0,0,0.4909309
0,0,0.4853461
0,0,0.4537592
0,1,0.5526608
1,0,0.486212
1,1,0.51924485
0,0,0.4855611
1,0,0.4749349
0,1,0.6132197
0,0,0.41486576
0,0,0.39065993
0,0,0.49437696
0,0,0.4410389
0,0,0.4304116
0,0,0.4907675
0,0,0.4278335
0,0,0.4475801
0,0,0.44400236
0,0,0.44877642
1,0,0.49594435
0,0,0.46621826
0,1,0.51906866
1,0,0.46649283
1,0,0.48750368
0,1,0.52419513
0,0,0.45212153
0,0,0.2699712
0,0,0.4644703
0,0,0.4594879
0,0,0.46996975
0,0,0.45161945
0,0,0.49453512
1,1,0.52188826
0,0,0.45334128
0,0,0.3559917
0,1,0.5237698
1,1,0.5608242
0,0,0.34228814
1,0,0.40851998
0,1,0.51100475
0,1,0.5326909
0,0,0.42131424
0,0,0.4679836
0,0,0.4828284
0,0,0.32906345
0,1,0.54821694
0,0,0.4543062
0,0,0.4943598
0,1,0.58686876
0,1,0.6253289
0,0,0.24625987
0,1,0.51240677
0,0,0.36933577
1,1,0.5193652
0,0,0.4772471
0,0,0.4853339
0,1,0.5313702
0,1,0.5614323
0,1,0.5326609
0,0,0.43379703
1,0,0.43715334
1,1,0.5119128
0,1,0.54658496
1,0,0.34104097
1,0,0.4513155
0,0,0.44095746
0,1,0.5579029
0,1,0.5151109
0,1,0.6131456
1,1,0.62119263
0,0,0.459325
0,0,0.41257408
0,0,0.37073657
0,0,0.41985992
1,0,0.4681918
0,1,0.52396744
0,0,0.46809462
0,0,0.421325
0,1,0.5109113
0,1,0.507244
0,1,0.5350527
1,1,0.6313125
0,0,0.45211586
0,0,0.44356227
0,0,0.3922141
1,1,0.50274223
0,0,0.43146032
0,1,0.58117217
0,0,0.49993515
0,1,0.52619404
0,0,0.47107866
0,0,0.45285475
0,1,0.54560846
1,1,0.5332162
0,0,0.49208468
0,0,0.46114436
0,1,0.5773038
0,1,0.50165474
0,0,0.41586077
0,1,0.57785404
0,1,0.58313215
0,0,0.48200923
0,0,0.37621033
0,0,0.2751635
1,0,0.33798185
0,1,0.5243829
1,1,0.5574371
0,1,0.5024307
1,1,0.56208485
0,0,0.49631807
0,1,0.50843334
0,1,0.5378233
0,1,0.5389862
0,0,0.40290803
0,0,0.4604734
0,0,0.41674522
0,0,0.49558046
0,1,0.5227772
0,0,0.19198397
1,1,0.58208287
0,1,0.5139527
0,0,0.49559996
0,1,0.56173164
1,1,0.5317919
0,1,0.5662827
0,0,0.47785628
0,1,0.5622753
0,1,0.5232496
1,0,0.44443092
1,0,0.4794144
0,0,0.44427422
0,1,0.5808152
0,1,0.50301045
0,0,0.45144954
0,0,0.49775052
0,0,0.4706231
1,0,0.34656575
0,1,0.5021365
0,1,0.50002295
0,0,0.45902288
0,0,0.47884777
0,0,0.49341115
0,0,0.42392993
0,0,0.44127434
0,1,0.50382775
0,0,0.4728225
0,0,0.47744435
0,1,0.530615
0,1,0.5054162
0,0,0.33331063
0,1,0.5460821
0,0,0.45888075
0,0,0.43711326
0,0,0.48067766
0,1,0.5264219
0,1,0.5060074
0,0,0.39934886
0,0,0.46020502
0,0,0.46614984
1,0,0.4928753
0,0,0.43532673
0,0,0.4098833
1,0,0.38654247
1,1,0.57002604
0,1,0.5470199
0,0,0.49531174
0,0,0.48520395
0,0,0.46379828
0,1,0.57167214
0,0,0.44819912
0,0,0.42528918
0,1,0.5138626
0,0,0.4969445
1,0,0.482864
0,0,0.4816434
0,1,0.5085044
0,0,0.47073025
0,0,0.47533455
0,0,0.34355393
0,0,0.46877483
0,1,0.51353204
0,0,0.47551018
1,1,0.5319257
0,0,0.46844754
0,0,0.45805815
0,1,0.53117037
0,0,0.2833581
0,0,0.29689765
0,0,0.49153304
0,0,0.4946643
0,0,0.4830132
0,1,0.50074273
0,1,0.53795266
0,1,0.64853674
0,0,0.37089196
1,0,0.33413646
0,0,0.4745849
1,1,0.61068076
0,0,0.46438074
0,0,0.47651625
1,0,0.4323628
0,0,0.4653803
0,0,0.49158376
1,0,0.46011534
0,1,0.5035288
0,0,0.39472455
1,0,0.35793358
0,0,0.49111223
0,0,0.4894689
0,0,0.29021782
0,1,0.5372577
0,1,0.5283251
0,1,0.5030424
0,0,0.3659466
0,1,0.5122497
0,1,0.6005265
0,1,0.50714046
1,1,0.58136725
0,1,0.5362181
0,0,0.4688981
0,0,0.4511583
0,1,0.5572236
0,0,0.31525373
0,1,0.5086049
0,1,0.55241466
1,0,0.47902688
0,1,0.63895357
0,0,0.4121679
1,1,0.52334505
1,0,0.46306804
0,0,0.49828726
1,1,0.61968935
1,0,0.43008876
0,0,0.44455096
0,1,0.5441408
1,0,0.49567723
1,1,0.5577615
1,1,0.51044977
0,0,0.47224963
0,1,0.56417793
0,0,0.44300264
0,0,0.4550979
0,0,0.48286027
0,0,0.44934016
0,1,0.55039686
0,1,0.54726714
1,1,0.5227886
0,0,0.36291957
0,0,0.46546742
0,0,0.48520002
0,1,0.5284093
0,1,0.5279822
0,0,0.31869778
0,0,0.22098479
1,0,0.38214618
0,0,0.48420635
0,0,0.43410856
0,0,0.49973252
1,0,0.413555
0,0,0.37162116
1,1,0.5873917
0,0,0.4463775
0,0,0.46966505
1,1,0.5705851
0,0,0.47933176
0,1,0.5048339
1,1,0.6190259
0,0,0.39784306
0,0,0.46129283
0,0,0.44768706
0,0,0.46593475
1,1,0.5507004
0,0,0.46950188
0,1,0.53748274
0,0,0.48641056
0,0,0.45884314
0,0,0.37379152
0,0,0.392911
0,0,0.49621734
0,0,0.45581663
0,1,0.5016736
0,0,0.38823658
0,0,0.4089125
1,0,0.49284956
1,1,0.5867982
0,1,0.50828475
0,1,0.5345891
0,0,0.4622111
0,1,0.5248622
0,0,0.31895128
1,0,0.49301574
0,1,0.59002125
1,0,0.47215545
0,1,0.50972116
0,0,0.45640436
0,0,0.4795363
0,0,0.4971688
0,0,0.48458916
0,0,0.44858977
0,0,0.48772955
0,1,0.54853135
0,0,0.40367723
0,1,0.5953861
0,0,0.340044
0,0,0.47962528
0,1,0.6041256
0,1,0.67966336
0,1,0.63068336
0,0,0.4779622
0,1,0.5646519
0,0,0.28218144
0,1,0.5382445
0,0,0.48918757
0,0,0.31251037
0,0,0.40772903
1,1,0.5304222
0,1,0.53324664
0,0,0.44547287
0,1,0.5612644
0,0,0.48251235
0,0,0.4091833
0,1,0.5661647
0,1,0.5017593
0,1,0.6700104
1,0,0.49970877
1,1,0.6067462
1,0,0.47542304
0,0,0.4909508
0,0,0.2775777
0,0,0.31212616
0,1,0.621632
0,0,0.43940365
0,0,0.47414657
0,1,0.61670846
0,1,0.5408635
0,0,0.4134141
0,1,0.5722059
1,1,0.61034524
0,0,0.47316816
0,1,0.5784416
0,0,0.29330313
1,1,0.54613227
0,0,0.29451016
0,0,0.46941808
0,0,0.4633658
0,1,0.5747726
0,0,0.46543697
0,0,0.4339839
0,1,0.5275374
0,0,0.46018392
0,0,0.47449023
0,0,0.22847109
1,1,0.55715567
0,1,0.62020075
0,0,0.324556
1,1,0.5742217
1,0,0.4207727
0,1,0.5291185
0,0,0.45900187
1,0,0.23222576
0,0,0.4365308
0,0,0.43963784
0,1,0.54992765
0,0,0.46446627
0,0,0.48852652
0,0,0.47673437
0,0,0.47818297
0,0,0.3507727
0,0,0.45484385
1,0,0.4988146
0,1,0.56705797
0,0,0.45223746
0,0,0.47718593
0,1,0.5349169
0,1,0.5192489
0,1,0.61500543
1,1,0.51284564
0,0,0.49780956
1,1,0.5125168
0,1,0.5114259
0,1,0.54501516
0,1,0.504423
1,1,0.53121156
1,0,0.47340462
1,0,0.33354303
0,0,0.48287505
0,0,0.28961638
1,0,0.46479538
0,0,0.4709864
0,0,0.44308904
0,0,0.49159363
0,1,0.51571316
0,0,0.49086124
0,0,0.37896544
0,1,0.5199829
0,0,0.44461036
0,0,0.4717647
0,0,0.46067932
0,1,0.51287025
0,0,0.45113453
0,0,0.39207783
0,1,0.50171274
1,1,0.51125085
0,1,0.5946734
0,0,0.42579803
0,1,0.5295655
0,1,0.52559525
0,1,0.5932761
0,1,0.5310484
1,0,0.49620572
0,1,0.57665277
0,1,0.51052845
0,0,0.44402862
0,0,0.44250512
0,0,0.47874683
1,0,0.3223696
0,1,0.54608226
0,0,0.39738742
0,1,0.54118574
0,1,0.55673295
0,1,0.57283086
0,0,0.48230854
1,1,0.5945006
0,0,0.48619658
0,0,0.38166755
0,0,0.49906215
1,1,0.56075954
0,0,0.43062127
0,0,0.4928007
0,1,0.5559398
0,0,0.3910279
0,0,0.4904958
0,0,0.4135913
0,0,0.4283856
0,0,0.3617913
1,1,0.53796476
0,0,0.44288906
0,0,0.47580278
0,1,0.5019492
0,1,0.5247864
0,1,0.5117671
0,0,0.4283271
0,0,0.31866172
0,1,0.5171342
0,1,0.598318
0,1,0.50027126
0,1,0.5273389
0,0,0.45038587
0,0,0.39376646
1,0,0.4941662
0,0,0.4650844
0,0,0.49153486
0,1,0.5015155
0,1,0.5325943
0,1,0.6009225
0,0,0.42482182
0,0,0.41576245
0,0,0.47623107
0,0,0.45538053
0,0,0.47019055
1,1,0.50434965
1,0,0.4933565
0,0,0.41066417
1,0,0.47821656
1,0,0.4833057
0,1,0.5464416
0,0,0.45948857
0,1,0.5372926
0,1,0.5156495
0,0,0.48609558
0,1,0.5251935
0,0,0.4940356
1,1,0.5705076
0,0,0.43755418
1,0,0.4751581
0,0,0.47664648
0,1,0.5229119
1,1,0.53007615
0,1,0.5062618
0,0,0.42522007
0,0,0.429851
0,0,0.4064857
0,0,0.4772894
1,0,0.4924912
0,0,0.48154935
1,1,0.59289116
0,0,0.48545375
0,0,0.43418398
1,1,0.50466716
0,1,0.5311701
1,1,0.5201742
0,1,0.5156441
0,0,0.49310124
0,0,0.4992236
0,0,0.32972914
0,0,0.49329728
0,0,0.42279348
0,0,0.45740882
0,0,0.4686094
0,0,0.47835696
1,1,0.5804763
0,0,0.45411494
0,0,0.38306004
0,0,0.48611304
1,0,0.48114428
1,0,0.47675362
0,0,0.46290037
0,0,0.49790293
0,1,0.5542279
1,1,0.5647567
0,0,0.42936662
0,0,0.37169984
0,1,0.5910196
0,0,0.45884633
0,0,0.43816045
0,0,0.32592157
1,0,0.45223656
0,0,0.4518826
0,0,0.43247795
0,1,0.50505203
0,0,0.43744233
0,0,0.33616504
0,1,0.5440875
0,0,0.49562493
0,0,0.4586983
0,0,0.47993547
1,1,0.51754785
0,0,0.3713312
0,0,0.4436713
0,0,0.44806826
0,1,0.5440636
0,1,0.5817536
0,0,0.49287474
0,1,0.50720066
0,0,0.48506936
1,0,0.48816764
0,1,0.522237
0,0,0.46638444
0,1,0.5037772
0,0,0.49106434
0,0,0.45385498
0,0,0.48683423
0,0,0.2249442
0,0,0.40225875
1,0,0.48660216
0,0,0.33152196
0,0,0.4687199
0,0,0.46911794
0,0,0.46054587
0,1,0.64010745
0,0,0.46017486
0,0,0.44439188
0,1,0.54711837
0,1,0.5177947
0,0,0.4899036
0,0,0.49444917
0,0,0.47352862
0,0,0.32087532
1,1,0.5106325
0,1,0.52969
0,0,0.45265856
0,1,0.533484
0,0,0.44478503
1,1,0.5947994
0,0,0.37963346
1,0,0.45576346
0,1,0.58362377
0,0,0.19136731
0,0,0.49581537
0,1,0.53528935
1,0,0.3712479
1,0,0.49013498
0,0,0.45700842
0,0,0.37913018
0,0,0.49904916
0,1,0.52725995
0,0,0.4284225
0,1,0.51259345
0,0,0.49870956
0,0,0.45066112
1,1,0.5466793
0,0,0.46705824
0,0,0.45332956
0,0,0.46077752
0,0,0.44437712
0,0,0.4272383
0,1,0.52439016
0,1,0.5258485
1,0,0.4621287
1,1,0.51743174
1,1,0.5235988
0,1,0.58808887
1,1,0.64843524
0,0,0.422163
0,0,0.38627505
1,0,0.47176677
1,1,0.6290093
0,0,0.27467376
1,1,0.5366142
0,1,0.5117026
0,0,0.4791773
0,0,0.41366267
0,0,0.4695436
0,1,0.587528
0,0,0.3413191
0,1,0.5001899
1,1,0.5026312
0,1,0.5973729
0,0,0.40041843
0,0,0.45345223
0,1,0.5264181
0,0,0.4756531
0,1,0.5934599
0,1,0.6033921
0,0,0.45611486
0,0,0.45427456
1,1,0.5203913
0,1,0.51913816
0,0,0.41556036
1,1,0.5116062
0,1,0.5055907
0,1,0.5996214
0,0,0.36303335
0,0,0.4594873
0,0,0.43229327
0,0,0.4763977
0,0,0.46793446
0,1,0.5053646
0,0,0.21575066
0,0,0.44370663
0,1,0.6099341
0,0,0.4896211
1,0,0.425384
0,1,0.5585719
1,0,0.33172283
0,0,0.3583663
1,1,0.59273463
0,0,0.44177404
1,1,0.638002
0,0,0.40831503
1,1,0.58494335
1,0,0.49088153
1,1,0.59087396
0,0,0.45489332
0,0,0.47829297
0,0,0.49633598
0,0,0.42299116
0,1,0.56579226
1,0,0.4912559
0,0,0.4676633
0,0,0.48022267
0,0,0.4700171
0,0,0.48688737
1,1,0.5702037
0,0,0.47810724
0,0,0.4842934
0,0,0.47329053
0,1,0.5026749
0,1,0.5416267
0,0,0.49478036
0,0,0.4230118
0,1,0.5187914
1,0,0.40829086
1,0,0.477552
0,0,0.45967364
0,1,0.5604702
1,1,0.50976235
0,0,0.44005623
1,1,0.54169506
0,1,0.6107512
0,0,0.49387655
0,0,0.42807522
1,0,0.4430241
0,1,0.5029785
0,0,0.4311995
0,0,0.4796009
0,0,0.45478198
0,0,0.4882914
1,0,0.47324896
0,0,0.42235765
1,0,0.49183634
0,0,0.4914563
0,1,0.506104
0,1,0.5507854
0,0,0.46472278
1,1,0.5395527
0,0,0.4517171
0,0,0.24473898
0,1,0.5884606
0,0,0.39444572
0,0,0.46969593
0,0,0.39052263
0,0,0.4643111
0,0,0.49260712
0,0,0.49616188
0,0,0.48064408
0,0,0.3477782
0,0,0.32198012
0,0,0.48494008
0,1,0.517668
0,0,0.46703917
0,1,0.50408936
0,1,0.5386594
0,0,0.3732371
0,1,0.5290899
0,0,0.26706725
1,0,0.4043624
0,0,0.46523577
0,1,0.5532623
0,0,0.4581617
0,0,0.34016064
0,0,0.49062818
1,0,0.4801933
0,1,0.5363404
0,1,0.51378953
0,1,0.5238725
0,0,0.30153868
1,0,0.3827952
0,1,0.51635
1,0,0.4632419
1,0,0.47004765
0,1,0.5754282
0,0,0.49032632
0,0,0.37147257
0,0,0.4940363
0,0,0.34888956
0,0,0.48652333
0,0,0.4960872
0,0,0.45313406
0,1,0.53915566
0,1,0.5104961
0,0,0.46266693
1,1,0.542578
1,1,0.50934297
1,0,0.47330406
0,1,0.5350629
0,1,0.5716142
1,0,0.2965591
0,0,0.4816719
1,1,0.5720727
0,0,0.48099864
0,0,0.34186837
0,0,0.22235055
0,0,0.48504922
1,0,0.48984224
0,0,0.4682633
0,0,0.47914755
0,0,0.4727634
1,1,0.57150257
0,0,0.4741971
1,1,0.5279862
0,0,0.4859384
0,1,0.51201105
0,0,0.42690668
1,0,0.46068993
0,0,0.45266798
1,1,0.522564
0,1,0.5094625
0,0,0.47646955
0,1,0.5139985
0,0,0.49277055
0,0,0.3306569
0,0,0.38086072
1,0,0.42954847
0,1,0.6274016
0,0,0.32747465
0,1,0.60729986
0,0,0.4525918
1,0,0.48137954
0,1,0.5062265
0,0,0.49219486
0,0,0.2904636
1,0,0.48718223
0,1,0.5426222
0,1,0.5278024
0,1,0.5994131
0,0,0.4132825
0,0,0.2992607
0,1,0.5492402
0,0,0.4729088
0,0,0.3855377
0,0,0.41196212
0,0,0.4330132
0,0,0.47157097
0,1,0.563593
0,0,0.46397987
0,0,0.4733739
0,0,0.46727124
0,0,0.46654457
0,0,0.4857727
0,1,0.5176298
0,0,0.4594265
0,1,0.5689028
0,1,0.5647551
1,1,0.5438785
0,1,0.50554794
1,0,0.4226265
0,0,0.48554745
0,1,0.56417966
0,0,0.48036322
0,0,0.40278056
0,1,0.5965747
0,1,0.55987394
1,1,0.58800656
1,0,0.47691157
0,0,0.24355222
0,1,0.5831333
0,0,0.44093978
0,0,0.429104
0,1,0.5860576
0,1,0.6521857
0,1,0.52533567
0,0,0.49717382
0,0,0.46657595
0,0,0.41272873
1,0,0.36584914
0,1,0.60548806
0,0,0.45468175
0,0,0.4656162
1,0,0.45840862
0,1,0.54019004
0,0,0.4796579
0,0,0.47191262
1,0,0.4686475
1,1,0.5107654
1,1,0.50222546
0,1,0.5222321
0,1,0.54987216
0,0,0.41812465
0,1,0.55350834
0,0,0.39256498
0,0,0.49008796
1,1,0.5490752
0,0,0.48229194
0,0,0.465678
0,0,0.42410785
0,1,0.5281118
0,0,0.47361314
1,0,0.44753748
0,1,0.61253256
1,1,0.5144888
1,1,0.51631916
0,1,0.50013274
0,1,0.5809641
0,1,0.56257546
0,1,0.5184467
0,0,0.4926671
1,0,0.45831245
0,0,0.471679
0,0,0.46867797
0,1,0.5997949
0,1,0.5041758
0,0,0.46122542
0,0,0.46221647
0,0,0.36196506
0,0,0.42733565
0,0,0.43814698
0,0,0.4809546
0,1,0.5425012
0,0,0.43350783
0,0,0.4609288
0,1,0.50073576
0,0,0.48964456
0,0,0.4625596
0,0,0.47416213
0,0,0.4523036
1,1,0.58154684
0,1,0.5365272
0,0,0.4073511
0,1,0.5112243
0,1,0.5286878
0,0,0.35374525
0,0,0.47263965
0,0,0.47481024
0,0,0.49133414
0,0,0.47110093
1,1,0.52460814
0,1,0.5421381
0,0,0.46374226
0,0,0.45016998
0,0,0.47736865
0,0,0.44737497
0,1,0.5270419
1,1,0.51168025
0,0,0.46387967
0,0,0.4374298
0,1,0.564509
1,1,0.5978963
0,0,0.48405755
0,1,0.5173793
1,0,0.43367788
0,0,0.41330668
0,0,0.4389104
0,1,0.5627349
0,1,0.5011354
0,0,0.30854216
0,0,0.47938845
0,0,0.47979435
0,0,0.33078212
1,0,0.4533279
1,1,0.5212313
0,0,0.22241953
0,0,0.28028503
0,1,0.5667888
0,0,0.47966254
0,0,0.49074566
1,0,0.3382139
0,1,0.5005258
0,0,0.49200127
0,0,0.49042174
0,0,0.4895393
0,0,0.39363852
1,1,0.50134534
0,0,0.4982274
1,1,0.53231543
0,0,0.4729638
0,0,0.49249431
0,1,0.51228917
0,0,0.4771918
0,0,0.4933412
0,0,0.4984885
0,1,0.6052071
1,0,0.3260346
0,1,0.5098596
0,0,0.49577612
1,0,0.4461526
0,0,0.4953893
1,0,0.4687856
0,0,0.3215771
1,0,0.3857245
1,1,0.5344852
0,0,0.46452373
1,0,0.48134053
1,1,0.569286
0,0,0.4114651
0,0,0.49402195
0,0,0.43729913
0,0,0.4792882
0,0,0.4504261
0,1,0.5656575
1,0,0.450134
0,1,0.5126186
0,0,0.3011345
0,1,0.5324513
0,1,0.50456095
0,1,0.61645323
0,0,0.3873127
0,0,0.48066348
0,1,0.54981524
0,1,0.5020893
0,1,0.5182348
0,0,0.48016647
1,0,0.48153806
0,1,0.56582797
1,0,0.48727956
0,0,0.4737894
0,0,0.3999627
0,0,0.4290904
0,0,0.4718535
1,0,0.4542946
0,0,0.43318197
0,0,0.46054786
0,0,0.46004838
1,0,0.49821776
0,1,0.5006639
1,0,0.46341547
0,0,0.49818885
0,0,0.3306852
0,0,0.48347667
0,0,0.46407574
0,1,0.6013262
0,0,0.4870394
0,0,0.45271677
0,0,0.41459477
0,0,0.4637838
1,0,0.49574837
0,0,0.49823654
0,0,0.4115756
0,0,0.45045093
0,1,0.5408489
0,0,0.43213132
0,0,0.46953312
0,0,0.4652125
1,1,0.5070522
0,1,0.5094353
0,0,0.48479038
0,1,0.5208571
1,0,0.444043
0,1,0.51442266
0,1,0.56566155
1,1,0.5688768
0,1,0.54558307
1,0,0.36950198
0,0,0.42661446
0,0,0.47028977
0,0,0.49072567
0,0,0.46317768
0,0,0.47321093
1,0,0.49531665
0,0,0.47021714
0,0,0.48677206
0,1,0.5161519
0,1,0.509933
0,0,0.46054345
0,1,0.60103285
1,1,0.64720196
0,1,0.5414931
0,0,0.48106632
1,0,0.4762193
0,0,0.37618408
0,0,0.48940203
0,0,0.47070557
0,0,0.40753835
0,0,0.47702503
1,1,0.5377893
0,0,0.33085728
1,1,0.54900163
0,1,0.5165157
0,1,0.50003374
1,0,0.4770657
0,0,0.42533737
0,1,0.5252219
0,1,0.50328016
0,0,0.49907306
0,0,0.4653227
0,1,0.5718751
0,1,0.50636804
0,1,0.51747936
0,1,0.5315006
0,1,0.512182
0,0,0.4995049
0,0,0.47298592
0,1,0.5049231
0,1,0.57590395
0,0,0.46929857
0,1,0.51043564
0,0,0.46285126
0,0,0.48780817
0,0,0.4644915
0,0,0.48630553
0,0,0.36106333
0,0,0.45557877
0,0,0.29284793
0,0,0.43834108
0,1,0.5132886
0,1,0.5058626
0,0,0.44752324
0,0,0.43317923
0,0,0.47106326
0,0,0.28931862
0,1,0.5107035
1,1,0.62441695
0,1,0.514466
0,0,0.48218542
0,0,0.45582357
0,0,0.29518676
0,0,0.48494136
0,1,0.5493117
1,0,0.33217
0,1,0.53824407
1,0,0.44652405
0,0,0.49982855
0,0,0.4743037
1,0,0.49059758
1,1,0.524501
0,1,0.5007813
1,0,0.49175692
0,1,0.50005376
0,1,0.5674375
0,0,0.31387553
1,0,0.4577599
0,0,0.48109373
0,0,0.48132157
0,1,0.5634191
1,0,0.47522008
0,0,0.4740162
0,0,0.48469275
1,0,0.4596613
0,0,0.48073936
0,0,0.48308125
0,1,0.5018616
0,0,0.47213605
0,1,0.5990918
1,1,0.5193645
0,0,0.465712
1,0,0.4694444
0,0,0.49156266
0,1,0.58750474
0,1,0.5745734
0,0,0.4135029
0,0,0.43241337
0,1,0.55018294
0,0,0.49045956
0,0,0.2751737
0,1,0.56941015
0,0,0.48884776
0,0,0.4523245
0,0,0.45782065
0,0,0.44643444
0,1,0.51453125
0,0,0.3560796
0,0,0.39424452
0,1,0.51386946
1,1,0.51504946
0,0,0.36644158
0,0,0.46159637
1,1,0.55746543
0,1,0.5946245
0,0,0.49089098
0,0,0.47276112
0,1,0.50324166
0,0,0.49157277
0,0,0.48228326
0,0,0.48047772
0,0,0.49586707
0,0,0.2671262
1,0,0.44791296
0,1,0.5705747
0,0,0.41203305
0,0,0.42451873
0,1,0.5613778
1,0,0.47654745
0,0,0.45728946
1,0,0.49963805
0,1,0.53134733
0,1,0.5247592
0,0,0.4668967
0,1,0.5291804
0,0,0.48011988
0,1,0.55092746
0,0,0.46684968
0,1,0.58723325
0,1,0.5182098
1,1,0.575926
0,1,0.53661877
0,0,0.45644015
0,0,0.42126325
0,0,0.28254876
0,0,0.4382792
0,0,0.45408443
0,1,0.5426678
1,0,0.4905751
1,0,0.43251562
0,0,0.46626318
0,0,0.46649626
1,0,0.4847179
1,1,0.5926317
0,1,0.5570197
1,1,0.5669858
0,0,0.48144537
0,0,0.45788115
0,0,0.4877824
0,0,0.4954556
0,0,0.43695495
0,0,0.49097043
0,0,0.413665
0,0,0.4243094
0,0,0.4650993
0,0,0.41522974
0,0,0.48389417
0,0,0.3888293
0,0,0.4767879
0,0,0.4836973
0,0,0.44130665
0,0,0.41324154
0,1,0.5337309
0,0,0.49580893
0,0,0.40774387
0,0,0.4580461
0,0,0.47406223
0,0,0.42624196
0,1,0.57232887
0,0,0.4298143
0,1,0.50895613
0,0,0.49936494
1,0,0.45743063
1,0,0.45553324
0,0,0.46540594
0,1,0.55667394
1,0,0.48529193
1,0,0.46252927
0,1,0.61257607
0,1,0.5334546
0,0,0.4472633
0,1,0.5281797
0,0,0.4557682
0,0,0.24554414
0,1,0.5641034
1,0,0.48949274
0,0,0.443951
0,1,0.50773555
1,0,0.46926093
0,1,0.5226991
1,0,0.4439063
0,1,0.5464144
1,1,0.5751332
0,1,0.69256455
0,1,0.5217734
0,0,0.29559174
0,1,0.5379081
0,0,0.4315866
0,1,0.5161552
0,0,0.4741789
0,1,0.5213412
1,1,0.5128361
0,0,0.46881893
0,0,0.4271134
0,0,0.44749862
0,0,0.48937026
1,1,0.609404
0,0,0.48870963
0,0,0.4464943
1,1,0.51172936
1,1,0.5702494
0,1,0.5573753
0,1,0.5628481
0,1,0.5457287
0,1,0.58074427
0,0,0.4460006
0,0,0.3804493
0,1,0.5031878
0,1,0.5395956
0,0,0.44487292
0,0,0.46830392
0,0,0.4664111
0,0,0.4533967
0,0,0.35916448
0,0,0.46257108
0,0,0.4868568
1,1,0.5386687
0,1,0.64655745
1,0,0.42729092
0,0,0.3851619
0,1,0.50238186
1,0,0.4810614
0,0,0.49477452
1,0,0.42983297
0,0,0.4755284
0,1,0.5109676
0,0,0.2856739
0,0,0.49772277
0,1,0.5339913
0,0,0.48031008
0,1,0.5008141
0,0,0.4413125
0,0,0.48852146
0,1,0.5083127
0,1,0.52420795
0,0,0.48635545
1,1,0.5722601
0,0,0.35363322
1,1,0.5044588
0,1,0.5351152
0,1,0.50670534
0,0,0.49771613
0,1,0.54835874
1,1,0.5189803
0,0,0.4838872
0,0,0.43207803
1,0,0.47028363
0,0,0.48852146
1,0,0.4750021
0,0,0.48442832
0,0,0.49847868
1,0,0.45238945
1,1,0.5529268
0,1,0.5611263
0,0,0.48294377
0,0,0.37903988
0,0,0.4713607
1,1,0.51275045
0,0,0.4924666
0,0,0.39824548
0,0,0.4859913
0,0,0.4650797
1,1,0.52787465
0,0,0.4791965
0,0,0.46711332
0,0,0.4764216
0,1,0.5668706
0,1,0.5320173
0,1,0.59965754
0,0,0.331004
0,1,0.58849496
0,0,0.44443405
0,0,0.49225903
0,0,0.45220003
0,1,0.57936895
1,1,0.61208606
1,0,0.4673709
1,0,0.47219303
1,1,0.53823745
0,0,0.4755725
0,0,0.4404467
0,1,0.50091493
1,1,0.5556394
1,1,0.5725222
1,0,0.4141989
1,0,0.45975348
0,0,0.31440914
0,0,0.41905347
1,0,0.47622558
0,0,0.48684916
1,1,0.52748257
0,1,0.5031203
0,0,0.46966457
0,0,0.46149346
0,0,0.36361206
1,1,0.50775516
0,0,0.26907507
0,1,0.5075985
1,1,0.6240928
0,0,0.3251941
0,0,0.4581201
0,0,0.3692858
0,0,0.425818
0,1,0.5019252
1,1,0.5490231
1,1,0.5024606
0,0,0.46977225
0,1,0.51257557
1,0,0.4968463
0,0,0.39147243
0,0,0.38656107
0,0,0.44677785
1,1,0.5458249
0,0,0.28688923
0,0,0.43359962
1,0,0.43585002
0,1,0.5312754
1,0,0.23890409
0,0,0.46597305
1,0,0.49063998
0,0,0.4773194
0,0,0.44251394
0,0,0.3412149
0,1,0.58233595
0,0,0.47618276
0,1,0.51464564
0,1,0.5003058
0,0,0.45946184
0,1,0.501531
0,0,0.49267235
0,0,0.37395284
0,0,0.31493455
0,0,0.2596893
0,1,0.5029134
1,0,0.33969977
0,0,0.42309058
0,0,0.4089779
0,1,0.57618845
0,0,0.46250415
0,0,0.47006193
0,0,0.3061534
1,1,0.5194184
0,1,0.53308326
0,1,0.52943563
0,0,0.45211866
0,0,0.48076227
0,0,0.38905194
0,1,0.56269336
0,0,0.4713211
0,0,0.49279195
0,1,0.56992966
1,0,0.44560263
1,1,0.53938735
0,0,0.49647003
0,0,0.4961266
0,1,0.53345877
1,0,0.4558087
0,0,0.49662235
0,1,0.5078238
0,0,0.49865437
0,1,0.5618278
0,0,0.36445537
1,1,0.6210392
0,0,0.4507697
0,0,0.4847739
0,0,0.43043777
0,1,0.56667745
0,0,0.49032956
0,1,0.50588083
0,1,0.5794994
0,0,0.47845575
0,0,0.4498417
0,0,0.387585
0,0,0.41813764
0,0,0.47306266
0,0,0.43697307
0,0,0.49271104
0,0,0.44619653
0,1,0.51503986
0,0,0.49210334
0,1,0.5005929
0,0,0.44919923
0,0,0.48227638
0,1,0.5074067
1,1,0.621606
0,1,0.5467615
0,0,0.4678194
0,0,0.4770265
0,0,0.28631637
0,0,0.43316394
0,1,0.5442916
0,1,0.5364116
1,0,0.49809656
1,1,0.56840336
0,1,0.56277007
0,1,0.51203126
1,0,0.46095374
0,0,0.44624844
0,1,0.53875524
0,0,0.45745414
0,0,0.45516402
0,0,0.46832156
1,0,0.41174778
0,0,0.4459702
0,0,0.47144467
1,1,0.5421021
0,0,0.43625587
1,0,0.4047656
0,0,0.40523046
1,0,0.47576922
0,0,0.48242265
0,0,0.4979433
0,0,0.48898304
1,1,0.5087703
0,0,0.48303518
0,0,0.44528642
0,1,0.50089747
0,0,0.46763864
0,0,0.48226333
0,0,0.49476275
0,0,0.4646648
0,1,0.5723745
0,0,0.48203546
0,1,0.50368875
1,1,0.50587255
0,1,0.51699716
0,0,0.4985989
0,0,0.4546133
0,0,0.46998784
0,1,0.58875453
0,0,0.31143725
0,0,0.4573807
0,0,0.36455378
0,0,0.48258606
0,0,0.46382663
0,0,0.48349038
0,1,0.52467376
0,1,0.5163786
0,1,0.5282055
0,1,0.58362377
1,0,0.49569842
0,1,0.5303592
1,1,0.55577105
0,0,0.34765905
0,1,0.51035863
0,0,0.43646494
0,0,0.35269776
0,0,0.22517855
0,1,0.511047
0,0,0.43983912
0,0,0.39020547
0,0,0.41589552
0,1,0.5273958
0,0,0.35052308
1,1,0.5311763
0,1,0.5660479
1,1,0.5814712
0,0,0.47807047
1,0,0.36245227
0,0,0.46620214
0,0,0.49767318
0,0,0.33340338
0,1,0.55723304
0,1,0.67512345
0,0,0.37981248
0,1,0.5458417
0,0,0.40639484
0,0,0.47612303
0,0,0.45098484
0,1,0.5876228
0,0,0.46138543
0,0,0.4404548
0,1,0.5411707
0,0,0.3153589
0,1,0.5054113
0,0,0.49298048
1,0,0.46298116
0,0,0.4602233
0,1,0.5011344
1,0,0.4602069
0,1,0.51229584
0,1,0.6383031
0,1,0.50637823
1,1,0.5236959
0,0,0.45210567
0,0,0.37865877
0,0,0.38428697
1,1,0.52543366
1,0,0.47860458
0,0,0.43811375
0,1,0.56883115
1,1,0.51066124
0,0,0.49696824
0,0,0.4701866
1,0,0.4826499
0,1,0.57133263
0,0,0.39498755
0,1,0.56249
0,0,0.1646694
0,0,0.46398175
0,0,0.45833895
0,0,0.43745324
0,1,0.5405171
1,0,0.4656123
0,0,0.49019408
0,0,0.48597974
0,0,0.44061428
0,1,0.5626316
1,0,0.46264264
0,0,0.47830695
0,0,0.28994957
0,0,0.4371677
1,0,0.49034142
0,1,0.51556593
1,0,0.49920532
1,0,0.43457446
0,0,0.4654043
0,1,0.54046065
0,0,0.3978699
0,0,0.39671415
0,0,0.4699785
1,1,0.57119614
0,1,0.53610134
0,0,0.4573914
1,0,0.48520717
0,0,0.44819757
0,0,0.4688395
0,0,0.4787464
0,1,0.5819139
0,1,0.5585975
0,1,0.51139635
1,0,0.47770953
0,1,0.52766913
0,1,0.58250886
0,0,0.23578376
1,1,0.5040877
0,0,0.495775
0,0,0.32769245
0,0,0.48536834
0,0,0.49466202
0,1,0.5445995
1,0,0.488298
0,0,0.46301463
0,1,0.5583451
1,1,0.51209575
0,1,0.5103067
0,1,0.5337683
0,0,0.39578608
1,0,0.46288335
0,0,0.46755067
0,1,0.57085377
1,1,0.60387623
0,1,0.55162466
0,0,0.48217496
0,1,0.5174067
0,1,0.5572722
0,0,0.3580997
0,0,0.49059156
0,0,0.45994583
1,0,0.48667347
0,0,0.47823498
1,0,0.46567795
0,0,0.4910287
0,1,0.5585969
0,0,0.44124547
0,1,0.55381674
0,0,0.4626072
0,0,0.4553997
0,0,0.47479618
0,0,0.43690044
0,0,0.39690155
0,0,0.46868765
0,0,0.45679316
0,0,0.49289685
1,1,0.62376595
0,0,0.4998849
1,0,0.4553877
0,1,0.5045118
0,0,0.45572108
0,0,0.47669923
0,0,0.49451974
0,0,0.49402758
0,0,0.4683158
1,0,0.3281969
0,1,0.6158137
0,0,0.40267247
0,1,0.5164664
0,0,0.484432
0,0,0.46076876
0,1,0.5090915
0,1,0.53023136
0,0,0.49369246
0,1,0.5435674
0,0,0.4229503
0,1,0.52597374
0,0,0.2889962
1,1,0.5387614
0,0,0.42250365
0,0,0.36488658
0,0,0.4529832
0,0,0.3753073
0,0,0.42138293
0,0,0.46615067
0,0,0.25250316
0,0,0.34655008
0,0,0.49249342
0,0,0.40888438
0,0,0.44567934
0,0,0.4486862
1,0,0.3444318
1,1,0.5963326
1,0,0.45184478
1,1,0.50219595
0,0,0.44175905
0,0,0.49587095
0,1,0.5512453
0,0,0.35170248
0,0,0.49252132
0,1,0.5919453
0,0,0.48740393
0,0,0.46872845
0,1,0.56037587
0,0,0.47202864
0,0,0.45115405
0,1,0.5698843
0,1,0.5050099
1,1,0.5668032
0,1,0.50488913
0,0,0.46812212
0,1,0.5487544
0,0,0.34509644
1,1,0.52455944
0,0,0.4881531
0,0,0.4637372
0,0,0.49767047
0,0,0.48640233
0,1,0.5187202
0,1,0.5436983
0,0,0.48158172
0,0,0.4517422
0,1,0.5296988
0,1,0.5009364
0,0,0.4754293
0,0,0.4857763
0,0,0.47239885
0,0,0.37469146
0,1,0.5065036
1,1,0.53748
0,0,0.48193228
0,0,0.48038852
1,1,0.5040396
1,0,0.3836893
0,0,0.44081604
0,0,0.39902186
0,0,0.4562053
0,0,0.42442462
0,0,0.48091972
0,0,0.19389677
0,0,0.20525824
0,0,0.4561853
0,0,0.49864525
0,1,0.6095371
1,0,0.48715663
0,0,0.4327913
0,1,0.5425092
0,1,0.50099707
0,0,0.44641972
0,0,0.36852
0,0,0.38264805
0,0,0.30257797
1,0,0.48372725
0,1,0.53729653
0,0,0.45286432
0,1,0.50047463
0,0,0.33778387
0,0,0.4350342
1,0,0.49364507
0,0,0.39435905
1,1,0.52456343
0,0,0.48562708
0,1,0.5341452
0,0,0.47370553
1,0,0.419633
0,0,0.44414774
0,0,0.49820662
0,0,0.44047663
0,0,0.4100341
0,0,0.49836436
0,0,0.46147045
0,0,0.3830588
1,1,0.62352496
0,1,0.55770916
1,0,0.32955837
0,0,0.46532676
0,1,0.59805006
0,1,0.5384002
1,0,0.44732356
0,1,0.57777476
0,0,0.44628346
0,0,0.32393825
0,0,0.4488574
0,0,0.43757936
0,0,0.4558995
0,0,0.49676046
0,0,0.45816493
0,1,0.5067396
0,1,0.56578135
0,0,0.35912886
0,1,0.618244
0,1,0.5022113
0,0,0.4988496
0,1,0.53974044
0,1,0.56085855
0,1,0.58679587
0,1,0.51950365
0,0,0.4143334
1,1,0.53236973
0,0,0.4293984
0,0,0.25569516
0,1,0.56560594
0,1,0.5338085
0,1,0.58871406
0,0,0.2826692
0,0,0.4498613
0,0,0.40339932
0,0,0.4662428
0,0,0.49368238
0,0,0.41914055
0,0,0.326992
0,1,0.54212624
0,0,0.46806353
0,0,0.47565907
0,0,0.4586977
1,1,0.51020116
0,0,0.4554226
0,0,0.48800513
0,0,0.3472847
1,0,0.48862022
1,1,0.50522727
1,1,0.6149218
0,1,0.5070787
0,1,0.50536096
1,0,0.33948994
1,1,0.5684116
0,1,0.5207348
1,0,0.45912623
0,0,0.49011245
0,1,0.6344264
0,0,0.44797885
0,0,0.44111165
0,1,0.5079971
0,1,0.5064652
0,1,0.5652531
1,1,0.5269045
0,1,0.5076446
0,1,0.51113975
0,0,0.44266373
0,0,0.47517115
1,0,0.43131137
0,0,0.49538392
0,0,0.4550351
0,0,0.4973282
1,0,0.4637626
0,1,0.52469623
0,0,0.4547033
0,0,0.27319375
0,0,0.3812306
0,0,0.40655202
0,0,0.42911062
0,1,0.5120399
0,0,0.4680248
0,0,0.49140796
1,0,0.4266355
1,1,0.5056964
0,0,0.47174716
1,1,0.50490373
0,0,0.3892049
0,0,0.49050125
1,1,0.53875303
0,0,0.46278152
0,0,0.49531186
0,1,0.5059142
0,1,0.5103856
0,0,0.42425278
0,0,0.38072076
0,1,0.55727166
0,0,0.46318573
0,1,0.56219685
0,0,0.46690324
0,0,0.28389284
0,0,0.47115907
0,0,0.45596266
1,0,0.48221853
0,0,0.46354628
1,0,0.44663095
0,0,0.46519697
0,0,0.49934405
0,0,0.40670794
0,1,0.51420283
0,1,0.5300804
1,0,0.3823487
0,1,0.6083336
1,1,0.5512645
0,1,0.5568436
0,1,0.5816245
0,0,0.43863925
1,1,0.550574
1,0,0.49663606
0,0,0.4229786
0,1,0.51096916
1,1,0.6091235
0,1,0.5536346
0,0,0.47996435
0,0,0.4592793
0,1,0.5130921
0,0,0.48810256
0,0,0.39438727
0,1,0.5372306
0,0,0.4737884
0,0,0.48852146
1,1,0.5780306
0,0,0.48568863
0,1,0.541016
0,1,0.5559105
0,0,0.4335153
0,1,0.5264115
1,1,0.57168686
0,1,0.59330547
0,1,0.6021461
0,0,0.4493884
1,0,0.49494344
0,0,0.48859215
0,1,0.5283544
0,0,0.48207954
0,0,0.4856
0,1,0.5519066
0,1,0.55543
0,1,0.59650594
0,0,0.46989155
0,0,0.4329157
0,0,0.4869893
1,0,0.48568833
1,1,0.6067387
0,0,0.3020897
0,0,0.44294807
0,0,0.43611145
1,0,0.44533327
0,1,0.5763833
1,0,0.31305957
1,0,0.45770106
0,0,0.32412872
0,1,0.519644
0,0,0.3023795
0,0,0.35462353
0,0,0.3721232
0,1,0.5106751
0,0,0.48766783
0,1,0.5802924
0,0,0.49473312
0,0,0.47436437
0,1,0.5152384
0,1,0.52491707
1,0,0.46604267
0,1,0.5384522
0,1,0.5533078
0,0,0.4502215
1,1,0.59169966
1,1,0.51162004
0,0,0.47547975
1,1,0.625197
0,0,0.4915555
0,1,0.5173075
0,1,0.5525177
0,0,0.49852425
1,1,0.5065026
0,0,0.31051323
0,0,0.48528275
1,0,0.499247
0,0,0.4744053
1,1,0.6296568
0,1,0.56887585
0,1,0.5039684
0,0,0.43726316
0,0,0.47994593
0,0,0.47260624
0,1,0.5590262
0,0,0.45725986
0,0,0.3281674
1,1,0.5021973
0,0,0.45439956
0,0,0.45987567
0,0,0.3977176
0,1,0.63989
0,0,0.4439361
0,0,0.47825226
0,0,0.3869309
0,1,0.50443596
0,1,0.5795237
0,0,0.4839202
0,0,0.49386612
0,0,0.493701
0,1,0.5591719
0,0,0.45961562
1,0,0.48496053
0,0,0.45967644
0,0,0.38161716
1,1,0.7045804
0,0,0.42475703
1,1,0.57609695
0,0,0.4666778
1,1,0.5485689
0,0,0.46827972
0,1,0.5062938
1,0,0.49461126
1,0,0.46488363
1,0,0.48591948
0,1,0.5512357
0,1,0.5396234
0,1,0.523241
0,0,0.4292403
0,0,0.41456336
0,0,0.45142752
1,1,0.5861661
0,1,0.5239628
0,0,0.42377204
0,1,0.5701098
0,0,0.4940956
0,1,0.5579816
0,0,0.33348742
0,1,0.5259818
1,1,0.51575565
0,1,0.56170017
0,0,0.46522462
0,1,0.55302966
1,0,0.49995536
0,0,0.4385374
0,1,0.57485145
0,1,0.50523853
0,1,0.5453506
0,0,0.4537156
0,0,0.42833924
0,1,0.51703244
0,1,0.5950951
1,1,0.6313502
0,1,0.5772609
0,1,0.6111273
1,0,0.42050245
0,0,0.45428395
0,1,0.6199428
0,0,0.44252807
0,1,0.5428111
0,0,0.4423765
0,0,0.46682635
0,1,0.5133802
0,0,0.35065874
0,0,0.48702654
0,1,0.52266765
0,0,0.4938187
0,0,0.4695631
1,0,0.46285468
0,1,0.5113502
0,0,0.48439983
0,1,0.5231884
0,0,0.47601026
1,0,0.4983518
0,0,0.290597
0,0,0.4628757
0,0,0.43460009
0,1,0.5315284
1,1,0.5891803
0,1,0.56296647
1,0,0.4880462
0,0,0.37885043
0,1,0.5125892
0,0,0.4789111
0,1,0.5770723
0,0,0.46572718
1,1,0.50807154
0,1,0.6140582
0,1,0.5734666
0,0,0.43482062
0,0,0.46936312
0,0,0.39056888
0,1,0.53485334
1,1,0.50718856
0,0,0.27553195
0,0,0.46408877
0,0,0.4808675
0,0,0.45117965
1,0,0.49375498
0,1,0.5479155
0,0,0.47867295
0,0,0.4058883
0,0,0.3620107
0,1,0.5105372
0,0,0.4823168
0,0,0.4529366
1,0,0.4697022
0,0,0.44263548
1,0,0.31404635
0,1,0.5510051
0,1,0.5169747
0,0,0.48862767
0,0,0.46237668
0,1,0.50911427
1,1,0.52481097
0,0,0.45703983
1,1,0.580643
1,0,0.43482855
0,1,0.5104082
0,0,0.45140824
0,0,0.29705662
0,1,0.51446635
0,0,0.4950661
1,0,0.44637004
0,0,0.46060577
0,1,0.5018917
0,0,0.42114544
0,1,0.5459782
0,0,0.4830749
0,0,0.4560686
0,1,0.5041857
0,0,0.48697203
0,0,0.33469963
0,0,0.49655408
1,0,0.47749442
0,0,0.49756277
0,1,0.51796055
0,0,0.48094183
0,0,0.4538679
0,0,0.4221591
0,0,0.35570842
0,0,0.39337796
1,0,0.49045852
0,0,0.4953387
0,0,0.4569362
0,0,0.4108691
1,0,0.4421943
1,0,0.48658502
0,0,0.45516908
1,0,0.4779621
0,0,0.4652123
0,1,0.59609336
0,0,0.46351784
1,0,0.46066514
0,0,0.4859857
0,0,0.49120963
0,0,0.4002031
0,0,0.46216294
0,0,0.31333062
0,0,0.46937668
0,0,0.40400252
0,1,0.5411889
0,0,0.47879368
0,1,0.6020415
0,0,0.3041691
1,0,0.42790723
0,0,0.49714437
0,0,0.4887074
0,0,0.47061488
0,1,0.5435577
0,0,0.45804232
0,0,0.4743595
0,0,0.46936122
0,0,0.48327592
1,0,0.4904662
0,0,0.47335398
0,0,0.44789222
0,0,0.26709715
0,0,0.46850502
0,0,0.4735228
0,1,0.5489556
0,1,0.56689596
1,0,0.42154258
0,1,0.50195867
0,0,0.4415648
0,1,0.567728
0,1,0.5038666
0,0,0.4764354
0,0,0.24754299
0,1,0.5855383
0,0,0.25943676
1,0,0.48388556
0,1,0.503048
0,1,0.53225946
0,0,0.4388683
0,1,0.6027594
0,1,0.58386666
1,1,0.5368929
0,1,0.5435303
0,1,0.5297126
0,0,0.4819789
0,0,0.42627886
0,0,0.23151585
1,1,0.50832444
1,1,0.60144883
0,0,0.38482323
0,0,0.46569726
0,0,0.47591382
0,0,0.39854756
0,1,0.5044499
0,1,0.5988998
0,1,0.5056473
0,0,0.4940954
0,0,0.4639769
0,0,0.35436136
0,1,0.578993
1,1,0.5494166
0,1,0.5811105
0,0,0.4863133
0,0,0.49145377
0,1,0.52798903
0,1,0.5026866
1,1,0.57361794
1,1,0.52267617
0,1,0.5294707
0,0,0.46001536
0,0,0.45888984
0,0,0.48363325
0,1,0.52019864
1,1,0.53847045
0,1,0.50378776
0,0,0.48935363
0,0,0.48895788
1,0,0.42088655
0,0,0.47607636
0,1,0.5442622
0,1,0.50150555
0,1,0.5013218
0,0,0.37714335
0,0,0.4560115
0,0,0.29620782
0,0,0.4688793
0,1,0.5800926
0,1,0.61327195
0,0,0.42403692
0,0,0.49120048
0,1,0.53007156
0,1,0.5422454
0,0,0.45776683
1,0,0.3518013
0,1,0.6012712
1,0,0.47789687
1,1,0.56303024
0,1,0.5487774
0,1,0.566702
0,0,0.32612807
1,1,0.5376672
1,1,0.50151455
0,1,0.5106431
0,0,0.49962825
0,1,0.6529301
1,0,0.45792004
1,0,0.3922547
0,1,0.51314485
0,0,0.4938726
0,0,0.4352218
0,1,0.6176519
1,0,0.4676222
0,0,0.49322844
1,0,0.44841024
0,0,0.49393296
0,1,0.5215458
0,1,0.5605286
0,1,0.51632273
0,0,0.43290654
1,1,0.50251555
0,0,0.39828992
1,1,0.50701255
1,0,0.48715433
0,0,0.43679824
0,0,0.4644343
0,0,0.46775842
0,1,0.54811215
0,0,0.48673153
0,0,0.32419428
1,1,0.5005845
1,1,0.5070231
1,0,0.45811534
1,1,0.5458218
0,0,0.49569663
0,1,0.51365185
1,1,0.5573782
0,0,0.39535916
0,0,0.4975704
0,0,0.39245224
0,1,0.5462973
0,0,0.32329905
0,0,0.3483392
0,0,0.43452778
0,1,0.56154084
0,0,0.491535
0,1,0.5321367
1,0,0.49588758
0,1,0.6201352
0,0,0.44954082
0,0,0.39715284
1,1,0.5432036
0,0,0.38432968
0,0,0.37726182
1,0,0.475468
0,0,0.27748978
1,0,0.49957362
0,1,0.55559593
0,0,0.4909241
0,0,0.47143823
0,0,0.4907273
0,1,0.55986804
1,1,0.56255627
0,0,0.40268844
0,0,0.45965317
0,1,0.5779596
0,1,0.542838
0,1,0.5111296
0,0,0.4588427
0,1,0.52543783
0,1,0.5063346
0,0,0.48384768
0,1,0.50397325
0,0,0.48464748
0,1,0.5651662
0,1,0.54225457
0,0,0.45888856
0,0,0.46750203
0,0,0.47655374
0,0,0.42286882
0,0,0.45353296
0,1,0.5010607
1,1,0.5116942
0,1,0.5559151
0,0,0.40051788
0,1,0.54391545
0,1,0.51315564
0,0,0.35325742
1,1,0.59814006
0,0,0.48689145
0,0,0.49940446
0,0,0.474945
0,0,0.45494363
0,0,0.3129498
0,0,0.45601445
0,0,0.49480578
0,0,0.4693153
1,1,0.6182679
0,0,0.26830372
1,1,0.5381178
0,1,0.56863177
0,1,0.5046863
0,1,0.5780928
0,0,0.45638436
0,0,0.4247923
0,1,0.5138381
0,1,0.5082288
0,0,0.4871489
1,0,0.3834558
0,1,0.51361316
0,0,0.41554746
0,0,0.3771002
1,0,0.48535368
0,1,0.5473725
0,1,0.5305045
1,0,0.45413616
1,1,0.52071846
0,1,0.5430388
0,0,0.47190154
0,0,0.4583821
0,0,0.4905892
0,0,0.3770298
1,0,0.4776178
0,0,0.3297509
0,0,0.46865007
0,0,0.46065918
0,0,0.4626489
0,0,0.39729673
0,0,0.46188113
0,0,0.41049287
0,0,0.4851353
0,0,0.47168177
0,0,0.476888
0,0,0.4634366
0,0,0.25536323
0,0,0.48179555
0,1,0.5044938
0,0,0.47292784
0,1,0.5047681
0,0,0.39897138
0,1,0.5701552
0,1,0.51394767
0,1,0.51879627
0,0,0.35731313
0,0,0.48248467
0,1,0.54629844
0,0,0.47855902
0,0,0.42249858
0,1,0.5142594
0,0,0.45840296
0,0,0.47714317
0,0,0.48875213
0,1,0.531106
1,0,0.44113308
0,1,0.50004077
0,0,0.1848136
1,0,0.44726843
0,1,0.60704327
0,0,0.49204427
1,0,0.4778817
0,0,0.46087456
0,1,0.5420807
0,1,0.5817472
0,1,0.5483478
0,1,0.5074933
0,1,0.5028659
1,0,0.4922876
0,0,0.4720524
0,0,0.46041185
0,0,0.47203758
0,0,0.4787158
0,1,0.5069815
0,0,0.47627595
0,1,0.6159441
0,0,0.49105105
0,1,0.5147404
0,0,0.48422304
0,1,0.530351
0,1,0.6592613
0,0,0.38688633
1,0,0.45800534
0,0,0.48972407
0,0,0.40486026
0,1,0.50174826
0,0,0.36286783
0,0,0.24480751
0,1,0.5098271
1,1,0.5477452
0,0,0.46844035
1,1,0.52552176
0,0,0.48628274
0,1,0.61708575
1,1,0.5022383
0,1,0.5119219
0,1,0.52734536
0,1,0.58720654
0,0,0.47825208
0,0,0.47021464
0,0,0.46364605
0,0,0.48594832
0,1,0.55972767
0,0,0.48307198
0,1,0.54445696
0,0,0.46491867
0,0,0.46927938
0,1,0.54344517
0,1,0.5420632
0,0,0.44290334
0,0,0.49656072
0,1,0.51796675
0,0,0.48890662
0,0,0.4976653
0,0,0.49638534
0,0,0.39006984
1,0,0.45789993
0,1,0.50075954
0,0,0.38815114
1,1,0.51216924
0,0,0.40795884
0,0,0.4965323
1,1,0.5970811
0,1,0.50251645
1,1,0.54941314
0,1,0.5758206
0,1,0.5609311
1,0,0.48013908
0,1,0.5139059
0,1,0.53936416
0,1,0.51036537
0,1,0.59917307
0,0,0.41301984
0,0,0.26807153
0,1,0.5064317
0,0,0.4425872
0,1,0.60604554
0,0,0.411239
1,1,0.5980089
1,1,0.55791056
0,0,0.48964334
0,0,0.48832563
0,1,0.5223972
0,0,0.43014443
0,0,0.47516835
1,0,0.4866177
0,0,0.48919567
0,1,0.51031595
1,0,0.47252002
0,0,0.4163384
1,0,0.45135504
1,0,0.4627023
0,0,0.44073454
0,0,0.43304387
0,0,0.49390996
0,0,0.26951092
0,0,0.35358706
0,0,0.48778245
0,0,0.46729228
0,1,0.50578207
0,1,0.50232565
0,1,0.50565755
0,1,0.5042683
1,1,0.50056976
0,1,0.50924695
1,0,0.45046106
0,0,0.47802842
1,1,0.5839331
0,0,0.46825296
1,0,0.43791234
0,1,0.5369284
1,0,0.49322855
0,1,0.54738754
0,0,0.29524222
0,1,0.56040627
0,1,0.63288075
0,0,0.48681495
0,0,0.4640667
0,1,0.5266318
0,0,0.4106645
0,0,0.4768739
0,0,0.48986518
0,0,0.36217913
0,1,0.500661
0,0,0.33508912
1,1,0.5083538
0,0,0.44503775
0,0,0.18745981
0,0,0.49357146
1,1,0.52504057
1,0,0.4460705
0,1,0.6065919
0,0,0.47669688
0,0,0.4097006
0,0,0.43151793
0,0,0.28492358
0,0,0.46976197
0,0,0.48158818
0,0,0.41717082
0,0,0.31484848
0,1,0.5180595
0,1,0.5457612
0,1,0.5107939
1,0,0.48451728
0,0,0.46959183
0,0,0.4841516
0,1,0.56246275
0,0,0.49805212
1,1,0.54120415
1,0,0.30996275
0,0,0.4837042
1,1,0.54066724
0,0,0.4772107
0,0,0.39370543
0,1,0.54409695
1,0,0.44434357
1,1,0.5204901
1,0,0.4794198
0,1,0.55032784
0,1,0.63263065
0,0,0.36751515
0,0,0.35733694
0,0,0.45375097
0,0,0.46088606
0,0,0.49936575
0,0,0.48590314
0,1,0.6067998
1,1,0.5144284
0,0,0.3908867
0,0,0.49395937
0,0,0.400032
0,0,0.45855668
0,0,0.48328173
0,1,0.6173601
1,0,0.476549
1,0,0.47253135
0,0,0.30995867
0,0,0.45938376
0,0,0.40788162
0,1,0.538287
0,1,0.5661759
1,1,0.51942736
0,0,0.46875155
0,0,0.42074823
0,0,0.47976065
0,0,0.3730266
1,0,0.46165425
0,1,0.53891736
0,1,0.50181484
0,0,0.4784929
0,0,0.4628608
0,0,0.46471238
1,1,0.5017975
1,0,0.35704163
0,0,0.48395625
0,1,0.5725738
0,0,0.48092213
0,0,0.44357136
0,0,0.49708322
0,1,0.5828562
0,1,0.5627232
0,1,0.50142926
0,0,0.47282264
0,0,0.4519845
0,1,0.6289475
1,0,0.49514422
0,0,0.4817594
0,0,0.42576778
0,1,0.5716124
0,0,0.2698613
0,1,0.53754896
1,1,0.54643506
0,0,0.49995172
0,1,0.590037
0,1,0.5181468
0,0,0.46288
0,1,0.5329601
1,1,0.51925385
0,0,0.48801014
0,1,0.51637584
0,0,0.437317
0,1,0.5437981
0,0,0.37646317
0,0,0.46359912
0,0,0.4972677
0,0,0.48589966
0,1,0.5529579
0,0,0.43000755
0,0,0.45881355
0,0,0.49024862
0,1,0.5048037
0,0,0.49170446
0,0,0.47748035
0,0,0.43573916
0,0,0.487051
1,1,0.5386015
0,0,0.40287334
0,1,0.55381
0,1,0.6284048
0,1,0.5242267
0,1,0.51516914
1,1,0.51489174
1,0,0.43954584
0,0,0.46197653
0,0,0.49109694
1,1,0.50595015
0,1,0.5556157
0,1,0.5657007
0,0,0.44663805
0,1,0.50814265
0,0,0.46942928
0,0,0.4802807
0,0,0.47186378
0,0,0.49969882
0,0,0.15655331
0,1,0.5040143
0,1,0.5392635
0,0,0.41375723
1,1,0.52841294
0,0,0.47637153
0,1,0.5159762
0,0,0.4322435
0,1,0.5470519
0,0,0.49245682
1,0,0.47734365
0,0,0.4303713
0,1,0.51714706
0,0,0.49382666
0,0,0.45914543
0,1,0.5058093
1,0,0.40486103
0,0,0.30173317
0,1,0.5515543
0,0,0.37806895
1,0,0.44373447
0,1,0.61020964
0,0,0.27078807
0,1,0.5040898
0,0,0.41805047
0,1,0.5608353
0,1,0.5272769
0,0,0.49282703
0,0,0.49240118
0,0,0.3999516
1,1,0.5191895
0,0,0.4621846
0,0,0.4975163
0,1,0.60593504
0,1,0.5085429
0,0,0.4138855
0,0,0.3816071
0,1,0.51825196
0,1,0.5293238
0,0,0.43763605
0,1,0.5194644
0,1,0.56831557
0,1,0.5130465
1,0,0.45012242
0,1,0.5509181
0,0,0.4705204
0,1,0.59610283
0,0,0.49921688
0,0,0.45971894
0,1,0.6593802
1,0,0.44885927
0,0,0.4293816
0,1,0.6200117
0,1,0.58653957
0,1,0.5126857
0,0,0.47805876
0,1,0.5177191
0,0,0.46820933
0,0,0.4853927
0,0,0.4481641
0,1,0.54220915
0,0,0.4802147
1,1,0.5037261
1,1,0.54125994
0,0,0.49537733
1,0,0.47301576
0,0,0.45387837
0,1,0.53738713
0,1,0.5095114
1,0,0.45625782
0,0,0.47535855
0,0,0.49709848
0,0,0.33910304
0,0,0.379534
0,0,0.46962324
0,1,0.5070787
0,1,0.5763988
0,0,0.47460115
0,1,0.5566601
0,0,0.41127136
1,1,0.5206922
0,1,0.5111603
1,0,0.48169294
0,0,0.47299388
0,0,0.49012443
0,1,0.5569196
0,1,0.5050369
0,0,0.2555116
0,0,0.4895514
0,0,0.49310955
1,1,0.5639454
0,0,0.4461343
1,1,0.58607674
0,1,0.5574746
0,0,0.47745067
0,1,0.5051799
0,0,0.48737282
0,0,0.4872481
0,0,0.48570618
1,0,0.49413037
1,0,0.43130952
1,0,0.40734985
0,0,0.49346256
1,1,0.5314039
1,0,0.45050463
0,0,0.3200875
0,0,0.4800135
0,1,0.5103986
0,1,0.5430482
0,1,0.5244019
0,1,0.5763375
1,0,0.4403354
0,1,0.5450387
0,0,0.48950946
0,1,0.51813054
0,1,0.54692286
1,1,0.5373731
1,0,0.46205854
0,0,0.44994417
0,0,0.49872234
0,0,0.4603533
0,0,0.4952132
0,0,0.47363803
1,0,0.33538097
0,1,0.5136032
0,1,0.52821845
0,0,0.4737102
0,1,0.63616544
0,1,0.61211693
0,1,0.52839833
0,1,0.5087286
0,1,0.57644635
0,1,0.5816872
0,0,0.4580623
0,0,0.49742204
0,1,0.52954435
0,0,0.497215
0,1,0.6090978
0,1,0.5236548
0,0,0.33419153
0,0,0.4827862
0,0,0.46783438
1,0,0.4144183
1,0,0.46901193
0,0,0.40744856
0,0,0.47541732
0,0,0.49480367
0,0,0.48969603
0,1,0.5894061
0,0,0.44039553
0,1,0.5172272
0,0,0.46329466
0,1,0.5118124
0,0,0.46399552
0,1,0.52146196
0,0,0.46732274
0,1,0.5381267
0,1,0.57776093
0,0,0.4660186
0,1,0.5256045
0,0,0.3978984
1,1,0.5025064
0,0,0.4830462
0,0,0.28031942
1,1,0.525381
0,0,0.4862167
0,0,0.47349674
0,1,0.5128618
0,0,0.45739007
1,1,0.51051724
0,1,0.5014014
0,0,0.4659434
0,0,0.47055218
0,0,0.44837916
0,0,0.49147952
0,0,0.458045
0,1,0.5010832
1,1,0.53567004
0,1,0.5549926
0,0,0.47811732
0,0,0.42882478
0,0,0.4435676
0,1,0.532758
0,0,0.4226949
0,1,0.5525762
0,0,0.4701581
0,1,0.53432447
0,0,0.36167023
0,0,0.3055002
0,0,0.38852566
0,1,0.574322
0,1,0.5440265
1,0,0.45473093
0,1,0.53180695
0,1,0.61795974
0,0,0.4886484
0,0,0.49555284
0,1,0.52182966
1,0,0.46199507
0,0,0.4056014
0,0,0.48429498
0,0,0.42625812
0,0,0.48148987
1,1,0.5550624
0,0,0.42407638
1,1,0.54631674
0,1,0.5141672
0,0,0.44079855
0,0,0.45660782
0,0,0.4426684
0,0,0.40013137
0,0,0.44873342
0,0,0.39388028
1,0,0.49662358
0,0,0.47641766
0,0,0.454744
0,0,0.4829088
0,0,0.4239826
0,0,0.49946523
0,0,0.4470283
0,0,0.47150496
0,0,0.469628
0,1,0.5465127
0,0,0.4505384
0,1,0.51231736
1,0,0.43741202
0,1,0.5063718
0,1,0.58559513
1,0,0.43926123
0,0,0.43922567
0,0,0.48058286
0,1,0.6041344
0,0,0.49150446
0,0,0.44272065
0,0,0.49768868
0,0,0.46061987
0,0,0.435813
0,0,0.44891346
0,0,0.45484024
0,1,0.52937436
1,0,0.4828194
0,1,0.5412602
0,0,0.42953193
0,0,0.48673272
0,1,0.51049274
0,0,0.47197774
0,0,0.45842567
1,1,0.62825286
0,0,0.33713266
0,1,0.5093371
0,0,0.46117154
0,1,0.57445955
0,1,0.5345497
0,0,0.49569377
0,0,0.42374322
0,0,0.42733735
0,0,0.4112968
0,1,0.5525207
0,0,0.41480577
0,1,0.5156488
0,1,0.55023956
0,0,0.4801895
0,1,0.524249
1,1,0.6128128
0,0,0.38843295
0,1,0.5392601
0,0,0.47835696
1,1,0.5662812
1,1,0.50596696
0,1,0.51051337
1,0,0.39135304
0,0,0.47291842
0,0,0.42783168
1,1,0.5281251
0,1,0.5615432
0,1,0.50018245
0,1,0.5057868
0,0,0.47964162
0,1,0.548335
0,1,0.5585626
0,1,0.58326226
0,0,0.33294493
1,1,0.51775396
0,1,0.53985894
0,0,0.2900807
1,1,0.5068865
0,1,0.5142384
0,0,0.44423985
1,0,0.4722722
0,1,0.509316
0,0,0.49124807
0,0,0.4354132
0,0,0.46251708
0,0,0.39211434
0,1,0.57598484
0,0,0.46819624
1,1,0.5413647
0,0,0.41802782
0,0,0.38120148
0,0,0.4842598
0,0,0.48247865
0,1,0.57469463
0,0,0.43819416
1,0,0.48797262
0,1,0.5066192
1,0,0.36875814
0,0,0.49674267
1,0,0.46957257
1,1,0.52447677
0,0,0.39543986
1,1,0.57585865
0,0,0.49291685
0,0,0.4794431
0,1,0.52563804
0,0,0.43267122
0,0,0.4499374
1,0,0.44460735
0,1,0.5825509
0,1,0.54140604
0,0,0.46309242
0,1,0.5215213
0,0,0.48629358
0,1,0.5513022
0,0,0.48012674
0,0,0.3972192
1,0,0.48342562
0,1,0.50934714
0,0,0.47788718
0,0,0.4228866
0,0,0.459979
0,1,0.5343871
1,0,0.35944775
1,0,0.35657492
0,0,0.45078588
0,0,0.42392537
0,1,0.5006829
0,1,0.5720127
0,0,0.45579255
0,0,0.4166439
1,0,0.47561407
1,0,0.33949706
0,0,0.48569396
0,1,0.5048736
0,0,0.44356793
1,1,0.5586278
0,1,0.5110075
0,1,0.506747
1,1,0.501404
1,1,0.5598949
0,0,0.46892133
0,0,0.48005003
0,1,0.57485515
0,0,0.47931483
0,1,0.5252089
0,0,0.48430774
0,0,0.41422606
0,0,0.28870326
1,0,0.46364224
0,0,0.43401417
1,0,0.39276206
0,0,0.41736546
0,0,0.49756506
0,0,0.4188044
1,0,0.43339947
0,0,0.4840344
0,0,0.3641929
0,1,0.503465
1,1,0.5076783
0,0,0.49479797
0,1,0.50128573
0,0,0.49925676
0,0,0.49585596
1,0,0.40870014
0,0,0.44693312
0,1,0.5008908
0,0,0.44658643
0,1,0.52956414
0,0,0.47007445
0,0,0.37338185
0,1,0.52855843
1,0,0.4836825
0,1,0.50155467
0,1,0.51931787
0,1,0.5745044
1,0,0.46650827
1,1,0.5858772
0,0,0.37017822
0,0,0.4545457
0,1,0.5220994
1,1,0.5073089
1,1,0.52108943
1,1,0.5129366
0,1,0.6084111
0,0,0.4786044
0,0,0.4904315
0,1,0.60701066
1,0,0.46076876
0,1,0.5049574
0,0,0.46128705
0,1,0.5044065
0,0,0.4997569
0,0,0.4773949
0,0,0.47873038
0,0,0.47433066
0,0,0.4896296
0,1,0.55879474
0,0,0.4644007
1,0,0.31169498
0,0,0.4530856
0,0,0.4785444
1,1,0.5282258
0,1,0.51603484
0,0,0.48102254
0,0,0.45414084
0,0,0.43300667
0,1,0.50042045
0,1,0.50070107
1,1,0.5238642
0,0,0.49137905
0,1,0.5494429
0,0,0.4503839
0,0,0.34982073
0,0,0.42528698
0,0,0.2679645
0,1,0.59921163
0,0,0.47478807
0,0,0.45957062
1,1,0.5687752
1,1,0.5890506
0,1,0.50459003
0,0,0.46469542
0,1,0.5261276
0,1,0.50478894
1,0,0.35478956
0,0,0.31616575
0,1,0.5267016
1,0,0.48201254
0,0,0.48268354
0,0,0.37672228
0,0,0.46656814
0,0,0.43586558
0,1,0.6537939
0,0,0.27665666
0,1,0.57067645
1,1,0.61822265
0,0,0.3133312
0,1,0.55558217
0,0,0.42595935
0,1,0.5978872
0,0,0.26554483
0,0,0.47234517
1,0,0.49028096
0,0,0.4702982
0,0,0.40696388
0,0,0.25140873
0,0,0.49300173
1,0,0.47347835
0,0,0.46379104
0,1,0.52114284
0,0,0.48615313
0,1,0.57436687
0,0,0.44053003
0,1,0.5413005
0,0,0.48066914
0,0,0.44267654
1,0,0.48436788
0,1,0.5574497
0,0,0.46439093
1,1,0.5896835
0,0,0.46414015
0,0,0.4795079
0,0,0.40252176
0,0,0.47718552
0,1,0.58949214
0,0,0.44304836
0,0,0.47487822
0,0,0.44704455
0,0,0.48900136
0,1,0.56244344
0,0,0.29850325
0,1,0.5673534
0,1,0.5419438
0,0,0.46532062
1,1,0.588849
0,1,0.50417227
0,1,0.5436538
0,0,0.49424535
1,0,0.45629767
0,0,0.45219672
1,1,0.5476529
0,0,0.48848727
0,0,0.4824288
0,0,0.37631378
0,1,0.5148384
0,1,0.60319626
0,0,0.47534218
0,0,0.493998
0,0,0.46651712
1,1,0.52106506
0,0,0.36413297
0,1,0.5403517
0,0,0.4697678
0,1,0.53559
1,0,0.47709382
0,0,0.46564597
1,1,0.50076044
0,1,0.605794
1,0,0.48323694
0,1,0.5063362
1,0,0.4634535
0,0,0.36488226
0,1,0.5559902
0,0,0.45080557
0,0,0.42087954
0,0,0.3735043
1,0,0.43163064
0,0,0.40736803
0,0,0.23326318
0,0,0.45118615
0,1,0.5400159
0,0,0.4674904
0,1,0.5112435
1,1,0.50485235
0,0,0.43650475
0,0,0.49941635
1,1,0.5040805
0,1,0.50483394
0,1,0.55234516
0,0,0.3091064
0,0,0.4176412
0,1,0.539453
0,1,0.52682716
0,0,0.3725148
1,0,0.4895513
0,1,0.5217946
1,1,0.50447464
1,0,0.48603597
0,0,0.43488777
0,0,0.46990478
0,0,0.44454768
0,0,0.47252917
1,1,0.58988225
0,0,0.29985785
1,0,0.47378728
1,1,0.53658634
0,0,0.4967035
0,0,0.43331107
0,0,0.43128455
0,1,0.53549284
0,0,0.456784
0,0,0.42785555
0,0,0.47160107
0,1,0.51737165
0,1,0.5842748
0,0,0.37582406
0,0,0.43586037
0,0,0.45734528
1,1,0.5392857
0,1,0.50349444
0,0,0.46651128
1,0,0.4953365
1,0,0.46841612
0,0,0.42466244
1,0,0.48702773
0,1,0.5788455
0,0,0.44392964
0,0,0.45939207
0,0,0.47855407
0,1,0.5469126
0,0,0.49993575
0,1,0.5755572
0,0,0.46992818
0,1,0.50621253
0,1,0.5153198
1,0,0.44497377
0,0,0.19503899
0,1,0.5093825
0,0,0.47984055
0,0,0.43975404
0,1,0.5077404
0,0,0.48253575
0,0,0.4015004
0,0,0.33968252
0,0,0.48220837
0,0,0.40406495
1,1,0.5090614
0,0,0.48969495
0,1,0.52604276
1,1,0.7272484
0,0,0.26567432
0,1,0.55495137
0,1,0.50793326
0,0,0.45391503
0,0,0.48408204
0,0,0.3175552
0,1,0.5101528
0,1,0.5649225
0,1,0.58891004
0,1,0.56113434
0,0,0.43971628
1,1,0.550845
0,0,0.4019864
0,1,0.50961375
0,1,0.5819651
0,1,0.5483745
0,1,0.5235432
1,0,0.4376609
0,0,0.30671483
0,0,0.4961438
0,0,0.47194457
0,1,0.58983207
1,1,0.6364524
0,1,0.5908586
0,0,0.47244012
0,0,0.42873228
1,1,0.58931166
0,0,0.45750287
0,1,0.5524362
1,0,0.4975149
0,1,0.51578826
1,0,0.4834223
0,0,0.46459126
0,0,0.4651451
0,0,0.4647859
0,0,0.47987446
0,0,0.23565775
0,0,0.45529273
0,0,0.45923987
0,1,0.5033875
0,1,0.5395078
0,1,0.58043784
0,1,0.5344158
1,1,0.5344841
1,1,0.55862767
1,1,0.54068536
0,0,0.47886312
0,1,0.5565721
1,0,0.4133886
0,0,0.24814999
0,0,0.46280622
0,0,0.44159564
0,0,0.44982392
0,1,0.59105295
0,0,0.48149315
0,1,0.543021
0,1,0.5171961
0,0,0.4544221
0,0,0.43874592
0,0,0.29219165
0,1,0.61884946
0,0,0.47131935
0,0,0.3337479
0,1,0.57734966
0,0,0.4507515
0,1,0.5636088
0,0,0.47902194
1,1,0.5381611
0,1,0.56067413
0,0,0.47828525
0,1,0.5935356
0,0,0.29625437
0,0,0.48399952
1,0,0.41374412
0,0,0.48988906
0,0,0.47719485
0,1,0.51112056
0,0,0.4185651
0,1,0.52120984
0,0,0.49446884
1,1,0.63601124
0,0,0.49703103
0,0,0.4943124
0,0,0.42732617
0,0,0.48591226
0,1,0.5209722
0,0,0.40500244
0,0,0.4710343
0,0,0.45758376
1,0,0.45293823
0,1,0.57224107
0,1,0.55686677
0,0,0.44710022
1,1,0.63633215
0,0,0.48329443
0,0,0.47289798
1,1,0.5713
0,1,0.54606307
0,0,0.41867328
0,1,0.6299495
1,0,0.46626064
0,1,0.63844025
0,0,0.4521543
0,1,0.50528985
0,0,0.39974195
0,0,0.48830825
0,0,0.4942774
0,0,0.47785148
0,0,0.33102322
1,0,0.46912575
0,1,0.51245004
0,0,0.49927247
0,0,0.46564683
0,0,0.4653932
0,0,0.45917884
0,0,0.42773992
1,0,0.4363384
1,0,0.37884858
0,1,0.51230186
0,0,0.47585592
0,0,0.39459774
0,0,0.47260633
1,0,0.47740048
0,0,0.49765176
0,0,0.34387177
0,1,0.5633238
1,0,0.47912076
0,0,0.48332897
0,0,0.44336933
0,0,0.3169438
1,0,0.49260905
0,0,0.46947178
1,0,0.46513015
0,1,0.53297627
0,0,0.43057102
0,0,0.46777564
0,0,0.4935741
0,1,0.5404784
1,0,0.49036554
0,1,0.5122458
0,0,0.4650949
1,0,0.48254815
0,0,0.36861897
0,0,0.45340016
0,0,0.38952166
0,0,0.46834818
0,1,0.5396822
0,1,0.62892777
1,0,0.44356793
0,0,0.45826766
0,1,0.5543653
0,0,0.47688127
0,1,0.5172127
0,1,0.5498063
1,1,0.5605705
0,0,0.49562687
0,0,0.342059
0,0,0.46797967
0,1,0.6583154
1,0,0.48719043
0,0,0.4762064
0,0,0.48863524
0,1,0.5710351
0,0,0.4438121
0,0,0.49293435
0,0,0.42627373
0,0,0.4747659
0,1,0.5636841
0,1,0.5721733
0,0,0.38264063
0,1,0.51430345
0,1,0.5390306
0,1,0.50040644
0,0,0.47080457
0,0,0.48419282
0,0,0.42966428
0,0,0.44542256
0,1,0.57623595
1,1,0.5388544
1,0,0.4701539
0,0,0.23776
0,1,0.5278164
0,1,0.60001725
1,0,0.49241808
0,1,0.60022724
0,0,0.35351494
0,0,0.48832306
0,1,0.5133815
0,0,0.46219635
0,1,0.5262603
0,1,0.5190861
0,0,0.46785763
0,0,0.47874254
0,0,0.48788267
0,0,0.47148663
0,0,0.48789343
0,1,0.5035041
0,0,0.4586262
0,0,0.3990837
0,1,0.61284035
0,1,0.5052427
0,1,0.5071562
0,1,0.5022099
0,0,0.45007882
0,0,0.4262618
0,0,0.4023213
0,1,0.59271085
0,0,0.4645455
0,0,0.49308535
1,1,0.5184324
0,0,0.41907564
0,0,0.44137457
0,1,0.50035447
0,0,0.47464564
0,0,0.47705606
0,0,0.46211374
1,0,0.4996578
0,0,0.4640312
1,1,0.59588045
0,0,0.47298944
0,0,0.44062418
0,0,0.44177324
0,0,0.49145985
0,1,0.54539824
0,0,0.48126462
1,1,0.5926579
0,0,0.48704702
0,1,0.5157743
0,0,0.49124974
0,1,0.5116699
0,1,0.5733045
0,0,0.41539058
0,0,0.4559829
0,0,0.48618522
0,1,0.53344166
0,0,0.46086562
0,1,0.5122554
0,0,0.4021798
0,0,0.42854384
0,0,0.43881732
0,0,0.39038125
0,0,0.18463919
0,0,0.41963148
0,0,0.4484933
0,0,0.46942043
0,0,0.36964127
0,0,0.49043515
0,0,0.46198237
0,0,0.4847217
0,1,0.5206305
0,1,0.56851166
0,1,0.51965994
0,0,0.4435648
0,1,0.5534516
1,1,0.5269024
0,0,0.40582433
0,0,0.30649042
1,1,0.5291132
0,0,0.4711768
1,1,0.53550285
0,0,0.45836723
0,1,0.52598304
0,1,0.5982615
0,0,0.4931272
0,1,0.52331203
0,1,0.596701
0,1,0.5011611
0,0,0.32800415
0,0,0.49269542
0,0,0.46852648
0,0,0.49724743
0,0,0.49666488
0,0,0.40622586
0,0,0.35929856
0,1,0.501572
0,0,0.48291144
1,0,0.47996548
0,1,0.50572646
0,0,0.49206334
0,0,0.49024597
0,0,0.29344198
0,0,0.49911514
0,0,0.48119915
1,0,0.4995929
0,0,0.4502959
0,1,0.56459916
0,0,0.4072744
0,1,0.53457695
0,1,0.5773126
0,1,0.5049163
0,1,0.5816742
0,0,0.49896786
0,0,0.47172087
0,1,0.5446245
0,0,0.36974642
1,1,0.50831074
0,1,0.5214354
0,0,0.46897507
0,0,0.45744357
0,1,0.57151777
0,0,0.40417022
1,1,0.50609314
0,1,0.5377735
0,1,0.53064513
0,1,0.54242224
0,1,0.5398486
0,1,0.52009684
1,0,0.4627519
0,0,0.3478943
0,1,0.500723
0,0,0.4270367
0,0,0.46110734
1,0,0.45289153
0,0,0.4564674
0,1,0.50221294
0,1,0.537612
0,0,0.43122065
0,1,0.52301466
0,0,0.45682684
0,1,0.60766995
0,0,0.34002423
0,1,0.56973094
0,1,0.5035869
1,0,0.45861122
1,0,0.49683577
0,0,0.37784794
1,0,0.47597694
0,0,0.4600685
1,1,0.50861895
0,0,0.46193907
0,0,0.4763476
0,1,0.50235283
1,1,0.5521945
0,1,0.51838386
0,1,0.5286814
1,0,0.49268416
0,0,0.47502694
0,0,0.32895684
0,0,0.46377552
0,0,0.2776294
0,0,0.4976704
0,1,0.5618215
0,0,0.4926324
0,1,0.5025387
0,0,0.46836206
1,1,0.5225831
0,0,0.48037687
0,0,0.42984256
0,1,0.5136786
0,1,0.5455802
0,0,0.43036702
1,1,0.5796134
0,0,0.44753113
0,0,0.48270765
0,0,0.41255233
0,1,0.55726767
0,1,0.5442554
1,1,0.52073383
0,0,0.43349668
0,0,0.4331885
0,0,0.44737998
0,1,0.598324
0,0,0.48408493
0,0,0.4363883
0,0,0.32548356
0,0,0.48442835
1,1,0.53285545
0,0,0.4940163
0,1,0.5075433
0,0,0.49653426
0,0,0.45084932
0,1,0.50779957
1,0,0.4482094
0,0,0.46770036
0,1,0.5666209
0,0,0.45362857
0,0,0.4465265
0,0,0.37531418
0,1,0.50134534
0,1,0.5031036
1,1,0.555577
1,1,0.55968815
0,0,0.47800857
1,0,0.4642867
0,0,0.45365608
0,0,0.45814928
0,0,0.37470248
0,0,0.40101478
1,0,0.46176875
1,0,0.48649237
0,0,0.41708994
0,0,0.31523624
0,0,0.46915424
0,0,0.4849508
1,0,0.42744774
0,1,0.5577445
1,0,0.4020084
0,1,0.50053024
0,0,0.41347736
1,0,0.48824677
0,1,0.5158769
0,0,0.49316716
1,1,0.5404326
0,0,0.4722028
0,1,0.50552905
0,1,0.5012022
0,0,0.40737632
0,1,0.5302994
0,1,0.66767806
0,0,0.45695826
0,1,0.52658916
0,0,0.4933162
1,1,0.5430249
0,0,0.48373702
0,0,0.43762845
0,0,0.3610679
0,0,0.3111068
0,1,0.50898343
0,1,0.57321316
1,0,0.4455254
0,1,0.5581134
1,1,0.5069937
0,0,0.49033645
0,1,0.5079818
0,1,0.50280285
1,0,0.38583103
0,0,0.47583452
0,0,0.40134022
0,0,0.46592742
0,0,0.49279317
0,0,0.4880038
0,1,0.5275025
0,0,0.43963698
1,0,0.45158187
0,0,0.4807727
1,0,0.480809
1,0,0.49933535
1,0,0.47409132
0,0,0.37537253
0,0,0.4630651
0,1,0.5677849
1,0,0.31887403
1,0,0.4901914
0,0,0.48694175
0,0,0.38871703
0,0,0.46779868
0,1,0.5109638
0,0,0.4494106
0,0,0.4598381
0,0,0.3797124
0,0,0.47800836
0,1,0.50331914
0,0,0.45718583
0,0,0.48863775
0,1,0.50255394
0,0,0.4040241
0,0,0.37607023
0,0,0.31139743
0,0,0.47126955
0,0,0.41248348
0,0,0.4412802
0,0,0.282013
1,1,0.55300355
0,0,0.43714848
0,0,0.49570632
0,0,0.41598853
0,0,0.45648897
0,0,0.27000883
0,0,0.49670246
0,1,0.5299914
0,0,0.48432782
0,1,0.5758367
0,0,0.44006875
0,0,0.46570534
0,0,0.33195156
0,0,0.49766517
0,0,0.42089656
0,1,0.525112
1,0,0.4220994
0,0,0.45771262
0,0,0.41009122
0,1,0.5070543
0,0,0.3004652
1,1,0.5809772
0,0,0.4860735
0,1,0.5009608
1,1,0.55772465
0,0,0.44727725
1,1,0.5859862
0,0,0.49888125
0,1,0.56346947
0,1,0.5388081
0,0,0.46909928
0,1,0.523709
0,0,0.49691272
0,0,0.44855186
0,0,0.49621972
0,0,0.49068913
0,0,0.4299286
1,0,0.46610713
1,0,0.27738822
1,0,0.44213647
0,1,0.5701438
0,1,0.5025642
0,0,0.42016867
0,0,0.1910894
0,0,0.47077167
0,1,0.52660495
1,0,0.43724138
0,0,0.4950075
0,0,0.4722355
0,1,0.5315401
0,1,0.56867385
0,0,0.45635307
1,1,0.5245723
0,1,0.6039731
0,0,0.49610728
0,0,0.4307864
0,0,0.4492505
0,0,0.33852658
0,0,0.45588827
0,0,0.41940874
1,1,0.55015355
0,1,0.57050234
0,0,0.2604687
0,0,0.39388612
0,1,0.56411487
0,1,0.5658564
0,0,0.36875108
0,1,0.5898508
0,1,0.56980383
0,1,0.50713366
0,0,0.29772705
1,1,0.5566909
0,1,0.507448
0,0,0.43465802
0,1,0.5135379
0,1,0.5096225
0,1,0.50512487
1,1,0.5749095
1,0,0.47587729
1,1,0.51218176
0,1,0.5482119
0,1,0.52940744
1,0,0.4704189
0,0,0.37844974
1,0,0.45375222
0,0,0.48287794
0,0,0.32411805
0,1,0.56809884
0,0,0.4922857
0,1,0.53125614
0,1,0.5634399
0,0,0.49486867
0,0,0.47657353
1,0,0.47567365
0,1,0.5627503
0,1,0.51520884
0,1,0.5083966
0,0,0.37679842
0,1,0.5261653
0,1,0.58262587
1,0,0.32734174
1,1,0.5009994
0,0,0.4857353
0,0,0.38583255
0,0,0.49840844
0,0,0.4255417
0,0,0.48677227
0,0,0.36155084
0,0,0.4621854
0,1,0.5602956
0,1,0.56687886
0,0,0.46019667
1,0,0.4633162
0,0,0.4971872
0,0,0.4708102
1,0,0.4788681
0,0,0.41937506
0,0,0.40917212
0,1,0.53899246
0,0,0.39081848
0,0,0.4494002
1,1,0.5277165
0,1,0.5087645
0,0,0.3170451
0,1,0.51806706
0,0,0.48242182
0,0,0.47817478
0,1,0.5230986
0,1,0.55079526
0,0,0.49329916
0,1,0.52068865
0,0,0.491539
0,0,0.49491885
0,1,0.5158465
0,1,0.50105923
0,0,0.396512
0,0,0.44336125
1,1,0.53739685
0,0,0.47248682
0,0,0.28713587
0,1,0.54137033
0,0,0.49704272
0,0,0.4745587
0,0,0.37403408
0,1,0.56175256
0,0,0.3700402
0,1,0.5296616
0,1,0.6152968
0,0,0.39903858
0,0,0.39932507
0,0,0.40816733
0,0,0.43424737
0,1,0.54386485
0,1,0.5326633
0,1,0.52570444
0,0,0.28225082
0,0,0.345606
0,0,0.45760936
0,0,0.4875179
0,1,0.6147268
0,1,0.6200146
0,1,0.50536376
0,0,0.4221258
0,0,0.4464164
0,1,0.5492778
0,1,0.5018417
1,1,0.5555661
1,1,0.5089745
0,1,0.5184872
0,1,0.5106061
0,0,0.44197586
0,0,0.458435
0,0,0.4673812
0,0,0.49150148
0,1,0.5216981
0,0,0.4840813
0,0,0.45606208
0,1,0.5401951
0,1,0.54236895
1,0,0.4606638
0,1,0.5817214
0,0,0.4654276
0,1,0.53642076
1,1,0.50571704
0,0,0.4643599
0,1,0.53227496
0,0,0.48057428
1,1,0.5530221
0,0,0.46697518
0,1,0.55657744
0,0,0.47288385
0,1,0.51880205
1,1,0.50442797
0,1,0.5884414
0,1,0.50291914
0,1,0.50610226
0,0,0.46872926
1,1,0.51487577
0,1,0.5187025
0,0,0.47158542
0,0,0.47451928
0,1,0.5853548
0,0,0.39271083
0,1,0.5216687
0,1,0.53880024
0,0,0.4262299
0,0,0.48357913
0,0,0.4525926
0,1,0.50065506
0,0,0.49287266
0,0,0.47705597
0,1,0.50746346
0,0,0.4847237
0,1,0.61192644
0,0,0.45110008
0,1,0.5437595
0,1,0.5472763
0,0,0.4031149
0,0,0.48793674
1,0,0.12896112
0,0,0.46772248
0,1,0.5188655
1,0,0.49822795
0,0,0.3687033
0,0,0.46374434
1,1,0.5326568
1,0,0.4564156
0,1,0.50176215
0,0,0.3962207
0,1,0.56865454
0,1,0.5082519
1,1,0.5617532
1,1,0.59481066
1,1,0.5022459
0,0,0.33296642
0,1,0.5191412
0,0,0.36983627
0,1,0.52544403
0,0,0.37409577
0,0,0.40370452
0,0,0.2915917
1,0,0.48643333
0,0,0.47421825
0,0,0.44969752
0,1,0.5108566
0,0,0.4299937
0,0,0.4698754
0,1,0.5400445
1,0,0.42277062
0,1,0.548294
0,1,0.54697186
0,1,0.663487
0,0,0.45808294
0,0,0.35940507
1,1,0.6030234
1,1,0.58240926
0,0,0.47085038
0,1,0.5504609
0,0,0.48866308
1,1,0.51066166
0,0,0.45093995
1,1,0.56373805
0,0,0.44695574
0,0,0.45670936
0,0,0.48955998
1,0,0.33808348
0,1,0.5639729
1,1,0.6027987
0,1,0.61464304
0,0,0.2889907
0,1,0.5348711
0,0,0.4572965
0,0,0.44531125
0,0,0.47796625
1,1,0.567721
1,1,0.54087394
0,1,0.50478387
0,0,0.3002959
0,0,0.46586114
1,1,0.5343003
0,1,0.5425793
0,1,0.53856575
0,1,0.5909178
0,1,0.5075
0,0,0.485137
0,1,0.51547736
0,0,0.44324443
0,1,0.50289196
0,1,0.50834054
0,1,0.5475796
0,0,0.37451932
0,0,0.46141633
0,1,0.6007434
0,0,0.38818112
1,0,0.4910783
0,0,0.4025384
1,0,0.45580223
0,1,0.5957568
0,0,0.38314953
1,1,0.5009371
1,1,0.50643295
0,1,0.5303202
0,1,0.50171953
1,0,0.49661434
0,0,0.31029296
0,0,0.46148777
0,1,0.55488354
0,1,0.5255955
0,1,0.52521205
0,0,0.49345708
0,0,0.44966316
0,0,0.46659854
0,1,0.5372975
1,1,0.5916206
1,1,0.5152297
0,0,0.43184415
0,0,0.348493
0,0,0.281948
0,0,0.4852627
0,0,0.49878088
0,1,0.62401015
0,0,0.48088852
0,0,0.48930195
0,0,0.45013013
0,0,0.39351958
1,1,0.5549411
0,0,0.45825338
1,1,0.58901185
0,0,0.47738186
1,0,0.3387853
1,1,0.51792985
0,0,0.49956337
0,0,0.4881411
0,0,0.36133435
0,0,0.2234414
0,1,0.5156101
0,1,0.5423649
0,0,0.49724686
0,0,0.46406946
1,1,0.5505086
1,0,0.4646338
0,0,0.482067
1,1,0.5389393
0,0,0.4363468
0,0,0.44384736
0,0,0.4698838
1,1,0.61502004
0,0,0.47375667
0,0,0.47178653
0,0,0.49127063
1,0,0.46507683
1,0,0.49256727
0,1,0.52255565
0,0,0.49806455
0,0,0.4978779
0,1,0.5498354
0,0,0.4461007
1,1,0.63267416
0,1,0.56966
0,1,0.51327723
1,0,0.49899247
0,1,0.5132748
1,0,0.41352573
0,1,0.5742839
0,0,0.47864282
1,0,0.38079157
0,0,0.42237604
0,0,0.30706593
0,0,0.44353938
0,0,0.2877058
0,1,0.55266124
0,1,0.5363843
0,0,0.47037345
0,1,0.50958496
0,1,0.5652468
0,0,0.31156495
0,1,0.54379654
0,0,0.4529486
0,1,0.5298436
0,1,0.55589414
0,0,0.4461344
0,1,0.53579926
0,1,0.51472706
0,0,0.43602598
0,0,0.29565364
0,1,0.6197698
0,0,0.486465
0,1,0.51536584
0,0,0.47635654
0,0,0.49750173
0,0,0.40690327
0,1,0.51207596
0,1,0.5570129
0,1,0.5009008
0,1,0.504976
0,0,0.4900097
0,1,0.56368697
1,0,0.49560222
0,1,0.54163384
0,0,0.33618513
0,0,0.48676813
0,0,0.45962742
0,0,0.4450683
1,0,0.48399615
0,0,0.49874154
0,1,0.5147507
0,0,0.46891412
0,0,0.45469287
0,1,0.5647018
0,1,0.5238922
0,1,0.57051194
0,1,0.5056774
0,1,0.5102449
0,0,0.36489296
0,0,0.49055707
0,0,0.4031824
0,1,0.5667974
0,1,0.51043826
0,0,0.4673188
0,0,0.44496238
1,0,0.4453244
0,1,0.53592134
0,1,0.5181143
1,1,0.51906645
0,0,0.34445876
1,1,0.61124206
0,0,0.47045857
0,0,0.25945202
0,1,0.54056704
0,0,0.47068545
0,1,0.5003294
0,0,0.46969825
0,1,0.5311861
0,0,0.43427044
0,0,0.45269057
0,0,0.4860104
0,0,0.40358588
0,0,0.3096105
1,1,0.61034125
0,0,0.21602331
0,0,0.46601623
0,1,0.5474379
0,0,0.32667568
0,0,0.46135187
0,0,0.41109642
0,1,0.5734937
0,1,0.5677069
0,1,0.57065344
0,1,0.5382887
0,0,0.45205745
0,1,0.512011
0,0,0.46372736
0,1,0.53067577
0,1,0.506021
1,1,0.6081806
0,0,0.49983075
1,0,0.45823616
1,1,0.5690656
0,1,0.52901
0,0,0.38791016
1,0,0.46194637
0,1,0.58199024
0,0,0.47693565
1,0,0.31152382
0,1,0.53697634
0,0,0.48545048
0,0,0.4977871
0,0,0.42651373
0,0,0.35857353
0,1,0.5791407
0,0,0.4740885
1,0,0.447485
0,0,0.37294084
0,0,0.4753885
1,1,0.55847245
1,0,0.38626972
0,0,0.3174148
0,0,0.34756303
0,0,0.47628063
0,0,0.49062434
1,1,0.58915097
0,1,0.5149609
1,1,0.5429822
0,0,0.46778953
0,0,0.45777062
0,1,0.63508224
0,1,0.5725497
1,0,0.48731458
0,0,0.46179798
0,1,0.5206841
0,0,0.48872405
0,0,0.4702761
0,0,0.3701808
0,0,0.47121513
0,0,0.45602587
0,0,0.4174157
0,0,0.48186707
1,1,0.550394
1,1,0.58967733
0,1,0.58625996
0,0,0.3717164
0,0,0.47289556
0,0,0.46727872
0,0,0.46625212
1,0,0.48124447
0,0,0.48840758
0,0,0.35277846
0,0,0.38926974
0,0,0.46986222
0,1,0.605198
0,0,0.45978522
0,0,0.48147392
0,0,0.46448892
0,0,0.49396452
0,0,0.3664231
0,0,0.42157176
1,1,0.58770066
1,0,0.49216023
0,1,0.5607664
0,1,0.5454419
0,0,0.45980954
0,0,0.29952052
0,0,0.23202838
0,0,0.4746965
1,1,0.5989854
0,1,0.5111694
0,1,0.52516454
0,0,0.49232382
0,0,0.29115322
0,0,0.45895135
1,1,0.56410766
0,1,0.5728733
0,1,0.5438687
0,0,0.3767204
0,0,0.40307558
0,1,0.52282643
0,0,0.41104323
0,0,0.48714516
1,0,0.4195188
1,0,0.3293283
0,0,0.43475246
0,0,0.47335678
0,1,0.5754263
0,0,0.47955364
1,1,0.57074076
0,0,0.39351255
0,0,0.4623301
0,0,0.2516692
1,1,0.6129161
0,0,0.37851587
0,0,0.27403846
0,0,0.43689555
0,0,0.49837315
0,0,0.48081985
0,0,0.4988743
0,0,0.49286228
0,0,0.46724713
1,1,0.5012448
1,0,0.45251545
0,0,0.4839309
0,0,0.48258612
0,0,0.23789254
0,0,0.49866915
0,1,0.6302176
0,0,0.44652593
1,0,0.45589414
1,1,0.50062364
0,0,0.47769225
1,1,0.5371405
0,0,0.41473737
0,1,0.51169276
0,0,0.4695584
0,1,0.57773185
0,1,0.50321436
0,1,0.51707333
0,1,0.53370434
0,0,0.4393646
1,1,0.5438187
1,1,0.57151157
1,1,0.5941087
0,0,0.49306253
0,0,0.45009965
0,0,0.4717669
0,0,0.46716776
0,1,0.5019917
0,0,0.33554572
0,1,0.5288182
0,0,0.49251115
1,1,0.5464635
0,0,0.46782225
1,0,0.44282115
0,1,0.50116014
1,0,0.47502926
0,0,0.49419448
0,1,0.55860436
0,1,0.56254524
0,1,0.5982324
1,0,0.44496745
0,0,0.46891102
0,0,0.49659958
0,0,0.49430457
0,0,0.4748237
1,1,0.52499723
0,0,0.48204488
0,0,0.49365014
0,1,0.5912776
0,1,0.537454
0,0,0.46944484
1,0,0.4761333
0,0,0.4758548
0,0,0.49969414
0,0,0.49805084
1,1,0.5009179
0,0,0.48136732
0,1,0.54955655
0,1,0.52901775
0,1,0.6216054
0,0,0.38499525
0,0,0.46000096
0,0,0.489817
0,0,0.42656818
1,1,0.57277036
0,1,0.50607127
0,1,0.50308096
1,0,0.39490575
1,0,0.4748574
0,0,0.48063937
1,0,0.46437865
0,1,0.550832
0,0,0.3995775
0,1,0.53535503
0,0,0.4379845
0,0,0.3011898
0,0,0.49140874
0,0,0.4442043
0,0,0.464082
0,1,0.58980316
1,1,0.51545924
0,0,0.42692432
1,1,0.60162216
0,0,0.49509934
0,0,0.47676355
0,0,0.38550282
0,0,0.4349599
1,1,0.5802523
0,1,0.56743383
0,0,0.49676168
0,0,0.37206638
0,1,0.5219758
1,1,0.53423756
1,0,0.4631504
0,0,0.4528693
0,1,0.5468312
0,0,0.49509484
0,0,0.4839492
0,0,0.3295714
0,0,0.49157718
1,0,0.4826325
0,1,0.6012767
0,0,0.4357416
1,0,0.49369162
1,1,0.62535703
0,0,0.4268582
0,1,0.5506154
0,1,0.5069929
0,0,0.47437742
0,0,0.46574545
0,0,0.4329126
0,0,0.45071563
0,1,0.538497
0,0,0.46466234
0,0,0.48467055
0,1,0.5365296
0,0,0.47158965
1,0,0.4340556
0,0,0.38538134
0,0,0.48301595
0,1,0.57069886
0,1,0.6465691
0,0,0.4621533
0,1,0.52876025
0,0,0.4802784
0,0,0.40206265
1,1,0.5043553
0,0,0.47839478
0,1,0.51380837
1,1,0.52062273
0,1,0.55234987
0,0,0.41198036
0,1,0.5321801
1,1,0.5618403
1,0,0.4413986
0,0,0.45401287
0,1,0.52004904
0,0,0.29606444
0,0,0.4591767
0,0,0.37557328
0,1,0.6079194
0,0,0.4656188
0,1,0.5151869
0,0,0.43855026
0,0,0.4913619
0,0,0.48034462
0,1,0.504798
0,0,0.28334293
0,1,0.55216914
1,0,0.46965066
0,0,0.42145982
1,1,0.5346353
0,0,0.49834982
0,1,0.53952724
1,1,0.5451374
0,0,0.4966851
0,0,0.36263248
0,0,0.44381675
0,0,0.48212835
1,1,0.504031
0,1,0.51890904
0,1,0.53241646
0,0,0.44417557
0,0,0.49779505
0,0,0.49666408
0,1,0.5035657
1,0,0.41829902
0,0,0.31862748
0,0,0.47675774
1,1,0.52539617
0,0,0.4396754
0,0,0.4967599
1,1,0.5219145
0,0,0.4066812
0,0,0.49502787
0,0,0.35187447
0,0,0.38398358
0,0,0.47029206
1,0,0.371355
0,0,0.49020484
0,1,0.6956665
0,1,0.5126025
1,1,0.53951496
0,0,0.47918102
0,0,0.43511152
0,1,0.55446094
0,0,0.49804175
0,0,0.44404557
0,0,0.43523183
0,0,0.26112318
0,0,0.45309964
0,1,0.51331395
1,0,0.4964922
0,0,0.4253963
0,1,0.518794
0,0,0.43029773
1,0,0.49643952
0,0,0.45977923
1,1,0.6222484
0,0,0.42752317
0,0,0.4912186
0,0,0.4643106
0,1,0.60096276
0,1,0.5148353
0,0,0.43954715
0,0,0.46924275
0,0,0.49544403
0,1,0.5118449
0,0,0.46244803
0,0,0.43295872
0,0,0.36120546
0,0,0.45960534
0,1,0.5413554
0,0,0.45040312
0,0,0.45893505
0,0,0.48287356
0,1,0.53217614
0,0,0.4761494
0,1,0.5151204
0,0,0.3959849
0,0,0.45843792
1,1,0.6546429
0,0,0.48599914
0,0,0.42049357
0,1,0.5087782
0,0,0.4188914
1,1,0.552086
0,1,0.5311488
1,1,0.56102186
0,0,0.4262386
0,0,0.39769432
0,1,0.55840325
0,0,0.47511917
1,1,0.54948425
0,1,0.54434925
0,0,0.48442912
0,0,0.4887933
0,1,0.5714871
0,0,0.49318406
0,0,0.35233644
0,0,0.43326318
0,0,0.48263592
0,0,0.45575008
0,0,0.4823002
0,0,0.43711516
0,1,0.5587775
0,0,0.46235943
1,0,0.4240839
0,0,0.48809445
0,0,0.46514824
0,1,0.5222031
0,1,0.50872654
0,0,0.49634665
0,1,0.57947165
0,0,0.4603746
0,0,0.4504855
0,1,0.557555
0,0,0.47924203
0,1,0.5653599
0,1,0.5107962
0,0,0.44679388
0,0,0.35319465
0,0,0.09514538
0,1,0.6275137
0,0,0.4694133
0,1,0.533529
0,0,0.48063228
0,0,0.43797004
1,1,0.5122923
0,1,0.5818646
1,1,0.6427914
0,0,0.489832
0,1,0.6000398
0,1,0.58796203
0,1,0.5131656
0,0,0.24963306
0,0,0.3240921
0,1,0.59246254
0,0,0.46468917
0,0,0.45066017
0,0,0.35332134
0,1,0.5527103
0,0,0.4529581
1,0,0.4706706
0,0,0.44276607
0,1,0.5631333
0,1,0.6471087
1,1,0.5411021
1,1,0.60247767
0,0,0.23516963
0,0,0.4991472
0,0,0.4898836
0,0,0.46980643
1,0,0.46135667
0,0,0.48695496
0,0,0.41654924
0,0,0.48159736
0,1,0.51478934
0,1,0.52960014
0,0,0.4759133
0,0,0.29325792
1,0,0.40564525
0,0,0.4623416
0,0,0.42956862
1,1,0.5236966
0,1,0.6299204
1,1,0.50247645
0,0,0.459833
0,1,0.57588035
0,1,0.59772044
0,1,0.51407856
0,1,0.5627723
0,0,0.49914342
0,0,0.4849671
0,1,0.514371
0,1,0.509588
0,0,0.4637425
1,0,0.35691348
0,0,0.45624194
0,1,0.51613116
0,1,0.5268026
0,0,0.46362084
0,1,0.57121706
0,0,0.44188687
0,0,0.4964133
0,0,0.4704028
1,1,0.58211964
0,1,0.50490326
1,1,0.5814172
0,0,0.38104212
1,1,0.57473403
0,1,0.51150775
1,0,0.4875894
1,1,0.5408421
0,0,0.44035706
0,0,0.44519657
0,1,0.56191075
0,1,0.5845878
0,1,0.6439189
0,0,0.405813
0,0,0.4020834
1,1,0.6064438
0,0,0.41831258
0,0,0.4276971
0,0,0.38774657
0,0,0.47033194
0,1,0.50334513
0,1,0.5298998
0,1,0.61067474
0,0,0.46903324
0,1,0.6067124
0,0,0.36495146
0,1,0.5986314
0,1,0.5070173
0,0,0.31421065
1,0,0.39547342
0,1,0.5001097
0,1,0.5091314
1,0,0.49513206
0,1,0.5331891
1,0,0.46453214
0,0,0.46824923
0,0,0.4920358
1,1,0.61125356
0,0,0.46775806
0,0,0.42368716
0,0,0.43300286
0,0,0.46575078
0,1,0.51550215
0,0,0.41230315
0,1,0.5452227
1,0,0.49603465
0,0,0.4280017
0,0,0.49334723
0,1,0.5288608
1,1,0.5192205
0,1,0.5514214
0,0,0.4575057
0,0,0.48081043
0,0,0.4885094
0,0,0.48536137
0,0,0.46148923
0,0,0.37130535
0,0,0.4535119
1,0,0.41967824
0,1,0.5430876
0,1,0.50244516
0,0,0.49761215
0,1,0.51694864
0,0,0.4789997
0,0,0.49979585
0,0,0.45820263
1,1,0.5214722
0,1,0.600117
0,0,0.4520487
1,1,0.54515874
0,1,0.5856596
1,1,0.58236164
0,0,0.48222017
0,1,0.59598553
0,0,0.469208
0,1,0.506273
0,1,0.7162407
0,0,0.45855907
0,1,0.51603425
0,0,0.43406472
0,1,0.51514155
0,1,0.5428063
0,0,0.47809413
0,0,0.48714888
0,1,0.5141825
0,0,0.37411705
0,1,0.5714244
0,1,0.5508512
0,1,0.56322616
0,0,0.4031238
0,0,0.49047482
0,1,0.5507288
0,0,0.42384896
1,0,0.47180858
0,0,0.4595977
0,0,0.4540066
0,0,0.4768537
0,1,0.5008986
1,0,0.38374135
0,0,0.4784094
0,0,0.47324383
0,0,0.47295842
0,0,0.37809157
0,0,0.42960227
0,0,0.49980283
0,1,0.568799
0,0,0.45624888
0,1,0.53599304
0,0,0.45644718
0,0,0.39666
1,0,0.47185522
0,1,0.5257757
0,1,0.5324112
0,0,0.4104898
0,1,0.55715185
0,0,0.4783815
0,0,0.44473535
0,0,0.4611877
0,0,0.4726771
0,0,0.45194778
0,0,0.46776795
0,1,0.51436514
0,0,0.48235756
0,0,0.46859092
1,1,0.5033046
0,0,0.45556992
0,0,0.48425993
1,0,0.49980864
0,0,0.3863763
0,0,0.48295408
1,0,0.35338983
0,0,0.44575393
0,1,0.5239607
0,0,0.49332863
0,1,0.59987587
0,0,0.48884392
1,0,0.39967433
0,0,0.4601072
0,1,0.5081949
0,0,0.49836716
0,1,0.5207811
0,0,0.4838309
0,1,0.5437893
0,1,0.557883
0,1,0.58680177
1,1,0.50563526
1,1,0.5487072
0,0,0.46722105
1,1,0.54569685
0,0,0.41233146
0,0,0.42659378
0,1,0.56637806
0,1,0.5082855
0,0,0.32255864
0,1,0.54897
1,1,0.5823358
0,0,0.46157017
1,1,0.5002806
0,0,0.48426166
0,0,0.45469305
0,1,0.5033892
0,0,0.48782843
0,0,0.32332972
0,1,0.5028362
1,1,0.5128621
0,1,0.5149745
1,1,0.64257425
0,0,0.49100867
0,0,0.4645217
1,1,0.5162244
0,0,0.24567197
0,0,0.44412133
0,0,0.4272924
0,1,0.53104776
1,1,0.5945441
0,1,0.6111784
1,0,0.47920936
0,0,0.45885223
0,0,0.4894534
0,1,0.5024267
1,0,0.34955198
0,1,0.5947889
1,0,0.42789713
0,1,0.51836103
0,0,0.49036554
0,1,0.5452465
0,0,0.46250716
0,1,0.51351094
1,1,0.5985894
0,0,0.4703176
0,0,0.27366298
0,1,0.5533858
0,0,0.4739534
0,0,0.46373087
0,0,0.48968574
1,0,0.4775943
0,0,0.32728052
0,1,0.5231061
0,0,0.4958495
0,0,0.36507097
1,1,0.51742625
0,1,0.5231046
0,0,0.4995208
0,0,0.44400406
0,1,0.6002947
1,1,0.55636305
0,0,0.49551117
1,0,0.38533783
0,1,0.5968644
0,0,0.31542146
0,0,0.44597408
1,1,0.5353514
0,0,0.30076683
0,0,0.32706887
0,0,0.4555032
0,0,0.3483407
0,0,0.4213205
1,1,0.51627594
0,0,0.43502802
0,0,0.41239724
0,0,0.38879904
0,1,0.54807943
0,1,0.53170305
0,1,0.5824822
0,0,0.47551692
1,1,0.5181104
1,0,0.4797966
0,0,0.49483138
0,0,0.48635215
0,1,0.5022938
0,0,0.49839738
1,0,0.40454808
0,0,0.43663943
0,0,0.46857166
1,1,0.5159256
0,0,0.46191195
0,0,0.41320556
0,1,0.6058948
0,0,0.46056628
0,1,0.52478695
1,1,0.568272
0,1,0.53009176
0,0,0.4178086
1,0,0.37655416
0,0,0.28338122
0,1,0.5082316
0,1,0.6281567
0,0,0.46174705
0,0,0.3504609
1,0,0.3581157
0,0,0.44774902
1,1,0.5147046
0,0,0.4651419
0,0,0.48372847
0,1,0.5654573
0,0,0.45390338
1,1,0.5413763
0,0,0.47084787
0,1,0.5300699
0,0,0.4779002
0,1,0.5032475
0,0,0.4770376
0,0,0.49934277
1,0,0.4573442
0,1,0.5328087
1,1,0.5667067
0,0,0.4998153
1,1,0.5061719
0,1,0.54766655
0,1,0.5109809
0,1,0.54633224
0,1,0.53466517
1,1,0.5568063
0,0,0.32092065
0,0,0.38654992
0,0,0.38519678
0,0,0.49461314
0,0,0.38282707
1,0,0.43276557
0,0,0.46738845
1,1,0.53339684
0,0,0.37684223
0,1,0.5370851
0,0,0.4493808
0,1,0.50043434
0,1,0.5552997
0,1,0.5342692
1,0,0.4747215
1,1,0.5203121
0,0,0.36167744
1,0,0.3481998
0,0,0.33783972
0,0,0.48669955
0,1,0.5040899
0,0,0.4874348
1,0,0.43499026
1,1,0.52498573
0,0,0.48055163
0,0,0.49435768
0,0,0.31944364
0,0,0.49751896
0,0,0.47018936
0,0,0.38994813
0,0,0.47271985
0,0,0.47896966
1,1,0.54589605
0,1,0.55904335
0,0,0.45536548
0,0,0.4929183
0,0,0.42564374
0,1,0.5256648
0,0,0.4378924
0,0,0.44271046
1,0,0.40137777
0,0,0.32823023
0,0,0.49932945
0,0,0.37853527
0,1,0.5015055
0,1,0.5055908
1,0,0.46587363
0,0,0.44973895
0,0,0.3101054
0,0,0.31525216
0,0,0.45711702
0,0,0.35689136
0,1,0.5527782
1,1,0.5040775
0,1,0.5502752
0,0,0.4353089
0,1,0.5768674
0,1,0.6046038
0,1,0.5234523
0,1,0.5603589
0,1,0.5624296
0,0,0.46741793
0,1,0.50637704
0,0,0.414454
0,0,0.3346228
0,0,0.4810739
0,1,0.51173615
1,0,0.49149314
0,0,0.47392103
0,0,0.41016167
0,0,0.41438136
0,1,0.50842744
1,0,0.44690296
0,0,0.4682822
0,1,0.5253078
0,0,0.33788773
0,0,0.4303603
0,1,0.559765
1,0,0.49532884
0,0,0.49263528
1,1,0.6246278
1,0,0.47281486
0,0,0.46034464
0,0,0.42866948
0,0,0.46709272
0,1,0.61547273
1,1,0.5019831
0,1,0.62089217
0,0,0.49783295
1,0,0.24564916
1,0,0.46801865
0,0,0.36754534
0,0,0.39014807
0,0,0.45864114
0,0,0.4341973
0,0,0.47381383
0,0,0.4954663
1,0,0.47468895
1,0,0.4898466
0,0,0.45192155
0,0,0.4927663
0,1,0.5003996
0,0,0.4448015
1,0,0.4850686
0,1,0.52577734
1,0,0.42398068
1,1,0.5069958
1,1,0.54859066
0,0,0.44191092
0,0,0.46550158
0,0,0.45301175
1,0,0.4249128
1,0,0.49771747
0,0,0.3483551
0,1,0.5469639
0,0,0.4113792
0,0,0.47677803
0,0,0.4577619
0,1,0.5380102
0,0,0.47015268
0,0,0.48131296
0,0,0.46391788
1,1,0.5140293
0,0,0.48151183
0,1,0.5562717
0,0,0.48358494
0,1,0.5234686
0,1,0.55627626
1,0,0.46529675
1,0,0.46764994
0,1,0.56038535
0,0,0.47135186
0,0,0.46183333
0,1,0.6502614
0,1,0.51436406
0,0,0.26783064
0,0,0.46177164
0,1,0.50165266
0,0,0.37800327
0,1,0.6546173
0,0,0.4406698
0,0,0.35254222
0,0,0.48285618
0,1,0.5410055
0,1,0.63500917
0,0,0.46332514
0,1,0.58874315
0,0,0.4317005
0,0,0.38686842
0,0,0.44154
0,0,0.33121154
0,0,0.3515784
0,1,0.54027164
0,0,0.4807558
1,1,0.573774
0,1,0.51871353
0,0,0.49825662
0,1,0.58012754
0,1,0.62558156
1,1,0.5231772
0,0,0.46385098
0,0,0.37820777
1,0,0.47206122
0,0,0.4404465
1,0,0.44912857
0,0,0.49836493
0,0,0.4810172
0,1,0.5021966
0,0,0.49184403
0,1,0.5138172
0,0,0.39220935
1,0,0.4910927
0,0,0.38331
0,0,0.49332058
0,0,0.42579922
0,1,0.6165227
0,0,0.47057295
1,0,0.45534244
0,0,0.40582606
0,0,0.4416865
0,1,0.51057494
0,0,0.43863234
1,0,0.4921113
0,0,0.464175
1,0,0.40587738
0,0,0.4477874
0,0,0.45951125
0,0,0.40065664
0,0,0.4787556
1,1,0.57300204
0,0,0.44896415
0,0,0.385773
0,1,0.5004145
0,0,0.4687121
0,0,0.46213394
0,0,0.43185756
0,1,0.5881438
1,1,0.5272045
0,0,0.48844504
0,1,0.5067276
0,0,0.48934305
1,1,0.5617115
0,0,0.49141282
0,0,0.45635688
0,0,0.4820728
1,0,0.49837142
0,1,0.54436946
0,1,0.6184719
0,1,0.5721909
0,1,0.6101287
1,1,0.55094576
0,0,0.47653806
0,1,0.50772697
0,1,0.5945241
1,0,0.4837842
0,0,0.37085614
0,1,0.63450944
0,0,0.49610248
0,0,0.44848436
1,0,0.31779814
0,0,0.48227766
0,1,0.5484685
0,0,0.49688634
0,0,0.47983256
0,0,0.4664149
0,0,0.4837241
0,0,0.39209256
0,0,0.4712837
0,1,0.50577325
0,0,0.49182186
0,0,0.4806072
1,0,0.41213647
1,1,0.583702
0,1,0.5677851
1,0,0.4855315
0,0,0.44572192
0,0,0.40594763
0,0,0.47122833
0,0,0.48015872
0,1,0.51033497
1,1,0.58110046
0,1,0.5006227
0,0,0.4643702
0,0,0.4443626
0,1,0.6074742
0,1,0.54802567
1,0,0.41675243
0,0,0.47381753
1,1,0.52190155
1,0,0.49602833
1,1,0.58843005
0,1,0.65513724
0,0,0.3923085
0,1,0.5373055
0,0,0.46688256
0,0,0.4669355
0,0,0.33018705
0,1,0.5704567
1,1,0.6821688
1,1,0.5855592
0,1,0.5225267
0,1,0.52580196
0,0,0.43292844
0,0,0.46710017
1,1,0.5532881
0,1,0.5727709
0,1,0.53631693
0,1,0.52949613
0,0,0.43872753
0,0,0.4749239
0,0,0.49752972
0,0,0.48125374
0,1,0.5320755
0,0,0.4865035
0,1,0.51900446
0,1,0.5772417
0,0,0.4153412
0,1,0.5615132
0,1,0.54738206
1,0,0.37218484
1,0,0.43461955
1,0,0.48110548
0,0,0.281462
1,0,0.47648692
0,0,0.4245388
0,0,0.42241478
1,1,0.54382837
0,1,0.520378
0,0,0.426232
1,1,0.63489544
0,0,0.48057997
0,1,0.52679574
0,0,0.483921
0,0,0.48260522
0,0,0.49054107
0,0,0.407789
1,0,0.47047627
0,0,0.49398786
1,0,0.4740353
0,0,0.41431257
0,0,0.4984227
1,1,0.60898995
0,0,0.47533438
0,1,0.5196517
0,1,0.59963655
0,0,0.31622356
1,1,0.5387258
0,1,0.50823116
1,1,0.55933
0,0,0.49900287
0,1,0.5260569
0,0,0.45267203
1,1,0.5607798
0,1,0.50704247
0,0,0.3163688
0,1,0.51521593
0,0,0.4776941
0,0,0.46960473
0,0,0.46009025
0,0,0.4619624
0,1,0.5804446
0,0,0.4988153
0,0,0.39646226
1,1,0.5177073
0,1,0.5732572
0,0,0.457298
0,0,0.47605705
0,0,0.4698907
0,0,0.46806177
0,0,0.4811801
1,1,0.64387023
0,1,0.52157277
0,0,0.3049194
1,0,0.48532793
0,0,0.47091767
0,0,0.46307486
0,0,0.40735313
0,1,0.547222
0,0,0.42936954
0,0,0.49982265
0,0,0.49516395
0,0,0.45661467
1,0,0.48054034
0,0,0.4866969
0,0,0.46886733
0,1,0.5218093
0,0,0.32301316
0,0,0.47154966
0,0,0.4518299
0,1,0.59498435
0,0,0.4418566
0,0,0.46691275
0,0,0.4523333
0,0,0.48190454
0,0,0.41002214
0,0,0.42548227
0,1,0.50826776
0,0,0.45776978
0,0,0.46413407
1,1,0.54968405
0,0,0.413268
1,1,0.5168608
0,1,0.5367032
0,0,0.35654005
1,1,0.52449256
1,1,0.62016356
1,0,0.3532633
0,1,0.51455146
0,0,0.47185102
0,0,0.41300005
0,0,0.476827
0,0,0.46943015
0,0,0.42278534
1,0,0.4584332
1,1,0.5582132
1,0,0.39930356
0,0,0.46651626
0,1,0.55780286
0,0,0.46341646
0,1,0.5425693
0,0,0.4103468
1,1,0.57264906
0,0,0.2733961
0,1,0.51990736
0,0,0.3133639
0,1,0.59937584
0,0,0.28253016
0,1,0.5012463
0,0,0.4536762
0,0,0.47175485
0,1,0.66480464
0,1,0.5013779
0,1,0.5719033
0,0,0.48613706
0,0,0.45142806
0,0,0.4636711
0,0,0.46659496
0,0,0.44793394
0,1,0.56261194
0,0,0.48862696
0,0,0.47588438
0,0,0.41349134
0,0,0.4105454
0,0,0.43789577
1,1,0.5110553
0,0,0.36504358
0,0,0.36310166
0,0,0.44710502
0,0,0.39885697
0,0,0.45637417
0,0,0.38599446
0,1,0.51456225
0,1,0.5209233
0,1,0.5584815
0,0,0.48863262
0,1,0.504714
0,1,0.5017204
0,0,0.479517
0,0,0.4712815
0,1,0.55000144
0,1,0.51934195
0,0,0.3575115
0,1,0.54024565
0,1,0.6022462
0,1,0.52024794
1,0,0.45751467
0,1,0.5677299
0,1,0.5217906
0,1,0.533926
0,0,0.49386415
0,1,0.5017744
0,0,0.49183598
0,1,0.5053734
1,0,0.45302197
0,0,0.46027297
0,0,0.4562019
0,1,0.5165813
1,0,0.46090865
0,0,0.4798201
1,1,0.56535274
0,1,0.60324675
0,0,0.46372056
1,1,0.50823903
0,0,0.4823861
0,1,0.5680092
0,0,0.49162194
1,0,0.4614461
0,0,0.4973441
1,0,0.48300797
0,1,0.50209767
0,1,0.6174088
0,0,0.49911827
0,0,0.4403222
0,0,0.47456345
0,0,0.49684897
0,0,0.45400754
0,0,0.43144926
0,0,0.424288
0,0,0.4546579
0,0,0.42013013
1,0,0.44997397
0,0,0.48901582
0,0,0.42578554
1,0,0.4708329
0,0,0.49501327
0,1,0.5131716
0,1,0.52098614
0,1,0.52858454
0,0,0.4905861
0,0,0.3787299
0,0,0.46281385
0,0,0.43985513
0,0,0.4689194
0,0,0.45776364
0,0,0.3676332
1,0,0.49064517
0,0,0.43890715
0,1,0.52769685
0,0,0.46605852
0,0,0.43549782
0,1,0.52947146
0,0,0.45501646
1,1,0.5667659
0,0,0.4970839
0,1,0.52024084
0,1,0.53707105
0,1,0.66068304
1,1,0.5820107
0,0,0.4337209
0,0,0.4909533
0,1,0.51233226
0,0,0.46841192
0,0,0.48268944
0,0,0.35308343
0,0,0.4140894
0,1,0.5401814
0,1,0.55708945
0,0,0.3006053
1,0,0.49137688
0,0,0.4309547
0,0,0.47240204
0,0,0.46395284
1,1,0.5542767
0,0,0.48127475
0,0,0.47942826
0,0,0.46786934
0,0,0.47738063
0,0,0.42309675
1,1,0.57689387
0,1,0.5170873
0,0,0.4902927
0,1,0.61907953
0,0,0.46101937
0,0,0.4096849
0,1,0.54466856
0,0,0.49386662
0,1,0.5217277
0,1,0.7402973
0,0,0.48868957
0,0,0.45789075
1,0,0.49679282
0,0,0.41786125
1,0,0.42184514
0,0,0.4875289
0,0,0.49379155
0,0,0.4231787
0,0,0.4743216
1,0,0.46771422
1,0,0.47682047
0,1,0.62812835
0,0,0.45152625
1,0,0.43075544
0,0,0.43405873
0,0,0.47160023
0,0,0.3409911
0,0,0.49993226
1,1,0.6129738
0,1,0.5963599
0,0,0.35501963
0,0,0.38481057
0,0,0.46322516
0,0,0.44261268
0,1,0.60749155
1,0,0.419689
1,1,0.5418926
1,1,0.5016124
0,1,0.57479537
0,0,0.47072086
0,0,0.48879853
0,0,0.4955508
0,1,0.5207248
0,0,0.33688325
0,1,0.6043057
0,0,0.47720873
0,0,0.40399873
0,0,0.46222013
1,0,0.4766112
0,0,0.45282933
0,1,0.5469174
1,1,0.6586006
0,0,0.458884
0,0,0.44910443
0,0,0.42751908
1,1,0.60169023
1,0,0.47311008
1,0,0.45362172
0,0,0.4653702
0,0,0.48208207
0,1,0.5175672
0,0,0.47723675
1,0,0.4954231
0,0,0.49729893
0,1,0.5020474
0,0,0.42635718
0,0,0.4733474
0,1,0.50380075
0,1,0.6478485
0,0,0.47274128
1,0,0.45541677
0,1,0.56680816
0,0,0.4545072
0,1,0.62280494
0,1,0.51065063
0,0,0.4260782
0,1,0.52767104
1,1,0.5390406
0,0,0.4113259
1,0,0.45597273
0,0,0.42386812
1,1,0.56964964
0,1,0.514912
0,0,0.32014963
1,1,0.51863754
0,0,0.31871405
0,1,0.5464548
1,0,0.49593702
0,0,0.29442745
0,0,0.4935246
0,1,0.59174144
0,1,0.55624956
0,0,0.45258427
0,0,0.49503493
1,0,0.4625574
0,0,0.3962123
0,1,0.5070497
0,1,0.5181299
0,1,0.5089702
0,0,0.47792155
0,1,0.54199106
1,0,0.47885022
0,1,0.52501124
0,0,0.44844678
0,0,0.4857731
0,0,0.39420715
0,1,0.5418204
0,1,0.5395207
0,0,0.47872975
1,0,0.49756357
0,0,0.48673832
1,1,0.5434392
0,0,0.46192515
0,0,0.47789216
1,1,0.6208595
0,0,0.47055748
0,1,0.5131244
0,0,0.4852221
0,1,0.50910527
0,0,0.40653032
1,1,0.52347493
0,0,0.47487518
0,1,0.516844
0,1,0.52146167
0,1,0.5781268
0,0,0.4460616
0,0,0.4931939
0,1,0.5786833
0,1,0.5607312
0,0,0.48948732
0,0,0.416914
0,0,0.40519753
0,0,0.40105823
0,0,0.46580395
0,0,0.46674815
0,0,0.43822628
1,1,0.57411027
0,0,0.47268146
0,0,0.44198108
0,1,0.5696911
0,1,0.5593126
0,0,0.47303328
0,1,0.63107395
1,0,0.47812578
0,1,0.52092046
1,1,0.60341114
0,1,0.6009202
0,1,0.54673725
0,0,0.4829609
0,0,0.4921315
0,0,0.45205772
1,0,0.49085405
0,1,0.5583818
0,1,0.56828576
0,1,0.5272685
1,1,0.6336468
0,0,0.4671844
1,1,0.5691162
0,0,0.44858095
0,0,0.47603682
0,0,0.43959928
1,0,0.45833457
0,0,0.4879751
0,0,0.49803042
0,0,0.43330795
0,0,0.49744794
0,1,0.5245447
0,0,0.4468844
0,0,0.47670585
1,0,0.47262156
0,0,0.4370993
0,0,0.49592352
0,0,0.49104658
0,1,0.5017821
0,1,0.5900196
0,1,0.5784451
0,0,0.2774011
0,0,0.47171164
0,0,0.4343636
0,1,0.6349744
0,0,0.4873953
0,1,0.50343305
0,0,0.49975064
0,0,0.45937872
0,0,0.4500697
0,0,0.35339686
0,0,0.41298968
0,0,0.48325917
0,1,0.54762393
1,0,0.4810344
0,0,0.36719835
0,0,0.47429028
0,1,0.5123639
1,0,0.4591433
0,1,0.5019063
1,0,0.47618586
0,0,0.47048205
0,0,0.49450952
0,1,0.54246664
0,0,0.47118652
0,0,0.42279574
0,0,0.47326553
0,0,0.4240586
0,0,0.41829282
0,1,0.56909204
0,0,0.4356405
0,0,0.4571726
0,0,0.49247026
0,1,0.5691585
0,0,0.4812662
1,0,0.4836644
0,1,0.51565874
1,0,0.45656478
0,0,0.33342
1,0,0.48864666
0,0,0.28642932
0,0,0.43566445
0,0,0.49341783
1,1,0.5010246
0,1,0.5054883
0,0,0.38807648
0,0,0.48164165
1,1,0.5517406
0,0,0.4722256
0,0,0.49302644
0,1,0.5301829
0,1,0.5114946
0,0,0.47767362
0,0,0.4912704
0,1,0.564872
0,1,0.53472084
0,0,0.4883476
0,0,0.45520765
0,1,0.52769876
0,0,0.45094326
0,1,0.5989913
0,0,0.397494
1,1,0.5024387
0,0,0.39104843
0,0,0.4978121
0,0,0.4528717
0,1,0.50633764
0,1,0.53385526
0,0,0.4704755
0,0,0.4926438
1,0,0.47745067
1,0,0.45958942
0,1,0.5045196
0,0,0.4294759
0,0,0.4552056
0,1,0.57396626
1,0,0.46458396
0,1,0.50282484
0,0,0.4741022
0,0,0.4569598
1,0,0.44887552
0,0,0.46649274
0,1,0.5396396
0,1,0.51562023
0,0,0.34590006
0,1,0.5200045
0,0,0.4366802
1,1,0.5929505
0,0,0.4443766
0,0,0.44921485
0,0,0.49948907
1,1,0.52183676
0,0,0.4130458
0,0,0.39012954
0,0,0.41795057
0,1,0.5031108
0,1,0.55109674
0,1,0.5741004
0,0,0.49645105
0,0,0.37052107
0,0,0.44607857
0,0,0.43018213
0,0,0.44118017
0,1,0.5147261
0,0,0.35787857
0,0,0.47251418
0,1,0.58853364
0,0,0.48253953
0,1,0.51163226
0,0,0.3937706
0,1,0.5081023
0,0,0.49911013
1,0,0.4982398
0,0,0.4558503
0,1,0.508476
0,0,0.35073686
0,0,0.24812916
0,1,0.58503675
0,0,0.4713574
0,0,0.47138464
1,1,0.598518
0,0,0.40794435
0,0,0.3642166
0,0,0.48538893
0,0,0.4947538
0,0,0.47705922
0,1,0.5109291
0,1,0.526884
0,0,0.4648554
0,0,0.40111908
0,0,0.48963013
0,0,0.4980065
0,1,0.550944
0,1,0.5755145
0,0,0.46467203
0,1,0.5373108
0,0,0.46773165
0,0,0.48630506
0,1,0.60891724
0,0,0.48145264
1,0,0.4969357
0,1,0.5074737
0,1,0.5847505
0,1,0.5021241
0,0,0.4181467
0,0,0.4747854
0,0,0.44767478
0,0,0.4533348
0,0,0.46577764
1,1,0.54906696
0,0,0.35147327
0,1,0.6003258
0,1,0.50743026
1,1,0.62558246
1,1,0.6059034
0,0,0.4319635
0,0,0.4997785
1,1,0.55499065
0,0,0.3994856
0,0,0.42864993
0,1,0.6310228
0,0,0.3767785
1,0,0.24758367
0,1,0.5441773
0,1,0.54490405
1,1,0.58048534
0,0,0.44640774
0,0,0.49456275
0,0,0.39423412
0,0,0.31020737
0,0,0.4899532
0,0,0.39407492
0,0,0.33076563
0,1,0.52046996
0,0,0.464258
0,0,0.39010838
1,1,0.5043159
1,0,0.43032017
0,0,0.40824106
0,1,0.58249635
0,0,0.49837607
0,1,0.5901762
0,0,0.46560553
1,1,0.5326813
0,1,0.576033
0,0,0.3401714
0,1,0.51519114
0,0,0.45137963
1,1,0.50231993
0,1,0.563185
0,0,0.25367007
0,1,0.50494605
0,0,0.4675091
0,1,0.51524967
1,0,0.45339578
0,0,0.45787
0,0,0.47252724
0,0,0.473883
0,1,0.53381133
0,1,0.5526412
0,0,0.49707314
0,1,0.5020184
0,1,0.56381106
0,1,0.5435212
0,0,0.46694958
0,0,0.44166344
0,0,0.49846148
0,1,0.52804595
0,0,0.4379896
0,1,0.6034008
1,0,0.41458288
0,1,0.67715836
0,1,0.5294197
0,1,0.5041113
0,1,0.54376817
0,0,0.47899806
0,1,0.5446135
0,0,0.48828176
0,1,0.5323226
1,0,0.48810437
0,0,0.47851378
0,0,0.4037709
1,0,0.4489441
0,1,0.5213259
0,0,0.30936238
0,1,0.54806316
0,1,0.50185513
0,0,0.32858604
0,0,0.4395795
0,0,0.3501882
0,1,0.54020596
0,0,0.46734688
0,0,0.49735844
0,0,0.35915938
0,1,0.51240486
1,1,0.6530527
0,0,0.46495605
1,1,0.58922327
0,1,0.60280174
1,0,0.46867523
1,0,0.4945173
0,0,0.35296357
0,1,0.5087503
0,0,0.48540536
0,1,0.5539175
1,0,0.46245262
1,1,0.5518623
0,1,0.5505516
0,1,0.5587379
0,1,0.6005921
0,0,0.4528399
0,0,0.18278505
1,1,0.5050967
0,0,0.2987025
0,0,0.4432726
0,0,0.2759056
0,0,0.49564496
0,0,0.46820453
0,0,0.36974484
0,0,0.44917104
1,1,0.61301154
0,1,0.51943725
0,1,0.5481291
0,1,0.5190152
0,0,0.4763628
0,0,0.45603406
0,0,0.4145362
0,0,0.42867935
0,0,0.48669428
0,1,0.6049175
0,0,0.4939139
0,0,0.43035406
0,0,0.49610513
0,1,0.54401654
0,0,0.49672255
0,0,0.464208
0,1,0.6921058
0,0,0.4962194
1,1,0.53106034
1,1,0.6244074
0,1,0.51016086
0,1,0.6123632
1,1,0.5544329
0,0,0.45073682
0,0,0.4817312
0,1,0.5580465
0,1,0.5335126
0,1,0.57633466
0,0,0.47783774
0,1,0.5361768
0,0,0.44845816
1,1,0.52753973
0,0,0.28989324
0,0,0.44003275
0,0,0.49047828
0,0,0.48542237
0,1,0.5223559
0,0,0.4250576
0,0,0.47735518
1,1,0.5104924
0,0,0.49064302
0,0,0.4788959
0,1,0.5660919
1,1,0.5129898
0,0,0.2920763
0,0,0.4040948
0,1,0.5998785
0,0,0.31471288
0,0,0.4492858
0,0,0.39548275
0,1,0.5590059
0,1,0.58849347
0,1,0.53346777
0,0,0.33600754
0,0,0.35442287
1,1,0.5368994
0,0,0.25146624
1,1,0.53588414
0,0,0.46247575
1,0,0.49779966
0,0,0.22535016
0,1,0.52343035
0,0,0.46584338
0,1,0.5619883
0,1,0.60318786
1,1,0.6544034
0,1,0.55853343
1,1,0.5332626
0,1,0.575081
0,1,0.5159709
0,0,0.41722754
0,0,0.47702876
0,1,0.52155054
0,0,0.45781335
0,0,0.4182211
0,1,0.5101602
0,1,0.5241803
0,0,0.4835853
0,0,0.40594807
0,0,0.37076995
0,0,0.45310885
0,0,0.4213964
0,0,0.49336573
0,0,0.2980595
0,0,0.4316372
0,1,0.55068415
1,0,0.47160655
0,1,0.59310037
0,1,0.525875
0,0,0.47580922
0,0,0.49138615
0,0,0.47899902
0,0,0.32747272
0,0,0.4226107
0,0,0.38632876
1,0,0.33969945
0,0,0.47147337
0,1,0.5072406
0,0,0.4365228
0,0,0.49344486
0,0,0.47437888
1,1,0.5561019
0,0,0.45031554
1,1,0.5547514
0,1,0.5155075
0,1,0.5675497
0,0,0.4907074
0,0,0.34367967
1,0,0.49232343
1,0,0.47918886
0,0,0.37794763
0,1,0.57650936
0,0,0.36322436
0,0,0.47426155
0,0,0.36965728
1,1,0.5376094
0,0,0.3660692
0,0,0.4701334
0,0,0.3590551
0,0,0.49561644
0,1,0.51023847
1,1,0.5222109
0,1,0.5997824
0,1,0.51056004
0,0,0.3862923
0,0,0.43234614
1,0,0.49505144
0,0,0.44560614
0,1,0.5683305
0,1,0.53163147
0,0,0.44486287
1,0,0.41445512
0,0,0.46994814
1,0,0.48106298
0,1,0.5229057
0,0,0.4806271
0,1,0.5226875
0,1,0.56663257
0,0,0.47034
0,0,0.23362562
1,0,0.4869953
0,0,0.46380752
0,1,0.54683715
0,1,0.58854145
0,0,0.43817762
0,1,0.60204446
0,0,0.30931374
0,1,0.51105845
0,0,0.41975906
0,0,0.46992567
0,0,0.39861846
0,0,0.4413807
0,0,0.48230395
0,0,0.40825018
0,0,0.44314557
0,0,0.4392589
1,0,0.46070495
0,1,0.5046905
0,1,0.5248282
0,1,0.52116007
1,1,0.51710373
0,1,0.5294106
0,0,0.45804366
0,0,0.44074368
0,0,0.38310716
0,0,0.48326308
0,0,0.26248223
1,0,0.45429078
0,0,0.4284486
1,1,0.5192945
0,0,0.42828918
0,1,0.51717204
0,0,0.46486798
0,0,0.46958372
0,0,0.4738269
0,1,0.5603625
1,0,0.39324537
0,0,0.4685021
0,1,0.5317118
0,1,0.533664
0,1,0.53793234
0,0,0.45800683
0,0,0.35113895
0,1,0.55885977
0,0,0.4513977
1,0,0.45763308
0,0,0.48332882
0,1,0.50733536
0,0,0.46709535
0,1,0.5292331
0,0,0.4362661
0,1,0.50045407
0,1,0.53485006
0,0,0.2969016
0,0,0.49499184
0,1,0.605324
0,0,0.43526083
0,0,0.4498312
0,0,0.33531973
0,0,0.4420715
0,1,0.58189565
0,0,0.471631
1,0,0.3047252
0,0,0.45889285
0,0,0.46564448
0,0,0.44398823
0,0,0.4763374
0,0,0.45934877
1,0,0.41034156
0,1,0.5153464
0,0,0.41096094
0,0,0.4441778
0,0,0.47773746
0,0,0.4637595
0,0,0.45345655
0,0,0.24980831
0,0,0.45630553
0,1,0.60276586
0,0,0.43073863
0,1,0.5064184
0,1,0.5261187
0,0,0.45091775
0,1,0.5100127
0,1,0.5050711
0,1,0.50050145
0,0,0.4297815
0,1,0.65591913
0,0,0.22378762
0,1,0.56249225
0,0,0.4011993
1,0,0.43238166
0,0,0.34657735
0,1,0.51743454
0,0,0.48044917
0,1,0.54975873
0,0,0.4054003
0,0,0.3853399
0,1,0.52754563
1,1,0.54101956
0,0,0.3009791
0,1,0.5932663
0,1,0.54017746
1,0,0.39881158
1,1,0.50374013
0,0,0.41287547
0,0,0.43705
0,0,0.44031435
0,0,0.46210414
0,0,0.46565387
0,0,0.47553086
0,1,0.5416241
1,1,0.5257625
0,0,0.43124506
0,1,0.5079166
1,0,0.4996776
1,1,0.59980184
0,0,0.46360114
1,0,0.48237497
0,1,0.63436097
0,0,0.49907514
0,0,0.49856395
1,1,0.50250995
0,1,0.52948314
0,0,0.4714708
0,0,0.4153345
0,0,0.4763126
1,0,0.460699
0,1,0.52669483
0,0,0.45583317
1,1,0.51930285
1,0,0.48739117
0,0,0.4840045
1,0,0.36863527
0,1,0.5547592
0,1,0.52682996
0,0,0.4778382
0,0,0.28410622
0,1,0.5130714
0,1,0.51469386
1,0,0.49426666
0,1,0.51037925
1,1,0.6513432
1,1,0.50510365
0,0,0.49314
0,1,0.51566654
0,0,0.48584306
0,1,0.5159766
0,0,0.39849862
0,0,0.4487753
0,1,0.51421756
0,0,0.4714867
0,1,0.5908247
0,0,0.35302684
0,1,0.53904074
0,1,0.55256176
0,0,0.46382886
0,0,0.46065983
0,1,0.5060857
0,1,0.5025861
0,0,0.2944672
0,0,0.4138277
0,1,0.5682543
0,0,0.49300647
0,0,0.250787
0,0,0.45968404
0,0,0.46793658
1,1,0.5700952
0,0,0.3737978
0,0,0.35117856
0,0,0.44991392
0,0,0.45905185
0,1,0.5160487
0,1,0.5679879
0,0,0.49339083
0,0,0.49549916
0,0,0.38002792
0,1,0.5109133
0,1,0.58541
0,1,0.59113306
0,1,0.5471154
0,0,0.44231027
1,1,0.59518373
0,0,0.44074422
0,1,0.50888944
0,0,0.41597214
0,1,0.51113576
0,1,0.5573675
0,1,0.5324152
0,0,0.472227
0,0,0.43053502
0,1,0.5319624
1,0,0.41530922
1,0,0.4385419
0,1,0.51943314
0,1,0.64984334
1,0,0.48753777
1,0,0.4909662
0,0,0.47003892
0,0,0.4668139
0,0,0.40379116
0,0,0.4720512
0,0,0.48520827
1,1,0.53068835
0,0,0.42678294
1,0,0.4645572
0,1,0.5460426
0,1,0.5805681
0,1,0.51710474
0,1,0.51214916
0,0,0.46513194
0,1,0.6283884
0,0,0.49824333
1,0,0.34040445
1,0,0.48423335
0,0,0.37160632
0,0,0.43783876
1,1,0.5176826
0,1,0.514014
1,0,0.47924235
0,0,0.46284467
0,1,0.5160127
0,1,0.503695
0,0,0.43261933
0,1,0.53123116
1,0,0.49391535
1,0,0.28270373
0,0,0.43844515
0,0,0.46358877
0,0,0.4107236
1,0,0.48581624
0,1,0.5346138
0,1,0.5051996
0,0,0.48661098
0,0,0.46932974
1,0,0.4656201
0,0,0.49820578
0,1,0.53412366
0,1,0.53942686
0,0,0.4272699
0,1,0.5371049
0,0,0.37498507
0,0,0.4377556
0,0,0.48673204
0,0,0.49867454
0,0,0.45365354
0,1,0.6602459
0,0,0.33887628
0,0,0.4560663
0,1,0.58011895
1,0,0.4389933
0,0,0.4885662
0,1,0.5335932
0,0,0.41544518
0,1,0.5345215
1,0,0.4926603
0,1,0.5565444
0,0,0.46032766
1,0,0.41712937
1,0,0.31815788
1,0,0.35157177
0,0,0.45046693
0,0,0.4572663
0,0,0.48870593
1,1,0.5199666
0,1,0.62845415
1,1,0.5151254
0,0,0.41713807
0,0,0.39759764
0,0,0.4671202
0,0,0.33052692
1,0,0.48216605
0,1,0.60155183
0,0,0.48737574
1,1,0.50668275
0,0,0.37017834
1,0,0.49997193
0,1,0.5599322
0,1,0.5772812
0,1,0.50209713
0,1,0.6221586
0,1,0.54239243
0,1,0.5480919
0,0,0.47317114
0,0,0.36938584
0,1,0.5521449
1,1,0.5320069
0,0,0.4588681
1,1,0.5856174
0,0,0.4711902
0,0,0.4216357
0,0,0.47914687
0,0,0.47326133
0,0,0.49342328
0,0,0.47267738
0,0,0.44737288
0,1,0.5601906
1,0,0.3497017
0,0,0.31709123
0,1,0.5153591
0,1,0.50056547
1,0,0.4934849
1,1,0.5364288
0,0,0.44979867
0,1,0.53677857
0,1,0.5547724
0,0,0.37087896
0,1,0.54089904
1,0,0.26628175
0,1,0.56617326
1,1,0.53788203
0,0,0.46723017
0,0,0.46944585
1,1,0.5347999
1,1,0.5828963
0,0,0.49383527
0,1,0.61736184
0,0,0.33353758
0,1,0.56149507
0,1,0.52768415
0,0,0.46985784
0,0,0.46921495
0,1,0.5753443
0,0,0.4545254
0,0,0.48987138
0,0,0.47230637
1,0,0.48781806
0,0,0.45128378
0,0,0.4922438
0,0,0.45816147
0,0,0.39832455
0,1,0.5057066
1,1,0.5228863
1,0,0.42720333
0,0,0.30688167
0,0,0.44598997
1,1,0.6376048
0,1,0.5891967
0,0,0.25305545
0,1,0.50883484
1,0,0.46096325
0,0,0.38554958
1,0,0.45994076
0,0,0.42139652
0,0,0.49177814
0,0,0.41065073
0,0,0.47208247
0,0,0.29769385
0,1,0.6250925
0,1,0.5964206
0,0,0.48732305
0,1,0.5402437
1,0,0.46970242
0,0,0.46534356
0,0,0.23904246
0,0,0.44286662
0,0,0.4218394
0,0,0.38546586
0,0,0.44412148
1,1,0.5216694
0,0,0.46882784
0,1,0.579378
0,1,0.5354271
0,0,0.48025832
0,0,0.46712118
1,0,0.39904535
0,0,0.4789336
0,1,0.5426553
1,0,0.45363307
0,0,0.4432749
1,1,0.57768357
1,0,0.41313
1,1,0.574804
0,0,0.46724185
0,0,0.49149227
0,0,0.484262
0,0,0.47244236
1,0,0.48375586
0,0,0.42495477
0,1,0.5072989
1,1,0.51242936
0,0,0.2979287
0,0,0.4818949
0,0,0.45253882
0,0,0.4492075
0,0,0.45611694
1,1,0.63893926
0,1,0.5156119
0,1,0.51463425
0,0,0.48580396
0,0,0.48852146
1,0,0.4326171
0,0,0.4228515
0,0,0.45291057
0,0,0.30444017
0,0,0.47750127
0,0,0.40259373
0,0,0.4662497
0,0,0.4638426
0,1,0.5191247
0,0,0.49886382
0,0,0.27684495
0,1,0.5274969
0,0,0.46331918
1,0,0.48103166
0,0,0.37957346
0,0,0.3785624
0,1,0.5763917
0,0,0.45806512
0,1,0.5369546
0,1,0.5331235
0,1,0.5189966
0,0,0.45049575
0,0,0.43905318
0,0,0.38401243
0,1,0.51583326
0,0,0.47979507
0,0,0.437324
0,1,0.5480003
0,0,0.48588878
1,1,0.56224626
0,0,0.24639978
0,0,0.43165368
0,1,0.5543594
0,1,0.5240889
0,0,0.4856739
0,0,0.373843
0,0,0.30684263
0,1,0.5974705
0,0,0.48699766
0,0,0.4255853
0,0,0.4854609
0,1,0.54423654
1,0,0.40371525
0,0,0.49218634
0,0,0.47432995
0,0,0.46814677
0,1,0.5923791
0,1,0.5143385
0,0,0.4343604
1,1,0.5518165
0,1,0.5068954
0,1,0.5857815
0,0,0.34692144
1,0,0.421959
0,0,0.43166938
0,0,0.4449511
0,0,0.43693775
0,0,0.45643595
1,1,0.6066241
0,0,0.46081105
0,1,0.5354601
0,0,0.4956783
0,0,0.48789465
0,0,0.49122405
0,0,0.4995109
0,0,0.47174355
0,0,0.46637803
0,0,0.4369663
0,1,0.62703574
0,0,0.41991535
0,0,0.47833604
0,0,0.49695122
0,0,0.46751383
0,0,0.47772256
0,0,0.48172536
0,1,0.64130294
0,0,0.4930723
0,1,0.5285028
0,0,0.45018697
0,0,0.47969326
0,0,0.49309075
0,1,0.523558
1,1,0.5093541
1,1,0.5018675
0,0,0.45161104
0,0,0.4346281
0,1,0.50166464
0,1,0.5140701
1,0,0.4734361
0,1,0.5207052
0,1,0.5116889
0,0,0.47350016
0,0,0.49657458
0,0,0.46997365
0,0,0.39932546
1,1,0.56396675
1,1,0.5224917
0,1,0.5518945
0,0,0.2974702
0,1,0.56326354
1,0,0.41540697
0,1,0.5023541
0,1,0.54753387
0,1,0.5323155
0,0,0.44685194
0,1,0.5372614
0,0,0.4946675
0,0,0.49595183
0,1,0.64196986
0,0,0.4545503
0,1,0.55609095
1,1,0.53474796
0,0,0.35145864
0,0,0.45848292
0,0,0.37570217
0,0,0.31913483
1,1,0.5327829
0,0,0.35560113
0,0,0.49438286
0,1,0.5426745
1,0,0.41603568
0,0,0.46057242
0,0,0.48813105
0,0,0.4673036
1,1,0.51333064
0,0,0.4699973
0,0,0.4045992
0,1,0.5199514
0,0,0.37885132
0,0,0.31561828
0,0,0.40981492
0,0,0.46544343
0,0,0.48524055
0,0,0.49475193
1,0,0.49233386
1,0,0.48289204
0,0,0.49073058
0,0,0.48852146
0,1,0.5390849
0,1,0.559291
0,1,0.5308473
0,0,0.46906903
0,0,0.48115748
0,0,0.46661058
0,0,0.36371168
1,0,0.49662018
0,1,0.5121612
1,1,0.53027934
0,1,0.5710119
0,0,0.48356333
0,1,0.5592279
0,0,0.4195078
0,0,0.4176545
0,0,0.36162892
0,0,0.43689474
0,0,0.41620553
0,0,0.4903217
0,0,0.4347263
0,1,0.5274718
0,0,0.4977467
0,0,0.4421445
0,0,0.46616504
0,0,0.320197
0,0,0.43443787
0,1,0.6292663
0,1,0.6008913
0,0,0.48827097
0,0,0.42559293
0,0,0.45393577
0,0,0.43537468
1,0,0.40088442
0,1,0.5972683
0,1,0.5288961
0,0,0.38063863
0,1,0.56224823
0,0,0.46729985
0,0,0.44351032
0,0,0.4694218
0,1,0.590822
0,0,0.49876353
1,0,0.49262533
0,0,0.41556376
0,0,0.49432054
0,1,0.50365746
0,0,0.49925512
0,0,0.41358534
0,1,0.6124799
1,1,0.5109647
1,0,0.48933417
1,1,0.5492698
0,1,0.53388065
0,0,0.48900163
0,0,0.45785952
0,0,0.4849733
0,1,0.50277174
0,0,0.47353747
0,0,0.4738094
0,1,0.64027554
0,0,0.45986155
0,1,0.58770144
0,1,0.55078715
1,0,0.28748134
0,0,0.48285547
1,0,0.4635886
1,0,0.43877274
0,0,0.4551838
0,1,0.5030536
1,0,0.43027344
0,1,0.56663305
0,0,0.46441165
0,1,0.5637837
0,0,0.42976868
1,1,0.5624715
0,0,0.30971062
0,1,0.56342936
0,1,0.56095123
0,0,0.46296808
0,0,0.4509798
1,0,0.37182972
0,0,0.46730083
0,0,0.41127726
1,1,0.5785519
0,0,0.278382
0,1,0.5841538
0,1,0.55740047
0,0,0.4921338
0,1,0.51090366
0,0,0.45805827
0,1,0.5270661
0,1,0.57068837
0,1,0.554299
0,0,0.27831373
0,1,0.5028671
0,0,0.48142844
1,1,0.5993361
0,1,0.50793976
0,1,0.5467663
0,0,0.41092634
0,0,0.49184224
0,1,0.52113223
0,0,0.45865282
0,0,0.49328336
0,1,0.5418988
1,0,0.49688616
0,0,0.41939834
1,1,0.53031194
0,0,0.4575673
0,0,0.49473634
0,1,0.5149966
0,1,0.50396574
1,1,0.5196346
0,0,0.49060372
0,0,0.48004487
0,0,0.3815265
0,0,0.35441023
0,1,0.54653245
0,0,0.29487175
0,1,0.5279669
1,0,0.40721112
0,1,0.5516074
0,0,0.4326492
1,0,0.49959952
0,0,0.37859914
0,1,0.5590406
0,1,0.52747446
0,1,0.5816102
0,0,0.47978467
0,1,0.5136785
0,0,0.46867257
0,1,0.5115363
0,0,0.44534966
0,0,0.49817374
0,1,0.60675496
0,0,0.4679084
1,0,0.4689269
0,1,0.5181417
0,0,0.46974635
0,0,0.49328503
0,0,0.4925358
0,0,0.3968728
0,1,0.5147735
0,0,0.4105642
0,0,0.39732212
0,0,0.4421812
1,1,0.5118981
0,0,0.41794935
0,1,0.5194267
1,0,0.44995734
0,0,0.46044207
0,0,0.21462019
0,0,0.49119052
1,0,0.44489464
1,1,0.66678005
1,1,0.63545966
0,0,0.456261
0,0,0.3552605
0,0,0.48523206
0,0,0.44982055
0,1,0.53224474
0,1,0.50797284
0,0,0.4676019
0,1,0.53739464
0,0,0.45910877
1,1,0.50294197
0,0,0.48417106
0,1,0.5061835
0,0,0.4421305
1,0,0.28070915
0,0,0.30996653
0,0,0.30180544
1,0,0.4740013
0,0,0.46021217
0,0,0.46021006
0,0,0.47796217
1,0,0.4876938
0,0,0.33952904
1,0,0.46518666
1,0,0.42710254
0,1,0.5169082
0,1,0.56589293
0,0,0.30518696
1,0,0.4981248
0,0,0.49622208
0,0,0.39354992
0,0,0.4292418
0,0,0.47471878
1,1,0.50384086
1,1,0.5385628
0,0,0.451842
0,0,0.43154868
0,1,0.5013038
0,1,0.5033909
0,0,0.46711254
0,0,0.4262058
0,0,0.49437746
0,1,0.5129512
0,0,0.48527822
0,0,0.47225752
0,1,0.5453922
0,0,0.46533978
0,1,0.89049435
1,0,0.47327963
0,0,0.48712435
0,1,0.55884486
0,0,0.49838623
0,0,0.45491225
0,0,0.48806912
1,1,0.5469177
0,1,0.6009854
0,0,0.4670645
0,0,0.473113
0,0,0.47875166
0,0,0.37133083
0,0,0.40334347
0,0,0.4582102
1,1,0.5105704
0,1,0.51844597
1,1,0.605054
0,0,0.49958527
0,1,0.5661926
0,0,0.37148574
0,1,0.5195408
0,0,0.20039475
1,1,0.5402868
0,0,0.44557914
1,0,0.47343126
1,0,0.4697688
0,0,0.44285205
0,0,0.31190512
0,0,0.35812178
0,0,0.4634451
1,0,0.4903929
0,0,0.40669015
1,1,0.53078634
0,1,0.51215655
0,0,0.37988263
0,0,0.45405367
0,0,0.47253066
0,0,0.36889794
0,1,0.61921763
0,0,0.47177562
0,0,0.48658028
0,0,0.4757506
0,0,0.41884628
0,0,0.43476605
1,0,0.49935967
0,0,0.309865
0,1,0.55167127
0,0,0.45522693
0,0,0.4758953
0,0,0.4975376
0,0,0.38612488
0,0,0.41002148
0,0,0.48552203
1,1,0.5568057
0,1,0.6450141
0,0,0.44171825
0,1,0.50914633
0,0,0.4785277
0,1,0.5169256
0,0,0.488654
0,0,0.48873672
0,0,0.46005464
0,1,0.56735003
0,0,0.49188292
0,0,0.46062574
0,0,0.46857768
0,1,0.5500162
0,0,0.43758768
0,1,0.5016605
0,1,0.6194569
0,0,0.39922342
1,1,0.58818793
1,0,0.44742376
0,0,0.48899892
0,0,0.28256407
0,0,0.49080363
0,1,0.6337904
0,0,0.45718715
1,1,0.53796715
1,0,0.49008396
1,0,0.48365948
0,0,0.454164
0,0,0.410888
0,0,0.42957425
0,0,0.4826637
0,0,0.44934192
0,0,0.34357676
0,0,0.48150945
1,1,0.61719805
0,0,0.4456757
0,0,0.36541787
0,0,0.38170564
0,0,0.47639826
0,0,0.37691996
0,1,0.5142792
1,0,0.48697934
0,0,0.39654633
0,0,0.41962972
1,1,0.55090046
0,1,0.5054155
0,0,0.4582014
0,0,0.48852146
0,0,0.457603
0,0,0.49725965
0,0,0.38448772
1,1,0.62934774
0,0,0.48971173
0,1,0.6412396
0,0,0.48017526
0,0,0.46100238
1,1,0.54287446
0,0,0.39029768
0,1,0.5348888
0,0,0.48093635
0,1,0.52733004
1,0,0.49300143
0,0,0.47382292
1,1,0.50616163
0,0,0.4258916
0,1,0.52319825
0,0,0.49118778
0,0,0.44700444
0,0,0.49871048
0,0,0.4964415
0,1,0.5099846
0,0,0.47719103
0,0,0.4569349
0,1,0.50115776
0,0,0.41819865
0,1,0.51951087
0,0,0.49507952
0,0,0.29574624
0,1,0.5012112
1,1,0.58450997
0,0,0.45278105
0,0,0.46866438
0,0,0.481707
0,0,0.46409
0,0,0.44758922
0,0,0.27250972
0,0,0.4727696
1,0,0.42252278
0,0,0.3062373
0,0,0.3976003
1,1,0.5342886
0,1,0.5036784
0,1,0.54811776
0,0,0.45929396
0,1,0.5153795
1,0,0.44902965
0,1,0.5353
1,0,0.4500468
0,1,0.5085137
0,0,0.4604624
0,1,0.51163286
0,0,0.47461325
0,0,0.42019314
0,0,0.40543664
0,0,0.47583383
0,0,0.45288405
1,1,0.50817525
0,1,0.5446289
0,1,0.5876357
0,0,0.45891845
0,0,0.48678312
0,0,0.37442553
0,1,0.5635926
0,0,0.33200547
1,0,0.49986464
0,1,0.50580424
0,0,0.47905567
1,0,0.49640357
1,1,0.5164931
0,0,0.37528914
0,0,0.49478102
0,0,0.42396683
1,0,0.4974182
1,1,0.52795476
0,1,0.5483065
0,0,0.4218869
1,0,0.42529756
0,0,0.43793973
0,1,0.5017442
1,0,0.4550539
0,1,0.58362955
0,1,0.58708334
0,0,0.49884546
0,1,0.515128
0,0,0.48803788
0,0,0.48278555
1,0,0.4988683
0,0,0.47073275
0,0,0.49293488
0,0,0.47251606
0,0,0.4212741
1,0,0.42828128
1,0,0.364945
0,0,0.47879744
0,1,0.623573
0,1,0.5929701
0,0,0.49823284
0,1,0.62944394
0,1,0.51014054
0,1,0.5413756
0,1,0.5104041
0,1,0.51247936
1,0,0.4662236
0,0,0.4802962
1,0,0.4756294
0,1,0.5464713
0,0,0.30596867
1,1,0.6096932
0,0,0.4107358
0,0,0.38439468
0,1,0.50735193
0,0,0.46634036
1,1,0.5530559
0,0,0.44933268
0,1,0.5063036
0,1,0.5699475
0,1,0.55497104
0,1,0.5475323
0,0,0.47806567
0,0,0.45234054
0,0,0.3926143
0,1,0.50491494
0,0,0.4551258
0,0,0.24150422
0,0,0.4674362
0,0,0.46798962
0,0,0.45909664
0,1,0.547851
0,0,0.4705823
0,0,0.4772589
0,1,0.56787133
0,0,0.48767844
0,0,0.38319144
0,0,0.46073782
1,0,0.45776546
0,0,0.47440052
0,0,0.4812967
1,0,0.48416117
0,0,0.47556216
0,0,0.38204587
0,0,0.41130018
0,0,0.49875385
0,0,0.47889516
0,1,0.50969946
0,0,0.4506437
0,1,0.5442127
0,0,0.33404657
0,1,0.637649
0,0,0.45814002
0,0,0.48828542
0,1,0.5684727
1,0,0.46657363
0,1,0.56773627
0,0,0.47746974
0,0,0.4836248
1,0,0.4682035
0,0,0.49974757
0,0,0.32672417
0,0,0.44648898
0,0,0.40520284
0,0,0.47851425
0,0,0.45862418
0,1,0.6491844
0,0,0.49179882
0,0,0.46754318
0,1,0.6156088
0,1,0.57700753
0,0,0.46275696
0,0,0.44642577
0,0,0.48123714
0,0,0.47359228
0,1,0.6245763
0,1,0.54292226
0,0,0.33250797
1,1,0.5487347
0,1,0.5089993
1,1,0.5783536
0,0,0.47450316
0,1,0.52258986
0,0,0.45814598
0,0,0.4885717
0,0,0.46475738
0,1,0.5680765
0,0,0.40600458
0,0,0.3767514
0,1,0.5701291
0,1,0.74328196
0,1,0.54639286
0,0,0.49655804
0,1,0.50369084
1,1,0.5400603
1,1,0.52457935
0,1,0.53455806
1,1,0.5282229
0,1,0.5110135
0,0,0.25216964
0,0,0.28120044
0,0,0.30887938
0,0,0.29924905
0,1,0.5436624
1,0,0.48616275
0,0,0.4830516
0,0,0.46218586
0,0,0.47708052
0,1,0.59284234
1,0,0.47139242
0,0,0.22052178
0,0,0.47350994
0,0,0.42702404
0,0,0.49781322
0,0,0.47759128
0,0,0.49706006
0,1,0.59570026
0,0,0.419449
0,0,0.4564245
0,1,0.5539603
1,1,0.52036786
0,0,0.42394894
0,0,0.39698473
0,1,0.55487233
0,1,0.5099866
0,0,0.48542145
0,0,0.49786046
0,0,0.48954147
0,1,0.57402444
0,1,0.62135655
1,0,0.45422804
0,1,0.5074239
0,1,0.50770706
0,0,0.48420903
0,1,0.600309
1,0,0.48848754
0,0,0.33645648
0,0,0.4813461
0,1,0.61969703
0,0,0.33721176
0,1,0.63688236
0,0,0.49125546
0,0,0.31617424
0,1,0.52597153
0,1,0.5559131
0,0,0.38214833
1,1,0.5454568
1,1,0.5089108
1,0,0.43489698
1,0,0.47984743
0,1,0.60395217
0,0,0.48442987
0,1,0.5460974
0,0,0.46005383
0,0,0.29218656
0,1,0.51624227
0,0,0.49364534
0,0,0.473387
0,0,0.44710535
0,0,0.47805074
0,1,0.52159333
0,1,0.5125348
0,0,0.4910511
0,1,0.64735585
0,0,0.465009
0,0,0.4539802
0,0,0.4847589
1,0,0.47644
0,1,0.6621677
0,0,0.4712584
1,0,0.38720113
0,0,0.40293193
1,1,0.5489877
0,1,0.52468854
0,1,0.5665548
0,0,0.49309072
0,0,0.4651745
0,1,0.6158539
0,0,0.39352477
0,1,0.5164713
0,0,0.4640868
0,1,0.5702161
0,0,0.3800161
0,0,0.45900178
0,0,0.42185077
0,0,0.42258495
1,1,0.5643652
0,1,0.5384661
0,0,0.45029637
1,0,0.462741
1,0,0.46189192
0,0,0.40507177
0,0,0.4724258
0,0,0.37479863
0,1,0.5145633
0,0,0.3070617
0,0,0.47963893
0,0,0.42984965
1,1,0.6486247
0,0,0.4593074
0,1,0.55788434
0,0,0.23862325
1,1,0.5343479
0,1,0.514198
0,1,0.55502343
0,1,0.50648683
0,1,0.62349343
0,1,0.5733918
0,0,0.44939193
0,1,0.5245163
0,0,0.47275284
0,0,0.47475472
1,0,0.47148108
0,0,0.4864255
0,0,0.3717551
0,0,0.3407337
0,0,0.4978061
0,1,0.53919023
0,0,0.4703184
0,0,0.4725884
0,0,0.43912974
0,0,0.3181353
0,0,0.3734382
0,1,0.57569474
0,0,0.37173468
0,1,0.6376171
0,0,0.49373412
0,0,0.31456032
1,1,0.56818557
0,0,0.49220157
0,0,0.37528625
1,0,0.30000436
0,1,0.56386906
0,1,0.54298556
0,1,0.5487226
1,0,0.48934415
0,0,0.48004305
0,0,0.4594479
0,0,0.49820766
0,0,0.40664375
0,0,0.4689973
0,0,0.3401957
1,0,0.46294144
0,0,0.45494416
0,1,0.5597115
0,1,0.51555514
0,1,0.6251234
0,1,0.5163644
0,0,0.29469097
0,0,0.44197652
0,0,0.48322776
1,1,0.57119215
1,0,0.48932803
0,0,0.47596687
1,0,0.4850749
0,1,0.5756588
0,0,0.4698898
0,0,0.48161045
0,1,0.5069445
0,0,0.4705192
0,0,0.45069268
0,0,0.4232479
0,0,0.45760506
0,0,0.4782795
0,0,0.4689513
0,0,0.48232633
1,0,0.49990708
0,0,0.47057953
0,1,0.5825771
0,0,0.47717386
0,1,0.5573779
0,0,0.47371235
1,0,0.47929296
0,0,0.48256811
1,0,0.322967
0,0,0.4953681
1,1,0.5545469
0,1,0.5189915
0,0,0.49652776
0,1,0.5329108
0,0,0.48437265
0,1,0.5059786
0,0,0.25613976
0,0,0.45868918
0,0,0.44995382
0,0,0.46495986
0,0,0.49082473
1,0,0.4426995
0,0,0.48093098
1,0,0.48129287
0,1,0.56668013
0,1,0.50213253
0,1,0.584072
1,1,0.5667365
1,0,0.48397937
1,0,0.48075324
0,0,0.45196527
1,0,0.4422491
1,1,0.6056517
0,0,0.49279416
0,0,0.47093147
0,0,0.39292318
0,0,0.40772185
0,0,0.389178
0,0,0.46705034
0,1,0.5128757
0,1,0.5337353
0,0,0.4592699
0,0,0.47535098
1,1,0.6483719
0,1,0.551719
0,1,0.5027774
0,0,0.47695005
0,0,0.49646708
0,1,0.5694142
1,0,0.4651116
1,0,0.4708228
1,0,0.3520905
0,0,0.39206883
0,1,0.5517301
0,0,0.48546246
0,1,0.5011226
0,1,0.52599794
0,1,0.64002043
1,0,0.4730291
0,0,0.4536587
0,0,0.42802486
0,0,0.47962597
0,0,0.3048123
0,0,0.453288
0,0,0.46234733
0,1,0.61561966
0,0,0.4777124
1,1,0.5716781
0,1,0.5161376
1,1,0.5136496
0,1,0.5751436
0,0,0.47019064
0,1,0.55425256
1,1,0.5240517
0,0,0.36729226
0,0,0.4271206
0,0,0.4466852
1,1,0.5899452
0,0,0.46166754
0,1,0.5449356
0,0,0.43886495
1,1,0.5225725
1,0,0.47959372
0,0,0.47630155
0,0,0.471188
1,0,0.49376887
0,0,0.49130046
0,1,0.5013064
0,1,0.53492755
1,1,0.5719483
1,0,0.49030176
1,0,0.4926204
1,0,0.48894653
0,0,0.4802586
0,0,0.47181144
0,1,0.50829536
0,0,0.42397365
0,0,0.46625462
0,0,0.4741553
1,0,0.45404583
0,0,0.4533108
0,1,0.560859
0,0,0.2750586
0,1,0.5871266
0,0,0.4222831
0,0,0.4815764
1,0,0.48392773
1,1,0.50675976
0,0,0.4376716
0,0,0.4437975
0,1,0.5601663
0,0,0.41614237
0,0,0.48230702
0,0,0.4501531
0,0,0.45954424
0,0,0.45769736
0,0,0.44939673
0,1,0.51315343
0,0,0.47624055
0,0,0.3776878
1,0,0.43991995
1,0,0.4738157
0,0,0.495694
1,1,0.5924637
0,0,0.42960542
0,0,0.3412779
1,0,0.45270252
0,1,0.51817596
0,0,0.49402666
1,0,0.4274231
0,1,0.56808406
0,0,0.4781009
1,1,0.5105772
0,0,0.41589096
0,0,0.46359766
0,0,0.45562962
1,0,0.4738665
1,1,0.5625916
0,0,0.47124413
0,0,0.49212098
0,0,0.25502613
0,1,0.5218491
0,1,0.5112224
0,1,0.5058189
0,0,0.49192473
0,1,0.5188128
1,0,0.47622475
0,1,0.51531285
0,1,0.51762134
0,0,0.41757247
1,0,0.45675147
0,0,0.4360396
0,1,0.5067481
1,0,0.36770293
0,0,0.48430547
0,1,0.5547807
0,0,0.45841682
0,1,0.5019002
0,0,0.4817525
0,0,0.45398074
0,0,0.4885565
0,1,0.52303445
0,0,0.4224675
0,0,0.46880874
1,0,0.4308335
0,1,0.5695613
0,0,0.43871298
0,0,0.4572237
1,0,0.4977223
0,0,0.41692078
0,0,0.4660444
1,0,0.42293105
0,0,0.46055603
0,1,0.60581475
0,0,0.47602755
0,1,0.53039175
1,1,0.5884206
1,1,0.51752245
0,0,0.45237383
0,0,0.4635014
0,1,0.5206199
0,0,0.49453977
1,0,0.49345276
0,1,0.5593967
0,0,0.48147056
0,0,0.337232
0,0,0.40787378
1,0,0.4694035
0,0,0.33893505
0,1,0.54394656
0,0,0.4764505
0,1,0.5466001
0,0,0.36806458
0,1,0.5682853
0,0,0.39169824
0,1,0.509291
0,0,0.43871424
0,0,0.42693222
0,0,0.47549006
0,1,0.51836276
0,0,0.47383392
0,0,0.4713257
0,0,0.46883333
0,0,0.4606019
0,1,0.52246565
1,1,0.50397277
0,0,0.4705897
0,0,0.49295333
0,1,0.5278494
0,0,0.43392426
0,0,0.49499372
0,0,0.3098638
1,1,0.50670266
0,0,0.45871353
0,1,0.50677955
0,0,0.4787871
0,0,0.42149433
0,1,0.5299034
0,0,0.4943918
0,0,0.42118368
0,0,0.42506945
1,0,0.4893702
0,0,0.46937835
0,0,0.41884834
0,0,0.32767335
0,1,0.56776845
1,1,0.52359486
1,1,0.5262454
1,1,0.5318915
0,1,0.5786139
0,1,0.50921696
0,1,0.5472502
0,0,0.4273372
0,0,0.46554282
0,0,0.47096625
0,0,0.30623564
0,0,0.48860502
0,0,0.33170414
0,0,0.4445099
0,0,0.46315593
0,0,0.34883663
0,0,0.43684676
0,0,0.23536734
0,0,0.30074215
0,1,0.5025018
0,0,0.44156122
1,1,0.55825454
0,0,0.406606
1,1,0.61619854
0,0,0.22079754
0,1,0.6110649
0,1,0.52003205
1,1,0.5390655
0,0,0.4578
0,1,0.56352514
0,0,0.4673427
1,0,0.4739951
0,0,0.45214143
0,0,0.30417305
1,0,0.48004436
0,1,0.59600365
0,0,0.46491316
1,1,0.5169174
0,1,0.58311844
0,0,0.48756012
0,0,0.44808155
0,0,0.36613625
0,0,0.4732871
0,1,0.5021814
0,0,0.4545722
0,1,0.5064985
0,1,0.514879
0,0,0.42428148
0,1,0.5169274
1,0,0.41519263
0,0,0.45017216
0,0,0.4139456
0,0,0.23386899
0,0,0.4989487
0,1,0.6210688
1,0,0.49833354
0,1,0.5154531
0,0,0.48674232
0,0,0.43476325
0,0,0.43923298
0,0,0.46914324
0,1,0.62120026
0,0,0.4613653
0,0,0.38898975
0,1,0.55224377
1,0,0.48499697
0,0,0.47833362
0,1,0.5596329
0,0,0.4681588
0,0,0.4058886
0,0,0.47799557
0,0,0.4215348
0,0,0.49931866
1,1,0.5195918
0,0,0.345497
1,1,0.585035
0,1,0.5165936
0,0,0.48281994
0,0,0.46880636
0,1,0.5420814
0,0,0.31664047
0,1,0.53537345
0,0,0.46535566
0,1,0.56190586
0,0,0.43172243
1,0,0.47835314
0,1,0.526414
0,0,0.46556652
1,0,0.49563536
1,0,0.45684192
0,0,0.42170855
0,0,0.40456966
0,0,0.49299762
1,1,0.5011254
1,0,0.48889413
0,0,0.48536736
0,0,0.47919813
0,0,0.40996024
0,1,0.51186997
0,0,0.3744689
0,0,0.46161494
0,0,0.38944465
0,1,0.5844641
1,1,0.5108133
0,0,0.24172315
0,0,0.1789725
0,0,0.4748956
0,0,0.4402311
1,1,0.52251226
1,1,0.5080932
0,0,0.4482904
0,1,0.5042004
0,1,0.6344703
0,0,0.4495495
1,0,0.48792636
0,1,0.63382375
0,1,0.5447124
1,1,0.59447616
0,1,0.5256622
1,1,0.5410975
0,1,0.514716
1,0,0.4630334
0,1,0.5795763
0,1,0.50794184
0,0,0.46801043
0,1,0.50094944
1,1,0.5373403
0,0,0.4092546
0,1,0.52115124
0,0,0.45751607
0,0,0.47373885
1,1,0.5525194
0,1,0.50190276
0,0,0.3462106
0,1,0.5076917
0,0,0.42618248
0,0,0.48930156
0,1,0.5916875
0,1,0.50159246
0,1,0.59103984
1,1,0.5109014
0,0,0.43326697
0,1,0.61391485
0,1,0.52137953
0,0,0.33744925
0,1,0.51771134
0,0,0.46104863
1,1,0.6093973
0,1,0.54249465
0,1,0.50791246
0,0,0.4598862
0,0,0.48314393
1,1,0.561713
0,0,0.42238694
0,1,0.59249485
0,0,0.419817
0,0,0.31556115
0,0,0.47459885
0,0,0.3954582
0,0,0.4900303
1,0,0.42423412
0,0,0.46178883
0,0,0.45900002
0,1,0.5694569
0,0,0.44800842
0,0,0.45421758
1,1,0.502081
0,1,0.52068794
0,1,0.50187576
0,0,0.35441563
0,0,0.47277936
0,0,0.4335582
0,1,0.50394046
0,0,0.27338457
0,1,0.5598304
0,0,0.40708596
0,0,0.47023895
0,0,0.44993818
0,0,0.4959991
1,1,0.58709395
0,0,0.45962927
0,0,0.45708498
0,0,0.4762462
0,0,0.31930485
0,1,0.53652096
0,1,0.5551699
0,0,0.4745544
0,0,0.35060707
0,0,0.4752182
0,0,0.48131484
1,0,0.4877365
0,0,0.4986613
0,0,0.4702462
0,1,0.5612376
0,0,0.40721777
0,1,0.5481941
0,0,0.48439094
0,0,0.48912355
0,1,0.5818514
1,1,0.6058692
0,1,0.5769154
0,0,0.44206592
0,0,0.498224
0,0,0.4864559
0,0,0.4369437
0,0,0.4904148
0,0,0.4550704
0,1,0.5624394
0,1,0.50157994
0,0,0.45107454
1,0,0.43664736
0,0,0.49866742
0,1,0.5496561
0,0,0.40911284
0,0,0.39640442
1,0,0.4779631
0,1,0.5518569
0,0,0.4952559
0,0,0.2797739
0,1,0.516601
0,1,0.5023859
0,0,0.42146027
0,0,0.43775502
0,0,0.48614025
0,0,0.31087476
0,0,0.4931401
0,0,0.42789498
0,1,0.5184283
0,1,0.55357546
0,1,0.525968
0,1,0.68794674
0,0,0.48062107
0,0,0.32216015
0,1,0.5456468
0,0,0.454338
0,0,0.4098932
0,0,0.3855039
0,0,0.49524343
0,0,0.43133327
0,0,0.4386088
0,0,0.44543275
0,1,0.5136283
0,0,0.46458626
0,1,0.5507718
0,0,0.4445999
0,1,0.55999124
0,0,0.46874622
1,0,0.4654366
1,1,0.5154291
0,0,0.47529897
0,1,0.50236714
0,1,0.54448223
1,1,0.62534064
1,0,0.49893677
0,0,0.44790334
0,0,0.2930353
1,1,0.50216585
1,1,0.5029012
0,0,0.4536549
0,1,0.51048577
1,1,0.5320463
1,1,0.52552307
0,0,0.46998602
0,0,0.41436005
1,1,0.60516095
0,1,0.56265813
0,1,0.5236553
0,0,0.49442106
0,0,0.3517834
0,1,0.66847926
0,0,0.45212486
0,0,0.41447613
0,0,0.4500873
0,1,0.576179
0,0,0.4829107
0,0,0.45418316
1,1,0.5286964
1,1,0.5635575
0,0,0.46031666
0,1,0.6128148
0,1,0.5480414
0,0,0.46768036
0,0,0.47632203
0,0,0.4726218
0,0,0.42164207
0,0,0.48441932
1,1,0.51256824
0,1,0.5213709
1,1,0.57483333
0,0,0.4593063
0,0,0.45156673
0,1,0.56923795
0,0,0.46654528
0,1,0.5562548
1,1,0.5151797
0,0,0.47910002
0,1,0.5681873
0,0,0.29421142
0,1,0.50476545
0,0,0.404765
0,1,0.6440471
1,1,0.5786409
0,1,0.59805167
0,0,0.47177136
1,1,0.50413823
0,0,0.48526344
0,1,0.55301076
1,1,0.55622154
0,0,0.3295085
0,0,0.4329404
0,0,0.3695505
0,0,0.40830886
0,0,0.46598986
0,1,0.60516894
0,1,0.6268188
1,1,0.6233043
1,0,0.24973996
0,1,0.51880187
0,0,0.4794464
0,0,0.47620162
1,0,0.49961627
0,0,0.4616443
0,1,0.53779185
0,1,0.54703015
0,1,0.6196253
0,0,0.25614658
0,0,0.46362597
0,0,0.46258858
1,1,0.58975405
0,1,0.6269298
0,1,0.5567476
1,1,0.57939833
0,0,0.46440104
0,0,0.49000028
1,0,0.3431793
0,0,0.47770044
0,0,0.32591504
0,0,0.46326
1,0,0.47450194
0,1,0.5505219
0,0,0.25806254
0,1,0.5205389
0,0,0.36493084
0,0,0.44420078
0,0,0.4571731
0,0,0.4778131
0,0,0.4815701
0,0,0.431208
1,0,0.46406114
0,0,0.4549257
0,1,0.51147187
0,0,0.468044
1,0,0.4928646
1,1,0.5438718
1,1,0.5072404
0,0,0.44307914
0,1,0.55421925
1,0,0.4864386
0,0,0.35732862
0,0,0.427929
1,0,0.49061224
1,1,0.57503796
1,1,0.65127265
0,1,0.51072013
0,0,0.26832977
0,0,0.47379732
0,0,0.46879295
0,0,0.46439752
0,0,0.33341676
0,0,0.3169257
0,0,0.4327989
1,1,0.54288584
1,1,0.62408507
0,0,0.49706304
0,0,0.44148582
0,0,0.35284382
1,1,0.5811021
0,0,0.465211
0,0,0.48346543
0,0,0.4990639
0,0,0.3996615
1,0,0.49617466
0,0,0.47670078
0,0,0.49211657
0,1,0.590353
0,0,0.48849386
0,1,0.5681844
0,0,0.46418202
0,0,0.42379743
1,0,0.4857201
0,1,0.5372704
0,1,0.512279
0,0,0.47572303
0,0,0.42940986
1,1,0.59728736
0,1,0.53059566
0,1,0.51707476
0,1,0.5774909
1,0,0.44122052
1,1,0.51462305
0,1,0.5544855
0,0,0.39494666
1,1,0.57199454
0,1,0.5507729
0,1,0.56696004
0,1,0.5937505
0,0,0.48066023
0,0,0.4060054
0,1,0.64448345
0,1,0.5414337
0,0,0.44860157
0,0,0.43574652
1,0,0.30676103
0,0,0.47331288
0,0,0.48986486
0,0,0.42545262
0,1,0.5168017
0,1,0.6647977
0,1,0.5573452
0,0,0.47232437
0,1,0.5761483
1,0,0.4498312
0,0,0.48835856
0,0,0.4327507
0,0,0.4971384
0,0,0.46111035
0,0,0.47903898
0,0,0.43744773
0,0,0.4317256
0,1,0.5376532
0,0,0.41930395
0,0,0.47334823
0,1,0.6080259
0,0,0.41286516
0,0,0.3595868
0,1,0.53983915
0,1,0.52022207
0,0,0.48087797
0,0,0.41762942
0,0,0.47090948
0,1,0.5646733
0,0,0.39539808
1,0,0.49375412
0,1,0.59399784
0,0,0.4767311
0,1,0.5445325
0,0,0.4368582
0,0,0.49903175
1,0,0.48627612
0,0,0.4827253
0,0,0.43744022
0,0,0.2844829
0,1,0.54944223
0,0,0.3290524
0,0,0.44229832
1,0,0.45333588
0,1,0.50879437
0,1,0.57157135
0,0,0.46307835
0,0,0.45745638
1,0,0.4975918
0,1,0.577077
0,0,0.40561056
0,0,0.47532728
0,1,0.543034
0,1,0.5164915
0,1,0.58310765
0,0,0.498405
0,0,0.27152303
0,0,0.44916704
0,1,0.5221342
0,0,0.4855187
0,1,0.6331832
0,0,0.48418215
0,1,0.51638
0,1,0.55007887
0,0,0.39863643
0,0,0.47285318
1,0,0.4990717
1,0,0.44638714
0,0,0.4742004
0,0,0.49110246
1,0,0.4639574
0,0,0.46418712
0,1,0.5881508
0,0,0.48663464
0,0,0.47659627
0,0,0.33406472
0,1,0.5166776
0,0,0.4837404
0,0,0.47201756
0,0,0.45526895
1,0,0.45234776
0,1,0.506131
0,1,0.5294743
0,0,0.48878643
0,0,0.4846406
0,1,0.5768263
0,0,0.43657848
0,0,0.48878404
0,0,0.43673334
0,1,0.5576073
1,0,0.40512043
0,0,0.44739586
1,0,0.29567364
1,0,0.47088802
0,0,0.41735795
0,0,0.42313838
0,1,0.5566927
0,0,0.41479245
0,0,0.49911767
0,0,0.3476286
0,1,0.51063013
1,0,0.42084253
1,0,0.46525842
0,0,0.3601421
0,0,0.41663045
0,0,0.4606072
0,0,0.40399453
0,0,0.4821002
0,0,0.4972101
0,0,0.42190588
0,0,0.453962
0,0,0.29710642
0,1,0.51587296
0,0,0.49698213
0,0,0.4535486
0,0,0.23784846
0,0,0.27796116
0,0,0.46971354
0,0,0.4543965
0,0,0.49153402
0,0,0.49213263
1,1,0.51182413
1,0,0.47538257
1,1,0.5090562
0,1,0.5635536
0,1,0.5017347
0,0,0.48346984
0,0,0.36386612
0,0,0.47629613
0,1,0.5586173
0,0,0.42944717
0,0,0.4765323
1,1,0.6370714
0,0,0.29083964
0,0,0.41248223
0,0,0.46347964
0,0,0.48129904
0,0,0.38578984
0,0,0.49002793
1,0,0.48231456
0,0,0.43490896
0,1,0.6174383
1,1,0.5336676
0,1,0.54739684
0,0,0.48512027
0,0,0.4783482
1,0,0.36775917
0,0,0.3285212
0,0,0.49887124
0,0,0.44067183
0,1,0.510664
0,1,0.50219196
0,0,0.4610963
0,1,0.529653
0,1,0.50669146
0,0,0.47920358
0,1,0.5134612
0,1,0.5307305
0,0,0.35028857
0,0,0.39883474
0,0,0.44997007
0,0,0.48040804
0,0,0.4016018
0,1,0.67459136
1,1,0.5028057
0,0,0.44299302
0,1,0.5090397
0,0,0.3839471
0,1,0.50071293
0,0,0.46731997
0,0,0.36923897
0,1,0.59383035
0,0,0.3933082
0,0,0.47592035
0,1,0.5053991
0,0,0.4850012
1,1,0.5771652
0,1,0.52138084
1,0,0.3918699
0,0,0.4483008
0,1,0.5705682
0,0,0.41727284
0,1,0.55737185
0,0,0.3849689
1,1,0.524024
0,0,0.49862024
0,0,0.49130666
1,1,0.6351832
0,1,0.5090165
0,0,0.47524917
0,0,0.47022516
0,0,0.46384832
0,0,0.46728593
0,1,0.5587383
0,0,0.46117395
0,0,0.41812417
0,1,0.50767183
0,0,0.3263376
0,0,0.45339298
0,0,0.49230424
1,0,0.45682657
1,0,0.40472963
0,1,0.5420455
0,0,0.4584404
0,0,0.45283478
0,0,0.46770403
0,1,0.56234056
0,0,0.44865987
0,1,0.52640724
0,1,0.5358373
1,0,0.46395442
1,0,0.48720613
1,1,0.5631754
0,0,0.49591658
0,0,0.46682775
0,1,0.5662873
0,0,0.33870643
0,0,0.46818438
0,0,0.37705198
0,0,0.37615848
1,1,0.5996265
0,0,0.30183083
0,0,0.44898528
0,0,0.44003907
0,0,0.48773462
0,0,0.4700923
0,0,0.48799133
0,0,0.44332102
1,0,0.4293927
0,0,0.4132335
0,0,0.47605243
1,1,0.59417737
0,0,0.46058977
0,1,0.5985336
0,1,0.58823436
0,0,0.39875215
0,0,0.49116585
0,1,0.6041131
1,1,0.53501445
0,0,0.48184216
0,1,0.5359845
0,0,0.46423998
0,0,0.46912464
0,0,0.46119356
1,1,0.547277
0,0,0.35278317
0,0,0.49866122
0,1,0.5223107
0,0,0.34577504
0,0,0.47065717
0,0,0.40416405
0,1,0.59709454
1,1,0.6175014
1,1,0.5350944
0,1,0.6267289
0,0,0.42383432
0,1,0.5175746
0,0,0.3808488
0,0,0.4555322
0,0,0.48867893
0,1,0.55453444
1,0,0.4948112
0,0,0.43711394
0,1,0.5081821
0,0,0.46690932
0,1,0.59639686
1,0,0.4588747
1,1,0.63447565
0,0,0.48712116
1,0,0.49728614
0,0,0.3569143
0,0,0.42862105
0,0,0.48559362
0,1,0.5670144
1,0,0.46221876
1,1,0.5012069
0,0,0.48959383
0,0,0.35348758
0,0,0.47653857
0,1,0.6177502
0,0,0.47130767
0,1,0.5325988
0,0,0.44743875
0,1,0.55199206
0,0,0.46389765
0,0,0.4718013
1,1,0.57022613
0,0,0.39857543
1,1,0.5158215
0,0,0.33577195
0,0,0.480236
0,1,0.55812085
0,0,0.47665197
0,0,0.4978933
0,0,0.48549947
0,0,0.47451273
1,0,0.39551198
0,0,0.2915251
1,0,0.45153514
0,1,0.52612096
0,0,0.44400454
0,0,0.47947887
0,1,0.51826006
0,0,0.4612419
1,0,0.4876792
0,0,0.40698123
1,0,0.31719428
0,0,0.4275656
1,1,0.5205685
0,0,0.48341206
0,0,0.48192668
0,1,0.5791814
0,0,0.35741347
1,0,0.46316612
1,1,0.6290509
1,0,0.47758922
0,1,0.54042155
0,1,0.6046177
0,1,0.50827366
0,0,0.31539008
0,0,0.4414111
1,1,0.52564025
1,0,0.48036304
0,0,0.49229196
1,0,0.49255964
0,1,0.54313153
0,1,0.507768
0,0,0.47758546
0,0,0.49100715
0,1,0.5548402
0,0,0.45909086
1,0,0.43421578
0,0,0.47713062
0,0,0.49768496
0,0,0.49372104
1,0,0.46882078
0,0,0.4608027
0,0,0.4585354
0,1,0.54398847
0,0,0.20809506
0,1,0.5540076
0,0,0.45201796
0,0,0.43232504
0,0,0.42698047
0,1,0.5879353
0,0,0.4696491
0,0,0.49530295
0,0,0.3692748
0,0,0.49427855
0,1,0.5457011
0,0,0.2900465
0,1,0.58267283
0,0,0.3885134
0,1,0.5025209
0,1,0.5134784
0,0,0.46997574
0,1,0.53735554
0,0,0.4274156
0,0,0.40293112
0,0,0.4989811
0,1,0.6317033
0,1,0.5619734
0,1,0.6375877
0,0,0.42204377
1,1,0.5353627
0,0,0.47243413
0,1,0.57132614
0,0,0.49350446
0,0,0.26758227
0,0,0.46215913
1,1,0.56760466
0,0,0.41960567
0,1,0.51769
0,0,0.48210886
0,0,0.43432152
0,0,0.47376835
0,0,0.34333923
0,0,0.48213017
0,0,0.4810422
1,1,0.570913
0,0,0.3097629
0,0,0.45389768
0,0,0.46790698
0,1,0.52123815
0,1,0.57433003
0,0,0.49373582
0,0,0.2844257
0,1,0.5088039
0,0,0.39410555
0,1,0.57109535
0,0,0.47808337
0,1,0.52180064
0,1,0.5111339
0,0,0.45896763
0,0,0.39756903
0,1,0.53787565
0,1,0.63092417
0,0,0.45262134
0,1,0.5860075
0,0,0.32516783
0,1,0.5039199
0,0,0.49233794
0,1,0.5117912
0,0,0.44910586
1,0,0.46062088
0,0,0.4505389
0,0,0.41146562
0,0,0.39001852
0,0,0.2522893
0,1,0.5025802
0,0,0.48780558
0,0,0.48508093
1,0,0.4575904
0,0,0.4598415
0,1,0.5081389
0,1,0.5059319
0,0,0.49260017
1,1,0.58062464
0,1,0.5326016
0,1,0.5513646
0,1,0.5985725
1,0,0.48852146
0,1,0.5372872
0,0,0.497658
0,0,0.45730796
0,0,0.4941956
0,0,0.47459093
0,1,0.5063538
0,0,0.3497078
0,1,0.5271457
0,0,0.41885778
0,0,0.31346816
0,0,0.460683
0,0,0.37668887
0,0,0.4891954
0,0,0.46320602
0,0,0.46409392
1,1,0.5032601
1,1,0.5833817
0,1,0.5868684
1,0,0.4567798
1,0,0.49857253
0,0,0.42301193
0,0,0.47708967
0,0,0.33238986
1,0,0.4774871
0,0,0.4539037
0,1,0.5174332
0,1,0.5581377
0,1,0.5068208
0,0,0.43407306
0,0,0.45693374
0,1,0.53129065
0,0,0.4661103
0,0,0.32663846
0,0,0.4602043
0,0,0.42201617
1,0,0.47014138
0,1,0.5918563
0,0,0.45055273
0,0,0.464359
0,0,0.2981192
0,0,0.4786722
0,0,0.42631167
0,0,0.4252197
1,1,0.50098634
0,1,0.6042965
0,1,0.52588415
0,1,0.5780684
0,0,0.46816593
0,0,0.43848726
0,1,0.50630385
0,1,0.564717
0,0,0.48229215
0,1,0.52834576
1,0,0.4707152
0,0,0.49707434
0,1,0.5399149
0,0,0.48921448
0,0,0.4119199
0,0,0.4133127
0,1,0.5533422
0,0,0.35720482
0,0,0.45281103
0,0,0.4900199
0,0,0.41025847
0,0,0.426983
0,1,0.56533766
0,1,0.56163293
0,1,0.50391984
0,1,0.56551486
0,0,0.4830293
0,0,0.4183215
0,0,0.47107556
1,0,0.31741542
0,0,0.46238247
0,0,0.4472603
0,0,0.476162
0,0,0.4846342
0,0,0.4581764
0,0,0.42229757
0,0,0.44337735
0,0,0.44731748
0,0,0.4907331
0,0,0.4544003
0,1,0.5069697
1,0,0.3660719
0,1,0.5089076
0,1,0.5412634
0,1,0.50922424
0,0,0.47293186
0,1,0.54288954
0,1,0.6218511
0,0,0.47348335
0,0,0.4894399
1,0,0.3965848
0,1,0.6088721
0,0,0.48409003
0,0,0.4662554
0,0,0.36682588
0,0,0.38727748
0,1,0.5611181
0,0,0.35888678
0,0,0.44219786
1,0,0.44667676
0,0,0.39796337
0,1,0.6422664
0,1,0.51636004
0,1,0.5578942
0,0,0.41985896
0,1,0.51641786
0,0,0.4998512
1,1,0.5483732
0,1,0.5697394
1,1,0.58352894
0,1,0.5628979
0,0,0.4894899
0,0,0.29702047
1,0,0.44009152
0,0,0.46628556
0,0,0.46726325
0,0,0.49472225
0,0,0.48913607
1,0,0.47695222
1,1,0.6415039
0,1,0.5883852
0,0,0.4833573
0,0,0.37755972
0,0,0.4863827
0,1,0.5240948
1,1,0.52078694
0,0,0.45719606
0,0,0.43888757
0,0,0.42812365
0,0,0.45284736
0,1,0.58358693
0,0,0.4904935
0,0,0.49385965
0,0,0.43996447
1,0,0.4766874
1,0,0.49387655
0,1,0.5374105
0,1,0.5056827
0,0,0.4988599
0,0,0.44998062
0,0,0.4045581
0,0,0.40436637
1,0,0.47632253
1,1,0.5413167
0,1,0.6118272
0,1,0.51306134
0,0,0.42196277
0,0,0.428561
0,0,0.45223227
0,1,0.5410683
0,0,0.44767871
0,0,0.48299205
1,1,0.58805144
0,0,0.41393575
0,0,0.23067491
0,0,0.47259024
0,0,0.47766522
0,0,0.42209327
0,0,0.4347515
0,0,0.46807143
0,1,0.5067097
0,0,0.4917233
0,1,0.51661974
0,0,0.47810566
0,0,0.46682468
0,0,0.4453106
0,0,0.49581024
0,1,0.51106346
0,1,0.5129452
0,0,0.42308667
1,0,0.4451417
0,0,0.49581814
1,0,0.4825739
0,0,0.48092023
0,0,0.47216246
0,0,0.29488844
0,0,0.46489808
0,1,0.5643796
0,0,0.44750845
0,1,0.55053467
0,1,0.5200172
1,1,0.51713216
0,0,0.49920967
0,0,0.42448568
0,0,0.48957068
1,1,0.52119833
0,0,0.48072752
0,0,0.47356007
1,0,0.40383413
0,0,0.44572362
0,1,0.5203373
0,1,0.5827487
1,1,0.55364895
0,0,0.4644072
1,1,0.5251517
0,1,0.5031391
0,1,0.533982
0,1,0.5003013
0,0,0.45252383
1,0,0.46256277
0,0,0.47035375
0,1,0.58017963
0,0,0.47125608
0,1,0.5482299
0,1,0.5119811
0,1,0.63184756
0,0,0.46086097
0,0,0.41096646
0,0,0.40802994
0,0,0.496209
0,1,0.52875704
0,0,0.42121568
1,1,0.5022884
0,0,0.4892993
0,0,0.38661337
0,1,0.6441714
0,1,0.5662551
0,1,0.5607803
0,0,0.42288855
1,1,0.52989566
1,0,0.46957237
1,1,0.5356492
0,0,0.43698573
0,0,0.4418664
0,0,0.48185763
0,1,0.503581
0,0,0.4575538
1,0,0.26784217
0,0,0.48528805
0,0,0.43568388
1,1,0.50216943
0,0,0.37435824
0,1,0.506657
0,1,0.55322266
0,0,0.46847242
0,0,0.45377603
1,1,0.5110198
0,1,0.5399385
0,0,0.4822419
0,0,0.48333615
0,0,0.4511984
0,1,0.54666394
0,0,0.42551267
0,0,0.4768412
0,0,0.49996287
0,0,0.4974275
0,1,0.5418294
0,0,0.4808313
1,0,0.45948112
1,1,0.5752342
1,0,0.41235408
0,0,0.4504486
0,1,0.579109
0,1,0.62078995
0,0,0.33848912
0,1,0.54658294
0,0,0.48539913
0,0,0.4864845
0,0,0.4754854
0,1,0.50321096
0,0,0.40508938
0,1,0.5014
0,0,0.47477013
0,0,0.42765847
1,1,0.5650506
0,1,0.5003473
0,0,0.44024992
0,0,0.41158786
1,1,0.57836604
1,0,0.48320705
0,0,0.4766252
1,1,0.5676283
0,0,0.4119218
0,1,0.5438878
0,0,0.34799927
0,1,0.5179959
0,0,0.47882515
0,0,0.47368845
0,1,0.50583035
0,0,0.47192097
0,1,0.5103532
0,1,0.5342005
0,1,0.62744975
0,0,0.49573871
0,0,0.4254187
0,0,0.48678565
0,1,0.60118055
0,0,0.42432922
0,0,0.46042746
1,1,0.5211185
0,1,0.505338
0,1,0.5304424
1,0,0.4801199
0,0,0.4959325
0,0,0.44896546
0,0,0.4942844
0,0,0.23562895
0,0,0.46767154
0,0,0.34478036
0,0,0.40812343
0,1,0.5159055
0,1,0.50705236
0,0,0.4658143
0,0,0.47160023
0,0,0.45364574
0,1,0.5991205
0,0,0.39938283
0,0,0.39765123
0,1,0.6129197
0,0,0.44707435
0,0,0.47076875
0,0,0.420908
0,0,0.4013385
0,0,0.2694411
0,0,0.4768399
0,0,0.44950026
1,0,0.4782887
0,0,0.45623332
0,1,0.5442992
0,0,0.22916326
0,0,0.47152966
0,0,0.27571136
0,0,0.49318618
0,0,0.48934913
0,1,0.51891
0,0,0.46338987
1,0,0.42804673
0,0,0.46368122
1,0,0.44002497
1,0,0.49334022
1,1,0.50867254
0,0,0.4804785
0,0,0.42204288
1,1,0.50285906
0,0,0.4987099
0,1,0.5846432
0,0,0.46990567
0,0,0.43818545
0,0,0.4982507
0,1,0.57929313
0,0,0.47018573
0,0,0.45395008
0,0,0.44373724
0,0,0.45886412
0,1,0.56208706
1,1,0.539881
0,0,0.3763385
0,0,0.27959293
0,1,0.53524846
0,0,0.47698432
0,0,0.46942538
0,1,0.6223507
0,1,0.5290616
0,0,0.41821894
0,0,0.36724147
0,1,0.6030751
0,1,0.59548175
0,0,0.4326895
0,1,0.55075616
0,0,0.43946964
0,0,0.28979793
0,0,0.48298544
0,0,0.39281088
0,0,0.49136925
1,0,0.4858808
1,1,0.55739266
0,0,0.4447369
0,0,0.4672943
0,0,0.48852146
0,1,0.50373393
0,1,0.5100137
0,1,0.5195256
0,1,0.5060198
1,1,0.5077356
0,1,0.6781765
0,0,0.36533874
1,0,0.4654279
0,0,0.45021328
0,0,0.4487126
0,1,0.50876844
0,0,0.48582506
0,0,0.33560523
0,0,0.42790943
0,0,0.47333473
0,0,0.47927374
0,1,0.58355427
0,0,0.44923386
1,1,0.55152154
0,0,0.4824396
0,1,0.5500971
0,0,0.43991992
0,0,0.46786276
1,0,0.49123257
1,0,0.49277928
0,0,0.46136895
0,0,0.28117746
0,0,0.47714832
0,0,0.4574028
1,1,0.50550413
0,0,0.38564435
0,0,0.47111064
1,0,0.4738679
0,1,0.5535362
0,0,0.49355
0,1,0.5302978
1,0,0.47463834
1,1,0.6186624
0,0,0.43887132
1,0,0.48228264
1,1,0.579423
0,1,0.5403395
0,0,0.43090364
0,0,0.47079644
0,0,0.496793
0,0,0.34729534
0,1,0.512821
0,0,0.45703152
0,1,0.5747906
0,1,0.51929635
1,1,0.5143872
1,1,0.6415406
0,0,0.47632125
0,0,0.4697543
0,1,0.57223946
1,1,0.6351097
0,1,0.5116639
0,0,0.4447431
1,1,0.52445084
0,0,0.48428363
0,0,0.4578255
0,1,0.55021805
0,0,0.4931943
0,0,0.44855145
0,0,0.4736174
0,0,0.38955078
1,1,0.52830255
0,0,0.47116846
0,0,0.49491844
1,0,0.48565194
0,1,0.54467255
0,0,0.47971886
0,0,0.4984119
1,0,0.4679814
0,0,0.48070166
1,0,0.35487732
0,0,0.4795134
0,0,0.49707773
0,0,0.33674842
0,0,0.42788625
0,0,0.40828925
0,0,0.49042833
0,0,0.46746513
0,0,0.46148038
1,1,0.507903
0,0,0.47494003
0,1,0.54424393
0,0,0.32647264
0,1,0.521417
1,0,0.4992488
0,0,0.48606488
0,0,0.45466104
0,0,0.48682395
1,1,0.6193092
0,0,0.48946527
0,1,0.53526616
0,0,0.49856922
0,0,0.4244437
0,1,0.5160088
0,0,0.44674796
0,1,0.51223356
0,1,0.5456238
0,0,0.4773918
0,1,0.53164697
1,1,0.5091384
0,0,0.48282373
0,0,0.3549332
0,0,0.4403058
0,1,0.60252076
0,0,0.3598306
1,1,0.5036147
0,0,0.3580185
0,1,0.5398443
0,0,0.35381094
1,0,0.49471995
1,0,0.370404
1,0,0.46066582
0,1,0.5513487
0,1,0.5980424
0,0,0.45589885
1,0,0.49522433
0,0,0.49159175
1,0,0.3504252
0,0,0.28907487
0,0,0.4736272
0,0,0.48220235
0,0,0.4892797
0,0,0.37568158
0,0,0.47879133
0,0,0.4513821
0,0,0.43076766
0,0,0.3809441
0,0,0.4751517
0,0,0.41449443
0,0,0.27953675
0,1,0.5595363
0,0,0.48291337
0,0,0.456069
0,0,0.46597326
0,0,0.4049042
0,0,0.34180155
0,0,0.4543267
0,1,0.5344532
0,0,0.4638409
0,0,0.3489533
0,1,0.53470355
0,0,0.49283123
0,1,0.53848445
0,1,0.5575711
0,1,0.50459385
0,1,0.50875396
1,1,0.59475726
1,1,0.6191111
0,0,0.43697417
0,0,0.4837448
0,0,0.39590123
0,0,0.47679463
0,0,0.4932667
0,0,0.45940033
0,0,0.2296341
0,1,0.5614308
0,0,0.4711843
0,0,0.30521464
0,1,0.5644547
0,0,0.38712773
0,0,0.46788412
0,1,0.56296027
0,0,0.37682343
1,1,0.5161321
0,0,0.41223454
0,1,0.51039255
0,1,0.50372535
1,1,0.50168
0,0,0.4878182
0,0,0.45548204
0,0,0.36707127
0,0,0.4383833
0,1,0.5144513
0,1,0.5104041
0,0,0.43109822
0,1,0.54935104
0,0,0.3326808
0,0,0.46151716
1,1,0.59803855
0,0,0.47850296
0,1,0.5809538
0,0,0.4356161
0,0,0.45262152
0,0,0.39091164
0,1,0.5036945
0,0,0.4580574
0,0,0.47403935
0,1,0.52603406
0,1,0.50317883
0,0,0.26295224
1,1,0.5602027
0,1,0.5632724
0,0,0.48852146
1,0,0.49455577
0,1,0.53399056
0,0,0.39234328
0,1,0.52383566
1,1,0.61697334
0,1,0.529873
1,0,0.33766505
0,0,0.48471567
0,0,0.47070557
1,1,0.5107908
1,0,0.49898097
0,1,0.512849
0,1,0.6357442
0,1,0.58186233
0,0,0.44544226
0,1,0.5362365
0,1,0.5407479
0,1,0.57816935
0,0,0.45626265
0,0,0.3298692
0,1,0.5524684
0,1,0.506524
0,0,0.46921846
0,0,0.44847208
1,0,0.44361183
0,0,0.48460826
0,1,0.5074347
0,1,0.5770034
0,0,0.47665498
0,0,0.41396365
0,0,0.45237726
1,0,0.4435344
0,1,0.5117437
0,0,0.4472412
0,1,0.5702298
0,0,0.4355958
0,1,0.5706572
0,0,0.48595908
0,1,0.5202232
1,0,0.47073618
0,1,0.6245881
0,0,0.4576959
0,0,0.28817266
0,0,0.48028263
1,0,0.39103302
1,1,0.5234579
1,0,0.49962685
0,0,0.45643556
0,0,0.31513086
0,0,0.47859734
0,0,0.40804744
0,1,0.5137655
0,1,0.5587941
1,1,0.5522589
1,0,0.4954883
0,1,0.5627204
0,0,0.46044198
0,0,0.44593534
0,1,0.5464563
0,1,0.537354
0,0,0.025226593
0,0,0.4998192
0,0,0.45663562
0,0,0.46841446
0,1,0.5786716
1,0,0.4947055
0,0,0.4520049
0,0,0.46815857
1,1,0.50296086
0,0,0.45047408
0,0,0.33493325
0,0,0.4729753
0,1,0.5240437
1,1,0.548375
1,0,0.46986097
0,0,0.46233577
0,0,0.4887949
0,0,0.44402754
1,0,0.44402042
0,1,0.5433237
1,0,0.48638898
1,1,0.51527643
1,1,0.60498667
0,1,0.54602605
1,0,0.4842615
0,0,0.4787255
0,1,0.5242888
0,1,0.535612
0,1,0.56728077
1,0,0.40669802
0,0,0.46964395
0,0,0.46428844
1,0,0.4832502
0,0,0.45823717
1,0,0.46284708
0,1,0.57123977
0,0,0.44636258
0,0,0.4564426
0,0,0.33511382
0,0,0.37060666
0,1,0.5196338
1,0,0.4565201
0,1,0.5395749
1,1,0.56137556
1,0,0.48205525
0,0,0.36055678
0,1,0.5626668
0,0,0.45355517
0,0,0.47328672
0,0,0.4638074
0,1,0.5273833
0,1,0.5520777
0,0,0.31265453
1,0,0.2822939
0,0,0.45008495
0,0,0.46021724
0,0,0.4729259
0,1,0.50008214
1,0,0.4281955
0,0,0.47343385
0,1,0.5003552
0,1,0.6616147
0,0,0.4926776
1,1,0.5255244
0,0,0.45512196
1,1,0.60450035
1,0,0.42345056
0,0,0.4642161
0,0,0.4835323
0,1,0.57863545
0,0,0.480933
0,0,0.47653198
0,1,0.56578517
1,1,0.5288557
0,0,0.4498109
1,1,0.54987437
0,1,0.5038808
0,0,0.40665683
0,0,0.45116663
0,0,0.46743998
0,1,0.5032771
1,1,0.5535532
0,1,0.58482563
1,0,0.47405115
0,0,0.47631127
0,0,0.34733814
0,0,0.48203227
0,1,0.57078236
1,0,0.4732883
0,0,0.4878547
0,0,0.24934104
0,1,0.5023257
0,1,0.51926327
0,0,0.4245896
1,0,0.4948752
0,0,0.38925526
0,0,0.49015895
0,1,0.5681199
1,0,0.48622805
0,0,0.49223736
0,0,0.46749696
0,0,0.4842
0,0,0.46899801
0,0,0.47114775
0,1,0.50282645
0,0,0.43497056
0,0,0.48571494
0,1,0.5088842
0,0,0.4405329
1,1,0.5597821
0,1,0.5944066
0,0,0.47677526
0,1,0.528868
0,0,0.4642552
0,1,0.5308238
0,0,0.4606447
1,0,0.45989183
0,0,0.42654532
0,1,0.5539951
0,1,0.5332242
0,0,0.4880771
0,0,0.4794344
0,1,0.53233534
1,1,0.50717384
1,1,0.51424265
0,0,0.48610926
0,0,0.43987793
1,0,0.45502385
0,1,0.5387004
1,0,0.4708026
0,0,0.49761468
0,0,0.47118717
0,0,0.43915904
0,0,0.4711629
0,0,0.45778647
0,0,0.49228403
0,0,0.41992188
0,0,0.44639254
0,1,0.5635613
0,1,0.5323774
0,0,0.4601578
0,0,0.31224293
0,1,0.50124484
0,1,0.50436544
0,0,0.49032113
0,1,0.50134534
0,1,0.607287
0,1,0.50033337
0,0,0.37723848
0,0,0.43681434
0,0,0.47680092
0,0,0.47314352
0,0,0.44038865
1,0,0.41127643
1,1,0.5823458
0,0,0.3852786
0,0,0.2581362
0,0,0.28164625
0,0,0.434492
0,1,0.5974521
0,0,0.45031956
0,1,0.56665385
0,0,0.4492267
0,1,0.5047545
0,0,0.26262805
1,0,0.3794428
0,1,0.5118976
0,0,0.4312231
1,0,0.47938314
0,1,0.51217395
0,1,0.52387416
1,0,0.36555052
0,1,0.5029538
0,0,0.46337688
0,0,0.44090357
0,0,0.32840994
0,0,0.35992593
1,0,0.49546638
0,0,0.33744678
0,0,0.3222103
0,0,0.4858079
0,1,0.55706394
1,1,0.500121
0,0,0.46493977
1,0,0.4353993
0,0,0.47483885
0,0,0.49478498
0,0,0.45448
1,0,0.2650141
0,0,0.45153478
0,0,0.44908217
0,0,0.42638314
0,0,0.49454406
0,0,0.406692
0,0,0.48275852
0,0,0.4930974
0,1,0.54348326
0,1,0.5011349
0,1,0.52302253
1,0,0.47730553
1,0,0.49296203
0,1,0.5351526
0,1,0.5014266
1,1,0.5681894
0,0,0.43657634
0,0,0.45559037
0,0,0.46423456
0,0,0.47412473
0,0,0.49986404
1,1,0.56115735
0,0,0.4708944
0,1,0.5067339
0,1,0.59086186
1,0,0.4972752
0,0,0.48888487
0,0,0.40922043
0,0,0.4871064
1,0,0.43015343
0,0,0.4833233
0,0,0.48960996
1,1,0.5015366
0,1,0.52057797
0,1,0.5435241
0,1,0.60149086
0,1,0.6042495
0,1,0.60550076
0,1,0.5233671
0,1,0.53693706
0,0,0.3798204
0,0,0.4333639
0,1,0.51658213
1,1,0.56993175
0,1,0.5305365
0,0,0.3944702
0,0,0.46851912
1,1,0.5706988
0,1,0.5079012
0,0,0.4855747
0,0,0.49993727
1,1,0.5357468
0,0,0.4975529
0,1,0.51969534
0,1,0.5053398
1,0,0.4103703
0,0,0.43624192
0,0,0.48635525
0,1,0.5572632
0,1,0.51100886
0,0,0.47599056
1,1,0.5194497
0,0,0.4304489
0,1,0.55711734
0,0,0.49180597
0,1,0.50519377
0,0,0.4514276
0,1,0.5187584
1,1,0.5002813
0,0,0.24026568
0,0,0.49072745
0,0,0.49537745
0,0,0.4459527
0,1,0.56607115
1,1,0.58635813
0,1,0.5196291
0,1,0.5252256
0,0,0.4722043
0,1,0.5347102
0,1,0.814595
1,0,0.47263816
1,0,0.34252205
0,1,0.5186906
0,0,0.30591342
0,0,0.4916308
0,0,0.45896554
0,0,0.42194307
0,1,0.5223263
0,0,0.4234535
0,0,0.45167458
0,0,0.4466712
0,0,0.49993047
1,0,0.47834575
1,1,0.5195866
0,0,0.46274865
0,0,0.4291386
0,0,0.45269942
0,1,0.5185176
0,1,0.55960894
0,0,0.46606326
0,0,0.30815467
0,1,0.5518348
0,0,0.4449519
0,0,0.48865926
0,0,0.42365685
0,0,0.4657652
0,1,0.5807438
0,0,0.4643407
0,1,0.50718665
0,0,0.42282024
0,0,0.47055832
0,0,0.44294393
0,0,0.49255595
0,0,0.31325296
0,0,0.2687242
0,1,0.5048863
0,0,0.48960662
0,0,0.48141047
0,0,0.4468202
1,1,0.5541288
0,1,0.5358557
0,1,0.57656527
1,1,0.6284688
0,0,0.49251845
0,1,0.5393499
0,1,0.58159083
1,0,0.4938026
0,0,0.48335573
0,0,0.48489016
0,1,0.57919383
0,0,0.45294005
0,0,0.49392468
0,0,0.46923304
0,1,0.5246458
1,0,0.45229664
0,0,0.45390624
0,0,0.49038103
0,0,0.4656535
1,0,0.46332753
0,1,0.553426
0,0,0.28559992
0,0,0.49032304
0,0,0.4291803
1,0,0.47938728
0,0,0.47623548
0,1,0.514083
0,1,0.5167807
0,1,0.5785396
1,0,0.45997608
1,0,0.49380907
0,0,0.42517385
0,0,0.49141994
0,1,0.5422452
1,0,0.43770647
0,1,0.5010298
0,0,0.29974866
0,0,0.47910592
1,0,0.4853108
0,0,0.48014343
0,1,0.52241313
0,0,0.46724206
1,0,0.45982337
0,0,0.45888254
1,1,0.57793546
0,0,0.45196617
0,0,0.48832485
0,0,0.37966684
1,0,0.49606034
0,0,0.3949813
0,1,0.54657537
1,1,0.50502044
1,0,0.47158164
0,0,0.38591865
0,0,0.48559934
0,0,0.48837367
1,0,0.3464877
1,1,0.5713625
0,0,0.45021504
0,0,0.3784283
0,1,0.5256909
0,0,0.3229532
0,1,0.53660864
0,0,0.33314046
0,1,0.5670559
0,0,0.44353428
0,0,0.29886308
0,0,0.4810371
1,1,0.613738
0,0,0.36512542
0,0,0.21677175
0,0,0.22820745
0,1,0.5328774
0,0,0.36539742
0,0,0.37235737
0,0,0.38663313
0,0,0.44646016
0,0,0.4815458
1,1,0.50016993
0,0,0.44337544
1,0,0.47029626
0,0,0.4706172
0,0,0.40785745
0,0,0.49786323
0,0,0.46863934
0,0,0.49366808
0,0,0.46041515
0,0,0.41972837
1,0,0.49225205
0,0,0.46277627
0,0,0.4997908
0,1,0.50657386
0,0,0.43635654
0,0,0.49474135
0,0,0.3735567
0,1,0.51827663
0,0,0.48515037
0,1,0.53678524
0,0,0.41424772
0,0,0.4924174
0,1,0.5569276
0,0,0.47074577
0,0,0.4229029
0,1,0.51545244
0,0,0.38573465
1,1,0.572918
0,0,0.447984
0,0,0.47237194
0,1,0.57267636
1,1,0.5165176
1,0,0.42443693
1,1,0.51763105
0,0,0.48222327
1,0,0.47455975
0,0,0.4822351
1,1,0.5482281
0,0,0.4767445
1,1,0.56560004
0,0,0.48519242
0,1,0.6010919
0,1,0.5025867
1,1,0.5484971
0,1,0.5526149
0,0,0.49200723
0,0,0.49229395
0,0,0.493013
0,1,0.5156244
1,1,0.5748883
0,1,0.5450239
1,1,0.53275305
0,1,0.5054714
0,0,0.47615424
1,0,0.49049154
0,0,0.39564595
0,0,0.4370395
0,1,0.598556
0,1,0.52301794
0,1,0.50968087
0,1,0.5073603
1,0,0.39518258
0,0,0.45322493
0,0,0.46562117
0,0,0.39652455
0,0,0.39901444
0,0,0.4362174
0,0,0.43222886
0,1,0.56449586
0,1,0.5103127
0,1,0.6459822
0,0,0.3435985
0,0,0.42674318
1,1,0.5504575
0,1,0.51113683
0,1,0.5041108
1,1,0.53249526
1,1,0.5053036
0,1,0.5011333
1,1,0.57109416
1,0,0.41530925
0,0,0.32111233
0,0,0.4132005
0,0,0.4399748
0,0,0.4902488
1,0,0.24252473
0,1,0.51098
0,0,0.24382252
0,1,0.50135577
0,1,0.5561194
0,0,0.4599063
0,1,0.56002617
0,0,0.34358832
1,1,0.51248395
0,0,0.4675131
0,0,0.4696882
0,0,0.4738011
0,0,0.4996394
0,0,0.4897156
0,1,0.5014915
0,0,0.47255537
0,0,0.32745498
0,0,0.3893292
0,0,0.47487676
1,1,0.5078527
0,0,0.45104522
0,0,0.46539208
0,0,0.4647575
0,0,0.41209927
0,1,0.5161947
0,0,0.45461312
0,1,0.54548573
0,0,0.4183639
0,1,0.55838436
0,0,0.3110265
0,0,0.4209787
0,0,0.45215854
0,1,0.53381556
0,1,0.50197315
0,1,0.5026049
0,1,0.548578
0,0,0.3476659
0,0,0.39927143
0,0,0.3590058
0,0,0.48522806
1,0,0.47210494
0,1,0.52426034
0,1,0.51472855
0,0,0.4192209
0,1,0.528901
0,1,0.5208499
0,0,0.264103
0,0,0.49302462
0,1,0.5150178
1,1,0.6548072
0,0,0.47432205
0,0,0.48963252
0,0,0.46130222
1,1,0.5242055
0,0,0.42543593
1,0,0.479598
0,1,0.5348541
0,0,0.48104733
0,0,0.4861151
0,0,0.47615469
0,0,0.33379617
1,1,0.5882776
0,1,0.5954993
0,0,0.45202258
0,0,0.49727073
1,0,0.46109873
0,0,0.43740332
0,0,0.491349
0,1,0.59636396
0,0,0.3806943
0,1,0.5091606
0,0,0.45839605
0,1,0.540548
0,1,0.5834072
1,0,0.44942254
0,0,0.4812295
1,0,0.4742197
0,0,0.46168295
0,0,0.48835742
0,0,0.48518986
0,1,0.5377587
1,0,0.4271289
1,0,0.48207542
0,0,0.44384983
1,0,0.4282421
0,0,0.4563787
1,1,0.6656556
0,0,0.31028503
0,1,0.5360724
0,1,0.5406533
1,0,0.4567367
1,1,0.70346844
0,1,0.5815099
0,1,0.51285577
0,0,0.45627603
0,0,0.48204413
0,1,0.52348554
0,1,0.5784779
0,0,0.437162
1,0,0.42811826
0,1,0.508081
0,1,0.50595933
0,0,0.4990047
0,0,0.46919715
0,0,0.4734085
0,0,0.4657755
0,1,0.52072114
0,0,0.38032278
0,0,0.47249097
1,1,0.6154929
0,0,0.4365044
0,0,0.37188566
0,0,0.46413535
0,1,0.50565
0,0,0.327409
1,0,0.44706815
0,1,0.59587246
0,0,0.4172417
1,0,0.4602346
0,0,0.39231345
0,0,0.4359835
0,0,0.48153582
0,0,0.48419106
0,0,0.49950197
0,1,0.5734543
0,0,0.44618523
0,0,0.49620593
0,0,0.4994869
0,0,0.44257617
1,1,0.5847691
0,0,0.2818454
0,0,0.47055376
0,1,0.53217494
0,0,0.48696783
0,1,0.598287
0,0,0.47808495
1,0,0.46652594
1,0,0.42359868
1,0,0.4207361
0,1,0.506841
0,1,0.5147212
1,0,0.3761097
0,0,0.464586
0,1,0.5120864
0,1,0.5008552
0,0,0.36263087
0,1,0.51044863
0,0,0.27916238
0,0,0.36366335
1,0,0.48818788
0,0,0.468854
0,0,0.45789698
0,1,0.50834644
1,1,0.51804113
1,0,0.4642595
0,0,0.45440462
0,0,0.4447894
1,0,0.49005514
0,1,0.53979874
0,0,0.480162
1,1,0.6211748
0,1,0.56159467
1,1,0.54131514
1,1,0.61396587
1,1,0.529571
0,0,0.465198
0,0,0.4655418
1,1,0.55402756
1,0,0.44430572
0,1,0.57845694
0,0,0.30482945
0,0,0.4716108
0,0,0.45722666
0,1,0.55607176
0,0,0.48098767
0,1,0.5336594
1,0,0.47399557
0,0,0.38708544
0,0,0.47800112
0,0,0.45468765
1,0,0.47235933
0,1,0.5976715
0,0,0.4844642
0,0,0.4789142
0,0,0.4259232
0,1,0.5638826
0,1,0.50323343
0,1,0.5156685
0,1,0.52233493
0,0,0.49855846
1,0,0.38939
0,0,0.44458264
0,0,0.47351733
1,1,0.5569267
0,0,0.48001704
0,0,0.47442144
0,1,0.5785067
0,0,0.45655528
1,1,0.51120454
0,0,0.26190892
1,1,0.5219409
0,1,0.56860703
0,0,0.49322167
0,1,0.58078253
1,0,0.40200815
0,0,0.44716987
0,1,0.56709194
0,1,0.5688425
0,0,0.49573225
0,0,0.4920524
0,0,0.46194524
0,1,0.50559187
0,0,0.44997388
1,1,0.5459345
0,0,0.49011314
0,1,0.5191812
0,0,0.4763406
0,0,0.39716172
0,1,0.55429846
0,0,0.4879599
0,0,0.4551974
0,1,0.54116875
0,0,0.47532666
1,0,0.46374816
0,0,0.49173325
0,0,0.48842475
0,0,0.48892498
1,1,0.55871266
0,1,0.50816864
0,0,0.48100153
0,1,0.51486117
0,1,0.51457083
0,0,0.4564643
0,0,0.4412284
0,0,0.4924705
0,0,0.4814323
0,0,0.4816038
1,1,0.5429177
0,0,0.47876477
0,0,0.4625804
0,0,0.46434292
0,1,0.5128571
0,0,0.45022932
0,1,0.5432518
0,0,0.44605112
0,1,0.5094078
0,0,0.4924071
0,0,0.4717145
1,0,0.4051955
0,1,0.5231428
1,1,0.5718239
0,1,0.5057065
0,0,0.48363438
0,0,0.43948248
0,1,0.5555508
0,0,0.47476533
0,0,0.4926663
0,0,0.4432806
0,0,0.47204944
0,0,0.4926074
0,1,0.59635603
0,0,0.44803143
0,1,0.5054364
1,0,0.39970013
1,1,0.5139854
0,0,0.45227623
0,0,0.4289587
0,0,0.4975201
0,0,0.4633995
0,0,0.4331303
0,0,0.45532688
0,1,0.5477838
1,0,0.46212488
0,0,0.45381397
0,0,0.46069455
0,0,0.47473064
0,1,0.6547887
0,0,0.44070566
1,0,0.49808332
0,1,0.50210506
0,0,0.43168256
0,1,0.5420999
0,1,0.5873013
0,1,0.5648137
0,1,0.58718884
0,1,0.53667295
0,0,0.4123814
0,0,0.45007956
0,0,0.47789407
0,0,0.47359258
1,0,0.40687653
0,1,0.5170354
0,0,0.49023753
0,0,0.49181363
0,0,0.4842229
1,0,0.49275595
0,0,0.4727939
0,0,0.41337845
0,0,0.46514112
0,0,0.46434444
0,0,0.4666867
0,0,0.47042078
0,1,0.7337675
1,0,0.48841307
0,0,0.4779339
0,0,0.42922133
1,0,0.43139562
0,0,0.38779235
0,0,0.46714073
0,1,0.53497374
0,1,0.55670595
0,0,0.48482522
0,1,0.54883754
0,0,0.38093928
0,1,0.51588565
0,1,0.5672588
1,1,0.51550114
0,1,0.57590735
0,1,0.52259713
0,0,0.48860472
0,0,0.46830073
0,0,0.4591807
0,0,0.47625646
0,1,0.5221234
0,1,0.5603455
0,1,0.5193008
0,0,0.47224304
0,1,0.5185091
0,1,0.61247617
0,0,0.35825527
0,1,0.522943
0,0,0.43887207
0,0,0.48741925
0,0,0.4458843
0,1,0.5184338
0,0,0.49337637
0,0,0.47096512
0,0,0.49071825
0,0,0.44803962
0,0,0.3386433
0,1,0.5046349
0,0,0.4230642
1,1,0.5131827
0,0,0.4755243
0,0,0.44690248
0,0,0.45208356
0,0,0.26940143
0,0,0.47411543
0,1,0.5751546
0,0,0.47621846
0,0,0.44598234
0,1,0.5226567
1,1,0.5069144
0,1,0.6138006
1,1,0.57451254
0,0,0.44203347
0,1,0.50678116
0,1,0.5474412
0,1,0.5514038
0,1,0.50119376
0,0,0.46161586
0,0,0.45245144
0,1,0.53879446
0,0,0.43804172
1,1,0.5146541
0,0,0.4530913
1,0,0.34359473
0,1,0.5325013
1,1,0.51731586
0,1,0.63934654
0,1,0.50533575
0,1,0.5396083
1,0,0.2864157
0,0,0.49031693
1,1,0.57994413
0,0,0.46275496
0,0,0.4623443
0,1,0.5610635
0,0,0.4341755
1,1,0.5012648
0,1,0.5087435
0,1,0.50773907
1,0,0.47653225
0,0,0.4873742
0,0,0.4591345
0,0,0.4739793
0,1,0.5841538
0,0,0.4449
1,0,0.48507476
0,0,0.4901618
0,0,0.43620643
1,1,0.5822255
0,1,0.5411179
0,0,0.49885133
1,0,0.46753883
0,1,0.51467454
0,0,0.43299085
0,0,0.46239072
0,0,0.4438498
0,0,0.48553666
1,0,0.47694987
0,1,0.5541956
0,0,0.4901794
0,1,0.51119226
1,1,0.5879017
0,1,0.5234382
0,1,0.50583637
0,0,0.46159354
0,1,0.5106821
0,1,0.53904396
0,0,0.3514362
1,1,0.51354784
0,0,0.47690144
0,0,0.43649608
1,0,0.46223146
0,0,0.4918615
1,1,0.58454365
1,1,0.5055333
0,1,0.53005034
0,0,0.46923748
0,0,0.4093679
0,1,0.5366502
1,0,0.49548197
1,0,0.48561653
0,0,0.46121606
0,1,0.50338256
0,0,0.4505065
0,0,0.21222983
0,0,0.4695955
0,0,0.4981512
1,1,0.5825527
1,0,0.47592297
0,0,0.40906727
1,1,0.511724
0,1,0.50159293
1,1,0.53683156
0,0,0.48771417
0,0,0.47028744
0,0,0.4395496
0,0,0.45926526
0,0,0.33166936
0,0,0.47674006
1,0,0.4684128
1,0,0.49720088
0,0,0.48092833
0,1,0.5091803
0,0,0.49151772
0,1,0.5038336
0,0,0.4446135
1,0,0.4878101
0,1,0.53543156
0,1,0.5247905
0,0,0.21113716
0,1,0.5442955
0,1,0.50495183
0,0,0.4643325
1,1,0.50992227
0,1,0.5022678
0,0,0.49012142
1,0,0.34156185
0,0,0.47725788
0,0,0.4855926
1,1,0.5735798
0,1,0.50621873
1,1,0.5920977
0,0,0.4328359
1,0,0.44198593
0,1,0.5361444
1,1,0.5683019
0,1,0.5094139
0,0,0.40375707
0,1,0.55160695
0,0,0.4623341
0,1,0.57860655
0,1,0.5194346
0,1,0.56336457
0,0,0.46867445
0,0,0.2921702
1,1,0.60391563
0,1,0.5295156
0,0,0.44828135
0,0,0.4004144
0,0,0.49365008
0,0,0.4512838
0,1,0.5581519
0,1,0.52149725
0,0,0.21563233
0,0,0.2059649
0,0,0.39119175
0,1,0.50796515
0,0,0.49593505
0,0,0.48192826
0,0,0.45920056
0,0,0.31946635
0,0,0.44490722
0,0,0.37212193
0,0,0.30165914
0,0,0.36167833
0,1,0.50097275
0,0,0.4915451
1,1,0.51148224
0,1,0.51574224
0,0,0.38320765
0,1,0.5247818
0,0,0.474203
0,0,0.45430025
0,1,0.55441546
0,0,0.48917663
0,0,0.46336284
1,0,0.48735276
0,0,0.48029977
0,1,0.5326272
1,1,0.5109712
0,0,0.49848512
0,1,0.5634519
0,1,0.5071368
0,0,0.27770802
0,0,0.49769866
0,0,0.49783087
0,1,0.5031453
0,0,0.48028013
1,1,0.5581634
0,0,0.46393642
0,1,0.5214166
0,1,0.5123573
0,1,0.6431273
1,1,0.5062022
0,0,0.47184733
0,1,0.612084
0,1,0.51158607
0,0,0.47525406
0,0,0.4421784
0,0,0.43026903
0,0,0.47151738
0,0,0.46343297
1,0,0.3649911
0,1,0.50300753
0,1,0.57542944
0,0,0.39693442
0,0,0.46564582
1,1,0.56870127
0,0,0.42330304
0,0,0.4874438
1,0,0.48423946
0,0,0.45681503
0,1,0.5639611
0,0,0.34116933
0,0,0.45434222
0,0,0.4916761
0,0,0.359431
1,1,0.54656684
0,0,0.4867353
1,0,0.47692332
0,0,0.34929746
0,0,0.4798199
0,0,0.49076876
1,1,0.5444133
1,0,0.4788219
0,1,0.5564977
0,0,0.45928037
1,1,0.55805093
0,0,0.46608406
0,1,0.5525444
0,1,0.54600674
0,0,0.49484718
0,0,0.27737132
0,1,0.51728153
0,1,0.5160306
0,1,0.5303287
0,0,0.34145722
0,0,0.21265754
0,1,0.5740519
0,0,0.46381503
1,1,0.55893236
0,0,0.44983006
1,1,0.5494517
0,1,0.60723466
0,0,0.49189055
0,0,0.4896534
0,1,0.5128461
0,0,0.38038874
0,0,0.4368936
0,1,0.5038818
1,1,0.5313278
0,1,0.5032939
0,0,0.4711558
0,0,0.46293747
0,0,0.48646238
0,0,0.41267803
0,0,0.48943314
0,0,0.4579313
0,0,0.48043287
0,0,0.4643321
0,1,0.52094734
0,1,0.5086863
0,0,0.41342947
0,0,0.44035
0,1,0.55438626
0,0,0.46850318
0,0,0.41764337
1,0,0.48597458
0,1,0.51485765
0,0,0.42245144
0,1,0.5029667
0,0,0.38123792
0,0,0.3589558
0,0,0.39366797
0,0,0.40994278
0,0,0.48144805
1,1,0.51589316
0,0,0.44856358
0,1,0.58433217
0,0,0.43556806
0,1,0.6105653
0,1,0.5362838
1,0,0.43062848
1,0,0.47135544
0,0,0.4282852
1,0,0.46893674
0,0,0.4787475
0,0,0.46594954
0,1,0.5655304
0,1,0.61888295
1,1,0.5149186
0,0,0.46766433
1,0,0.4970268
0,0,0.48650974
0,0,0.4720601
0,0,0.49713323
0,0,0.4040093
0,1,0.5079872
0,1,0.527731
0,1,0.5132957
0,0,0.49319127
0,0,0.49461755
0,0,0.46031106
0,0,0.45345217
0,0,0.44625738
1,0,0.49346876
0,0,0.4474254
1,1,0.509741
0,1,0.5175912
0,0,0.42141834
0,0,0.41710418
1,0,0.4586356
0,0,0.42326212
1,1,0.5188049
0,0,0.4185931
0,0,0.41983518
0,0,0.4366182
0,0,0.4785808
0,0,0.45625287
0,1,0.5613826
0,0,0.49444205
0,1,0.6217182
0,0,0.32432422
1,0,0.333712
0,0,0.4926997
0,0,0.2546756
0,1,0.58999574
0,0,0.44822046
0,0,0.4532198
0,0,0.4036474
0,1,0.50069636
0,0,0.42063907
1,0,0.37425706
1,0,0.42159224
0,1,0.5865297
0,1,0.5002046
1,0,0.47654867
0,1,0.6678973
0,0,0.47535682
1,1,0.62012005
0,0,0.49457204
0,0,0.44822994
0,0,0.39201206
0,0,0.43622276
0,0,0.30325222
0,0,0.45047948
1,0,0.49426016
0,0,0.49848214
1,1,0.57420474
0,1,0.54902554
0,1,0.5466611
0,1,0.50951195
0,0,0.45566043
0,1,0.52085626
0,0,0.47950613
0,1,0.531177
0,0,0.44750094
0,0,0.4994763
0,1,0.5069342
1,0,0.43004972
0,0,0.44858885
0,1,0.5573211
1,0,0.40521863
0,1,0.5135948
0,1,0.57770133
0,0,0.33884153
0,0,0.31118563
0,0,0.4959608
0,1,0.5071324
0,1,0.53611374
1,0,0.49015716
0,0,0.4201722
0,0,0.45103797
0,0,0.46117207
1,0,0.49120438
0,1,0.5248582
0,0,0.45957336
0,0,0.2969043
0,0,0.48367497
0,0,0.42751536
0,1,0.53954667
0,0,0.34801474
0,0,0.44303772
0,1,0.536133
0,1,0.5028479
0,0,0.402347
1,1,0.5849801
0,1,0.51333684
0,0,0.4549245
0,0,0.49524057
0,0,0.47445518
1,1,0.5162732
0,1,0.50047135
0,1,0.5002735
1,1,0.62036896
0,0,0.46572107
0,1,0.50163156
0,1,0.58922654
0,0,0.444743
0,1,0.53171855
0,0,0.44590995
0,1,0.6268811
0,0,0.42356077
0,0,0.4724774
1,1,0.57791406
0,0,0.4200693
0,1,0.51565754
0,0,0.37226942
0,1,0.5567388
0,0,0.46974722
0,1,0.5204697
1,1,0.52646476
0,0,0.49199075
0,0,0.47989172
0,0,0.36630845
0,0,0.4669582
0,0,0.49190354
0,0,0.25825578
0,0,0.47285467
0,0,0.49961108
1,1,0.5557393
0,0,0.45980227
0,0,0.38920483
0,1,0.5191785
0,0,0.49140826
0,0,0.43637177
0,1,0.5784052
0,0,0.44230306
0,1,0.50370014
1,1,0.50886863
0,0,0.44654024
0,1,0.6473256
1,1,0.59212977
0,0,0.45529875
1,0,0.387049
0,1,0.543759
0,1,0.53460866
0,0,0.48048675
0,1,0.5039351
0,1,0.5018151
0,0,0.47560674
0,0,0.4766005
1,1,0.5581573
1,0,0.49599454
0,1,0.553524
0,0,0.48667786
0,0,0.42326805
0,0,0.26235116
0,1,0.55744237
1,0,0.4738187
1,0,0.4836064
1,0,0.46462575
1,1,0.57752603
0,1,0.56214535
0,0,0.42972198
0,0,0.4849452
1,0,0.4100734
0,0,0.38518646
1,0,0.45539597
0,1,0.5635759
0,0,0.48086703
0,0,0.4496508
1,1,0.5592581
1,0,0.4645701
0,0,0.3932514
0,0,0.36263636
0,1,0.585559
0,0,0.22231054
0,0,0.47088188
0,1,0.5404914
0,0,0.48185444
0,1,0.54656875
0,0,0.4675818
0,0,0.4848105
0,1,0.5709041
0,0,0.480813
1,1,0.62196
0,0,0.40859202
0,1,0.5243089
0,0,0.49323618
0,0,0.44192734
0,0,0.49852675
0,0,0.49699268
1,0,0.44154477
0,1,0.5228687
0,0,0.48147872
0,0,0.32349604
0,0,0.45214778
0,1,0.5071207
0,0,0.48261645
1,0,0.4916583
0,0,0.44419953
1,0,0.42871442
0,1,0.61743706
0,0,0.40458927
1,1,0.52837276
0,0,0.48192838
1,1,0.5014384
0,1,0.5295965
0,1,0.5098808
1,0,0.4466574
0,0,0.4741702
0,0,0.41168103
0,0,0.4522497
0,0,0.49750024
0,0,0.49094796
0,0,0.42102763
0,0,0.49146354
0,0,0.47782233
1,1,0.5684272
0,1,0.55371803
0,1,0.51050514
0,0,0.49530178
0,0,0.2523091
0,0,0.43108773
0,0,0.42400375
0,0,0.48566127
0,0,0.468626
1,0,0.46004036
1,1,0.61910415
1,0,0.43317488
1,1,0.626912
1,0,0.47149187
0,1,0.5340911
1,1,0.50894034
0,1,0.5505092
0,0,0.4990079
0,1,0.5952439
0,0,0.46386257
0,0,0.48183268
0,0,0.4959061
0,1,0.509765
1,1,0.5460125
0,1,0.5022713
0,0,0.44297606
0,0,0.46493796
0,0,0.4964318
0,1,0.58401704
0,0,0.43172145
0,0,0.49450406
0,0,0.41050965
0,0,0.49150229
0,1,0.60916597
0,1,0.5865495
0,0,0.45600298
1,0,0.4613585
0,0,0.49141335
0,0,0.3993799
1,1,0.5850632
0,0,0.49870288
0,0,0.4392667
1,0,0.29574528
0,0,0.4851654
0,0,0.23099858
0,0,0.4706639
0,0,0.47454998
0,1,0.5011232
0,0,0.47690567
1,0,0.28732622
1,0,0.41088703
0,0,0.48800936
1,0,0.4673844
0,0,0.4603581
1,0,0.46774748
0,0,0.4993773
0,0,0.39790452
0,0,0.45775938
0,0,0.4578007
0,0,0.47505608
0,0,0.44260645
0,0,0.45981234
0,1,0.53220165
0,0,0.4876423
1,1,0.5783544
0,1,0.5029463
0,1,0.6930736
0,1,0.5112116
0,0,0.4955421
0,0,0.37190604
1,0,0.4326041
0,0,0.4075542
0,0,0.4953812
0,0,0.48612872
0,1,0.59227145
0,1,0.502653
0,0,0.4985343
0,0,0.42267564
1,0,0.49257958
0,0,0.46816128
1,0,0.48646054
0,0,0.48595607
1,1,0.5011714
0,0,0.49844033
0,1,0.5290144
0,0,0.4730009
0,0,0.4667432
1,1,0.54498476
0,0,0.49271157
0,0,0.42311186
0,1,0.5662733
0,0,0.48740372
0,0,0.42618677
0,1,0.64729095
1,1,0.5041207
1,0,0.4926849
0,0,0.47758588
1,0,0.45621872
0,0,0.42881924
0,1,0.535694
1,1,0.56502867
0,0,0.46402857
0,1,0.58027625
1,0,0.49478608
0,1,0.5422091
0,0,0.49754718
0,0,0.4697933
0,1,0.51503783
0,0,0.45895767
0,1,0.51796
0,0,0.4629015
0,0,0.49398568
0,1,0.54394954
0,0,0.42596573
0,0,0.4318251
0,1,0.59891546
0,1,0.54764533
0,1,0.5020082
0,1,0.5687157
0,0,0.44644246
0,0,0.48301
0,1,0.5398649
1,0,0.4988316
0,0,0.441075
1,0,0.4695435
0,1,0.51887816
0,0,0.3461927
0,0,0.35426435
0,1,0.5295154
0,1,0.5124558
0,0,0.47419748
0,0,0.48771062
0,0,0.44301054
1,0,0.46445122
0,1,0.51055086
0,0,0.46949995
0,1,0.5021344
0,1,0.54358643
0,0,0.36414275
0,0,0.46005538
0,0,0.45050305
0,0,0.48607564
1,1,0.5648424
0,1,0.50747955
1,1,0.56031287
0,1,0.6523587
0,0,0.4740056
1,0,0.36437413
0,0,0.4945988
0,0,0.49118546
1,1,0.554427
1,0,0.35876504
1,0,0.46376848
0,0,0.352926
0,0,0.45006958
1,0,0.45359182
1,0,0.4932097
0,0,0.4941608
1,1,0.50586563
1,0,0.45405158
0,0,0.42728025
0,1,0.58078235
0,1,0.61004096
1,1,0.5324649
0,1,0.55761826
0,1,0.52509946
1,0,0.35996896
0,0,0.4782306
0,1,0.58459455
0,0,0.32787752
0,0,0.37612495
1,0,0.48507768
1,0,0.45699924
0,0,0.4359401
1,0,0.48083588
0,1,0.50509036
1,1,0.55554426
0,1,0.5786191
0,1,0.55205035
0,0,0.48362994
0,0,0.47940108
1,1,0.5909423
1,1,0.544336
1,0,0.47526115
0,0,0.37946954
0,0,0.4092022
0,0,0.46791348
0,0,0.45990855
0,0,0.45112127
0,1,0.5391631
0,1,0.57503575
1,1,0.5130391
0,0,0.36567274
1,0,0.36387786
1,0,0.4369914
1,0,0.47716784
0,0,0.4410007
0,0,0.44153422
0,1,0.5262849
0,1,0.5407802
1,0,0.49198902
1,0,0.28437087
1,0,0.47696954
0,0,0.48228836
0,0,0.3674744
0,0,0.3476845
0,0,0.4530046
0,1,0.5076067
0,0,0.46579698
0,0,0.47315702
0,0,0.28536132
0,1,0.5343761
0,0,0.40306422
0,1,0.59607327
0,1,0.5432397
0,0,0.4570021
0,1,0.5390004
0,0,0.27199483
0,0,0.49119395
1,1,0.57183695
0,0,0.36237958
0,0,0.33113545
1,0,0.48654956
0,1,0.51192033
0,0,0.47092724
0,1,0.5350847
0,0,0.4706555
0,0,0.36280176
0,1,0.5575719
0,0,0.43072876
1,0,0.40893692
0,1,0.50181013
1,0,0.41576156
0,0,0.40369764
0,0,0.38382864
0,0,0.46633664
0,1,0.53744566
0,0,0.48030984
0,0,0.43724582
0,1,0.508898
1,1,0.55783796
1,1,0.50739855
0,1,0.5059629
0,0,0.40340987
0,0,0.41542062
0,0,0.33785844
1,1,0.51434416
0,0,0.46393216
0,1,0.5713979
1,1,0.6238191
0,1,0.5328466
0,1,0.5826328
0,0,0.42850423
0,0,0.4863737
0,1,0.61532557
1,1,0.52199304
1,0,0.42961
0,1,0.5133122
0,0,0.49817857
1,0,0.4862261
0,1,0.528189
0,0,0.46360064
0,1,0.52714014
0,1,0.6123075
0,0,0.4892531
0,0,0.28301314
0,1,0.5081445
0,0,0.4170186
0,1,0.5142745
0,1,0.57816
0,1,0.537993
0,0,0.4232985
0,1,0.5716927
0,0,0.34982005
0,1,0.50349027
1,0,0.49039558
0,0,0.38519165
0,1,0.5687372
0,1,0.5275607
0,0,0.44324744
1,1,0.5666597
0,0,0.43919253
0,0,0.48055875
0,1,0.5161257
0,1,0.56443644
0,1,0.56972706
0,1,0.6213132
1,0,0.4752235
0,1,0.500444
0,0,0.47409752
0,0,0.46567413
1,1,0.58474475
0,0,0.4506443
0,1,0.5073068
0,0,0.41576108
0,0,0.43453458
0,1,0.51424074
1,0,0.49865344
0,0,0.3959409
0,0,0.4673932
0,0,0.4461383
0,1,0.526478
0,0,0.42831
0,0,0.47163537
0,0,0.45595738
0,0,0.48329458
0,0,0.4676071
0,0,0.4776314
0,0,0.48840785
0,1,0.5607843
0,0,0.45801976
0,0,0.4908669
1,0,0.46172604
0,1,0.5279052
0,0,0.46713597
0,0,0.42345577
0,0,0.21559875
0,1,0.568775
0,0,0.4660526
0,0,0.27867898
0,1,0.5141941
1,0,0.43946713
0,1,0.53532934
0,1,0.5440155
0,1,0.5255606
0,0,0.48224077
0,0,0.45989802
0,0,0.490882
0,1,0.5137047
0,0,0.30315867
0,0,0.3983364
0,0,0.48696196
0,0,0.43295175
0,0,0.26745942
0,0,0.25346944
0,1,0.5071594
0,0,0.44676015
0,0,0.48968938
0,0,0.4915135
0,1,0.5071415
0,1,0.53025347
1,1,0.53012776
0,0,0.46610487
0,0,0.49451494
0,0,0.4869014
0,1,0.6029106
0,0,0.46882248
0,1,0.6515505
0,0,0.35151532
0,0,0.48883563
0,1,0.5035733
0,0,0.484398
0,1,0.5938422
1,0,0.49196175
0,0,0.484398
0,0,0.4019533
0,1,0.54413235
1,0,0.4641347
0,0,0.45773068
0,1,0.5064167
0,0,0.46152928
1,1,0.55131006
1,0,0.4948568
0,1,0.54862607
0,0,0.49969995
0,1,0.50715965
0,1,0.5086244
0,1,0.52269715
0,0,0.4973367
0,0,0.4784372
0,1,0.53785247
0,1,0.5719163
0,1,0.5549639
1,0,0.47240293
0,0,0.36939192
0,0,0.47428754
1,0,0.4904118
0,0,0.48990145
1,1,0.5041931
0,1,0.5254033
1,0,0.46878278
0,1,0.53549075
0,0,0.45389676
1,0,0.46445474
0,0,0.49586308
0,0,0.3324839
0,0,0.46983624
0,0,0.4781573
0,1,0.56033796
1,0,0.48356375
1,0,0.4821288
0,1,0.5001329
0,1,0.5003789
0,1,0.51647305
0,0,0.39461026
0,0,0.47154036
0,0,0.48127016
0,1,0.5530736
1,1,0.5135472
1,1,0.5932449
0,1,0.517069
0,0,0.4490029
0,0,0.4948712
0,0,0.4854503
0,1,0.5274904
1,0,0.48905692
0,0,0.3960627
0,0,0.46735397
0,0,0.47157967
0,0,0.4041766
0,0,0.46161023
0,0,0.48500773
0,1,0.6278786
1,1,0.50373137
0,0,0.48695678
1,0,0.39003524
0,0,0.49780282
1,0,0.39549628
1,0,0.40474328
0,0,0.32360393
0,0,0.47896954
1,0,0.4652353
0,0,0.47216067
0,1,0.54336244
0,1,0.6227213
0,0,0.48277414
0,1,0.53749114
0,0,0.4960403
0,0,0.46150574
1,0,0.39047086
0,0,0.47348195
0,0,0.41560566
0,0,0.20215894
0,1,0.55002826
0,1,0.52345365
1,1,0.5243691
0,1,0.53588897
1,0,0.34170762
1,0,0.4801551
1,0,0.44053072
0,0,0.48651293
0,0,0.29159808
0,0,0.44611594
0,0,0.46594524
1,1,0.54338884
0,0,0.47533053
0,0,0.47750762
1,0,0.43496907
0,0,0.47087556
0,0,0.43209425
0,0,0.39342648
0,1,0.55862164
0,1,0.6522027
0,0,0.47404733
0,0,0.34765348
1,1,0.5105021
0,0,0.3213563
0,0,0.44722694
0,1,0.52148813
0,1,0.5319135
1,0,0.43432063
0,0,0.48702884
0,0,0.4967296
1,0,0.48509887
1,1,0.5389661
1,0,0.47869703
1,0,0.48677406
1,0,0.46994853
0,1,0.5613013
0,0,0.44919056
0,1,0.55282384
1,1,0.5992484
0,0,0.34256318
0,1,0.54674345
0,0,0.49094757
0,0,0.47569007
1,1,0.5498132
0,0,0.48148984
0,0,0.45836222
0,1,0.57295793
0,0,0.32220328
0,1,0.6517007
0,0,0.45051315
0,0,0.41210985
0,0,0.47923115
1,0,0.47583687
0,0,0.3183067
1,0,0.47437897
1,0,0.46509698
0,0,0.47705957
1,0,0.47676906
0,0,0.44695297
0,0,0.45513812
0,1,0.63514614
1,0,0.34530333
1,1,0.63455963
0,0,0.355847
1,1,0.96355945
0,1,0.69811463
0,0,0.49482682
0,0,0.47437808
0,0,0.4371816
0,0,0.481288
0,1,0.5948043
0,0,0.47358584
0,1,0.5988007
0,1,0.56553
1,0,0.4305458
0,0,0.37000436
0,0,0.3658089
1,0,0.48062325
1,0,0.29387277
1,1,0.62031555
0,0,0.4710886
0,0,0.45895845
0,1,0.5315811
1,1,0.5365599
1,1,0.5698749
0,0,0.23842365
0,0,0.4573255
0,0,0.31629995
0,1,0.5044281
0,0,0.4334548
1,1,0.6234207
0,0,0.40424585
1,1,0.50228465
0,0,0.4896873
0,0,0.3894471
0,0,0.44549477
0,1,0.5282183
1,0,0.43084276
0,0,0.41557273
0,0,0.4622054
0,1,0.5578117
0,1,0.5303852
0,1,0.5857016
0,0,0.49723724
0,1,0.5046388
0,0,0.38387966
0,0,0.39206108
0,0,0.47614935
1,1,0.60354424
0,0,0.44251743
0,1,0.650586
0,0,0.4587003
0,1,0.5191577
0,0,0.49529758
0,1,0.50657725
0,1,0.5181069
1,0,0.37316984
0,0,0.47332278
0,0,0.4910718
0,0,0.37144175
0,0,0.3515997
0,1,0.57619244
0,0,0.44960496
1,1,0.57263607
1,0,0.41185364
0,1,0.507225
0,1,0.5027856
0,1,0.51028717
0,0,0.46687558
0,0,0.49066454
0,1,0.51457405
0,1,0.538299
0,1,0.5619172
0,0,0.48644516
0,1,0.58920467
0,0,0.45748776
0,0,0.46523193
0,0,0.37922555
0,0,0.48679197
0,0,0.41562033
0,0,0.37603858
0,0,0.22667566
0,0,0.42524698
0,0,0.45470846
0,0,0.48235592
0,0,0.49122563
0,0,0.38657477
1,1,0.5777425
0,0,0.4876093
0,0,0.29372963
0,0,0.47383973
0,0,0.2937751
0,1,0.50119126
0,0,0.26505992
1,0,0.4399732
0,0,0.48656452
0,0,0.458512
0,0,0.4614841
0,0,0.47023705
0,0,0.45021728
0,0,0.46167648
0,0,0.38448647
1,0,0.49936804
0,0,0.4740647
0,0,0.45294803
0,1,0.50720596
0,1,0.6446374
0,0,0.49036393
0,0,0.2567265
0,1,0.6249289
1,0,0.45459142
0,0,0.45307624
1,1,0.5828975
0,0,0.419836
1,0,0.49313426
1,0,0.35766634
0,0,0.44870535
0,1,0.6002368
1,1,0.53716284
1,0,0.4821997
0,0,0.4677923
1,0,0.38625523
1,1,0.51632446
0,0,0.47792464
0,0,0.45317683
0,1,0.55994946
0,0,0.26654667
0,0,0.4600768
1,0,0.33036032
1,1,0.5467453
0,1,0.56462824
0,0,0.48331693
0,0,0.46968278
0,0,0.48343408
0,0,0.4348296
0,0,0.4529812
0,0,0.39743105
0,0,0.47160164
0,0,0.3563297
0,0,0.48522156
0,0,0.4518742
0,0,0.44329634
1,0,0.45517412
1,1,0.62683064
0,0,0.46992242
0,0,0.47328058
1,1,0.59092814
0,1,0.50156295
0,0,0.36338577
0,0,0.47325754
0,0,0.39806765
0,0,0.3606652
0,0,0.4734512
0,0,0.4769924
0,1,0.50113684
0,1,0.5413023
0,0,0.49183413
1,1,0.6428848
1,1,0.5711705
0,1,0.51715416
1,0,0.46636373
1,0,0.4685277
0,0,0.46110174
0,1,0.52204525
0,0,0.44816855
0,0,0.45211968
0,0,0.24704473
0,1,0.5234695
0,1,0.51188415
0,0,0.37569255
1,0,0.47198656
0,0,0.46241832
0,0,0.40231875
0,0,0.34936443
0,0,0.47020525
1,0,0.43673453
0,0,0.4525483
1,0,0.35613576
0,0,0.42122895
0,0,0.38597873
0,0,0.43474373
1,1,0.5417058
0,0,0.48098487
0,0,0.46730775
0,0,0.34642532
0,0,0.4336418
0,0,0.32860887
0,0,0.4826257
0,0,0.47280502
0,0,0.3228427
0,0,0.4850705
0,0,0.48832384
0,0,0.4771898
0,0,0.46222532
1,0,0.4683579
0,1,0.55164796
0,1,0.5139821
0,1,0.5059386
0,0,0.46428728
0,0,0.45094785
0,0,0.47054178
0,1,0.5451044
0,0,0.4614276
1,0,0.3232061
0,0,0.333559
0,1,0.57504004
0,1,0.50012696
0,1,0.52129966
0,0,0.48114052
0,0,0.46810618
0,0,0.3282206
0,0,0.34229517
0,0,0.4887285
0,0,0.46125296
0,0,0.45840937
0,0,0.45486754
0,0,0.40428084
0,1,0.5266479
0,0,0.29685184
0,0,0.45783344
0,0,0.4479976
0,0,0.46238515
0,0,0.33476585
0,1,0.6774164
0,0,0.47786772
1,0,0.49815974
0,1,0.6051741
0,1,0.5372509
0,1,0.5733825
0,0,0.49102098
0,0,0.41560292
0,1,0.55701953
0,1,0.6400283
0,0,0.49287924
0,0,0.48844418
0,0,0.44121432
0,0,0.46471456
0,0,0.48921198
0,0,0.4623509
0,0,0.33882684
1,0,0.48450083
0,1,0.60090184
0,1,0.5482119
0,0,0.34930354
0,0,0.39845872
0,1,0.5006108
1,1,0.5634786
1,1,0.5823861
0,0,0.38177046
0,0,0.49028543
0,0,0.49003217
0,1,0.5163356
1,0,0.49245948
1,1,0.62539345
1,1,0.75297415
0,0,0.4790228
1,1,0.6107823
0,1,0.6129992
0,0,0.4642361
1,1,0.61360157
0,0,0.478314
0,0,0.43850663
0,0,0.49089408
0,0,0.33583048
1,0,0.47064975
0,1,0.5366694
0,1,0.51185215
1,1,0.52982205
0,0,0.23070888
0,1,0.59535474
0,0,0.47857738
0,1,0.52111363
0,0,0.4657715
0,0,0.4210074
0,0,0.4645573
0,0,0.1813778
0,1,0.59262174
1,0,0.4198187
0,1,0.5545525
0,0,0.32464382
0,0,0.44644123
0,0,0.42740473
1,0,0.49201033
0,1,0.5313265
0,0,0.48669198
0,0,0.46692345
0,0,0.46047348
0,1,0.5477154
0,0,0.47376585
0,0,0.42197752
0,0,0.49717838
0,0,0.35987335
0,0,0.45916525
0,0,0.33692697
1,0,0.4716886
0,1,0.50808454
1,0,0.33382508
1,0,0.4702859
0,0,0.4731409
0,1,0.5136157
0,1,0.56614333
0,1,0.50158525
0,0,0.4570122
0,1,0.5055118
0,1,0.5117999
0,1,0.53263515
0,1,0.5701269
0,0,0.43902797
0,1,0.5128126
1,1,0.51460415
1,1,0.56118625
0,0,0.443459
1,0,0.47275954
0,1,0.513643
0,1,0.5539869
0,0,0.46358868
1,1,0.59114534
1,1,0.50793326
0,0,0.46473297
0,0,0.4385134
1,0,0.47805172
0,1,0.51954204
0,0,0.46453345
0,0,0.4342363
0,0,0.46669587
0,1,0.59311646
0,0,0.32089785
0,0,0.46467075
0,0,0.47418645
0,0,0.4237853
0,1,0.61194646
0,1,0.5194402
0,0,0.41281226
0,0,0.47065088
0,0,0.49159622
0,0,0.46648282
0,0,0.4862656
1,0,0.4632648
0,1,0.53628695
0,0,0.45649102
0,0,0.47478357
0,1,0.52340937
1,1,0.56627226
0,0,0.45386624
0,0,0.3464946
0,1,0.53134054
0,0,0.49061853
0,0,0.45195726
0,0,0.4634539
0,0,0.45840073
1,0,0.49647874
0,0,0.41608414
0,0,0.47334367
0,0,0.496696
0,0,0.28499404
0,0,0.23812065
1,1,0.56303906
0,0,0.4896352
0,1,0.64959085
1,1,0.520606
1,1,0.53440845
0,0,0.21902628
0,0,0.3705349
0,1,0.5624058
0,1,0.56671137
0,0,0.40572318
0,0,0.49130204
0,1,0.5344173
1,0,0.45766857
1,0,0.4365887
0,0,0.44215834
0,1,0.5112419
0,0,0.4669769
0,1,0.5513072
0,1,0.60138816
0,0,0.45936343
0,0,0.459835
0,1,0.53902483
0,0,0.48974508
1,1,0.6886362
0,0,0.44032297
1,0,0.361628
0,0,0.4406186
0,0,0.4502132
0,0,0.47451854
0,0,0.36848477
0,0,0.4332407
0,0,0.48480296
0,1,0.5298641
0,0,0.46050152
0,0,0.3664661
0,0,0.39187312
0,1,0.53168756
0,0,0.4271618
0,0,0.30880746
0,1,0.5233286
0,0,0.18852639
0,0,0.4772023
0,0,0.4699481
0,1,0.5312394
0,0,0.47235683
0,0,0.49012497
0,0,0.4452269
0,0,0.47604206
0,0,0.48020265
0,0,0.46746877
1,0,0.46162227
0,0,0.4462252
0,1,0.51624495
0,0,0.29038095
0,0,0.49992955
0,0,0.4086174
0,1,0.5072712
0,0,0.41500467
0,0,0.22266166
0,0,0.49497694
0,1,0.5534369
0,0,0.3306409
1,1,0.50117576
1,1,0.5159979
0,1,0.5203873
0,0,0.4167072
0,1,0.5323793
0,0,0.44753924
0,1,0.51260674
0,0,0.4616493
0,0,0.46797544
0,0,0.42211813
0,0,0.48743472
0,0,0.4390675
1,1,0.6301517
0,0,0.4984529
0,0,0.2729181
1,1,0.53746206
0,0,0.4594204
0,0,0.3748726
0,1,0.57864606
1,0,0.407573
1,0,0.44450113
0,1,0.5322993
0,0,0.48214126
0,1,0.5016312
0,0,0.45005137
0,0,0.32662937
0,0,0.4914624
0,0,0.45738825
0,0,0.34148875
1,1,0.5724316
0,1,0.5190068
0,1,0.53803545
1,0,0.45653045
0,1,0.50746024
0,1,0.5379673
0,0,0.47092837
0,1,0.55847573
1,0,0.47991318
0,0,0.4973587
0,1,0.5096649
0,0,0.4630591
0,1,0.61365443
0,0,0.44641876
0,1,0.52983814
0,0,0.47102246
0,0,0.35208845
1,1,0.6540284
1,0,0.38955066
0,0,0.4717145
0,0,0.4519346
0,0,0.48890066
0,0,0.42453596
0,0,0.37336758
0,0,0.4458064
0,0,0.37802503
0,0,0.49940217
0,0,0.48682705
0,0,0.49749872
1,1,0.5020155
1,1,0.5819765
0,0,0.4366269
1,0,0.4926101
0,0,0.27453905
0,0,0.45750576
0,1,0.52344364
0,0,0.4983319
0,0,0.4569359
0,0,0.49791828
0,0,0.47708398
0,1,0.5117179
0,1,0.5122502
0,1,0.50280684
0,1,0.5635857
0,1,0.5032281
1,1,0.5437162
1,1,0.62382555
0,0,0.49650726
1,0,0.4780747
0,1,0.50489753
0,0,0.46298376
0,0,0.4104855
1,1,0.58284605
0,0,0.44426566
0,0,0.4629818
0,0,0.48438442
0,0,0.26899496
1,1,0.59582067
0,0,0.46203062
0,0,0.44333205
0,0,0.4956533
1,1,0.5735417
0,0,0.47460264
0,0,0.49946252
0,0,0.4758401
0,0,0.34623513
0,0,0.37717006
0,0,0.48690832
0,1,0.5128255
0,0,0.4967325
1,0,0.48969093
0,0,0.49829668
1,1,0.58070195
0,1,0.56161594
0,1,0.5064139
0,1,0.54407924
0,1,0.54267824
0,0,0.483109
0,0,0.4630995
0,1,0.5425647
0,0,0.45854908
0,0,0.45833746
0,0,0.45886397
1,0,0.4857891
0,0,0.49348417
0,1,0.5077912
0,1,0.56015533
0,1,0.51392895
1,1,0.56123936
0,0,0.39136127
0,0,0.33437535
0,0,0.47000167
1,0,0.46140158
0,1,0.50696385
0,0,0.48236382
1,0,0.48041543
0,0,0.49201715
0,0,0.44275218
0,0,0.2954365
1,0,0.4819279
0,0,0.48389703
0,1,0.50921476
0,0,0.46800932
1,1,0.60632145
0,0,0.4606135
0,0,0.48296693
0,1,0.50007945
0,0,0.46108475
1,1,0.648921
1,0,0.4786482
1,1,0.5518676
0,0,0.4829479
0,1,0.52191937
0,0,0.4960402
0,1,0.5635814
1,0,0.44119716
0,0,0.48826116
0,0,0.4694641
0,0,0.4918122
0,1,0.67212725
0,1,0.50358593
0,0,0.48855612
0,0,0.3920747
0,0,0.45357934
0,0,0.35618308
0,0,0.3403787
0,1,0.51920575
1,1,0.50236017
0,1,0.57506967
