actual_label,predicted_label,predicted_probability
0,1,0.73033977
0,0,0.31265318
1,1,0.552266
0,1,0.6316461
1,0,0.49294737
0,0,0.18033107
0,0,0.2689671
1,1,0.744161
1,1,0.5126356
0,1,0.5755941
0,1,0.56344897
0,1,0.54375917
1,0,0.4905792
0,0,0.2702008
0,0,0.494994
0,0,0.3726916
1,1,0.6553206
0,1,0.54734427
0,0,0.4320541
0,0,0.44369337
0,1,0.56788844
0,0,0.23268108
0,0,0.38817093
1,1,0.7050623
0,0,0.40990695
1,1,0.64121187
0,1,0.6576245
1,0,0.44690666
0,0,0.27928331
1,0,0.47749117
1,0,0.49957776
0,0,0.40458348
0,0,0.44527802
0,0,0.49346638
1,1,0.56462604
0,0,0.48895532
0,0,0.41542834
0,1,0.5028381
1,0,0.4337503
0,0,0.38854283
1,1,0.55723053
1,1,0.5691327
1,0,0.35622126
0,0,0.34344542
0,1,0.6022638
1,1,0.67019314
1,0,0.47749573
0,1,0.60403407
0,0,0.24050844
1,1,0.69940203
1,1,0.63370126
0,1,0.5405075
0,0,0.42178333
1,1,0.6020458
0,0,0.44883657
0,0,0.45366874
1,1,0.56834793
0,1,0.5864571
0,1,0.5838566
0,0,0.3415726
0,0,0.20869058
0,1,0.68303984
0,1,0.5916561
1,0,0.4294273
0,1,0.5681905
0,0,0.39147606
1,1,0.7883982
1,0,0.3980198
0,1,0.740987
0,0,0.45513773
0,0,0.25484356
0,1,0.5484214
0,0,0.24091505
0,0,0.32788885
0,0,0.42407292
0,1,0.51668876
1,1,0.61206794
0,0,0.48815912
0,1,0.71493334
0,0,0.3044932
0,1,0.7769624
0,1,0.5052397
0,1,0.60597456
0,1,0.57631147
1,0,0.35143423
0,0,0.49548876
0,1,0.7246847
0,1,0.50653094
0,0,0.45280215
1,1,0.50565565
1,1,0.6837917
1,1,0.61913407
0,1,0.5698255
1,1,0.6868931
0,0,0.3026984
0,0,0.44254482
0,0,0.46551043
1,0,0.4495629
1,0,0.38449958
0,1,0.5629654
0,0,0.30412588
0,0,0.33555022
0,0,0.4606547
1,1,0.7405448
0,1,0.5338307
0,0,0.18801306
0,0,0.47233778
1,1,0.55938864
0,1,0.73781824
0,1,0.5560187
1,0,0.29321432
0,0,0.3115054
0,0,0.36575672
1,1,0.5556263
0,0,0.49999723
0,0,0.44116822
1,1,0.5361129
1,1,0.59707606
1,1,0.63171965
1,1,0.53976303
0,0,0.4957519
1,1,0.73489493
0,0,0.33924994
0,0,0.39530367
0,0,0.4981234
0,0,0.47739354
0,1,0.5671097
0,1,0.7138207
1,1,0.59868735
0,0,0.44087276
0,0,0.2890241
0,0,0.45845333
0,1,0.51979214
0,1,0.5044849
0,1,0.5879002
0,1,0.68207973
0,1,0.5245777
0,0,0.41547325
1,0,0.4551563
0,0,0.4758892
1,1,0.66902804
0,0,0.48557973
0,0,0.48548767
1,0,0.37126887
0,0,0.4188961
1,1,0.6267469
1,0,0.42339787
1,1,0.5556443
0,0,0.27929357
1,0,0.3308873
0,1,0.60854363
0,1,0.5282444
1,1,0.5348954
0,1,0.69023216
1,0,0.4837008
0,1,0.5474809
1,0,0.26283532
1,1,0.58764744
0,0,0.26630062
0,0,0.29604936
0,1,0.5384029
1,0,0.36830643
1,1,0.8501078
0,1,0.6935422
0,0,0.3403323
0,0,0.3852115
0,0,0.42644206
0,0,0.2857047
0,0,0.43320224
1,0,0.38679984
1,0,0.4656627
0,1,0.64202356
0,0,0.45275426
0,0,0.39960042
1,0,0.47770497
1,0,0.28020534
1,1,0.5072474
0,0,0.251275
0,0,0.49111184
0,0,0.47001064
0,1,0.66453475
0,1,0.8018554
0,1,0.55313057
1,0,0.3970794
0,1,0.65366805
0,0,0.33869842
0,0,0.39019585
0,0,0.3925261
0,0,0.33373523
1,1,0.5709195
1,1,0.6679366
0,1,0.6256476
1,0,0.39253196
0,0,0.29352865
0,1,0.6486247
0,0,0.23627912
0,1,0.51823944
0,0,0.33954516
1,1,0.63368446
0,1,0.51517683
0,0,0.40940577
0,1,0.71580815
1,1,0.6210459
1,1,0.57441896
0,1,0.73612165
0,1,0.57022256
0,1,0.6104078
0,1,0.51469266
0,1,0.5923488
0,1,0.7909827
0,1,0.65082353
0,1,0.5514336
0,0,0.32504046
0,0,0.32808045
0,0,0.28029823
0,1,0.64518034
0,1,0.5753389
0,0,0.23153974
1,1,0.8576986
0,0,0.39216527
0,1,0.51051134
1,1,0.53576076
1,1,0.5438948
0,0,0.21315582
1,1,0.5785044
1,1,0.5374835
0,1,0.7532172
0,1,0.647389
0,1,0.62008464
0,1,0.6028521
1,1,0.5956525
0,1,0.65420073
1,1,0.6195031
1,0,0.49448204
1,0,0.40965313
0,1,0.5145756
0,0,0.4260508
0,1,0.59257364
0,0,0.37930593
0,0,0.42341223
0,0,0.4842583
1,1,0.66134846
0,1,0.7494052
1,1,0.50716865
1,1,0.5264497
0,0,0.30431408
1,1,0.50761664
0,1,0.6999579
0,1,0.6609704
0,0,0.43173242
0,0,0.47252768
0,1,0.53120255
0,0,0.49019554
1,1,0.5030359
1,1,0.52061915
0,0,0.34440398
0,0,0.1887703
0,0,0.24682853
0,1,0.59486014
0,0,0.35133073
0,1,0.707454
0,0,0.44197026
1,0,0.36175567
0,1,0.5172151
0,0,0.325502
1,1,0.811067
1,1,0.56899977
1,1,0.5639002
1,0,0.3568492
1,1,0.6073657
0,0,0.36132893
1,0,0.32725742
1,0,0.35785586
0,1,0.50123036
1,1,0.6870429
0,1,0.7878136
0,0,0.2596926
1,0,0.43793875
0,0,0.38518915
0,0,0.38465518
1,1,0.82745004
0,1,0.5625358
1,0,0.3756381
0,1,0.5256657
0,1,0.7190486
0,0,0.25708896
0,0,0.44792402
0,0,0.19965711
0,0,0.39162892
0,0,0.46440855
0,1,0.617473
1,1,0.5868043
0,0,0.24506254
1,1,0.6907819
0,0,0.3430111
0,0,0.34097221
0,0,0.46435127
0,0,0.49090275
0,1,0.5315372
1,0,0.49317354
0,1,0.6169623
0,0,0.44694173
1,1,0.55149394
0,0,0.41727695
1,0,0.419327
0,1,0.7492368
0,0,0.21473025
0,1,0.6619168
0,0,0.23968704
1,1,0.6857424
0,0,0.33899736
0,1,0.5669262
0,0,0.2939476
0,0,0.36043033
0,0,0.31748766
1,0,0.49244013
1,0,0.36469793
1,1,0.5950746
0,0,0.35580546
0,0,0.33084086
0,0,0.42094144
0,1,0.5332844
0,1,0.64005584
1,1,0.7037312
1,1,0.805759
0,1,0.50150865
1,1,0.55820835
0,0,0.3642542
0,1,0.6296366
0,1,0.55515856
0,0,0.4267835
1,1,0.76344144
0,0,0.4121695
0,1,0.56207985
0,1,0.7331661
1,1,0.6025218
0,0,0.48303598
0,0,0.38018665
0,1,0.58457303
1,1,0.62538874
0,0,0.4879158
0,0,0.2524084
0,1,0.5896781
0,1,0.68599796
0,0,0.46249273
0,1,0.5141312
0,1,0.6592717
0,0,0.26840487
0,1,0.72118634
1,1,0.59523726
0,1,0.5178181
1,0,0.39637592
0,0,0.4106957
0,0,0.40442446
0,0,0.27189672
0,0,0.270369
1,1,0.78335184
1,1,0.5158165
0,1,0.5354005
0,1,0.57668525
0,0,0.42423093
1,1,0.5189085
1,1,0.6929889
0,0,0.41053015
0,1,0.73986
0,1,0.5961134
1,1,0.5084253
1,0,0.4301667
0,1,0.5793582
1,0,0.3268012
0,1,0.5722117
0,0,0.27461588
0,0,0.32447085
1,0,0.4478934
1,0,0.3096644
0,0,0.26787516
0,0,0.4639308
1,1,0.55361944
1,1,0.76086926
0,1,0.6447601
0,0,0.44328663
0,0,0.4326891
0,1,0.5259772
1,1,0.5711365
1,1,0.515197
0,1,0.7606227
1,1,0.6964699
0,1,0.54832953
0,0,0.38351184
0,1,0.50929683
0,0,0.4460069
0,0,0.4347548
1,0,0.4686917
0,1,0.7368145
0,0,0.4832314
1,1,0.55848366
0,1,0.56760895
0,0,0.28417498
0,0,0.39453572
0,0,0.31214026
1,1,0.59166044
1,1,0.52998257
1,0,0.47143954
0,1,0.86349857
0,1,0.80811316
1,1,0.52601516
0,1,0.7196227
0,1,0.5198837
0,1,0.6694335
0,1,0.5146801
0,0,0.3973388
0,0,0.4190873
1,0,0.44569048
1,0,0.3918893
0,1,0.6252995
0,0,0.4199312
0,0,0.2695761
1,0,0.3945109
1,1,0.58734953
0,0,0.27057368
0,0,0.36565694
0,1,0.5742014
1,1,0.7204659
0,1,0.68736625
0,0,0.18245523
1,1,0.7068566
0,1,0.549614
0,1,0.5951129
0,0,0.45996308
0,0,0.45099545
0,1,0.6352185
0,0,0.3665789
0,0,0.47396243
0,0,0.43464923
1,1,0.6852165
1,1,0.6207777
1,1,0.6548295
0,0,0.25891036
1,1,0.69271135
1,0,0.28348035
0,0,0.29944697
0,0,0.4784602
0,0,0.30728015
0,1,0.57755154
0,0,0.4639116
1,1,0.7351446
0,0,0.23708358
0,0,0.44236764
0,0,0.4940855
0,0,0.23598252
1,1,0.7252427
0,0,0.17500305
0,1,0.64203364
1,0,0.43419427
0,1,0.5942501
1,0,0.32125792
0,0,0.36685225
0,0,0.29491055
0,0,0.28783372
1,1,0.6691557
1,0,0.49676576
0,0,0.37241724
0,0,0.42407852
0,0,0.18559855
1,0,0.44051385
0,1,0.58526087
1,1,0.66317654
1,1,0.51224047
0,1,0.5375487
0,0,0.40322107
0,1,0.6482834
0,0,0.2717793
1,1,0.61269456
0,1,0.7950606
0,0,0.36261502
1,0,0.40142083
0,0,0.15018402
1,0,0.4849046
0,0,0.42816573
0,0,0.2073654
1,0,0.38219398
1,1,0.6085661
0,0,0.22674052
0,1,0.6036824
1,0,0.38615057
1,1,0.7200978
0,0,0.33530915
0,0,0.29689205
0,1,0.5093699
0,0,0.3670719
1,1,0.63488543
1,1,0.6824347
0,0,0.3216632
1,0,0.2789139
0,1,0.5635811
1,1,0.6793337
0,1,0.5241413
0,1,0.5439858
0,1,0.52122986
0,0,0.32921413
1,0,0.43236157
1,1,0.6921167
1,1,0.5030211
1,1,0.6045501
0,1,0.5773611
1,0,0.42334965
1,1,0.6458048
0,0,0.25568065
0,1,0.6150708
0,0,0.19474386
0,0,0.32469332
0,0,0.4171385
0,1,0.74318355
0,1,0.6650473
0,0,0.30939662
0,1,0.63653344
0,0,0.3903189
0,1,0.5372792
1,1,0.61850256
0,0,0.3153141
0,0,0.4769953
1,1,0.80548614
1,1,0.6257705
0,1,0.5866072
1,1,0.71640974
0,0,0.30595103
0,0,0.41251767
0,0,0.45357522
1,1,0.6693419
1,1,0.80341125
0,0,0.31250933
0,0,0.44351315
0,0,0.35677764
0,0,0.22084281
1,0,0.44181672
1,1,0.86888945
1,1,0.6737012
0,1,0.53986055
1,1,0.64319605
0,1,0.6357414
0,1,0.52578187
0,1,0.5263424
1,1,0.61438745
0,0,0.2859671
1,0,0.49905866
0,1,0.5192482
0,0,0.3606635
1,1,0.5038173
0,1,0.5214753
0,0,0.32919636
0,0,0.33119237
0,1,0.50926125
0,1,0.55167013
0,0,0.41256136
1,1,0.5023804
1,0,0.39268926
0,0,0.38198057
1,0,0.43030107
0,0,0.23461568
0,1,0.5631759
1,1,0.67996037
1,1,0.58741933
0,0,0.33512667
0,1,0.72512496
0,1,0.6627086
1,0,0.40785742
1,1,0.539873
1,0,0.4856334
0,0,0.4123324
0,1,0.5026077
0,0,0.48514995
0,0,0.47402498
0,0,0.3210734
0,0,0.27637127
0,0,0.40196824
0,1,0.53514415
1,1,0.7231975
0,0,0.37651178
0,0,0.48748696
0,0,0.38855723
0,0,0.30654085
1,1,0.6648444
0,1,0.5799998
1,0,0.2838593
1,1,0.68928105
0,0,0.40892085
0,0,0.41621923
1,0,0.4623101
1,1,0.6327819
0,0,0.4825245
0,0,0.166627
0,0,0.3244295
0,0,0.4098438
0,0,0.48160955
0,0,0.31821328
1,1,0.5576406
0,0,0.46771726
0,0,0.25375974
1,0,0.37846592
0,0,0.38184673
0,0,0.37394735
0,0,0.445496
1,0,0.3968024
0,0,0.40976545
0,0,0.43617505
0,1,0.6881846
0,1,0.5573151
1,0,0.42780674
0,0,0.31413692
0,1,0.5886359
0,0,0.48444882
0,1,0.7101698
1,0,0.42822823
0,1,0.5201393
0,0,0.4444181
0,0,0.15922236
1,1,0.7499381
0,1,0.5205894
0,0,0.3161919
0,1,0.75354856
1,0,0.4602783
1,0,0.30390397
0,0,0.40495223
0,0,0.25756967
0,1,0.5577789
0,0,0.28249758
1,0,0.27526855
1,1,0.5645245
0,1,0.7598529
0,0,0.3538294
0,1,0.6201596
1,0,0.3889652
1,0,0.44035426
0,1,0.79829305
0,0,0.26739246
1,1,0.69535947
0,0,0.40123922
0,0,0.3605444
0,0,0.3200358
1,0,0.49793074
0,0,0.23796307
0,1,0.50782967
1,1,0.6083577
0,1,0.55958146
0,1,0.56743217
0,0,0.2180202
0,0,0.40510684
0,0,0.43425456
1,1,0.62315494
0,0,0.42924577
1,0,0.28224483
1,1,0.68794876
0,1,0.52280164
0,0,0.37537572
1,0,0.26100117
0,0,0.2978441
0,1,0.65975076
1,0,0.3441453
1,0,0.3315183
0,0,0.27066812
0,0,0.38940266
0,0,0.4559183
1,0,0.43578795
1,0,0.44800335
0,0,0.35868102
1,1,0.6966038
0,1,0.6300437
1,0,0.34224156
0,0,0.18389934
0,0,0.27891406
1,0,0.4551772
1,1,0.5723225
0,0,0.37325048
0,0,0.24294713
0,0,0.36213842
1,1,0.517141
0,0,0.31263018
1,1,0.50960016
0,0,0.4318096
1,1,0.50600463
0,1,0.5658979
0,0,0.4497443
1,1,0.64193463
0,1,0.5841718
1,0,0.43549937
1,0,0.40699986
1,1,0.64908224
1,0,0.44615728
0,0,0.323323
0,0,0.49429038
1,1,0.59713316
0,1,0.5552838
0,1,0.66460323
1,0,0.4541855
1,1,0.5559568
1,0,0.42520243
1,1,0.72043586
1,1,0.57990444
0,0,0.33178696
1,1,0.7698061
0,1,0.6088634
0,1,0.53119785
1,1,0.72271174
0,0,0.4759908
0,0,0.4065953
1,0,0.43604553
0,1,0.61293125
0,1,0.5729387
0,1,0.70308775
0,1,0.8236873
1,0,0.4104023
0,0,0.2610283
0,0,0.36999762
0,1,0.5652688
0,1,0.6672276
0,0,0.45531887
0,1,0.58671016
0,0,0.40581977
1,0,0.4941195
0,1,0.605719
0,0,0.49953693
1,0,0.3970274
1,0,0.4310848
0,0,0.37027666
0,1,0.6216651
1,0,0.3030513
1,0,0.4134337
0,0,0.29990616
1,1,0.5007488
1,1,0.52651834
0,1,0.5339369
0,1,0.7943928
0,0,0.27665424
1,1,0.6714498
0,0,0.36647603
1,0,0.47323042
1,0,0.44825155
0,1,0.7177147
0,0,0.45780006
0,1,0.5647699
1,0,0.24759676
1,0,0.47102797
1,0,0.435406
1,1,0.5767988
1,1,0.5271042
0,0,0.24961402
1,1,0.6543436
0,0,0.33011475
1,1,0.7280961
1,1,0.5866496
0,0,0.42218745
0,0,0.3395731
0,1,0.7188606
0,0,0.25373772
0,0,0.26199195
1,1,0.7966567
1,1,0.6257357
0,0,0.3236805
1,1,0.5603665
0,0,0.25623313
1,1,0.63784593
0,0,0.389316
0,0,0.30452922
1,0,0.35923928
0,1,0.71881187
0,1,0.57044935
1,1,0.8360466
0,0,0.37634927
0,0,0.445701
1,1,0.5349826
1,1,0.57281536
1,1,0.68930924
0,0,0.46944416
0,0,0.29974556
1,1,0.5452644
0,0,0.39730704
0,1,0.7750587
0,0,0.41741186
1,1,0.8459644
0,0,0.21714298
0,0,0.26173836
0,1,0.6257647
0,0,0.31538868
0,1,0.5568153
1,1,0.66492856
0,0,0.3850369
0,0,0.4274609
0,0,0.43012267
0,1,0.74018383
0,1,0.59291583
0,0,0.425373
1,1,0.60925716
0,0,0.4612705
1,1,0.730545
0,1,0.5076463
0,0,0.45414585
0,1,0.6191056
0,0,0.38582706
0,0,0.3271072
0,0,0.38202408
0,1,0.6391206
1,1,0.58189565
1,1,0.6382038
1,1,0.73482215
0,1,0.6025519
0,1,0.62184155
1,1,0.84136397
1,1,0.7888145
0,0,0.4128714
1,1,0.65193385
0,0,0.49089092
0,1,0.5658168
0,0,0.3888098
0,0,0.44586188
0,1,0.5717776
1,1,0.62962496
1,0,0.3107234
0,0,0.4351225
1,1,0.74979854
1,0,0.38403133
0,1,0.553019
1,1,0.52995396
0,1,0.64269304
0,0,0.27767733
0,0,0.46736842
1,0,0.39547744
0,0,0.23672117
0,0,0.37364188
1,1,0.56394005
0,1,0.56947434
0,0,0.49145338
0,1,0.56929874
0,0,0.30021065
0,1,0.5849766
1,1,0.5197186
0,1,0.65358406
0,1,0.5064005
1,1,0.55647355
1,1,0.6810797
1,1,0.61812
1,1,0.6618276
1,1,0.59757525
1,1,0.8256348
1,0,0.43826166
1,0,0.27437866
1,1,0.6606967
0,1,0.6574908
0,1,0.81230444
1,1,0.68325526
1,0,0.4960981
1,1,0.6540824
0,1,0.59826195
0,0,0.29560784
1,1,0.6995617
0,1,0.5238913
1,1,0.6332265
0,1,0.5724849
0,0,0.3907813
0,1,0.55217856
0,1,0.6581935
1,1,0.6193173
1,1,0.6914132
0,1,0.51014566
0,1,0.57538533
0,1,0.5062319
1,1,0.52119213
1,0,0.3085086
0,1,0.5942531
0,1,0.50892717
0,1,0.5191363
0,1,0.6819882
0,0,0.44324133
0,0,0.35172576
0,1,0.5069054
0,0,0.32671264
0,0,0.42082065
0,0,0.44168833
1,0,0.4873553
1,1,0.5186397
0,0,0.23874138
0,1,0.5379521
0,0,0.27428257
0,0,0.2620468
0,1,0.62948805
0,0,0.31404126
1,1,0.5094902
0,1,0.59106624
0,0,0.3126238
0,0,0.35814434
0,1,0.6235213
0,0,0.3111241
0,1,0.5116086
1,0,0.18770267
1,1,0.5623031
1,1,0.6534022
0,0,0.40413126
0,1,0.6085139
0,0,0.2963629
1,0,0.2919329
0,1,0.66157967
1,1,0.51147187
0,0,0.43030506
0,0,0.44041592
0,1,0.7092678
1,1,0.6926835
1,1,0.5435432
0,0,0.45790866
1,0,0.48970857
0,0,0.26923043
1,1,0.5729875
1,1,0.773559
1,1,0.6350449
1,1,0.5541494
0,0,0.36124873
0,0,0.4684784
1,0,0.28876877
0,1,0.5326908
0,0,0.3368436
0,1,0.5275154
0,0,0.30604282
0,0,0.3558696
1,1,0.5211277
0,1,0.581713
1,1,0.6977836
1,1,0.63612276
0,0,0.1943781
0,0,0.29617015
1,0,0.22139667
1,1,0.5287008
0,1,0.56942576
1,1,0.5760025
0,1,0.5243889
0,0,0.46155417
0,1,0.7622221
1,0,0.43633476
1,1,0.6101211
0,0,0.29720226
1,1,0.55507326
1,0,0.4694251
0,0,0.48523757
1,0,0.45601737
0,0,0.40168527
0,1,0.58580923
0,0,0.4471879
0,1,0.6406501
0,0,0.30557746
1,1,0.6891472
0,0,0.24959591
0,1,0.6167374
0,0,0.21021928
1,0,0.43618682
0,0,0.3908997
1,0,0.35022897
0,1,0.53613263
0,0,0.3099943
0,1,0.7479836
0,1,0.52412605
1,1,0.6764776
1,1,0.64473647
1,1,0.53587294
1,1,0.7426891
0,0,0.47109047
0,0,0.4452646
0,0,0.26674354
1,0,0.44598633
1,1,0.6328309
1,1,0.6906492
1,0,0.3379626
0,0,0.32962596
0,0,0.4638804
0,0,0.24553831
0,0,0.48302403
0,0,0.270396
1,1,0.5290101
0,0,0.49931416
0,0,0.41583222
0,1,0.6234008
0,1,0.722091
0,0,0.37491065
1,0,0.3870361
0,0,0.43742642
0,1,0.50056016
0,1,0.6838136
0,0,0.24407274
0,0,0.4274825
0,0,0.18145359
0,0,0.39868826
0,0,0.34397605
0,0,0.33067533
1,1,0.64174485
0,0,0.3337089
0,0,0.39281985
1,1,0.6960484
0,0,0.34030628
0,0,0.49552462
0,0,0.3622723
0,1,0.52074695
0,0,0.42646545
0,0,0.3627856
0,0,0.47048295
0,0,0.34396875
0,1,0.51041615
0,1,0.63495505
0,0,0.41071963
1,1,0.63355315
0,0,0.39281362
0,0,0.36429197
0,0,0.42487434
1,1,0.61472434
0,1,0.5930749
0,0,0.41567758
1,1,0.59345925
1,1,0.57412857
1,0,0.39512047
0,0,0.40498376
1,0,0.4890241
1,0,0.48533896
0,1,0.5051021
0,1,0.5214169
1,0,0.40938613
1,1,0.70586544
0,0,0.28079957
0,0,0.41321197
0,0,0.4052506
1,1,0.6367624
1,0,0.33901605
0,0,0.41555473
0,1,0.5699344
0,0,0.3601339
0,0,0.48571047
1,0,0.4677346
0,1,0.74620354
0,0,0.28247005
0,0,0.26138645
0,1,0.529938
0,0,0.49139237
1,0,0.2613872
0,0,0.43334395
1,1,0.5206623
1,0,0.34662557
0,0,0.3361407
1,0,0.42759785
1,1,0.55791354
1,1,0.745708
0,0,0.27434555
0,1,0.79897213
1,1,0.61308646
0,1,0.5561482
0,0,0.30691627
0,0,0.49770376
1,0,0.46049654
0,0,0.46937025
1,0,0.39628565
0,0,0.32565773
1,1,0.6223302
1,0,0.42050755
0,0,0.20446111
1,0,0.45830068
0,0,0.21216236
0,0,0.39796957
0,0,0.353669
1,1,0.5597701
1,1,0.5909499
0,1,0.5081703
0,1,0.67633426
0,0,0.42875263
0,1,0.5385817
1,0,0.49314997
0,0,0.35412958
0,1,0.61125576
0,1,0.6920801
1,1,0.6097053
0,1,0.7117559
0,1,0.5702292
1,1,0.6023968
1,1,0.5915971
0,0,0.37963244
1,1,0.6042962
1,1,0.502161
0,1,0.5092949
0,0,0.4574654
0,0,0.39926788
0,0,0.46516368
0,0,0.46867123
0,1,0.52187824
0,1,0.5290063
1,1,0.76311964
1,1,0.56865937
1,1,0.5532638
0,0,0.24853715
0,0,0.39153972
0,1,0.5499949
0,0,0.47865763
1,1,0.7606526
1,1,0.65850085
1,0,0.24935532
1,1,0.6256186
1,0,0.42915848
0,0,0.32867858
0,0,0.49875116
1,1,0.85264623
0,0,0.29764727
1,0,0.4291939
0,1,0.5065372
0,1,0.5370322
1,1,0.5917288
0,0,0.37867126
0,0,0.33666667
1,1,0.5458077
1,0,0.4593867
0,0,0.4766524
0,1,0.58931696
0,1,0.78747046
1,0,0.44549832
0,0,0.34604236
1,0,0.31215492
0,1,0.69337744
1,0,0.3296169
0,0,0.26879793
1,1,0.73519796
0,0,0.40855703
1,1,0.73461825
0,0,0.420464
0,0,0.40486646
0,0,0.34849715
0,0,0.415954
0,0,0.48717085
1,0,0.38769764
0,1,0.5620146
0,1,0.54857206
0,0,0.4529947
0,0,0.24488717
1,1,0.681699
0,1,0.58442837
0,0,0.4685383
0,0,0.48531845
0,0,0.26615235
0,1,0.7823115
1,0,0.3746399
0,1,0.7642998
1,1,0.81999654
0,1,0.5062706
0,0,0.48683423
0,1,0.76772344
1,1,0.5616385
0,0,0.24416965
0,0,0.40728223
0,1,0.7593405
1,0,0.35309818
0,0,0.32969272
0,0,0.38469866
1,1,0.6745829
0,1,0.653792
0,0,0.2650173
0,1,0.64022744
0,1,0.5697858
0,0,0.10141491
1,1,0.5576361
0,1,0.62084013
0,1,0.5009232
0,0,0.33494723
0,0,0.37051228
1,0,0.45815077
0,1,0.7548376
1,0,0.30693588
0,0,0.24886379
0,0,0.25686905
0,0,0.3421767
1,1,0.5954633
0,0,0.33175933
0,1,0.65098643
1,1,0.7567577
1,0,0.48648098
1,1,0.6697553
0,0,0.3578845
1,0,0.4952161
0,0,0.38989505
0,0,0.4159518
0,1,0.63494563
1,1,0.69151306
0,0,0.36422879
1,1,0.62089765
1,1,0.5661914
0,1,0.6288983
0,1,0.73024976
0,0,0.22091691
0,1,0.65883917
1,1,0.87374705
1,0,0.48964024
1,1,0.66645235
0,1,0.60204107
1,0,0.40472427
1,1,0.76231015
0,1,0.613817
0,0,0.20483272
1,0,0.3451408
0,0,0.20417672
0,0,0.32509112
0,1,0.57632965
1,0,0.41745275
0,1,0.7512588
1,1,0.6465954
1,1,0.6500536
0,1,0.58442473
1,1,0.6926077
0,0,0.2712641
0,0,0.15740143
0,0,0.27647275
1,0,0.4976216
0,1,0.63441014
0,1,0.6119837
0,0,0.4639737
0,1,0.61646926
1,0,0.4583257
0,0,0.4655326
1,0,0.21631576
1,0,0.38719127
0,0,0.3554257
0,1,0.6314558
0,0,0.4295765
1,1,0.7294504
0,0,0.27329943
0,0,0.2464955
0,0,0.32257205
1,0,0.38176432
0,1,0.50490737
0,0,0.3434764
0,0,0.41233724
0,0,0.31170052
0,0,0.47703412
0,0,0.49419194
0,1,0.539717
0,0,0.41669264
0,0,0.4751251
0,1,0.51630455
1,1,0.5025179
0,1,0.61523235
0,0,0.34288174
0,1,0.6202015
0,1,0.5906577
0,0,0.32623082
0,1,0.6940777
0,1,0.5023614
0,0,0.22523206
1,1,0.5067552
0,1,0.5011228
0,0,0.25585458
1,1,0.52015173
0,1,0.6153871
0,1,0.6216893
0,0,0.4390043
0,1,0.6159351
1,1,0.79348266
0,0,0.38581303
0,0,0.35712132
1,0,0.3911305
1,1,0.5002776
0,0,0.34355116
1,1,0.52074784
0,1,0.67031914
0,0,0.48341706
0,1,0.57308346
0,0,0.34419236
1,1,0.64121646
0,0,0.34021777
1,1,0.60317546
1,1,0.52311546
0,0,0.4571557
1,1,0.6945722
1,0,0.28214416
0,0,0.48600152
0,0,0.3034459
0,0,0.3084586
1,1,0.5481814
1,1,0.6728773
0,1,0.5755875
0,1,0.65289265
1,0,0.41431195
0,1,0.6481189
0,0,0.48863193
0,0,0.32852358
0,0,0.44121936
0,1,0.66333306
1,1,0.7285801
0,1,0.5722715
0,1,0.5250045
0,0,0.459774
1,1,0.7676253
0,0,0.2910476
1,0,0.48512527
0,1,0.5092297
0,0,0.4288584
0,1,0.514581
1,1,0.54074377
0,0,0.48126072
0,0,0.43609145
1,0,0.3367335
1,1,0.7128231
0,0,0.15184283
0,1,0.61407274
0,0,0.4286456
1,0,0.35034814
1,1,0.5625826
0,0,0.31000236
1,1,0.5300159
0,1,0.71225756
0,0,0.39318964
1,0,0.37259775
0,0,0.41565233
0,0,0.40504965
0,1,0.5038808
0,0,0.4163457
0,0,0.3522995
1,0,0.42720288
0,1,0.6616346
1,0,0.43343022
1,1,0.5834333
0,0,0.2455556
1,1,0.77922225
0,1,0.50817215
1,1,0.74276304
0,0,0.3657494
1,0,0.45893714
0,0,0.4378304
0,0,0.41637194
0,1,0.55980057
1,0,0.3538087
1,1,0.5213046
0,1,0.56728435
1,1,0.5610811
1,1,0.7169258
0,1,0.5985397
0,1,0.7716345
1,0,0.41028383
0,1,0.51103663
1,1,0.7389969
0,0,0.4105503
1,0,0.4497042
0,0,0.36760375
0,1,0.71932656
1,0,0.32904348
0,1,0.5938843
0,1,0.515797
1,0,0.42646584
0,1,0.6383458
0,1,0.5528254
1,1,0.63801795
0,1,0.5648971
1,0,0.32149217
1,0,0.25996912
1,1,0.62189496
0,1,0.7150955
0,0,0.3347679
1,1,0.7583334
0,0,0.27436092
0,0,0.3498756
0,1,0.6394318
0,1,0.6078946
1,0,0.24547862
0,1,0.5472249
0,0,0.2931545
1,1,0.6236335
1,1,0.64651865
0,0,0.3898482
1,1,0.7000279
0,0,0.49274594
1,0,0.36851293
0,0,0.47960174
0,0,0.44815573
1,0,0.45899087
0,1,0.5681267
0,0,0.4385976
1,0,0.40252933
1,1,0.5306506
1,1,0.6012694
0,1,0.7009618
0,1,0.6063657
1,0,0.4455075
0,1,0.53800595
0,0,0.29060933
1,1,0.67414993
0,1,0.5634819
0,1,0.53605807
1,1,0.5486773
1,1,0.8502137
1,1,0.55585665
0,0,0.44118336
0,1,0.5817742
1,0,0.48590404
1,1,0.7117139
0,0,0.2796299
1,1,0.665019
0,0,0.28046358
0,1,0.553802
0,1,0.5595329
1,0,0.39988402
0,1,0.52385235
0,0,0.42443505
0,0,0.43964905
0,0,0.48454958
1,1,0.6711862
1,0,0.2416549
0,1,0.5236688
0,1,0.69829875
0,1,0.6434279
0,0,0.49078447
0,0,0.37611142
1,1,0.67904305
0,1,0.50953716
0,0,0.46561757
1,1,0.53258044
1,1,0.71122134
1,0,0.33282387
0,0,0.35626507
1,0,0.22197573
0,0,0.16768283
1,1,0.7623689
1,1,0.5533432
1,1,0.6143639
1,1,0.5218116
0,0,0.44512004
0,0,0.49895543
1,1,0.69996333
0,1,0.7777325
1,1,0.5847228
0,1,0.60673106
1,0,0.20938624
1,1,0.69643974
1,1,0.5667828
1,1,0.51887965
0,1,0.51734436
0,0,0.40789208
0,1,0.5106736
1,0,0.46725807
1,1,0.7073231
0,0,0.49289787
0,0,0.40494415
0,0,0.43680695
1,0,0.45016435
1,0,0.3897137
0,1,0.6136838
0,1,0.5895662
1,0,0.4270613
1,0,0.4727897
1,1,0.60203004
0,0,0.4084327
0,1,0.5985078
0,0,0.46371242
1,1,0.5040218
0,0,0.45953074
1,0,0.25840127
1,1,0.64062
1,0,0.4492424
0,0,0.37965375
0,0,0.30050257
0,0,0.34192103
1,1,0.52008295
0,1,0.5635065
1,1,0.7932227
1,1,0.75300145
0,0,0.27568
0,1,0.5214136
1,1,0.7024232
0,0,0.43459693
0,1,0.5317002
1,1,0.52981424
0,0,0.316735
0,0,0.1313891
0,0,0.4130407
0,1,0.5861486
0,1,0.5056694
0,0,0.29300615
0,0,0.4782722
0,1,0.6769214
0,0,0.4043452
1,1,0.5619634
0,0,0.3162758
1,0,0.39080477
0,0,0.4644009
0,1,0.5731539
0,1,0.64302874
0,1,0.61518866
0,1,0.5370622
0,0,0.38694394
1,1,0.7386931
1,0,0.32754138
0,1,0.6992666
0,0,0.49144816
0,1,0.5170836
1,1,0.6668836
1,0,0.47600973
0,0,0.43101987
1,1,0.7473775
0,1,0.69022226
0,0,0.29724985
0,0,0.34220302
1,1,0.51490605
0,1,0.6710362
1,1,0.6112563
1,1,0.5169492
1,1,0.559211
1,0,0.46674174
0,0,0.4209795
0,1,0.5169717
1,0,0.3602307
0,0,0.4161306
0,0,0.32945737
0,0,0.40792632
0,1,0.73668087
1,1,0.72037137
1,1,0.62806046
1,1,0.5217146
0,1,0.7478125
0,1,0.6008163
1,1,0.54790527
0,0,0.42040595
0,0,0.39004102
1,0,0.27112746
0,0,0.4132932
0,0,0.42062685
0,0,0.34428462
0,0,0.4693083
0,0,0.31083182
1,1,0.7594199
0,0,0.4085957
1,0,0.45636338
1,0,0.48522666
0,1,0.61583185
0,1,0.7120363
0,0,0.22608468
1,1,0.6723579
0,0,0.3924797
0,0,0.30216205
0,1,0.6009791
0,0,0.41234484
0,0,0.42057493
0,0,0.41099373
0,1,0.5580012
0,1,0.5831102
0,1,0.52621233
0,0,0.39794618
0,1,0.50088006
0,1,0.6459015
1,1,0.5766433
1,1,0.50602746
0,0,0.38094556
1,1,0.6322434
0,1,0.61607504
1,1,0.52474517
0,0,0.36968252
1,1,0.6184665
0,0,0.38966343
0,0,0.41016135
0,0,0.4550805
0,1,0.62409514
0,0,0.45801
1,1,0.5481266
1,1,0.59205884
0,0,0.49119288
0,0,0.2419639
0,0,0.35578898
1,0,0.38996002
0,0,0.47330508
0,0,0.464527
0,0,0.36758468
0,0,0.38953635
0,0,0.46468332
1,1,0.5781252
1,0,0.3692519
0,0,0.41409817
1,1,0.6614618
0,1,0.52975106
1,1,0.6312102
0,0,0.30906647
0,0,0.47744426
0,1,0.660242
1,0,0.38772768
0,1,0.5604153
0,1,0.6341143
0,1,0.6261619
0,0,0.37003928
0,1,0.54923415
0,0,0.3064238
0,0,0.33427963
0,0,0.33506736
0,1,0.60466784
0,0,0.39133677
1,1,0.5456818
0,1,0.6550144
0,1,0.5483641
0,0,0.19491993
0,0,0.3007248
0,1,0.61683756
0,1,0.5372311
1,0,0.23333205
0,1,0.6793356
1,0,0.4678232
0,0,0.44938108
0,0,0.3354517
0,0,0.40676185
0,1,0.5810054
0,1,0.7327338
1,1,0.5804041
0,0,0.22567964
0,0,0.38178405
1,1,0.7096905
0,1,0.50828075
0,0,0.22851035
0,1,0.5326915
1,0,0.43026826
0,0,0.26348534
1,1,0.62363267
1,1,0.60081387
0,0,0.36977535
0,1,0.5610588
1,1,0.50886416
1,1,0.8077329
0,0,0.44791663
0,0,0.32639483
0,0,0.43432844
0,0,0.35103318
0,0,0.28068906
0,0,0.3461929
0,1,0.597741
0,1,0.5342884
1,1,0.5182669
0,0,0.46497986
1,1,0.57548183
0,0,0.35008973
1,0,0.36546066
0,0,0.41881597
1,1,0.5710909
0,0,0.38661504
1,1,0.81230336
1,1,0.5678122
1,1,0.7484555
0,0,0.3522968
0,0,0.41775113
0,1,0.6927184
0,1,0.5475082
0,1,0.5474615
1,0,0.4118162
0,0,0.17433631
0,0,0.23602866
0,1,0.5834666
0,0,0.25776923
1,0,0.4507062
0,0,0.30322966
0,0,0.4775701
1,0,0.49431947
1,1,0.68825793
0,0,0.3300777
1,1,0.55943596
1,1,0.5467624
0,0,0.28912663
0,0,0.21466506
0,0,0.27663678
0,1,0.5631869
1,0,0.48068708
0,0,0.44135812
0,1,0.6220789
0,1,0.67489743
0,1,0.51711464
0,0,0.49919227
0,0,0.35553762
0,0,0.46085054
1,1,0.5430395
1,1,0.5670136
0,1,0.54606
0,1,0.6730358
0,1,0.5136639
0,0,0.2188911
0,0,0.20804101
0,0,0.45298886
0,0,0.2857494
0,0,0.29370913
0,1,0.6231671
0,0,0.3021917
1,0,0.4816927
0,1,0.5535932
1,0,0.44114494
0,1,0.65601605
0,1,0.77951485
0,0,0.41085225
0,1,0.5577737
0,0,0.2765782
0,0,0.15895337
0,0,0.40538418
0,0,0.41105303
1,0,0.44305554
1,0,0.27832317
0,0,0.46647865
0,1,0.72257847
1,0,0.39583737
0,1,0.6099711
0,0,0.4598844
0,0,0.47627068
0,0,0.3453518
0,0,0.4541274
0,0,0.48407403
0,1,0.592334
0,1,0.52826214
0,0,0.32265118
0,1,0.53893
0,0,0.3757362
0,1,0.63067603
1,0,0.40626043
1,1,0.6415309
0,0,0.33361158
1,0,0.31871814
1,1,0.629283
0,0,0.4893947
0,0,0.3017057
0,0,0.42519447
0,1,0.5898031
0,1,0.594754
1,0,0.34039095
0,0,0.446746
0,0,0.36904332
0,0,0.27485302
1,0,0.36198586
0,0,0.36004713
1,1,0.6894022
0,1,0.5704221
1,0,0.4011534
0,0,0.36254114
1,0,0.45669273
1,1,0.61041665
1,1,0.8514113
0,1,0.576638
1,1,0.8164544
0,0,0.41987333
0,1,0.67301637
0,1,0.61649907
1,1,0.72956204
1,1,0.8070588
0,1,0.66487205
0,1,0.51988924
1,1,0.83664435
1,1,0.6042439
1,1,0.67161167
0,1,0.5648884
0,1,0.6535156
1,0,0.29144558
0,0,0.2919027
0,0,0.33693105
1,0,0.39044222
0,0,0.49029613
0,0,0.2515143
1,0,0.37780663
1,0,0.38242868
1,1,0.5636915
0,1,0.549881
1,1,0.586677
0,0,0.41766167
0,0,0.48121786
0,0,0.4850594
0,0,0.31046486
1,1,0.749527
0,0,0.27082476
1,1,0.7126452
0,1,0.6457373
0,1,0.6925497
1,1,0.5587551
1,1,0.5912409
0,0,0.36340708
0,1,0.5611018
0,0,0.40350047
1,0,0.47753376
0,0,0.3279218
0,1,0.8222414
0,0,0.48383126
0,1,0.5369598
0,1,0.5769096
1,0,0.4993881
1,1,0.5559006
0,1,0.54748774
1,0,0.46175632
1,0,0.47713274
1,1,0.8686286
0,0,0.17895631
0,0,0.40988243
0,1,0.5356924
1,1,0.660081
1,0,0.41297847
0,0,0.30376256
0,1,0.52380913
0,1,0.5314358
0,1,0.5180212
1,0,0.4832012
0,1,0.72348833
1,0,0.30634332
1,1,0.8211594
1,1,0.661348
1,0,0.38252562
1,1,0.5283557
0,0,0.35722193
0,1,0.6343386
1,1,0.5545889
1,1,0.73452187
1,0,0.27876675
1,1,0.6652468
0,0,0.33884564
1,1,0.7482964
0,1,0.67932487
0,0,0.2905334
1,0,0.20303552
0,0,0.4442418
0,1,0.7090377
1,1,0.8308782
0,0,0.38403112
1,1,0.7430995
0,0,0.39215606
1,1,0.5151222
0,0,0.37564415
1,1,0.5653048
0,1,0.67235625
1,0,0.3797817
0,1,0.5512225
1,1,0.55123997
1,1,0.62239945
0,0,0.48051593
0,1,0.7607122
0,0,0.39991426
1,1,0.65989596
0,1,0.5765046
1,1,0.69646525
1,0,0.44340202
1,1,0.5456721
0,0,0.41088834
0,0,0.4405436
0,1,0.54355806
0,1,0.5397443
0,1,0.602304
1,0,0.49666843
0,1,0.5436124
0,1,0.55407524
1,0,0.3870657
0,1,0.5829621
0,1,0.5522367
0,0,0.33808857
1,1,0.76661164
0,0,0.39169052
0,0,0.29670903
0,1,0.676432
0,1,0.61216533
1,0,0.29642752
1,0,0.25427413
0,0,0.3735155
1,1,0.5313542
0,0,0.4541027
1,1,0.6769454
0,0,0.32875356
0,0,0.3554487
1,0,0.48464838
1,1,0.63349724
1,1,0.8760147
0,0,0.4449564
1,0,0.2743559
1,1,0.5998202
0,1,0.70401335
0,0,0.485962
0,0,0.4747015
1,1,0.8201358
0,0,0.3607924
0,1,0.5395213
0,0,0.22565639
1,1,0.5345187
0,0,0.48405567
0,1,0.6164964
0,1,0.5000597
0,0,0.46229687
1,1,0.56589323
1,1,0.64158005
0,0,0.3107087
1,1,0.5310648
0,0,0.36596784
1,1,0.5226608
0,1,0.5302931
1,1,0.5257181
1,0,0.46350074
0,1,0.81008315
0,1,0.7415086
0,0,0.3300264
0,1,0.6556155
0,1,0.65911806
1,1,0.8396173
0,1,0.6587151
0,1,0.50178474
1,1,0.6596781
1,0,0.45977235
0,0,0.14183868
0,0,0.36203012
0,0,0.49162185
0,0,0.2791932
0,0,0.37344965
1,1,0.58355314
0,0,0.2470299
0,1,0.7779714
0,1,0.6421656
0,0,0.30047253
0,1,0.5535937
0,0,0.2779447
0,1,0.5039366
1,1,0.70802855
0,1,0.54560316
0,0,0.2654596
0,0,0.31072962
0,0,0.38502777
0,0,0.23669414
0,0,0.2524797
1,0,0.4326666
0,0,0.43155697
1,0,0.3345148
0,0,0.37688524
0,0,0.37733147
1,0,0.42560366
0,1,0.7604415
0,1,0.7058484
1,0,0.49204648
1,0,0.43413422
0,0,0.47963774
1,1,0.8027615
1,1,0.64715666
1,1,0.5731917
0,0,0.2685231
1,1,0.6496371
1,1,0.80338347
0,0,0.37884036
1,1,0.7169673
0,0,0.3304874
1,1,0.6818025
1,1,0.64569557
1,0,0.41466334
0,0,0.40885782
0,0,0.32121286
0,0,0.3605017
0,0,0.39585415
1,0,0.4594836
0,0,0.37309787
1,0,0.41999447
0,0,0.4497982
0,0,0.4534551
0,0,0.27986526
0,0,0.4949912
1,0,0.29443407
1,0,0.44021967
0,1,0.5223255
0,0,0.3265119
0,1,0.74191743
0,1,0.6007925
1,0,0.34786633
0,0,0.4913552
0,0,0.23813303
0,0,0.43882653
0,1,0.6546397
1,1,0.66157246
0,0,0.48474988
0,0,0.35145798
0,1,0.6790072
1,1,0.5514162
1,0,0.48201418
0,1,0.6099635
0,1,0.5296661
0,0,0.42515457
1,1,0.54645634
1,1,0.6724731
0,0,0.4407845
1,1,0.5871852
1,0,0.34760398
0,0,0.41952845
0,0,0.32161003
0,0,0.428829
0,0,0.21058989
0,1,0.56567615
1,1,0.5830322
1,1,0.59833497
1,1,0.5731161
1,0,0.29723117
0,0,0.4250248
0,1,0.5359237
1,0,0.29502064
0,0,0.30740395
1,0,0.307812
1,1,0.5156724
0,1,0.5079206
0,1,0.53937054
0,1,0.5869977
1,1,0.6166354
0,0,0.39967424
0,0,0.40558225
0,1,0.59692603
1,1,0.55206364
0,0,0.46332648
0,0,0.33227414
1,0,0.25208282
0,1,0.5473548
1,1,0.5586029
0,1,0.7110039
0,0,0.27270633
1,1,0.7185982
0,0,0.4816845
1,0,0.3108543
1,0,0.4646513
0,1,0.5975933
1,1,0.74823755
0,1,0.8148778
1,1,0.66359127
1,1,0.6949083
1,0,0.48960444
1,0,0.4544045
0,0,0.31458345
0,0,0.47049028
0,0,0.47173506
1,0,0.41488183
1,1,0.70358384
0,0,0.47390145
0,1,0.6730019
1,1,0.56659293
1,0,0.29167995
0,0,0.35695776
1,1,0.53838664
0,1,0.6250041
1,1,0.6497957
0,1,0.6975492
0,1,0.58583605
0,1,0.5711947
1,1,0.6843564
0,0,0.40641147
0,0,0.3938328
1,1,0.6617749
1,0,0.493207
0,1,0.5968178
0,0,0.27803886
1,0,0.35766098
1,0,0.35894743
1,1,0.5335328
0,0,0.23819645
1,1,0.6817482
0,0,0.39296377
0,1,0.5625954
0,0,0.408578
1,1,0.6743588
0,0,0.27760234
0,0,0.22369781
1,1,0.65986896
1,1,0.69112575
0,0,0.29662687
0,1,0.57261187
1,1,0.664522
0,1,0.51008147
1,1,0.7490432
1,0,0.14419538
0,1,0.5181203
1,1,0.7880871
0,0,0.3613705
0,0,0.34731483
0,1,0.7808482
1,0,0.4041647
0,1,0.5208245
1,1,0.55438983
1,0,0.47007537
0,0,0.3259291
0,1,0.5801225
0,0,0.3792239
0,0,0.46792835
0,0,0.49682435
0,0,0.30346715
0,1,0.61598164
1,0,0.29108295
0,1,0.64159596
0,0,0.23797715
1,1,0.7149502
0,0,0.26860353
0,1,0.51338303
0,0,0.44679654
1,0,0.49560493
1,1,0.58752203
1,0,0.46781796
0,0,0.3076899
0,0,0.37406355
0,0,0.45773083
0,1,0.61490476
0,1,0.5051466
0,1,0.5214805
0,1,0.74109674
0,0,0.45458922
1,1,0.68969965
0,1,0.6697564
0,0,0.37296352
0,0,0.1766597
1,0,0.39910802
0,1,0.5041032
0,1,0.72953945
1,1,0.6292418
0,1,0.59069645
0,1,0.63808745
1,1,0.6414064
1,0,0.45620343
0,0,0.34203073
0,1,0.76260805
0,1,0.6117448
0,0,0.44026583
0,0,0.36906397
0,0,0.29116112
0,0,0.36910936
1,0,0.29915884
0,1,0.52014166
0,0,0.36154756
1,1,0.7692027
1,0,0.4783715
1,1,0.6181735
0,1,0.53016186
0,0,0.48924032
1,1,0.80724293
0,0,0.2595011
0,0,0.40126517
0,0,0.38243002
0,0,0.34418646
0,1,0.61760044
0,0,0.2803068
0,0,0.48088214
0,1,0.512559
0,0,0.3653179
0,1,0.52078784
1,1,0.62620413
1,1,0.6417145
0,0,0.30302227
0,0,0.32540342
1,1,0.6005256
1,0,0.4654565
1,0,0.49704117
0,0,0.40914
1,1,0.6692478
0,0,0.38126713
0,0,0.46602193
0,0,0.3478319
1,0,0.35007805
0,0,0.18699679
0,0,0.4846919
1,1,0.67461294
1,1,0.67695695
0,0,0.3652838
1,0,0.4107184
0,0,0.3197443
1,0,0.32921025
0,0,0.21983862
1,1,0.710446
0,0,0.3663463
1,1,0.64454466
0,0,0.44436586
1,0,0.447996
0,1,0.58435273
0,0,0.32605645
1,0,0.32649237
0,1,0.52583
0,0,0.4000838
1,1,0.5059423
0,0,0.321995
0,1,0.71185815
1,1,0.6193466
0,0,0.47252914
0,1,0.5208267
0,1,0.5166553
0,1,0.6168159
0,0,0.41850707
0,1,0.55755085
0,1,0.51171184
0,0,0.47308123
0,0,0.24561405
1,1,0.67539865
0,1,0.52876425
1,0,0.46729293
0,1,0.5736842
1,1,0.7016484
0,0,0.46616971
0,0,0.4810188
0,1,0.79556054
0,0,0.29920706
0,1,0.63020885
1,1,0.6511409
0,0,0.39312896
0,1,0.50305134
0,0,0.37430343
0,1,0.50493443
0,0,0.38953978
1,1,0.5886118
1,0,0.42772052
0,1,0.5361116
0,0,0.39458963
0,1,0.53364336
0,1,0.6110124
0,0,0.31797683
0,0,0.22341372
0,1,0.635493
0,0,0.4999756
1,0,0.35734335
1,0,0.4225357
0,1,0.74793243
1,1,0.5137646
0,1,0.54982585
0,1,0.70695853
0,0,0.48837605
0,1,0.77219594
0,0,0.3012085
0,1,0.5888506
0,1,0.6834152
0,0,0.33620384
0,1,0.5420562
0,0,0.43888852
1,0,0.4559594
0,1,0.57072693
1,0,0.33853316
0,0,0.42968816
0,0,0.34690863
0,0,0.28016907
0,0,0.39331794
0,0,0.43868634
0,0,0.4039902
0,1,0.50441986
0,0,0.47540015
1,1,0.60034764
0,1,0.53627676
1,1,0.650252
0,0,0.31077477
0,1,0.7080845
1,1,0.70418805
0,0,0.43179098
0,1,0.5248915
1,0,0.29346815
0,0,0.39937508
1,1,0.7183409
0,0,0.42626148
0,1,0.6559195
0,1,0.6744506
1,1,0.7566296
0,0,0.40284994
1,1,0.60454845
1,1,0.5307373
1,1,0.5155861
0,1,0.5907249
1,1,0.7351997
1,1,0.66454387
1,0,0.31790373
0,0,0.31426114
1,1,0.82314897
0,0,0.4274457
0,0,0.4673696
0,1,0.6619018
0,1,0.56174684
1,0,0.32477608
0,0,0.21435821
1,1,0.5090523
1,1,0.64510286
0,0,0.4806183
0,0,0.22919157
1,1,0.6917069
0,1,0.5735493
0,1,0.70569015
0,1,0.524444
0,0,0.22760552
0,1,0.6299799
1,1,0.5738858
0,0,0.48923063
1,1,0.58880556
0,0,0.23557375
0,0,0.42298108
0,0,0.2558361
0,1,0.5058589
0,0,0.48630214
1,0,0.36366498
1,1,0.7074113
0,0,0.3058085
1,1,0.8215508
1,1,0.5324496
1,1,0.65039295
0,0,0.44351777
0,0,0.3898787
1,0,0.31778598
0,0,0.33515963
0,0,0.3445403
0,0,0.2564067
1,1,0.6714501
1,1,0.56386477
0,0,0.3833729
0,1,0.68717074
0,0,0.47627583
1,0,0.3285359
1,0,0.3225574
0,0,0.37465385
1,1,0.52333117
0,0,0.43185043
0,0,0.35983437
0,1,0.5582278
0,1,0.85748106
1,1,0.66311944
1,1,0.57730836
0,1,0.57699895
1,1,0.5132554
0,0,0.45890647
0,1,0.72629315
1,0,0.394667
1,1,0.52019286
0,1,0.59935665
1,1,0.7227313
0,0,0.4787016
1,0,0.3338228
0,0,0.38467398
0,0,0.46389988
0,0,0.470444
1,0,0.42149657
0,0,0.35949048
1,1,0.7063842
0,1,0.82723224
1,0,0.29651
0,0,0.46891704
1,1,0.84115124
0,0,0.33235365
0,0,0.4139074
1,0,0.39055035
0,0,0.24422428
0,1,0.60734785
1,1,0.53864926
0,0,0.2458561
1,1,0.5031041
1,1,0.6807677
1,1,0.6959938
0,1,0.5700863
1,1,0.7257666
0,0,0.26156047
0,0,0.3981455
0,1,0.55945444
1,1,0.60510266
0,1,0.756556
0,0,0.28137353
0,1,0.57587147
0,1,0.5089319
0,1,0.5043722
0,1,0.5291886
0,0,0.4894224
0,0,0.31665152
0,0,0.31633973
1,1,0.6337115
0,1,0.64279133
0,0,0.3201211
0,0,0.31461933
1,1,0.5488753
0,1,0.7385645
0,0,0.44357026
1,1,0.5007115
0,1,0.56434053
0,1,0.6199935
1,1,0.5100035
0,0,0.42652828
0,0,0.3891975
0,1,0.6049058
0,0,0.34175426
1,0,0.459149
0,1,0.52169555
0,1,0.54008144
0,1,0.55650544
0,0,0.46231106
0,1,0.5082718
0,0,0.41878873
0,0,0.4279085
0,0,0.44533095
0,0,0.19799708
0,0,0.42068148
1,1,0.78653306
0,0,0.45622852
1,1,0.6600427
0,0,0.44438082
0,0,0.34283718
1,1,0.7391613
1,1,0.6764706
1,1,0.51231086
1,1,0.5782658
0,0,0.28261772
0,0,0.36553124
0,0,0.36108086
0,0,0.2616318
1,1,0.8159293
0,1,0.53121334
0,0,0.48984635
0,1,0.6516345
0,0,0.4730856
0,1,0.7038645
0,1,0.6644342
1,1,0.52966774
0,0,0.3616592
0,0,0.3289233
0,0,0.38243434
1,0,0.34604988
1,0,0.45679262
1,1,0.655899
1,1,0.8271344
0,0,0.46359095
0,1,0.5662341
0,1,0.66825175
0,0,0.29142126
0,0,0.37407327
0,0,0.4458496
1,0,0.31520742
1,0,0.2611142
0,1,0.5487949
0,0,0.28882587
1,1,0.5825035
1,1,0.6620991
0,0,0.4473266
1,0,0.46149552
0,1,0.6841397
0,0,0.3378759
0,0,0.36205184
0,0,0.2982832
0,1,0.57529426
0,0,0.40909573
1,1,0.60800785
0,0,0.29351804
0,0,0.2418313
0,0,0.46800786
1,1,0.509181
0,0,0.32310835
0,0,0.289965
0,1,0.5523777
0,0,0.43225354
0,0,0.44492477
1,1,0.74251974
0,1,0.5480258
0,1,0.7485466
1,0,0.44553876
0,1,0.5020347
0,0,0.22737987
0,0,0.19504674
0,0,0.45494136
0,1,0.70363957
0,1,0.51690686
0,1,0.58804446
1,1,0.6332324
1,1,0.55600977
0,1,0.7124258
0,0,0.4903609
1,1,0.54026276
0,0,0.3517046
0,1,0.7392611
0,0,0.38605455
0,1,0.6124478
1,0,0.4154162
1,0,0.34576997
0,1,0.59447837
1,0,0.44519207
0,0,0.3816854
1,1,0.71338874
1,0,0.4205499
0,1,0.5049946
0,0,0.2791548
0,0,0.2648906
1,0,0.4704746
1,0,0.33428928
0,0,0.3417171
1,1,0.90769064
0,1,0.6775802
0,1,0.6417568
0,0,0.46744853
1,1,0.58414674
0,0,0.3233198
0,0,0.20478345
0,0,0.42418078
0,0,0.45227277
0,1,0.50049853
1,0,0.49844047
1,0,0.25931266
0,1,0.73685706
0,0,0.24093358
1,1,0.62453014
1,1,0.5040164
0,0,0.34593368
0,1,0.66338617
0,1,0.676034
0,0,0.33794695
0,1,0.50219816
0,0,0.42156783
1,1,0.5845572
0,1,0.5877082
0,0,0.39126143
0,0,0.1570536
0,1,0.50925505
0,1,0.5736409
1,1,0.670167
0,1,0.65573823
0,0,0.47609618
0,0,0.4571227
0,1,0.6314457
0,1,0.86679286
0,0,0.3892138
1,1,0.759333
0,0,0.4574411
1,1,0.7229217
0,0,0.33917302
0,0,0.33368734
0,1,0.5131154
0,0,0.2972546
1,1,0.59935653
1,1,0.790019
0,0,0.3145201
0,0,0.45988563
0,0,0.37120718
1,1,0.5852375
0,1,0.5323956
0,0,0.35300773
0,0,0.28016683
0,0,0.2737092
1,1,0.79178536
0,0,0.26883122
0,0,0.41095865
0,1,0.6980511
1,1,0.6503422
0,1,0.5204431
0,0,0.49654105
0,0,0.22929151
1,0,0.45897856
1,1,0.75739133
0,0,0.24741316
1,0,0.3582197
1,1,0.5646272
1,0,0.39507362
1,0,0.49639475
0,1,0.6641208
0,0,0.42118514
0,1,0.6215272
0,1,0.65460956
1,1,0.548742
0,0,0.23077321
1,0,0.34364703
1,0,0.37294614
0,1,0.72695684
1,0,0.2762835
1,1,0.57337904
1,1,0.86808527
0,1,0.7221327
1,0,0.46159586
0,1,0.50216526
0,1,0.5899409
1,0,0.3129076
1,1,0.5156893
0,0,0.43451318
0,0,0.23033883
0,1,0.50557125
0,1,0.5626652
0,1,0.50140023
0,0,0.45342076
0,0,0.44520715
1,1,0.53448284
1,1,0.5558218
0,1,0.5752124
0,1,0.6221971
0,0,0.26293546
1,1,0.7299825
1,0,0.4378865
0,0,0.29654902
0,0,0.38308716
0,0,0.23804632
0,0,0.40561077
0,0,0.36301053
1,1,0.73197293
1,0,0.32010275
1,1,0.5560145
1,1,0.6762083
0,1,0.6388584
0,0,0.30279958
0,0,0.38049385
1,0,0.41865095
0,0,0.49532658
1,0,0.37824747
0,1,0.52860224
0,1,0.5874982
1,0,0.33503765
0,0,0.44832966
0,0,0.42273918
1,0,0.444943
1,0,0.23994765
0,0,0.34291646
0,1,0.5781923
0,1,0.6550317
0,1,0.6151288
1,0,0.41992292
0,0,0.46983242
0,1,0.68655854
0,0,0.46675357
1,1,0.5531145
0,0,0.30213955
0,1,0.5389134
0,1,0.607284
1,1,0.7053228
1,1,0.8104341
1,1,0.6365471
0,0,0.27840856
0,0,0.3174516
1,1,0.564169
0,0,0.41804895
0,0,0.3251613
0,0,0.34081492
0,0,0.32933226
1,1,0.7874337
0,1,0.57588875
0,0,0.39338163
0,1,0.5988038
0,0,0.31940645
0,1,0.62345153
0,0,0.35473448
0,0,0.44816682
0,0,0.42252216
0,0,0.37783808
1,1,0.75174594
0,0,0.35680813
0,0,0.39406398
0,0,0.45818216
0,1,0.5362852
0,0,0.4251527
1,0,0.41000178
1,0,0.4109569
1,1,0.58244574
1,1,0.6099574
0,0,0.2796863
0,0,0.37740257
0,1,0.8468059
1,1,0.8592513
1,1,0.66926306
0,0,0.4511053
0,1,0.67884725
0,1,0.5497657
1,1,0.73153126
0,0,0.36377865
0,1,0.62679684
0,0,0.45471582
0,1,0.6043434
1,1,0.69600976
0,0,0.33211565
1,0,0.40550357
0,0,0.4023948
0,1,0.6006516
0,1,0.5635625
0,0,0.43522912
1,1,0.5420719
0,0,0.2297601
0,0,0.4735346
1,1,0.7345521
0,0,0.21857706
1,1,0.75225747
0,0,0.4370057
1,1,0.5110371
1,1,0.6460428
1,1,0.5398261
0,1,0.57806975
1,0,0.37961766
0,0,0.34057558
0,1,0.50150526
1,0,0.4538731
0,0,0.49810916
0,0,0.42704558
1,1,0.52596116
0,1,0.5197029
0,0,0.2585162
0,0,0.29060662
0,1,0.5330557
0,1,0.51580113
1,1,0.6550483
0,0,0.33990258
0,0,0.4392976
1,1,0.64543116
0,0,0.44751647
1,0,0.42065507
0,1,0.60170394
0,0,0.39377943
0,1,0.70200145
0,0,0.2984116
0,1,0.52057445
0,0,0.26379314
0,1,0.5136848
1,0,0.41886178
0,0,0.26320165
1,1,0.771252
0,0,0.40736386
0,0,0.2500937
0,1,0.64978725
0,0,0.39314097
0,1,0.50936854
1,1,0.6306989
0,0,0.2201248
0,1,0.50181186
1,1,0.77974445
0,0,0.4913405
0,1,0.50008476
0,1,0.51390797
0,1,0.54986155
1,0,0.39348242
0,0,0.16528828
1,1,0.64077777
1,0,0.47401923
1,0,0.4346413
0,1,0.717467
0,0,0.42060265
0,1,0.53932625
0,1,0.6177277
1,1,0.70003635
0,0,0.2905823
0,0,0.42438772
0,0,0.49174842
0,0,0.19693439
0,1,0.57679963
0,0,0.30966547
0,0,0.41545162
0,0,0.32234287
0,0,0.33437422
0,1,0.5388327
0,1,0.66277343
0,1,0.5522988
0,0,0.29935429
1,0,0.41579422
0,1,0.54711217
0,0,0.3794302
1,1,0.74162936
0,1,0.5435187
1,0,0.36652425
0,1,0.5659692
0,1,0.68084264
1,0,0.19805916
1,0,0.48352483
0,0,0.21062395
1,1,0.6126522
0,0,0.29422513
0,0,0.2691202
0,1,0.5899746
1,1,0.68819666
0,0,0.31827885
0,0,0.23578434
0,1,0.51729476
0,0,0.31323022
0,1,0.59505117
0,1,0.59328187
1,1,0.64920783
1,1,0.6302486
1,1,0.7194285
0,0,0.41992554
0,0,0.3848677
0,0,0.33210173
1,0,0.34759971
0,0,0.45521817
0,0,0.297279
1,1,0.6142343
0,1,0.7676599
1,1,0.6630332
0,0,0.44079617
0,0,0.49199435
1,0,0.4941157
1,1,0.5108826
0,0,0.45234704
0,0,0.47595876
0,0,0.23041457
1,0,0.33463535
1,1,0.71407557
1,1,0.7114285
0,1,0.63286054
0,0,0.3048201
0,1,0.68926907
1,1,0.6981903
0,0,0.38832065
0,1,0.62204844
0,1,0.5385394
1,1,0.7006481
0,0,0.4958135
0,1,0.62287945
0,1,0.607377
0,0,0.43036026
0,0,0.3485119
0,1,0.7205319
1,1,0.64880425
0,1,0.6195995
0,1,0.5954484
1,1,0.61325306
1,1,0.6561459
1,1,0.5893618
0,0,0.35211688
1,1,0.583077
0,1,0.5790591
0,0,0.3196543
1,1,0.50782645
1,1,0.6759298
1,0,0.4883669
0,1,0.5002478
0,0,0.44578534
1,1,0.6953536
0,0,0.3588762
1,0,0.39788732
0,0,0.2505479
0,1,0.58687294
0,0,0.4533602
1,1,0.6584481
0,0,0.2129722
0,1,0.5202754
1,0,0.46323797
0,1,0.55582553
0,0,0.488134
0,0,0.40789992
0,0,0.4336423
0,0,0.414479
1,1,0.5638408
0,1,0.58395976
0,1,0.5975379
1,1,0.7272178
0,0,0.39009014
1,0,0.33803692
1,1,0.68966985
0,1,0.81458503
1,1,0.5255213
0,0,0.4492157
1,1,0.5216026
0,0,0.43420863
0,1,0.69566363
0,0,0.35249397
1,0,0.3587205
0,0,0.4790528
1,1,0.737379
0,0,0.45360652
0,1,0.5467942
1,1,0.51638323
0,1,0.6345691
1,0,0.3665456
0,1,0.54134107
0,0,0.30880222
1,0,0.38369203
1,0,0.20498598
0,0,0.2683859
0,1,0.57917434
0,1,0.60491836
0,0,0.44916734
1,1,0.68667746
1,1,0.6217867
0,0,0.34904745
0,0,0.49395257
0,1,0.5967481
1,1,0.758069
0,0,0.3278839
0,0,0.49926704
1,1,0.75540924
0,0,0.36132148
0,1,0.55401874
0,1,0.60033655
0,0,0.38777906
0,1,0.6354634
1,0,0.45196682
0,1,0.54562545
1,1,0.88139814
1,1,0.66030794
0,0,0.26790458
0,0,0.49109358
0,0,0.37832355
0,0,0.4582882
1,1,0.63717
0,0,0.3361327
1,0,0.4393077
0,1,0.68098783
0,0,0.36265135
1,0,0.40488338
0,0,0.38414842
0,0,0.13484386
1,0,0.4454161
1,1,0.78369844
0,0,0.46700567
1,1,0.8427192
0,0,0.38328138
0,0,0.26299232
0,0,0.45010793
0,1,0.5236888
0,0,0.44690266
0,0,0.25873712
0,1,0.70882535
1,1,0.84813094
0,0,0.36536658
0,0,0.43976274
1,1,0.7871848
0,0,0.3566484
0,0,0.354864
1,1,0.6554365
0,0,0.47030866
0,0,0.3418193
0,0,0.28186238
0,0,0.49068943
1,1,0.6408564
0,1,0.5806141
1,0,0.47143036
1,1,0.52205914
0,0,0.34295353
1,0,0.29346526
0,0,0.48254016
0,1,0.64049304
1,0,0.4987403
1,1,0.72733307
0,0,0.47633144
0,0,0.34582895
1,0,0.32009718
0,1,0.69756305
1,0,0.3145837
1,1,0.6980805
1,1,0.7117646
1,1,0.828592
0,0,0.35019666
1,1,0.5007212
1,1,0.68233895
1,1,0.543418
1,1,0.6324959
0,0,0.37731016
1,0,0.37523043
1,1,0.7046877
1,1,0.61388606
1,0,0.397423
1,1,0.8261128
0,1,0.56703544
1,1,0.5952877
1,0,0.24790384
1,0,0.3607614
0,1,0.60855037
1,1,0.6794178
1,1,0.75573575
0,1,0.5896504
0,1,0.5393697
0,1,0.71099204
1,0,0.3602444
1,1,0.54893786
0,0,0.35651398
1,1,0.80014557
0,1,0.74288565
0,1,0.58954936
0,1,0.5150376
0,0,0.27919707
1,0,0.30950347
1,1,0.71857804
1,0,0.31724605
1,1,0.63497686
1,1,0.5386485
0,0,0.2957185
0,1,0.568687
0,0,0.30468115
1,1,0.5557074
1,1,0.7372855
0,0,0.4617361
0,1,0.6501988
1,1,0.724523
1,1,0.54452187
0,0,0.28026307
0,1,0.54169756
1,0,0.32917228
1,0,0.2992861
1,0,0.39969793
1,1,0.5509549
0,0,0.4846598
0,1,0.78522843
0,0,0.37251285
0,0,0.35501665
1,1,0.5387409
1,0,0.43387613
1,1,0.7734488
1,0,0.29577985
1,0,0.39841178
1,1,0.5862483
0,1,0.6067928
0,0,0.22753285
0,1,0.55674684
1,1,0.70667726
1,0,0.4762801
0,0,0.39686444
1,1,0.53930867
0,1,0.65516233
1,1,0.55152386
1,1,0.6284962
0,0,0.31295228
1,0,0.48602006
1,0,0.46737012
0,0,0.33139038
1,1,0.5659647
0,1,0.5410944
0,0,0.4779127
0,0,0.2750881
0,1,0.58439094
0,1,0.62441134
0,0,0.30803573
1,1,0.7607646
0,0,0.23169261
1,0,0.48049
1,1,0.62637687
0,0,0.26663503
1,0,0.27355465
0,0,0.37538055
1,0,0.47345728
0,0,0.47445735
1,1,0.61186606
1,1,0.5152753
1,1,0.5903682
0,0,0.4308442
1,1,0.6313639
1,0,0.3118961
0,0,0.3790017
1,1,0.84192693
0,1,0.66762257
1,1,0.6666765
1,0,0.28437635
0,0,0.39668006
0,0,0.41727215
0,1,0.59122396
0,1,0.5528528
1,1,0.6848244
1,1,0.55242413
1,1,0.56086767
1,0,0.25513318
0,1,0.73568696
1,1,0.61698663
0,1,0.6517215
0,0,0.4745546
1,1,0.5736617
1,1,0.6943129
0,1,0.5587388
1,0,0.47664186
0,0,0.21935315
1,1,0.6508459
1,1,0.7871912
0,0,0.31703418
1,1,0.71751785
0,0,0.21320194
1,1,0.537913
1,0,0.38242713
1,0,0.35436603
1,1,0.5360793
0,1,0.7076337
0,0,0.47909677
1,0,0.49734673
0,1,0.6212173
0,0,0.33214575
0,1,0.5201314
0,0,0.19109616
0,1,0.5845744
0,0,0.38978434
1,1,0.79398245
0,0,0.33165857
1,1,0.6752385
0,0,0.4229806
0,1,0.5232644
0,0,0.2706543
0,0,0.23181963
0,0,0.4504794
0,0,0.26334473
1,1,0.6051821
1,1,0.5935233
0,1,0.54695106
0,1,0.60980165
0,0,0.4747235
1,1,0.5879695
1,1,0.71252483
0,0,0.42094812
0,0,0.4873583
0,1,0.5239075
0,1,0.54888505
0,0,0.4374246
0,0,0.36199334
1,0,0.42206126
0,0,0.3336379
0,0,0.45122096
1,1,0.82058215
1,0,0.30546114
0,1,0.50347686
1,1,0.8519521
0,1,0.76373786
1,1,0.711239
0,0,0.4639491
0,0,0.32540864
0,0,0.25630087
0,0,0.34114808
1,1,0.6552794
0,0,0.20065069
0,0,0.24399284
0,0,0.4676893
1,0,0.43112534
0,1,0.50786036
0,1,0.6344587
1,1,0.5884852
1,1,0.50051016
0,1,0.502936
1,1,0.5607296
1,1,0.548512
0,1,0.52593195
0,0,0.43671027
0,0,0.34989896
1,1,0.8060092
1,1,0.57236236
0,0,0.3310674
1,0,0.31320837
0,1,0.5349824
0,1,0.52813804
0,0,0.42980912
0,1,0.6672108
0,1,0.8020599
0,0,0.42895377
0,1,0.543161
1,0,0.45137882
1,1,0.55772406
1,1,0.6203766
0,1,0.5416809
1,1,0.5414394
0,1,0.6419608
0,0,0.42832914
0,1,0.5030465
1,1,0.7507555
0,1,0.6148124
0,0,0.45629543
0,1,0.5437903
1,1,0.63927424
0,1,0.6238656
0,0,0.3162748
1,1,0.6426008
0,0,0.30648568
0,1,0.71792597
0,0,0.3070056
0,1,0.5404742
0,0,0.49147522
0,0,0.3564581
0,0,0.3841119
0,1,0.5878502
0,1,0.5066472
1,1,0.5258286
0,1,0.5507899
1,0,0.34669077
1,1,0.67612493
1,1,0.821261
0,0,0.4298821
0,0,0.41410223
1,0,0.4977732
0,0,0.26961774
0,0,0.42673472
0,0,0.4618674
0,1,0.50717115
0,1,0.59558976
0,0,0.30716503
0,1,0.7243233
0,1,0.64255637
0,0,0.45142943
1,0,0.47870094
1,1,0.76757175
0,0,0.36177993
0,0,0.48714
0,0,0.2875996
1,0,0.45866674
0,0,0.3896293
0,0,0.345312
0,0,0.43237102
0,0,0.34203532
1,1,0.6755019
0,1,0.68817365
1,1,0.6015404
0,0,0.30837056
1,1,0.60409796
1,1,0.51304746
0,1,0.71843535
1,1,0.6209695
1,1,0.50669646
0,0,0.46259174
0,0,0.29414293
1,0,0.3999721
0,0,0.3989206
0,0,0.33073288
0,1,0.5077686
0,0,0.27092904
0,0,0.30029145
0,0,0.26690894
1,0,0.25676587
0,0,0.35081542
0,1,0.73371404
1,0,0.35919428
0,0,0.27352312
0,0,0.16512519
0,0,0.2492924
0,0,0.40368846
0,0,0.43733746
0,1,0.54873383
1,1,0.5450521
1,0,0.36977565
0,0,0.430986
0,1,0.54048085
1,1,0.62577355
0,1,0.54713976
1,1,0.763512
0,0,0.39826795
0,0,0.22473289
0,1,0.5608532
0,0,0.4722669
1,1,0.54827374
0,1,0.6326665
1,1,0.5372772
0,0,0.4108168
1,1,0.75424683
0,0,0.40843663
1,0,0.17664285
0,1,0.64147925
0,0,0.3736536
0,1,0.5658461
0,1,0.7201361
1,0,0.26937094
0,0,0.49652582
0,1,0.5364795
0,0,0.42276037
1,1,0.76896167
1,0,0.4933719
1,1,0.72666126
1,0,0.36950004
0,1,0.6987978
1,1,0.5836736
0,0,0.47473156
0,1,0.6460401
0,0,0.49379992
0,1,0.5901773
0,1,0.5227835
1,1,0.59025055
0,1,0.5092401
1,0,0.4076992
0,1,0.50867647
1,0,0.25946498
1,0,0.40475982
1,1,0.5054487
0,0,0.42518649
0,0,0.43260688
0,0,0.179099
0,1,0.5200497
1,1,0.7787787
0,0,0.4050752
0,0,0.3866553
1,0,0.4160783
0,1,0.59912366
0,0,0.4447498
1,1,0.57539576
0,1,0.50356865
0,0,0.32381892
1,0,0.43030804
1,0,0.4321489
0,0,0.420667
0,0,0.4944869
0,0,0.45840588
0,0,0.34796253
0,1,0.65467227
0,0,0.22563443
0,1,0.5295253
0,1,0.5831658
0,0,0.4566845
1,0,0.41493246
0,0,0.4074838
0,0,0.49906814
1,0,0.23979318
1,0,0.45711648
0,0,0.27715516
1,1,0.6871838
0,0,0.2656147
1,1,0.59584254
1,0,0.38193402
0,0,0.28314513
0,0,0.42010137
1,0,0.36997417
0,0,0.33559075
1,0,0.4513858
0,1,0.50304043
0,1,0.76993567
0,1,0.5636707
1,0,0.49446368
1,1,0.74245363
1,0,0.3929763
0,1,0.8191325
1,1,0.63973343
0,0,0.22967874
1,1,0.5163963
0,1,0.59686184
0,0,0.3479101
1,0,0.32201523
1,1,0.8492054
0,0,0.43728593
1,1,0.5716785
1,1,0.5365103
0,1,0.577666
1,0,0.24095872
1,1,0.6683757
0,0,0.33750245
1,0,0.49891654
0,0,0.39322132
0,0,0.32813755
1,0,0.43371734
0,0,0.26738194
0,0,0.36143202
0,1,0.6960092
1,1,0.5826687
1,1,0.63419294
0,0,0.29819235
0,1,0.7575404
0,0,0.28969148
0,0,0.286295
0,1,0.5145702
0,0,0.4580803
1,0,0.43578747
0,0,0.3968076
1,0,0.48688763
0,1,0.7178406
1,0,0.36257762
1,1,0.711461
1,1,0.76138556
0,1,0.50005704
0,0,0.3153025
0,0,0.44684145
0,1,0.61681837
1,1,0.6062886
1,1,0.5430522
0,0,0.28512162
1,1,0.6785262
0,1,0.59771454
0,1,0.51322544
0,1,0.5438454
1,0,0.46510923
0,0,0.48612905
0,1,0.5695697
0,0,0.23619904
1,1,0.57173383
0,0,0.3120869
0,1,0.6542433
1,0,0.45655328
0,0,0.22054273
0,0,0.49638095
0,0,0.24839558
0,1,0.6130105
0,1,0.5595367
0,1,0.5815863
0,0,0.41700843
1,0,0.3694013
0,0,0.43264297
0,0,0.2679431
0,1,0.5413804
0,1,0.84289944
0,0,0.32152674
1,0,0.40900147
0,1,0.73555887
0,0,0.4356072
1,0,0.45068884
0,1,0.5744547
1,0,0.38469002
1,1,0.74310505
1,1,0.560974
0,0,0.21517791
0,0,0.44950154
0,0,0.38000324
0,1,0.69604665
1,1,0.5241829
0,0,0.21960755
1,1,0.8221268
1,1,0.6763214
1,1,0.6182519
0,0,0.32677808
0,1,0.5786686
0,1,0.70674694
1,1,0.7141736
0,0,0.4297395
1,0,0.4794866
0,0,0.2472883
1,1,0.6798327
0,1,0.7015876
0,0,0.3854773
0,0,0.23679844
0,1,0.5766319
0,1,0.5640763
1,1,0.6181
0,1,0.592732
0,0,0.30169657
0,1,0.53907937
0,0,0.47942814
0,0,0.47856548
1,1,0.7205808
0,1,0.5723128
1,1,0.6431535
1,0,0.32476157
0,0,0.26037857
1,0,0.2831752
0,0,0.39410135
0,0,0.36651993
1,1,0.7093731
0,0,0.41024497
0,0,0.26348352
0,0,0.3610891
0,1,0.59605175
1,1,0.5600707
0,1,0.5953415
0,1,0.65247035
0,0,0.45085752
0,1,0.67092717
0,1,0.5704899
0,0,0.31840506
1,0,0.38288385
0,0,0.4449054
1,1,0.7557917
0,0,0.32626086
0,0,0.25249538
0,0,0.23011966
0,1,0.62274337
1,1,0.65633464
0,0,0.28433955
1,1,0.73078156
1,0,0.44558898
0,1,0.63508725
0,1,0.5244274
1,1,0.6230073
1,1,0.66785073
0,1,0.50468445
1,1,0.7543365
0,0,0.38881525
0,0,0.371137
0,0,0.375909
0,1,0.68049747
0,0,0.3455486
0,1,0.58594483
0,0,0.29762456
1,1,0.5847304
0,1,0.6419739
0,1,0.5446388
0,1,0.5607924
0,1,0.5773492
1,1,0.7718599
0,0,0.4136788
0,0,0.21223195
0,1,0.65627676
0,0,0.24021772
1,1,0.5021026
0,0,0.31553912
1,0,0.4897296
0,1,0.5328711
0,0,0.1149599
0,1,0.60402125
0,1,0.59071535
1,1,0.63890934
1,1,0.5971264
0,0,0.3429843
0,0,0.48845994
0,1,0.64553434
1,1,0.57069606
0,0,0.26889375
0,0,0.20390068
0,0,0.45824072
1,0,0.28403994
1,0,0.20054367
0,1,0.5117707
1,1,0.6605088
1,0,0.18238425
0,0,0.33620688
0,0,0.46124956
1,0,0.25707826
1,1,0.602541
1,1,0.6006287
0,1,0.5579318
0,0,0.3611599
1,1,0.64066404
0,0,0.46251136
0,1,0.5715607
1,0,0.48519507
1,0,0.32488072
0,0,0.47781104
0,0,0.38815498
1,1,0.6997178
0,1,0.66955453
0,0,0.19941314
0,0,0.3666415
0,0,0.28060067
0,1,0.56847787
0,0,0.29021773
0,1,0.50278395
1,0,0.4148434
0,1,0.51621854
1,0,0.2149748
1,0,0.41088971
0,0,0.44369212
0,0,0.4275868
0,1,0.52734274
0,0,0.22323303
1,1,0.5519568
1,0,0.35629642
0,1,0.60234076
0,0,0.36892998
0,0,0.31094047
1,0,0.4921956
1,1,0.7748241
0,0,0.4806191
0,0,0.2623013
0,1,0.5550435
1,0,0.409123
0,0,0.45932114
1,1,0.68685395
1,1,0.5532118
0,0,0.46133402
0,0,0.42016485
0,1,0.6483491
0,0,0.32138303
0,0,0.31948623
0,0,0.4535305
1,0,0.48633465
0,1,0.5164374
0,1,0.6109325
0,1,0.66332024
0,1,0.57104075
1,1,0.6549357
1,1,0.5611368
0,0,0.24924165
0,0,0.49176583
0,0,0.454203
0,1,0.56248146
0,0,0.37752888
0,0,0.26567304
0,1,0.5184599
0,1,0.63490486
0,1,0.60187256
0,0,0.24025889
0,0,0.3337232
1,1,0.5480242
0,0,0.39602008
0,0,0.46921325
1,1,0.53378034
1,0,0.3534369
1,1,0.6807429
0,0,0.2231102
0,1,0.5101302
0,0,0.29991657
0,0,0.35970926
0,1,0.65780723
0,1,0.5928253
1,0,0.449794
0,1,0.5722147
0,1,0.731914
0,0,0.32206568
1,1,0.6261473
0,0,0.42410833
1,0,0.4589392
1,1,0.5705479
0,0,0.42793828
0,0,0.42045537
0,1,0.5156356
1,0,0.40754545
0,1,0.5808933
0,0,0.26596117
0,1,0.56876034
1,1,0.68657595
0,1,0.6683728
1,1,0.5721376
0,0,0.46354628
0,0,0.22718194
0,0,0.39650285
0,0,0.49878788
0,1,0.6906115
0,0,0.34887907
0,0,0.21767464
0,1,0.5846973
0,1,0.54840857
1,0,0.46722135
1,1,0.7612022
1,1,0.5875353
0,1,0.68753606
0,1,0.5987322
0,1,0.63653785
0,0,0.45911533
0,0,0.26260328
1,1,0.76127666
0,0,0.27539274
1,0,0.44236857
1,0,0.45643067
0,0,0.49732742
0,0,0.24382706
0,0,0.23074573
0,0,0.41052505
1,1,0.7051762
1,0,0.464757
0,1,0.50509804
0,1,0.5644426
0,0,0.19799913
0,0,0.48022953
1,1,0.61110055
0,1,0.5057663
1,1,0.50985974
0,0,0.4436217
1,0,0.37551978
0,1,0.66746193
0,0,0.398402
0,1,0.51145047
1,1,0.5480778
0,1,0.52804685
0,1,0.81973445
0,0,0.2977611
1,0,0.4942218
1,0,0.42150167
0,0,0.3058473
0,1,0.5751086
1,1,0.58232176
0,1,0.6439767
1,0,0.4680463
1,1,0.5332754
1,1,0.5323304
1,0,0.40068647
1,1,0.5851449
1,1,0.6515992
0,1,0.6259483
0,0,0.33795306
0,0,0.35480037
0,0,0.3695874
0,0,0.3868833
0,0,0.3204593
0,0,0.33589125
0,0,0.34096283
0,0,0.41533476
0,0,0.4818364
0,1,0.7940775
1,1,0.7666644
1,1,0.5279497
1,1,0.5165263
1,1,0.5259031
0,0,0.30481514
1,0,0.37788203
1,1,0.6493008
0,0,0.33991677
0,1,0.55099803
1,1,0.5115623
0,0,0.35352358
1,1,0.7641953
0,1,0.51024115
0,1,0.6755657
0,0,0.42094278
1,1,0.6885553
1,1,0.70233196
0,0,0.3189542
0,0,0.4483701
0,0,0.4603892
1,0,0.3924131
1,1,0.53070396
0,0,0.2960787
1,1,0.78171945
1,1,0.5551478
1,1,0.5093166
0,0,0.34315845
0,1,0.6614211
0,0,0.49987414
0,0,0.42489678
1,1,0.5984099
0,0,0.26749238
0,1,0.63480246
0,0,0.318131
0,0,0.38373494
1,0,0.43128556
1,1,0.65761685
1,0,0.3067693
0,1,0.50868773
1,1,0.5775446
1,0,0.36171088
0,0,0.30525178
0,0,0.36921513
1,1,0.7128811
0,1,0.554977
0,0,0.14825957
0,0,0.39788234
1,1,0.5103585
0,1,0.5139225
0,0,0.39836004
0,1,0.73996127
1,1,0.65597624
1,1,0.50091267
0,0,0.49819958
0,0,0.4893759
0,0,0.33932522
1,1,0.7702722
1,0,0.27279794
1,0,0.46783358
0,1,0.571941
1,1,0.63802683
1,1,0.5711262
1,0,0.4068103
0,0,0.3533462
0,1,0.5553548
0,0,0.37792554
0,0,0.20322144
0,0,0.48002562
1,1,0.521188
1,1,0.57965463
0,0,0.29138172
0,0,0.3110252
0,1,0.52799803
1,0,0.30979824
0,0,0.43306604
1,1,0.50709486
1,0,0.43782562
0,0,0.47418895
0,0,0.37657917
0,0,0.24213214
1,0,0.45104733
1,1,0.7518819
0,1,0.7373772
0,0,0.34772593
1,0,0.3094761
0,0,0.32945588
0,0,0.26603085
1,0,0.4622307
0,0,0.39290127
0,1,0.7398992
0,0,0.23664957
0,0,0.48300758
0,0,0.49568072
0,0,0.21184187
1,1,0.7163445
0,1,0.58091193
1,1,0.6940458
0,0,0.44210008
0,0,0.27059728
0,0,0.28448787
0,0,0.41398272
1,1,0.82421833
0,1,0.5067895
1,1,0.77737147
0,0,0.3749334
0,0,0.33734664
1,1,0.7693092
0,1,0.6013458
0,0,0.49034527
0,1,0.5359064
0,1,0.57677656
0,0,0.42138106
0,1,0.63573176
0,1,0.5402076
0,0,0.3997134
1,0,0.4286132
0,1,0.7074535
0,0,0.43082976
0,0,0.3575304
0,1,0.55110836
1,1,0.7524646
0,1,0.51394707
0,0,0.19031148
1,1,0.6793639
0,1,0.5541511
1,0,0.3874886
0,0,0.41826937
0,1,0.5311064
0,0,0.33016253
1,1,0.6284891
0,0,0.18271092
0,0,0.33953938
0,1,0.5859928
0,0,0.3306836
1,1,0.7008516
0,0,0.29317167
0,1,0.62701494
0,1,0.61412036
1,1,0.5926466
0,0,0.3475801
1,1,0.6492528
0,1,0.6655314
0,0,0.23664148
1,0,0.34682068
1,0,0.27705267
1,1,0.61614984
1,1,0.5881193
0,0,0.40781415
0,1,0.6705891
0,1,0.65463686
1,1,0.805365
0,1,0.5633768
0,0,0.30616322
0,1,0.63565993
1,1,0.72184277
0,1,0.6856166
1,1,0.6136186
0,0,0.30942973
1,1,0.6665318
0,0,0.36140642
1,0,0.35587165
0,0,0.48056117
0,0,0.40291297
1,1,0.50082815
1,1,0.5023858
0,0,0.37820587
1,1,0.5043517
0,0,0.32303396
0,0,0.35295674
0,1,0.53526044
0,1,0.6880703
0,0,0.4279568
0,0,0.360392
0,1,0.611679
1,1,0.7858301
0,1,0.50541645
1,1,0.6251471
0,0,0.490643
1,1,0.6520443
0,1,0.5303192
0,0,0.37059683
0,1,0.54141223
0,0,0.42519388
1,1,0.79796934
1,0,0.4631268
1,1,0.6173469
1,0,0.3842121
0,0,0.32919222
0,1,0.5279607
0,0,0.45828158
0,0,0.43284857
0,0,0.3579153
0,0,0.4771844
1,1,0.64831233
0,0,0.2686137
1,1,0.5740213
1,1,0.5330801
0,0,0.3790406
1,1,0.5701503
0,1,0.6866577
0,0,0.41277
0,0,0.38088518
0,0,0.3457489
0,1,0.6275922
0,1,0.53861403
0,0,0.4340618
1,1,0.5846588
1,1,0.56450206
1,1,0.61768705
1,1,0.8330472
0,1,0.5471703
0,1,0.6141865
0,0,0.29686746
0,1,0.7955032
0,0,0.19815391
0,0,0.3588315
0,1,0.5053513
1,1,0.61584514
1,1,0.57506406
1,1,0.5698735
0,1,0.67625076
1,1,0.5671027
1,0,0.32930127
0,1,0.5822087
0,0,0.37781146
1,0,0.4738407
0,1,0.5166132
0,0,0.36033943
0,1,0.5249348
0,1,0.5564137
1,1,0.5521638
0,1,0.67584735
0,0,0.28061563
1,0,0.36117792
0,0,0.38906795
0,1,0.52938575
0,1,0.50770754
0,0,0.32461804
0,0,0.43301755
0,1,0.6078211
0,1,0.5880503
1,0,0.3359885
1,1,0.74196094
0,1,0.61312085
0,1,0.61555034
0,0,0.3948517
0,0,0.31777433
1,1,0.52528805
0,1,0.6502024
1,0,0.38255593
0,1,0.6154744
0,0,0.3446839
0,1,0.65908706
1,1,0.6250002
0,1,0.52176917
1,0,0.41211867
0,0,0.3325786
0,0,0.26163322
0,0,0.42760545
0,1,0.5021809
1,0,0.32066432
1,1,0.77367485
0,0,0.38063765
0,1,0.6436047
0,0,0.38271242
0,0,0.3130695
1,0,0.47329015
0,0,0.4199134
0,1,0.6141792
1,1,0.7485193
0,1,0.6313392
0,0,0.48417673
0,0,0.4721146
0,1,0.8439341
1,0,0.46600223
0,1,0.5617501
0,1,0.61579925
0,1,0.5453148
0,1,0.62936705
0,0,0.37798795
1,0,0.2561128
0,0,0.37221798
0,1,0.5137619
0,0,0.4482764
1,1,0.6359461
0,0,0.29418087
0,0,0.35471818
0,1,0.5322769
1,1,0.66936433
0,1,0.50407135
0,0,0.3507787
1,1,0.6163506
1,0,0.36916742
0,1,0.53301555
0,0,0.24231246
1,1,0.93878275
0,0,0.42583498
0,1,0.5994868
1,0,0.28213543
0,0,0.35832012
0,1,0.67760104
1,0,0.38388422
1,1,0.5815507
1,0,0.39202777
0,1,0.7111123
0,1,0.5635887
0,0,0.3590018
1,0,0.30716166
0,1,0.5114423
0,0,0.4307497
0,0,0.47708493
1,1,0.73850816
0,1,0.70657074
0,0,0.42771858
1,0,0.28333014
1,1,0.74832827
1,0,0.3719465
0,1,0.631343
0,0,0.16995883
0,0,0.31246406
0,0,0.4968095
0,0,0.41297334
1,0,0.4979134
0,0,0.27455276
0,0,0.26130137
1,1,0.61082995
0,0,0.4399158
0,0,0.27131772
0,0,0.21709576
0,1,0.5081202
0,1,0.60583925
0,0,0.42580518
1,1,0.60848284
1,1,0.554229
0,1,0.5327215
1,1,0.5512589
0,0,0.23171325
0,0,0.25527558
1,1,0.6196335
1,1,0.61712027
0,1,0.6606227
1,1,0.7699124
0,0,0.46314183
0,1,0.5228326
0,0,0.34665298
1,1,0.696194
0,0,0.25135985
0,0,0.35731378
0,1,0.5680164
1,0,0.21975909
0,0,0.33344322
0,0,0.26162747
0,0,0.45735812
0,1,0.68020535
1,1,0.74878263
0,1,0.6012077
1,0,0.41826218
1,0,0.4690536
0,0,0.4287481
1,1,0.55228645
0,0,0.45270956
0,0,0.44296077
1,1,0.82036614
0,1,0.536794
1,0,0.33279327
0,0,0.4766851
1,0,0.41816068
1,1,0.5367343
1,1,0.6598964
0,1,0.6468913
0,1,0.5560002
0,1,0.62779486
1,1,0.6178027
0,1,0.5694479
0,1,0.59075147
1,0,0.4447625
0,1,0.58698
0,0,0.35248038
0,1,0.643297
0,1,0.54493576
0,1,0.7392331
1,1,0.7829211
0,0,0.41109318
0,0,0.31876227
0,0,0.28759888
0,1,0.7845124
0,0,0.49169272
0,0,0.2004842
0,0,0.25031275
0,1,0.64736575
1,1,0.8264527
0,0,0.36319456
0,0,0.38827363
1,0,0.4937575
1,0,0.4898812
1,0,0.39794344
0,0,0.39378878
0,1,0.5300482
0,1,0.5042615
0,0,0.30282387
1,1,0.73631096
1,1,0.61921024
0,1,0.63215137
0,1,0.62600195
1,1,0.5541624
1,0,0.45429084
1,0,0.49678484
1,1,0.65187484
1,0,0.40434584
1,1,0.8090793
0,0,0.41558847
0,0,0.2584035
0,0,0.27212292
0,1,0.6148248
1,1,0.5304437
1,1,0.6580546
0,0,0.45855102
1,0,0.39195484
1,0,0.39070874
1,0,0.42671698
0,1,0.5186416
0,1,0.66069514
0,0,0.4871724
0,0,0.43747783
0,0,0.31500763
1,0,0.46824527
1,1,0.5658806
0,0,0.34639233
1,0,0.3965345
0,1,0.5693009
0,1,0.6170599
0,1,0.6197408
0,1,0.6199987
1,1,0.7700769
1,1,0.571476
1,1,0.8046601
1,0,0.4358214
0,0,0.4164275
0,0,0.3759784
0,1,0.6180172
0,0,0.35992613
0,0,0.3507079
1,0,0.40582234
0,0,0.35912147
0,0,0.38318342
1,1,0.5325594
1,0,0.4191615
0,0,0.44467595
0,1,0.6182016
0,0,0.4210685
0,1,0.5277533
0,0,0.3526465
1,1,0.7054591
0,0,0.2425949
0,0,0.37761113
1,0,0.4829794
0,0,0.3867517
1,1,0.73847306
0,1,0.6720162
0,0,0.46262044
0,0,0.49898303
1,1,0.7094305
1,0,0.28086683
0,0,0.37089336
0,1,0.50196576
0,0,0.41655225
1,1,0.7587274
0,0,0.3862417
0,1,0.5068918
0,1,0.68345755
0,1,0.51708716
0,0,0.48239872
0,0,0.392353
0,1,0.55509114
0,1,0.5760827
0,0,0.30027622
0,0,0.2017059
1,0,0.48196843
1,1,0.5820591
0,1,0.70440507
1,0,0.36033663
0,0,0.49570492
1,0,0.3543828
1,1,0.63060015
1,1,0.7179146
0,1,0.6223933
0,0,0.1896039
0,0,0.18046485
1,1,0.7706177
1,1,0.5684136
0,0,0.20108165
0,0,0.27620602
0,0,0.40360376
1,1,0.7564926
1,1,0.591131
0,0,0.2959908
0,0,0.4022234
1,1,0.7137739
0,0,0.2372683
0,1,0.7691346
0,1,0.5435663
0,0,0.44593677
0,0,0.30457872
1,1,0.7512712
0,0,0.39130518
0,1,0.5680454
0,1,0.55551034
0,1,0.7924198
0,0,0.4523875
1,1,0.77530915
0,0,0.37945017
1,1,0.7412112
1,0,0.48645502
0,0,0.21579942
0,0,0.4416136
0,1,0.60606545
0,1,0.6740481
0,0,0.29873613
0,0,0.25718328
0,0,0.36459577
1,0,0.22120978
0,1,0.5385303
1,1,0.5169519
0,1,0.66473234
1,1,0.65003335
0,0,0.32189193
0,1,0.63776594
0,0,0.34273377
1,0,0.4136044
0,0,0.45426804
0,1,0.5258399
1,1,0.60931575
1,1,0.6512523
0,0,0.31579447
0,0,0.27245876
0,0,0.4863234
0,1,0.57815576
0,0,0.31791663
0,1,0.553866
1,1,0.60154074
0,1,0.5514474
0,0,0.35378706
1,0,0.44117042
0,0,0.32134557
1,1,0.64382184
1,0,0.28265202
0,0,0.19221456
1,0,0.15456861
0,0,0.18451515
0,0,0.2604862
0,0,0.22007848
1,0,0.45750055
0,1,0.7376819
1,0,0.30543116
0,1,0.6123053
1,0,0.4770556
0,0,0.43859914
1,1,0.5587102
0,0,0.30350018
0,1,0.7007464
1,1,0.7904099
0,0,0.40366203
0,0,0.49134877
0,0,0.24345475
0,1,0.5586013
1,0,0.42927033
0,1,0.5622413
0,1,0.69243604
0,1,0.5259122
1,1,0.66501606
0,1,0.5105738
1,0,0.49045682
0,1,0.5876961
1,1,0.52321434
1,1,0.60123587
1,1,0.75173205
0,0,0.35343874
1,0,0.38771
0,1,0.51900935
0,1,0.5763504
1,1,0.53433526
1,0,0.30986822
0,1,0.55994445
0,1,0.75104743
1,0,0.23217776
1,1,0.7429685
1,0,0.34906426
1,0,0.32911173
1,1,0.71419585
1,0,0.4508849
1,0,0.42067575
0,1,0.62489563
0,0,0.41086534
1,0,0.34099242
0,1,0.59860265
0,0,0.33280063
1,1,0.8238288
0,0,0.3729606
0,0,0.37793648
0,1,0.7047946
1,1,0.5287735
0,1,0.6920117
0,0,0.31472516
1,1,0.57519615
0,0,0.35358998
1,1,0.6151821
0,1,0.52070063
0,1,0.7945689
0,0,0.32668972
0,0,0.27152786
0,0,0.27949235
1,0,0.40155464
0,1,0.5050459
1,0,0.48505232
0,0,0.3849499
1,1,0.50760186
1,1,0.7357485
1,1,0.7183431
1,1,0.58424836
0,1,0.5649489
0,0,0.36164162
1,0,0.4820549
1,0,0.4642547
0,1,0.5502704
0,1,0.5661568
0,1,0.65144163
0,0,0.23848553
0,0,0.41763732
1,1,0.7995446
0,0,0.47345898
0,0,0.46484303
0,1,0.5275267
0,0,0.4763956
1,0,0.44855216
0,1,0.5452678
0,0,0.4757329
0,0,0.3814226
0,0,0.43553978
1,0,0.35873628
0,0,0.19732982
1,1,0.6237669
0,1,0.58726054
1,1,0.686975
0,0,0.38457543
0,1,0.59972405
1,1,0.6543915
1,0,0.4878848
0,1,0.6598845
0,0,0.49965268
1,1,0.8524681
0,0,0.410924
0,1,0.657129
1,1,0.78819513
1,1,0.5542749
0,0,0.49831006
1,0,0.4976984
0,0,0.4911711
1,0,0.4325981
0,0,0.41233495
1,1,0.6383593
0,1,0.7639739
1,1,0.6260772
1,1,0.7699211
1,0,0.43359983
1,1,0.5022716
1,1,0.61865646
0,0,0.41551426
0,1,0.6747967
0,0,0.40129474
0,1,0.77646595
0,0,0.4091684
1,1,0.5504178
0,1,0.6001437
0,0,0.47928607
0,1,0.5894595
0,0,0.37275866
0,0,0.36047167
0,0,0.43199915
1,1,0.7028141
0,0,0.4741925
1,1,0.546962
0,1,0.64128894
0,0,0.35071433
1,1,0.7266693
1,0,0.43361244
0,0,0.47741926
0,1,0.63082224
1,1,0.5933115
0,1,0.8490616
1,1,0.56765425
0,0,0.4260401
0,0,0.17204285
0,0,0.4169963
0,1,0.54832745
1,1,0.7326759
1,1,0.62354594
0,0,0.49766937
1,1,0.6667689
0,0,0.38115025
0,0,0.30908462
0,1,0.56683534
1,1,0.7509651
0,1,0.6625596
0,1,0.6474508
0,0,0.30533773
0,0,0.39671007
1,0,0.42379615
0,1,0.656561
1,1,0.5717092
0,1,0.6887743
0,0,0.4431472
1,1,0.5910846
1,0,0.37975904
1,0,0.49128905
1,1,0.7448707
0,0,0.4484464
1,0,0.47709703
0,1,0.6958917
0,1,0.7647603
0,1,0.65618926
1,0,0.3379187
1,1,0.5051991
1,0,0.49377352
1,0,0.4392796
1,1,0.6197978
1,0,0.42693862
0,1,0.64724755
0,0,0.48564866
0,0,0.37018412
1,1,0.7278464
0,0,0.49648377
0,1,0.62951636
1,1,0.6462403
0,0,0.37952867
0,0,0.4916286
0,0,0.25593847
0,1,0.56102806
1,1,0.70663655
0,1,0.6720256
1,1,0.5659187
0,0,0.47665313
0,0,0.49159074
0,0,0.24407247
1,1,0.90168566
0,1,0.5898672
1,0,0.28152764
0,1,0.5028554
0,0,0.2126241
0,0,0.36990637
1,1,0.708316
0,1,0.641391
0,0,0.3050096
1,0,0.39817908
0,0,0.3108838
0,1,0.8340592
0,1,0.67072934
1,1,0.5693104
0,0,0.47303703
0,0,0.44578916
0,0,0.21645333
1,0,0.31996208
1,1,0.6713774
0,1,0.5599547
1,1,0.64683914
0,0,0.415181
1,1,0.5380109
0,1,0.5186886
0,1,0.56482846
0,0,0.26629016
0,0,0.34132662
0,0,0.25764373
0,0,0.23040208
0,1,0.5497801
0,0,0.48532626
1,0,0.43821415
0,0,0.36748067
0,0,0.36185363
0,1,0.72211653
1,1,0.56053895
0,1,0.5916368
1,0,0.30142152
0,0,0.40348792
0,0,0.35431737
0,0,0.30879372
0,0,0.36432645
0,0,0.4228398
1,1,0.7447151
0,0,0.48976904
0,0,0.41985276
0,0,0.33631286
0,1,0.72198766
1,1,0.5223742
0,1,0.5105628
1,1,0.72713363
1,1,0.5207341
1,0,0.44961032
1,1,0.5475575
1,0,0.40962952
0,0,0.3063827
0,1,0.57204515
0,1,0.5691244
1,0,0.4831827
0,0,0.4747768
1,0,0.24744013
0,0,0.3433812
0,0,0.46246305
0,0,0.49140304
1,1,0.55413073
0,0,0.31330556
1,0,0.4656285
0,1,0.56358755
0,0,0.42950273
0,0,0.3181632
0,1,0.6422437
1,0,0.49863443
1,1,0.73247266
1,1,0.5419048
0,0,0.3982107
1,0,0.40858635
0,1,0.55402976
0,1,0.57364064
0,0,0.44532624
0,1,0.5685803
1,1,0.6630036
0,1,0.6678691
1,1,0.5824867
0,0,0.290485
1,1,0.51390564
0,0,0.36876395
0,1,0.54156
0,0,0.4414571
0,1,0.7016316
0,0,0.25940898
0,0,0.37413135
1,0,0.35767898
0,0,0.35190353
1,0,0.39246547
0,1,0.67712045
1,0,0.38434774
0,0,0.24773887
1,1,0.5453095
0,1,0.51856565
0,1,0.5864457
0,0,0.40418252
0,0,0.34993
0,0,0.22210035
1,1,0.6084228
0,1,0.69447565
1,1,0.5548174
0,1,0.59220296
1,1,0.7088026
1,1,0.6288532
0,1,0.5220217
0,0,0.4712098
1,0,0.24530034
0,1,0.6206492
0,1,0.63785166
1,1,0.63654023
1,1,0.559174
0,1,0.50600713
0,1,0.56888235
0,0,0.41238895
0,0,0.37013462
1,1,0.74668807
1,1,0.51667047
0,1,0.64985806
1,1,0.7007742
0,0,0.44586936
0,0,0.34381592
1,1,0.5348746
1,1,0.5402015
0,1,0.5144296
0,1,0.78728163
0,0,0.43098766
1,0,0.37490407
0,0,0.48821265
1,1,0.76215196
0,0,0.37544703
0,0,0.2343333
0,0,0.4963525
0,1,0.6539332
0,0,0.2892072
1,1,0.8173364
0,1,0.5500829
0,0,0.3356351
0,0,0.4728438
1,1,0.6756451
0,0,0.37586316
0,0,0.36733523
0,1,0.6008916
1,1,0.51889044
1,0,0.4819838
0,1,0.62327945
0,1,0.60385746
0,0,0.40851358
0,1,0.72437054
1,1,0.5914068
1,1,0.55987567
1,1,0.54485506
0,0,0.37505072
0,0,0.42034882
1,1,0.5237004
0,0,0.42729166
0,0,0.3968306
1,1,0.5664217
0,0,0.44200546
0,1,0.5204277
0,1,0.5577535
0,1,0.58306223
0,1,0.5710723
0,0,0.45414475
0,0,0.4451978
1,1,0.5658081
0,0,0.3810116
0,0,0.35777485
1,1,0.5422302
1,1,0.76592755
1,0,0.376426
0,0,0.43863988
1,1,0.57072
0,0,0.3134179
0,1,0.6222984
0,0,0.32909045
0,1,0.55810744
1,0,0.48591876
0,0,0.48085588
1,0,0.44536856
0,1,0.7078422
1,0,0.42535472
0,1,0.64410603
1,0,0.48395348
0,1,0.5580465
0,1,0.7473948
1,1,0.57023185
1,1,0.645152
1,0,0.23526506
0,0,0.48834115
0,1,0.5699505
0,1,0.58442706
0,0,0.35669714
0,1,0.77239484
0,0,0.32965687
0,0,0.39438543
0,0,0.39320078
1,1,0.5666403
0,1,0.65500414
1,1,0.7828573
0,0,0.35308337
0,0,0.49364027
0,0,0.48349816
0,1,0.53640103
0,0,0.31826276
0,1,0.7966657
1,0,0.33658022
1,0,0.37536728
1,0,0.45077956
0,1,0.76849055
0,0,0.44027853
1,1,0.6506346
1,1,0.571121
0,0,0.37519237
0,0,0.24885039
0,0,0.4786646
1,1,0.56151533
0,1,0.5593448
0,0,0.40039772
0,1,0.52724934
0,1,0.75157225
1,1,0.6076035
1,1,0.62814766
0,0,0.23496278
0,0,0.4459847
0,0,0.45240158
1,0,0.3769247
0,1,0.5213947
1,1,0.5677471
1,1,0.6075347
0,0,0.28190872
0,1,0.70456177
0,0,0.35546583
0,0,0.30345693
1,1,0.7743342
0,0,0.4872917
1,1,0.60345954
0,0,0.20486099
1,1,0.80881804
0,0,0.43463024
0,1,0.5175865
0,0,0.30796137
0,1,0.5301769
0,0,0.21384463
0,1,0.5750755
1,1,0.6388811
0,1,0.5079146
0,0,0.32554102
0,1,0.6610709
0,1,0.514903
1,1,0.64804196
0,0,0.3161068
0,0,0.26036987
0,1,0.6758304
1,1,0.7652614
0,1,0.6094867
1,1,0.6858407
1,0,0.23596556
1,1,0.5539878
1,1,0.51480204
0,1,0.5461938
1,1,0.631612
1,1,0.50344664
0,0,0.21045923
0,0,0.27427417
1,1,0.7100929
1,1,0.6103558
0,1,0.5016978
0,0,0.42004246
0,0,0.39894208
0,0,0.30470926
0,0,0.4614623
1,1,0.67607594
1,1,0.7296684
0,0,0.43571
0,1,0.57680255
0,0,0.39283144
0,0,0.36139357
1,0,0.43490753
1,0,0.4714096
1,1,0.6192212
1,1,0.8069945
0,0,0.3987811
0,1,0.60433686
0,0,0.24858621
1,1,0.52952576
1,1,0.55384773
1,1,0.620386
0,0,0.24176374
1,1,0.6341307
0,1,0.582298
0,1,0.6038739
0,0,0.34741315
0,0,0.42281237
0,1,0.5137387
0,1,0.5461591
1,1,0.6368309
1,1,0.7957836
0,1,0.55604017
0,1,0.60982895
1,1,0.60358423
1,0,0.40351954
0,0,0.41361237
0,1,0.50534236
1,1,0.80770427
0,0,0.38658905
1,1,0.5604963
0,1,0.7164485
0,0,0.48636144
0,1,0.5720994
1,1,0.6620296
1,1,0.70463187
0,0,0.3918266
0,0,0.38123688
0,0,0.31539342
1,1,0.58558905
1,1,0.51510954
1,0,0.42338634
1,1,0.6674606
0,0,0.34522042
0,0,0.34639224
0,0,0.32269627
0,0,0.3541225
1,1,0.73224205
0,0,0.28938127
0,1,0.673953
1,0,0.37261495
0,0,0.35873494
1,0,0.40687054
0,0,0.3499997
0,0,0.18789093
0,1,0.6876074
0,1,0.57976574
0,0,0.16157205
0,1,0.5175185
1,1,0.52861243
0,0,0.4713207
0,0,0.4003299
0,0,0.2516402
0,1,0.5319322
1,1,0.546644
1,0,0.36176607
1,1,0.5227541
0,1,0.52790695
1,1,0.69161344
1,1,0.5286992
1,1,0.7671872
1,1,0.65375805
0,0,0.43403178
0,1,0.6305526
0,0,0.40434718
1,1,0.68820214
0,1,0.6632909
0,0,0.37792817
0,0,0.45180988
1,1,0.7325809
1,1,0.6643812
0,0,0.40835395
0,0,0.3284786
1,0,0.27953377
0,0,0.28373274
0,0,0.26078653
0,0,0.45888564
1,0,0.48453104
0,0,0.47859728
0,1,0.6163092
1,1,0.57992405
1,0,0.4729128
0,1,0.56596905
0,0,0.47152567
1,0,0.46452707
0,0,0.34923932
1,0,0.34371695
1,0,0.45720086
0,0,0.44539812
1,1,0.7139554
0,0,0.21681328
1,0,0.49906382
0,1,0.5274172
0,1,0.55851215
0,1,0.51121944
1,1,0.77229345
1,1,0.6927228
0,1,0.6240443
0,1,0.50283873
1,0,0.31126222
0,0,0.4134101
1,1,0.54155093
0,1,0.5124768
0,0,0.44638798
1,1,0.55643964
0,0,0.18693304
0,0,0.33256048
1,0,0.43998733
1,0,0.42546743
0,1,0.6110805
0,0,0.44834653
0,1,0.50871176
0,0,0.49212828
0,0,0.21859662
0,1,0.54265916
1,1,0.6483626
0,0,0.34888482
0,0,0.24307771
0,0,0.3105706
1,1,0.73233885
0,1,0.64465225
0,0,0.30439615
0,0,0.33905023
0,1,0.5830957
1,0,0.46554464
1,1,0.6395007
1,0,0.47350475
0,0,0.35716853
1,1,0.7143389
1,1,0.6438249
0,0,0.4723956
1,1,0.772766
0,1,0.6655786
1,1,0.79405963
0,0,0.33681226
1,1,0.7175029
0,1,0.5179307
0,0,0.34964654
0,1,0.5808745
1,1,0.51686794
1,1,0.64848363
0,0,0.4634613
0,1,0.65855944
1,1,0.6852487
0,1,0.57308346
0,0,0.36621037
1,1,0.5807963
1,0,0.47430053
0,1,0.50032526
1,1,0.70876735
0,0,0.31576258
1,0,0.24354623
1,0,0.39587468
0,0,0.35752508
0,0,0.44433647
0,0,0.44523332
0,0,0.24399312
0,1,0.5366395
0,1,0.64556956
0,1,0.56608343
0,1,0.7257483
1,1,0.56591374
1,1,0.787795
0,0,0.48975492
0,0,0.3851248
0,1,0.8558206
0,0,0.30054995
0,0,0.2847925
0,1,0.6024963
0,0,0.41300365
0,0,0.3406424
1,1,0.77246255
0,0,0.4381804
1,1,0.757758
0,1,0.7682603
0,0,0.4992113
0,0,0.28482467
1,1,0.5834538
0,0,0.39865837
0,0,0.37120655
0,1,0.52317965
1,0,0.49641922
1,0,0.20130622
0,0,0.3787896
0,0,0.440802
0,1,0.65569997
1,0,0.2907162
0,0,0.3340856
1,0,0.46539053
0,1,0.52163106
0,1,0.51419467
0,1,0.5893553
1,0,0.45642856
0,1,0.5054344
0,0,0.45341155
1,1,0.82085896
1,1,0.72025126
0,0,0.19265042
0,1,0.5501492
1,1,0.63254166
1,1,0.5094539
1,1,0.58155143
1,1,0.60776407
0,1,0.63168144
0,1,0.5183177
0,1,0.6605134
0,1,0.54875225
0,1,0.6207921
1,0,0.28765315
0,0,0.3779412
1,0,0.37366554
1,0,0.41033086
1,0,0.4419873
1,1,0.74070364
1,1,0.703495
0,0,0.45373994
0,0,0.37182596
0,1,0.5772816
0,1,0.6197579
0,1,0.55831695
0,1,0.559201
0,0,0.32522196
1,1,0.7652708
0,0,0.44823477
0,0,0.36903778
0,1,0.64924884
1,0,0.37889525
1,0,0.49515644
0,0,0.4769909
0,0,0.33247098
1,1,0.6365033
0,0,0.3650427
0,0,0.33332962
1,1,0.7624354
1,0,0.31498933
0,0,0.42288196
1,0,0.44625464
0,0,0.33161962
0,0,0.40460992
0,1,0.60484123
0,0,0.47535133
0,1,0.52516866
0,1,0.54716456
0,0,0.45104805
0,1,0.72990215
0,0,0.4835874
1,1,0.72664213
0,1,0.7743998
0,1,0.615331
0,1,0.6011565
1,1,0.5899957
0,0,0.30402452
1,0,0.29994497
0,1,0.55054104
0,0,0.4326804
1,1,0.5164087
0,0,0.19897929
1,1,0.622774
1,1,0.64765275
0,0,0.23782906
0,1,0.6015315
0,1,0.5484039
0,0,0.4266399
1,1,0.7668171
1,0,0.4267671
1,0,0.31519523
1,1,0.6506731
1,0,0.36618683
0,0,0.49661323
1,1,0.59068877
1,1,0.6891227
0,0,0.37861577
1,1,0.5604688
0,1,0.54458785
1,0,0.47116122
0,0,0.46700677
0,0,0.34265018
0,0,0.41854343
0,1,0.63163036
1,1,0.633774
0,1,0.5267968
1,0,0.28008172
0,0,0.32640663
0,1,0.5862776
1,1,0.51478976
0,0,0.43196386
0,0,0.31744924
1,0,0.33039302
1,1,0.5450462
0,0,0.1838944
1,1,0.56738836
0,1,0.7256483
0,0,0.25592086
1,1,0.62218726
1,1,0.60631114
0,0,0.2853554
0,1,0.65906084
1,1,0.67750317
1,0,0.2704625
0,0,0.4246262
0,0,0.3544434
1,1,0.6962887
0,0,0.28611794
0,0,0.40466774
0,0,0.45308936
1,1,0.66475856
1,1,0.68771964
0,1,0.51961106
1,0,0.3826324
1,1,0.54068905
1,1,0.57438487
0,1,0.5118041
0,0,0.4947924
0,1,0.5494991
1,1,0.5504998
0,0,0.4956398
1,1,0.5976054
0,0,0.28242993
1,1,0.5047143
1,0,0.47773644
1,1,0.6709945
1,1,0.59904635
0,0,0.20333351
0,1,0.6793867
1,1,0.6009115
0,0,0.33603632
1,1,0.68311876
0,0,0.37972596
0,1,0.7173347
1,1,0.7003917
0,1,0.5842113
1,0,0.45128238
1,0,0.49491116
0,0,0.37971154
0,0,0.35269824
0,1,0.5302016
0,0,0.27887696
0,0,0.28383863
1,0,0.39028236
1,0,0.45452484
0,0,0.49736056
0,1,0.7049675
0,0,0.41705635
0,0,0.29135647
1,1,0.51636374
1,1,0.58468646
0,0,0.22947241
0,1,0.6927715
0,0,0.3397965
0,1,0.5336713
0,0,0.28948173
1,1,0.61622256
0,0,0.49624684
1,1,0.7027872
0,1,0.53386
0,1,0.5123398
0,0,0.47369504
1,1,0.643608
1,0,0.3957344
1,1,0.64551735
0,0,0.39340368
1,0,0.26127666
1,1,0.5600729
1,1,0.69633776
1,1,0.5476941
0,0,0.38120523
0,1,0.5131423
1,0,0.47235385
0,1,0.614686
0,0,0.20276299
0,0,0.27687988
0,0,0.22930352
1,1,0.5270574
0,0,0.41391638
1,1,0.55366457
0,1,0.53552824
0,0,0.46500346
0,1,0.54548573
0,0,0.4073317
1,1,0.53002745
1,0,0.36966607
0,0,0.38920274
0,0,0.3549457
0,0,0.35855347
0,0,0.4035606
0,1,0.50124604
0,0,0.462171
0,1,0.74664575
1,1,0.5355253
1,0,0.4302849
1,0,0.19651662
1,0,0.37890124
0,1,0.5540134
0,0,0.3769989
0,1,0.56203693
0,0,0.49650782
0,1,0.527943
1,1,0.5804427
0,0,0.38753
0,1,0.52318597
1,1,0.53772527
0,1,0.5007339
1,1,0.73595554
0,0,0.37903985
0,1,0.59124064
1,1,0.7641507
0,1,0.57097095
0,1,0.58125013
0,1,0.5335973
0,1,0.5466076
0,1,0.5920148
1,0,0.35769278
0,1,0.58372563
0,0,0.3499279
0,1,0.5704717
0,1,0.52572894
0,1,0.73494184
1,1,0.66404974
1,1,0.6705656
0,0,0.43213028
0,0,0.3028007
0,1,0.7906332
0,1,0.7170655
1,1,0.7842093
0,1,0.6414815
0,0,0.36488158
0,1,0.63248193
0,0,0.45335126
1,1,0.5882354
0,0,0.31359684
0,0,0.4406465
0,0,0.3844189
0,1,0.57430124
0,0,0.43928325
0,0,0.48773116
1,0,0.43274972
0,0,0.44025955
0,0,0.20788114
0,1,0.7554805
1,1,0.6326095
1,1,0.62223375
0,1,0.7414817
0,1,0.7650548
1,1,0.5299473
0,0,0.42952144
1,1,0.8131732
0,0,0.3322298
0,0,0.44991362
0,0,0.35434765
0,0,0.34457567
1,1,0.50358564
0,0,0.45477226
0,1,0.7760235
0,0,0.35078928
1,1,0.7204546
0,1,0.51317877
1,0,0.43955815
0,1,0.5629688
0,1,0.50136346
1,1,0.70672643
0,1,0.5661802
0,1,0.50379884
1,0,0.36357656
0,1,0.6735141
0,0,0.33075953
0,1,0.6709484
0,1,0.539129
1,1,0.54084
0,1,0.5850482
1,1,0.73879176
0,1,0.64010704
0,0,0.46410048
1,1,0.6956058
0,1,0.59618163
0,0,0.4577955
0,1,0.52141625
0,1,0.538391
0,0,0.35189095
1,0,0.24384631
1,1,0.50714624
0,0,0.16976285
1,1,0.5026122
0,1,0.635041
0,1,0.589498
0,1,0.57154524
1,1,0.6432061
1,1,0.66686165
1,0,0.2825785
0,0,0.386043
0,0,0.24362472
1,1,0.75331175
0,0,0.49547464
0,0,0.26490533
0,1,0.53638166
0,0,0.3581213
1,1,0.7403231
1,1,0.68277127
1,0,0.2546871
0,1,0.58370143
1,1,0.7972369
0,0,0.36272454
0,1,0.58891433
0,1,0.606427
0,0,0.44212517
0,0,0.36297712
0,1,0.5332329
1,0,0.41287506
0,1,0.5983495
0,1,0.504775
0,0,0.40676185
0,1,0.6371456
0,0,0.32101724
0,1,0.6062586
1,1,0.6086914
1,1,0.68354535
0,1,0.5959888
0,1,0.58926284
1,1,0.50227606
1,0,0.34242356
1,1,0.5243119
1,1,0.5101984
0,0,0.4255775
0,1,0.72708124
1,1,0.6104275
0,1,0.5892093
0,1,0.58676773
0,1,0.663803
1,1,0.61429846
0,0,0.27465957
1,1,0.6686413
1,1,0.69073594
1,1,0.62796974
0,0,0.33528456
1,1,0.512852
0,0,0.49954548
0,1,0.55092376
1,1,0.6122063
0,1,0.57163155
0,0,0.36275542
0,0,0.43405807
0,0,0.20922722
0,1,0.5008002
0,0,0.2517632
0,1,0.6396882
0,0,0.32187375
1,0,0.35039425
1,1,0.7895031
0,0,0.28156877
1,1,0.6392318
1,1,0.5633712
0,1,0.57919145
0,0,0.37523785
1,0,0.37448803
0,0,0.22762701
1,1,0.5689503
0,1,0.6200655
0,0,0.36037174
0,0,0.35818702
0,0,0.24259481
0,0,0.4425584
1,0,0.3443124
0,0,0.46283284
1,1,0.51713425
0,0,0.42551297
1,0,0.24005654
0,0,0.4416612
1,1,0.65823907
1,1,0.6525185
1,1,0.65863866
0,0,0.49603057
0,0,0.39332616
0,1,0.5781195
0,0,0.4614766
0,0,0.37655276
1,1,0.57758933
0,1,0.64902234
0,1,0.68279827
1,1,0.61343545
0,0,0.4480269
1,0,0.4997078
0,0,0.3107489
1,1,0.55977786
0,0,0.43092576
1,1,0.74384934
0,1,0.57290673
1,1,0.51333785
0,0,0.35143527
0,1,0.52849454
1,1,0.85145175
0,0,0.43383566
0,1,0.7667652
1,1,0.68457824
1,0,0.35463494
0,1,0.571953
0,0,0.4620785
0,0,0.34757784
0,1,0.5138231
0,1,0.5041469
0,1,0.7040169
0,1,0.67873675
0,0,0.4017872
1,0,0.285905
0,0,0.17775156
1,1,0.5859514
0,1,0.6140308
1,0,0.46704322
0,0,0.4384111
0,1,0.58385515
1,1,0.6696947
0,0,0.49614328
0,0,0.41456634
1,1,0.6529248
0,0,0.49851233
1,1,0.53030914
0,1,0.5670807
1,1,0.7112654
1,1,0.6684306
0,1,0.5744509
0,0,0.42520124
0,0,0.4658107
0,0,0.47775748
0,1,0.62913483
1,0,0.3077024
0,0,0.42750221
0,0,0.28116244
1,0,0.47729886
0,1,0.55739045
1,1,0.7532467
0,1,0.5697154
1,0,0.47356606
0,0,0.42673433
0,1,0.613312
0,0,0.4335207
1,0,0.49470487
0,0,0.2830942
1,1,0.69546574
1,0,0.47099024
1,0,0.43557674
1,0,0.4107252
0,0,0.28008783
0,0,0.4464634
1,0,0.4315763
1,0,0.41852129
0,0,0.43432343
1,1,0.62604135
0,1,0.6281456
0,0,0.44918075
1,0,0.4449664
0,1,0.54430723
0,0,0.42876685
0,1,0.56271183
0,1,0.56381446
0,0,0.4450161
1,0,0.35394192
0,0,0.2524009
1,1,0.8246139
0,0,0.38987994
0,1,0.5968072
1,0,0.39035827
0,1,0.68530273
0,0,0.4342132
1,1,0.6999955
0,0,0.24893261
0,1,0.5073731
0,1,0.6441391
0,0,0.36962825
0,1,0.7792706
0,0,0.36532786
0,0,0.42705935
1,1,0.609747
0,1,0.5486038
0,0,0.4167272
0,0,0.41415384
1,1,0.5914005
1,1,0.7176433
0,1,0.67280084
0,0,0.25196242
0,0,0.384098
0,1,0.66129273
0,0,0.21007165
0,0,0.32422486
0,1,0.530411
1,1,0.5310973
1,1,0.6928899
1,1,0.5348961
1,0,0.44342455
0,1,0.5026864
1,1,0.75975484
1,1,0.6826863
0,0,0.49625638
0,0,0.43914336
1,0,0.41304117
0,0,0.27488273
1,1,0.8515591
1,1,0.5476162
0,0,0.32123366
0,0,0.25585374
1,0,0.37429896
0,0,0.3713916
1,1,0.5728864
0,1,0.6865424
1,1,0.67159164
1,0,0.46052587
0,0,0.3510311
0,0,0.28604487
0,0,0.24965285
0,1,0.5345595
0,0,0.31401035
1,0,0.44962236
0,0,0.3542919
0,1,0.66623694
1,0,0.3529084
1,1,0.84307027
0,1,0.5577299
0,0,0.11919847
0,1,0.7093592
1,0,0.31788114
0,0,0.33504212
1,1,0.60427606
1,1,0.6750059
0,0,0.1639755
0,1,0.53612345
0,0,0.21433933
1,0,0.31904176
0,0,0.48288518
0,0,0.45879912
0,0,0.45764798
1,1,0.6792494
0,0,0.38445115
1,1,0.5514522
0,0,0.4737567
0,0,0.3274494
0,0,0.40577814
0,0,0.45193365
1,1,0.79108584
0,0,0.28683528
0,0,0.43069947
0,0,0.37165657
0,0,0.23666061
0,0,0.30239922
0,0,0.39603037
0,1,0.5724668
0,1,0.60579854
0,1,0.68173736
1,1,0.5663355
1,0,0.2634082
1,0,0.4514443
0,0,0.4482864
1,1,0.6086879
0,1,0.59281397
1,1,0.76162905
0,0,0.47170964
0,0,0.29215068
1,1,0.60428643
1,1,0.84011835
0,1,0.6592647
0,0,0.3069835
0,1,0.7126339
0,1,0.6535945
0,1,0.53023994
1,0,0.4147953
1,1,0.6864256
0,0,0.2971838
0,0,0.36921462
1,0,0.38218975
0,1,0.73327273
1,1,0.57193846
0,1,0.5863798
0,0,0.27237436
1,1,0.6933661
1,0,0.40818098
0,1,0.5855043
0,1,0.54357374
1,0,0.30262387
0,0,0.40259278
1,1,0.57308346
0,0,0.39399618
1,1,0.647618
0,1,0.5578806
0,0,0.43715695
1,1,0.60703933
0,0,0.35381386
0,1,0.5137869
0,1,0.5044843
1,1,0.5004343
0,1,0.7737803
1,0,0.32639512
1,1,0.6059451
0,1,0.65387976
1,1,0.5600707
1,0,0.38904014
0,1,0.5623179
0,1,0.5423408
0,0,0.47534767
1,1,0.5696044
0,1,0.5831851
0,0,0.20349064
0,0,0.45895338
1,1,0.52905244
0,0,0.33531675
0,0,0.49954742
1,0,0.44428068
0,1,0.7856694
0,0,0.42278892
0,1,0.55485785
0,0,0.4536454
0,1,0.6075631
0,1,0.52856773
1,1,0.54922736
0,0,0.355362
1,1,0.5650197
1,1,0.7091308
1,0,0.45326188
1,1,0.6901855
0,1,0.5426791
1,1,0.60116833
1,0,0.27872846
0,0,0.3125719
0,0,0.2605535
0,0,0.19371936
0,0,0.3694947
1,1,0.52575606
0,0,0.3670145
0,0,0.34917337
0,0,0.41323295
0,0,0.48010445
1,1,0.612757
0,0,0.28382313
0,0,0.22683927
0,0,0.29725343
0,0,0.3659424
0,0,0.4662599
0,0,0.3640299
0,1,0.71185833
1,1,0.8258653
1,0,0.31809032
0,0,0.43184713
1,1,0.6322987
0,0,0.34148118
1,1,0.63499624
1,0,0.21913292
0,0,0.4116584
1,0,0.48800159
0,0,0.30588576
1,0,0.368025
0,0,0.3382638
0,0,0.451464
1,0,0.46827567
1,1,0.74305034
0,0,0.45625126
0,0,0.3539321
1,1,0.7179537
1,0,0.4959115
0,1,0.5325783
1,0,0.39376715
0,0,0.36404076
0,0,0.41760036
1,0,0.4176256
1,1,0.5077975
1,0,0.31122714
1,0,0.29685947
0,1,0.53600055
0,1,0.61985433
1,0,0.42136598
0,1,0.5292038
1,1,0.5714177
0,0,0.3605766
0,1,0.66131717
0,1,0.5419565
1,1,0.73404914
0,0,0.2707734
0,1,0.6511121
1,1,0.5436216
0,1,0.5399057
1,0,0.39817035
0,0,0.35039464
0,0,0.28311735
0,0,0.26914394
0,0,0.45341983
0,0,0.36737087
1,1,0.5182065
1,1,0.79688776
0,0,0.4762896
0,0,0.44888616
1,1,0.5162161
0,0,0.31536147
1,0,0.38819483
0,0,0.32191682
0,1,0.7331893
0,1,0.6014725
0,0,0.4981418
0,0,0.4421511
0,1,0.6257851
0,0,0.45394936
0,0,0.33385572
0,0,0.36599156
1,0,0.41812664
1,0,0.44206935
0,0,0.4364275
0,0,0.47955942
0,0,0.37119865
1,1,0.6880378
1,0,0.42058626
0,1,0.57554656
1,1,0.54938066
0,0,0.4257731
0,1,0.51530856
0,1,0.677251
0,1,0.5907347
0,0,0.41204852
0,0,0.46936464
1,0,0.33894935
0,0,0.23662356
0,1,0.5141642
0,0,0.39312166
0,0,0.46053612
0,0,0.436994
0,1,0.6825271
1,1,0.6153715
1,0,0.3285838
0,0,0.4439996
0,1,0.50875485
0,0,0.2639241
0,0,0.41111445
1,1,0.6296461
0,0,0.2273787
0,0,0.43869343
1,0,0.48531932
0,0,0.39302066
1,1,0.6459539
0,0,0.23146567
1,1,0.57264805
0,0,0.25367105
1,0,0.4479949
0,0,0.48717815
0,0,0.41592905
1,1,0.81950057
0,0,0.4858192
0,1,0.63824886
0,1,0.5255543
0,0,0.31013706
0,0,0.33624262
0,0,0.4875031
1,0,0.3532602
0,0,0.28135
1,1,0.5783281
0,0,0.31790593
0,1,0.65316737
1,0,0.48233524
0,1,0.70128393
0,0,0.19620031
0,0,0.36450857
1,1,0.67630094
1,0,0.48559844
0,0,0.4785184
1,0,0.49539694
0,1,0.622997
1,1,0.54636735
1,1,0.6767073
0,0,0.22351329
1,1,0.5428818
0,1,0.6319475
0,0,0.3898054
1,1,0.62404937
0,0,0.3470453
0,0,0.361493
0,0,0.17633194
0,0,0.267358
0,1,0.62540764
0,1,0.5341526
0,0,0.44973424
0,0,0.3199891
0,0,0.3393861
0,0,0.23270346
0,0,0.4053728
0,0,0.23821193
1,0,0.3634233
0,1,0.57513255
0,1,0.51152426
0,1,0.692853
0,0,0.3484796
1,1,0.7969889
1,1,0.6783228
0,1,0.6618983
1,0,0.3392957
0,0,0.35577744
1,0,0.3958958
0,0,0.27811188
1,0,0.4529507
0,0,0.34034806
0,0,0.432638
0,1,0.6147411
1,0,0.49551073
1,1,0.5761486
0,1,0.7803208
0,1,0.56189865
0,1,0.5494339
1,1,0.62129784
0,1,0.55816656
1,1,0.7341788
0,0,0.36601058
0,1,0.517862
0,0,0.30351624
0,0,0.49662763
0,0,0.22097236
0,1,0.6410167
0,0,0.4851355
0,0,0.31664306
1,0,0.3282457
0,0,0.4561683
1,1,0.522644
0,0,0.49861786
1,0,0.47243068
0,0,0.40408662
0,0,0.4574893
0,1,0.70822084
1,1,0.74451613
0,1,0.51735646
1,1,0.5069615
0,1,0.79680586
0,0,0.31139892
0,1,0.5797221
1,0,0.49596334
1,0,0.39839652
0,0,0.39215142
0,0,0.41575435
1,1,0.6189438
1,1,0.5903514
1,1,0.56456393
0,1,0.60641265
0,0,0.23936467
0,0,0.46863627
1,0,0.47785303
0,1,0.52178466
0,0,0.39555427
0,1,0.63631135
0,0,0.46436283
0,1,0.6687639
0,1,0.59081167
0,0,0.44354862
1,1,0.5419913
1,0,0.26612306
0,1,0.574701
0,1,0.5456888
0,0,0.40340507
0,1,0.5073928
0,1,0.50336707
0,1,0.5076508
0,0,0.48235893
1,1,0.7065406
0,0,0.48156428
1,1,0.6898037
0,1,0.55732113
0,0,0.464072
0,0,0.24560395
0,1,0.75208944
0,1,0.679096
1,0,0.36920312
0,0,0.44088563
0,1,0.8275658
1,1,0.5086166
1,0,0.48103932
0,1,0.61938727
0,0,0.49728823
1,0,0.40400022
1,1,0.78053033
0,0,0.42106867
0,0,0.46972147
0,1,0.5289768
0,1,0.51726145
1,0,0.3990139
1,1,0.5497763
0,1,0.5095879
0,0,0.32330364
1,0,0.28620443
0,1,0.5145401
1,1,0.5218268
1,1,0.535872
1,1,0.7295372
0,1,0.56464815
1,0,0.46802425
0,0,0.44042972
0,0,0.42570812
0,0,0.28758425
0,0,0.47613588
1,0,0.41311017
0,0,0.47967404
1,1,0.70159936
1,1,0.59287745
0,0,0.49445614
0,0,0.34185022
0,1,0.5225292
0,1,0.57310855
0,1,0.6819511
0,1,0.5963275
1,0,0.46101543
1,1,0.6313488
1,1,0.85220325
0,0,0.39591256
0,0,0.454552
0,0,0.43992537
1,1,0.70576507
0,0,0.33873042
0,0,0.386894
1,1,0.56544125
1,1,0.70582324
0,0,0.27633134
1,0,0.3376049
0,0,0.38556105
0,1,0.5712044
1,1,0.77242416
0,0,0.33290946
1,1,0.68345124
1,0,0.2836047
0,1,0.5012945
1,0,0.25444892
0,0,0.4755103
1,1,0.816993
0,0,0.2885343
0,0,0.3359293
1,1,0.6534538
1,0,0.31622428
1,0,0.46484396
0,1,0.5152711
0,0,0.38479123
0,0,0.44259775
0,0,0.46567938
1,1,0.78077084
0,0,0.40919545
1,1,0.5295541
0,1,0.66692966
0,0,0.33177137
0,1,0.65510964
0,0,0.3074395
0,1,0.7948678
1,1,0.6046912
1,1,0.59201515
0,1,0.6652974
0,1,0.56161326
0,1,0.685361
1,1,0.72096884
0,0,0.41201672
0,0,0.1848318
0,0,0.3645195
1,0,0.26516086
0,0,0.22661813
1,1,0.61960196
0,0,0.26632187
0,0,0.4794981
0,0,0.38555688
0,0,0.36061752
1,0,0.23764138
0,0,0.32716483
0,0,0.24506262
0,0,0.34384492
0,1,0.65796614
0,1,0.565011
0,0,0.41250393
0,1,0.522201
1,1,0.61351764
0,0,0.43265685
0,1,0.6651041
1,1,0.55681777
0,1,0.5361755
1,1,0.62999135
1,1,0.52941656
0,1,0.5850662
1,1,0.78371865
0,0,0.3190404
0,1,0.6703316
1,1,0.7793613
0,0,0.41831088
0,1,0.6857285
0,0,0.35014358
0,0,0.28874555
0,0,0.3869865
0,0,0.42572755
0,0,0.38687357
1,0,0.34384987
0,0,0.44767168
0,0,0.17502591
0,1,0.5823512
0,0,0.28059518
0,0,0.44936544
0,1,0.50424635
0,1,0.7163882
0,0,0.4375218
0,1,0.6634477
1,1,0.65304863
0,1,0.6320545
0,0,0.42013192
0,0,0.2541081
1,1,0.84803843
0,1,0.90818244
0,0,0.39656225
0,0,0.46788654
0,1,0.55723
0,0,0.2547641
0,1,0.79422265
1,1,0.87153417
0,0,0.4559501
0,0,0.2902123
0,0,0.49571392
0,1,0.6614933
0,1,0.5328444
0,1,0.52622086
0,0,0.3076347
0,1,0.61751837
0,1,0.70021623
0,0,0.23367015
0,1,0.608114
0,1,0.72091633
0,0,0.4993375
0,0,0.15877531
0,0,0.46528465
0,0,0.4641799
0,1,0.5174961
0,0,0.38306147
0,0,0.28807765
1,0,0.4789539
0,0,0.38248587
0,1,0.5328409
0,0,0.27304342
0,0,0.3582184
1,0,0.34399715
0,1,0.5552762
0,1,0.6478162
0,0,0.3218039
1,1,0.6961778
0,0,0.48916322
0,0,0.35873154
0,0,0.36647794
0,0,0.4431459
0,1,0.5766434
0,0,0.19176471
0,1,0.7396539
1,1,0.7562478
0,1,0.6865232
0,1,0.5389779
0,0,0.28592172
1,1,0.5377789
0,0,0.39865395
1,1,0.7015874
0,1,0.69141614
0,1,0.64556205
0,0,0.34947148
1,1,0.6819882
1,0,0.2828586
0,1,0.5939021
1,1,0.59650195
1,1,0.57725006
0,1,0.52856266
0,1,0.52511305
0,0,0.44294176
0,1,0.62870574
1,1,0.51864254
1,1,0.6512011
1,1,0.6275103
0,0,0.3308339
0,1,0.66172165
0,1,0.7459274
1,1,0.6398212
0,0,0.2374142
0,0,0.38213214
0,0,0.35534757
1,1,0.6302493
0,0,0.43360537
0,1,0.57601064
1,1,0.6141849
1,1,0.56432575
0,1,0.5260848
0,0,0.45608148
1,0,0.38572264
0,1,0.52686995
1,0,0.45720345
0,0,0.35656354
1,1,0.52887756
0,1,0.59863937
1,1,0.5654769
0,1,0.64473426
1,1,0.56968623
0,0,0.4611882
1,1,0.66362065
0,0,0.4689326
1,1,0.7163305
1,1,0.53841054
1,0,0.38560346
0,0,0.34639397
0,0,0.2829115
0,0,0.35980722
0,0,0.3692216
0,0,0.23044072
1,1,0.7487594
0,0,0.4019297
0,1,0.62592614
0,1,0.6395095
0,0,0.19785166
1,1,0.5420867
1,1,0.52295077
0,0,0.4798099
1,1,0.6907721
0,0,0.39675918
0,1,0.6622943
1,1,0.588308
1,1,0.51722395
0,0,0.463706
0,1,0.647453
0,0,0.34594664
0,1,0.50021935
1,1,0.55627173
1,0,0.26612672
1,0,0.22478682
0,0,0.36565903
1,0,0.40971938
1,1,0.6608258
0,1,0.71171004
0,1,0.7654992
0,1,0.52690274
0,0,0.45909798
1,1,0.54016894
0,0,0.24540003
1,0,0.46911386
0,0,0.30962837
0,0,0.37815884
1,1,0.8213749
0,0,0.33913922
0,0,0.3155237
1,1,0.55861485
1,1,0.776724
0,1,0.6711074
0,1,0.67287374
0,0,0.42884308
0,0,0.37984914
0,0,0.47705078
0,0,0.47202343
0,1,0.605766
0,1,0.67048585
1,1,0.7915825
1,1,0.694003
1,1,0.60938454
0,1,0.5218842
0,0,0.3750517
0,1,0.86517173
0,1,0.5149455
1,0,0.41821763
0,0,0.31902722
1,1,0.7297643
0,0,0.3354846
0,0,0.27285784
0,0,0.29737222
0,0,0.24316384
0,1,0.578361
1,0,0.451493
0,0,0.44868693
0,1,0.7152316
1,1,0.60313815
1,1,0.58563095
1,1,0.5434529
0,0,0.3851879
0,0,0.44975978
0,1,0.60749435
0,0,0.38748208
1,1,0.5853427
0,0,0.3229516
1,0,0.30880317
0,0,0.4512923
0,0,0.42571232
0,0,0.46250752
0,0,0.19123486
0,0,0.28257504
0,1,0.7492797
1,1,0.6195787
0,1,0.61240935
0,1,0.6213613
0,1,0.64677775
0,0,0.3500448
0,0,0.26534843
0,0,0.48705646
1,1,0.61013025
1,1,0.53170824
1,1,0.57393783
1,1,0.57613325
1,1,0.8380699
1,0,0.39244542
1,0,0.49879518
1,1,0.7289221
0,1,0.6655615
0,0,0.25538117
1,0,0.43835115
1,1,0.6761473
0,1,0.5271222
0,0,0.4864303
0,1,0.54266596
0,0,0.31993106
0,1,0.54678845
0,1,0.6429928
1,0,0.4898683
1,0,0.46625778
0,0,0.32559845
1,1,0.5416741
0,0,0.38620114
0,0,0.36521995
1,0,0.36130095
1,1,0.6984581
1,0,0.45993653
0,1,0.72126067
0,1,0.5693629
0,0,0.16050814
0,1,0.52621555
0,0,0.28836507
1,1,0.6859743
0,0,0.3491987
0,0,0.39362037
0,1,0.5985328
0,0,0.41623953
0,1,0.609793
0,1,0.6196474
0,0,0.38673672
1,0,0.40891215
0,1,0.70742875
1,0,0.45318523
0,0,0.49111786
1,1,0.5681958
1,1,0.72427005
0,1,0.5508532
1,1,0.80242
0,1,0.7581675
1,1,0.7264103
0,0,0.4089344
0,0,0.32997426
0,0,0.36664158
0,0,0.43788892
0,0,0.33596432
1,1,0.6289727
1,1,0.58182824
0,0,0.46458077
1,0,0.42676133
0,1,0.7572311
1,1,0.5690201
0,1,0.539133
1,1,0.6807632
1,0,0.2795685
0,0,0.30189255
0,1,0.53521335
0,0,0.4447733
0,1,0.58916193
1,1,0.71200037
0,0,0.33823696
0,1,0.6404558
1,1,0.5424041
1,0,0.44223034
0,1,0.5800118
0,0,0.47229734
0,1,0.5512361
0,1,0.5024741
0,1,0.59997797
1,1,0.65645856
0,0,0.4140377
0,0,0.33089724
0,0,0.4258515
1,1,0.80353886
1,1,0.80733395
0,0,0.3472867
0,1,0.62294453
0,1,0.59011024
1,0,0.42732453
1,1,0.6324544
0,0,0.3382727
1,1,0.73818266
0,1,0.6777541
1,0,0.37344456
1,1,0.660324
0,0,0.28908437
0,0,0.3375142
1,0,0.3952315
1,1,0.6986193
0,0,0.44376373
0,1,0.5690938
1,0,0.37980428
0,0,0.39051566
1,1,0.53656286
0,1,0.58638936
1,1,0.8154352
0,0,0.32804984
0,0,0.41234997
1,1,0.67969185
0,0,0.4052806
1,0,0.27864638
0,0,0.3231165
1,1,0.5831359
1,1,0.71363306
0,0,0.41130367
1,1,0.7431954
1,0,0.46005362
0,0,0.356771
0,0,0.44793648
1,1,0.6370217
0,0,0.45522028
0,0,0.287532
0,1,0.5509392
0,0,0.3678331
0,0,0.34810588
0,1,0.6339649
0,1,0.625043
0,1,0.53188986
1,1,0.73063886
0,0,0.48199183
0,1,0.7466319
0,1,0.79646134
0,0,0.4454009
0,1,0.7171465
0,1,0.6633398
0,0,0.39909947
0,0,0.28630707
1,0,0.41979134
0,0,0.45245087
1,1,0.5261163
1,1,0.6700866
0,1,0.5685484
0,1,0.53193563
0,1,0.5536148
0,0,0.4245037
0,1,0.6105975
0,1,0.6229187
1,1,0.6001767
0,1,0.58947587
1,1,0.6981329
1,1,0.55180174
0,0,0.4563086
0,1,0.5495612
1,0,0.25592655
1,1,0.63883686
0,0,0.4467892
0,0,0.48168403
0,0,0.25959376
1,1,0.79558456
0,0,0.22355889
1,1,0.637233
0,0,0.36576062
0,0,0.25771752
0,1,0.540101
1,1,0.57247645
0,0,0.47565717
0,1,0.5692257
0,1,0.5628654
1,1,0.5711559
0,1,0.5079472
0,0,0.29262224
0,0,0.37598112
0,1,0.5261374
0,0,0.38625574
1,0,0.4570062
0,1,0.65326506
1,1,0.6816246
0,1,0.79804295
0,0,0.23797183
0,0,0.30065557
0,1,0.6175196
0,0,0.4700729
0,1,0.6008059
1,0,0.38948113
0,1,0.64772373
1,1,0.56813085
1,0,0.31012627
0,0,0.18706088
0,1,0.5690908
0,1,0.82189137
1,1,0.73074853
1,0,0.38439026
0,1,0.60896325
0,1,0.5677178
1,1,0.6696064
0,0,0.46385908
0,1,0.683974
1,1,0.53693426
0,1,0.75008935
1,1,0.5696521
1,0,0.496076
1,1,0.798975
1,1,0.74419475
0,1,0.59757537
1,1,0.8218471
0,1,0.6513953
1,1,0.51842993
0,1,0.5223527
0,0,0.3686415
1,1,0.5188653
0,1,0.5862164
0,0,0.47132525
0,0,0.3260886
1,1,0.65422845
0,1,0.5771585
0,0,0.2472401
0,1,0.65619695
0,0,0.34303194
1,0,0.38089994
0,1,0.6108724
0,1,0.5389055
0,0,0.3831384
0,0,0.4526479
1,0,0.49758118
1,1,0.6714559
0,1,0.5938364
0,1,0.5700902
0,1,0.5275664
0,0,0.4212212
1,1,0.5696463
0,0,0.3267545
1,1,0.55701196
1,0,0.4932876
0,0,0.49004787
1,0,0.3517298
0,0,0.27111465
1,1,0.5680758
0,0,0.2667712
0,1,0.7081774
0,1,0.52806157
0,0,0.34539744
1,1,0.7259275
1,1,0.6836006
1,0,0.302331
0,0,0.2123797
1,0,0.4582034
0,0,0.47574517
1,1,0.6644367
1,1,0.7441852
0,1,0.63777214
0,0,0.28526166
0,1,0.517758
0,0,0.3990653
1,0,0.33090642
0,1,0.77178055
0,0,0.46888596
0,1,0.5749892
1,0,0.43860167
0,0,0.18811214
1,1,0.7374672
0,1,0.7366119
0,0,0.3601132
0,1,0.5674465
0,1,0.77457565
1,0,0.3668857
1,1,0.6512025
0,0,0.42722738
0,0,0.31659713
1,1,0.6699282
0,0,0.49281916
0,1,0.6547593
1,1,0.5496614
0,0,0.41278583
0,1,0.5890556
0,0,0.4218975
0,1,0.7104584
1,1,0.7084227
1,0,0.39579776
0,1,0.6320335
1,0,0.42788696
0,0,0.292406
0,1,0.5485779
1,1,0.51509345
0,1,0.51373935
0,1,0.65569884
0,1,0.6425364
1,1,0.60573024
0,0,0.25580648
0,0,0.3712126
1,1,0.60020584
0,1,0.6791688
0,0,0.2762196
1,0,0.4626682
1,1,0.6765852
0,0,0.33139285
0,0,0.3387839
0,0,0.3969187
0,1,0.77036107
0,0,0.38833955
0,0,0.4017694
0,0,0.35175022
1,1,0.69610274
1,1,0.65116566
1,1,0.5783289
0,0,0.34917802
0,1,0.7255695
1,1,0.69059026
0,0,0.4177001
0,0,0.40751913
0,1,0.7871667
1,0,0.30971223
0,0,0.45137876
1,0,0.38991046
1,0,0.45081082
1,1,0.64304507
0,0,0.4172757
0,1,0.6026879
1,1,0.5777922
1,1,0.5525566
0,0,0.23737617
1,1,0.68039644
1,1,0.6070936
0,0,0.2654502
1,1,0.5018391
1,1,0.62969995
1,1,0.7249808
0,0,0.42690235
0,1,0.60543287
0,1,0.50368255
0,1,0.6609228
0,1,0.5552745
0,1,0.64139026
1,1,0.67544085
0,0,0.24565145
0,0,0.39994505
1,1,0.55783176
1,1,0.6590026
0,1,0.67002237
0,1,0.78855246
1,1,0.61986506
1,0,0.121511266
0,0,0.36023402
0,0,0.43728802
1,1,0.60301375
0,0,0.45665243
1,1,0.50328285
0,0,0.3624652
1,0,0.14740168
0,0,0.39133996
1,0,0.4185198
0,1,0.59397584
0,0,0.25956967
1,0,0.36280647
0,0,0.43039235
1,0,0.42285305
0,0,0.2527432
0,0,0.3187411
0,1,0.61789757
0,0,0.24579774
0,1,0.55371064
1,1,0.69426024
0,1,0.5473819
0,1,0.52248293
0,1,0.7430355
0,0,0.3289696
0,0,0.42185247
1,0,0.2980525
0,0,0.2978824
1,1,0.7011375
0,0,0.35845953
1,1,0.7656145
0,0,0.301294
0,1,0.6982887
0,1,0.59023255
0,1,0.6995806
0,1,0.6917439
0,1,0.54406863
1,1,0.6790344
0,1,0.52526826
0,0,0.41479293
0,1,0.6707355
0,1,0.53759634
1,1,0.7366808
0,0,0.4333352
0,1,0.727857
0,0,0.40754676
1,1,0.53294194
0,0,0.21558711
1,1,0.6250426
0,1,0.552678
1,1,0.6392189
0,0,0.47033912
0,0,0.18446964
0,0,0.42749423
1,0,0.43566856
0,1,0.7254825
1,0,0.3175012
0,1,0.507742
1,1,0.7357331
0,0,0.44084165
1,1,0.70725286
1,0,0.38867715
1,0,0.44287294
1,0,0.3966869
0,0,0.27932212
0,0,0.2501452
0,0,0.3924449
0,0,0.30087844
1,1,0.5408845
0,0,0.49368745
0,1,0.54356605
0,1,0.6332723
1,1,0.607071
0,0,0.33227837
0,1,0.5817056
0,0,0.22713403
0,1,0.53496575
0,0,0.45431966
1,1,0.5435784
0,1,0.79212195
1,1,0.6575622
0,1,0.50498813
0,0,0.40815994
1,1,0.7335646
0,1,0.6103141
0,0,0.3265868
1,1,0.5271648
0,0,0.34415853
0,0,0.37621266
1,1,0.5986165
0,0,0.27884606
0,1,0.5610768
1,1,0.5411526
1,1,0.7027643
0,0,0.3887452
1,0,0.49078313
0,0,0.37360156
0,0,0.34049526
0,0,0.23429815
0,0,0.33937845
1,1,0.64153343
1,1,0.56070817
1,1,0.77396786
1,1,0.72305125
0,0,0.38416627
0,1,0.55373544
0,1,0.71229845
0,0,0.37196994
0,1,0.53964317
0,0,0.36705613
0,0,0.4864138
0,1,0.5721851
1,0,0.37353253
1,0,0.4800756
0,0,0.28888884
0,1,0.5045523
1,1,0.6569826
1,1,0.69830376
0,0,0.42119724
1,1,0.7041994
0,0,0.39127642
0,1,0.6349658
0,0,0.43618232
0,1,0.60166806
0,1,0.5626649
0,1,0.833824
1,1,0.7927742
0,0,0.47606558
1,0,0.36410517
1,1,0.6231791
0,0,0.3005245
1,0,0.29418272
0,0,0.2609684
0,0,0.47466007
1,0,0.37307417
0,0,0.33094406
0,0,0.44218567
0,0,0.39891028
0,0,0.44022375
0,0,0.31631517
0,1,0.6004343
0,0,0.2543486
1,0,0.33671796
0,1,0.6401443
1,1,0.72922343
0,0,0.4039316
0,0,0.31659663
0,1,0.66503316
0,1,0.58049494
0,1,0.54529107
0,0,0.45216933
1,1,0.6150015
0,0,0.4130608
0,0,0.23108937
0,0,0.44879347
1,0,0.47267702
0,0,0.1790725
1,1,0.6268335
1,1,0.63432914
1,1,0.750414
0,0,0.3493612
0,0,0.31406975
0,0,0.36087105
1,1,0.6911801
1,1,0.8098852
1,1,0.5023121
0,0,0.2364453
0,1,0.6171035
0,0,0.43249038
1,1,0.6235589
1,0,0.33039397
0,0,0.27794686
0,1,0.6131327
0,1,0.61697364
1,0,0.4439254
1,0,0.37566474
1,1,0.78482586
1,0,0.3600807
1,1,0.64606625
0,0,0.481395
0,0,0.33479834
0,1,0.50722647
1,0,0.451094
1,1,0.564321
1,1,0.74625105
0,0,0.291766
0,0,0.48932335
1,1,0.61945385
0,0,0.35276195
1,1,0.6043407
0,1,0.61016124
1,1,0.5911865
0,0,0.30648762
0,0,0.28506905
0,1,0.52359194
0,0,0.48625916
0,1,0.6261503
0,0,0.17905587
1,0,0.33633557
0,0,0.29307163
1,1,0.73952955
0,0,0.3031843
1,1,0.7668335
0,0,0.34455845
1,1,0.5258661
0,0,0.4112893
1,0,0.3288123
0,1,0.5827169
1,1,0.69510597
1,0,0.45621538
1,1,0.6786352
0,0,0.45867592
1,1,0.72319585
0,1,0.5496563
0,0,0.44998714
0,1,0.5511577
1,1,0.6838699
0,1,0.52485836
0,1,0.52726936
0,1,0.5601367
0,0,0.40369675
1,1,0.515826
1,0,0.41071752
0,1,0.82777476
0,0,0.2732135
1,0,0.44076252
1,1,0.6115547
0,1,0.6500244
0,0,0.4092453
0,1,0.5346228
1,1,0.59179384
0,1,0.6193108
1,1,0.6719142
0,0,0.36724904
0,1,0.8288518
0,0,0.28183585
0,0,0.31510824
1,0,0.43584877
1,1,0.62034404
0,0,0.33428875
0,0,0.44106343
0,0,0.2746111
0,1,0.54976463
0,1,0.5469152
0,1,0.5700387
1,1,0.54569477
0,1,0.5967175
0,0,0.4754182
0,1,0.5760126
0,0,0.4212216
0,1,0.6635774
0,0,0.4922586
0,0,0.3630516
0,1,0.59011763
0,1,0.6516028
0,1,0.63437533
0,0,0.36845633
0,0,0.44463474
0,1,0.5318058
0,0,0.33012202
1,0,0.47601622
1,1,0.55439895
1,1,0.71847945
0,0,0.44590154
1,1,0.5413138
0,1,0.6063246
0,1,0.8210934
0,1,0.78473
0,0,0.40834567
1,0,0.48546413
1,0,0.41928613
0,0,0.41010863
1,1,0.56098855
0,0,0.24832015
0,1,0.804404
1,0,0.41867876
0,0,0.3087274
0,0,0.349219
0,1,0.5178022
0,0,0.4942924
0,1,0.5097406
0,0,0.3299603
0,0,0.33889505
0,1,0.59955484
1,1,0.5357536
0,0,0.48321217
0,1,0.59812844
0,0,0.46939254
1,1,0.8260751
0,0,0.48855057
0,1,0.7771036
0,1,0.64566374
0,1,0.57695305
0,0,0.4813688
0,1,0.5434994
0,0,0.19547091
0,0,0.31585744
0,1,0.57488793
0,0,0.44032082
1,1,0.622839
0,1,0.59019136
1,1,0.5028071
0,1,0.50974506
0,0,0.43922898
1,1,0.5325265
0,0,0.28418857
1,1,0.608826
0,1,0.5001456
0,1,0.587116
0,0,0.29615098
0,1,0.50010324
0,0,0.37018973
0,0,0.43124855
1,1,0.72551394
0,1,0.77128243
0,1,0.7561562
1,1,0.6274551
0,1,0.67511564
1,0,0.36005175
1,0,0.25912997
1,0,0.45516768
0,1,0.7605286
0,1,0.58088845
1,1,0.52875865
0,1,0.605401
0,0,0.4976328
1,1,0.52360696
1,0,0.4130683
1,1,0.77632827
1,1,0.7499676
1,1,0.70314014
1,1,0.7355254
1,1,0.68184423
1,1,0.55103993
0,0,0.17893976
1,1,0.62066895
1,1,0.699872
0,0,0.37301144
1,0,0.4640273
1,1,0.502599
0,0,0.44389582
1,1,0.5629249
1,1,0.7597546
1,0,0.49990153
0,0,0.45134157
0,0,0.39029416
1,0,0.42153957
1,1,0.67536855
1,1,0.67744994
1,1,0.67832834
1,1,0.5346418
0,1,0.5638039
1,1,0.5604394
0,0,0.40364072
0,0,0.36698973
1,1,0.5148826
1,1,0.56709003
0,0,0.20973347
1,1,0.6320294
0,1,0.56652856
0,0,0.3853558
1,0,0.46722573
1,1,0.5331325
1,0,0.34556884
1,1,0.6467977
1,1,0.83981425
0,0,0.45352492
0,1,0.6941351
0,0,0.43041363
0,1,0.6436082
1,1,0.65898806
0,1,0.60578436
0,0,0.32937422
1,1,0.66598374
0,1,0.5174232
1,0,0.4179113
1,1,0.59453934
0,1,0.5365174
0,0,0.46013695
0,1,0.73212564
0,1,0.5558341
0,1,0.7008901
1,0,0.3058933
0,1,0.60924995
0,0,0.48541838
0,0,0.4636725
0,0,0.40568542
1,1,0.65201634
0,0,0.4785621
0,1,0.5931313
1,0,0.31181222
1,0,0.41943163
0,0,0.453854
0,1,0.5586902
0,1,0.52751344
0,1,0.72975665
1,1,0.67775714
0,0,0.46193612
0,0,0.18405639
0,1,0.5258121
1,0,0.42569417
0,1,0.6162472
1,1,0.74985087
0,0,0.27581537
1,0,0.49590424
0,0,0.42416114
1,1,0.55785227
0,1,0.6014736
0,0,0.33287287
1,0,0.33454394
1,0,0.46232724
1,1,0.7345004
0,1,0.50422114
0,0,0.25400347
0,1,0.5586657
1,0,0.38691556
0,1,0.576922
1,0,0.39534098
0,1,0.7778102
0,0,0.4429696
0,1,0.6108329
1,1,0.5672587
0,1,0.6019004
0,0,0.44251478
0,0,0.3610405
1,1,0.71536493
1,0,0.38237125
0,0,0.34573606
0,0,0.24920347
1,1,0.78514105
1,0,0.3233224
1,1,0.5333918
0,0,0.34717873
0,1,0.520182
0,0,0.37310612
0,1,0.56766254
1,1,0.74194396
1,0,0.47315723
0,1,0.52668875
0,0,0.48836842
0,1,0.7938777
1,0,0.427477
0,0,0.41390172
1,1,0.72528225
1,1,0.74958414
0,0,0.25806943
1,1,0.55803764
0,0,0.3380462
0,1,0.6192979
1,1,0.5039342
0,1,0.67891455
0,0,0.22859898
1,0,0.37017578
0,1,0.5191538
1,1,0.7781622
0,1,0.52150124
0,1,0.57729256
1,0,0.40755534
1,0,0.49302104
0,0,0.28545886
1,1,0.80623305
0,1,0.5204454
1,1,0.5600274
0,0,0.3753192
0,0,0.2620463
0,1,0.5551541
0,0,0.45494008
1,1,0.69004834
0,1,0.61185294
0,0,0.3154709
0,1,0.54013544
0,0,0.32115006
1,1,0.67973125
0,0,0.46441802
1,0,0.26737574
0,0,0.44727942
1,1,0.69557387
1,1,0.5466764
0,1,0.5406834
1,0,0.44038016
0,1,0.5691546
1,1,0.7979622
1,1,0.6489184
1,0,0.410007
1,0,0.40679926
1,0,0.47744584
1,1,0.62461966
0,0,0.40237704
1,1,0.5328614
0,1,0.57315993
0,0,0.43303493
0,1,0.5136722
0,0,0.422933
1,0,0.29047915
1,0,0.3946256
0,0,0.24804655
1,1,0.8482621
0,1,0.68665975
1,1,0.6404266
0,1,0.56325996
1,1,0.64895904
0,1,0.5941663
1,1,0.61785114
0,0,0.40800244
0,1,0.60137254
0,0,0.14600489
1,0,0.32427353
0,0,0.4373337
0,0,0.41903684
0,0,0.4871735
1,0,0.2695885
0,1,0.5215382
1,1,0.64322376
0,0,0.21344641
0,1,0.5436352
0,1,0.5296835
0,0,0.3516366
1,1,0.5488975
0,1,0.65787864
1,1,0.64062434
1,1,0.66599625
0,1,0.6574781
0,0,0.41862985
0,1,0.5341846
1,1,0.64694285
0,0,0.31394306
0,0,0.47453132
0,1,0.7051183
0,1,0.61711425
1,1,0.61320883
0,0,0.326488
1,1,0.7203245
1,1,0.6140959
1,1,0.5607212
0,0,0.41158924
0,0,0.32247058
0,0,0.4801957
1,0,0.37066314
0,0,0.44580323
1,0,0.46011823
0,1,0.67277944
0,1,0.6175033
1,0,0.4992528
0,0,0.49392396
1,1,0.54870886
0,0,0.45123965
0,1,0.5403511
1,1,0.525038
0,0,0.4500298
0,1,0.7897083
0,0,0.3426555
1,0,0.40253592
1,0,0.43715277
1,1,0.5490011
0,1,0.6603222
0,0,0.3019479
1,1,0.5650275
1,1,0.6750753
1,0,0.49438733
1,1,0.66075957
0,0,0.31673452
0,0,0.2958317
0,0,0.29639095
0,0,0.33569083
0,0,0.25033814
1,1,0.6070405
1,1,0.6798511
0,1,0.6353999
0,1,0.6191085
0,1,0.5056998
0,0,0.45452222
0,0,0.39255884
0,1,0.6604865
0,1,0.6386436
0,1,0.71016806
1,0,0.44022548
1,0,0.43807304
0,0,0.22607173
1,0,0.22746764
0,1,0.50875497
0,1,0.54661673
0,0,0.4688554
1,1,0.6128109
1,1,0.61210585
0,0,0.31892768
1,1,0.80457944
1,1,0.717563
1,1,0.5640474
0,0,0.26394475
1,1,0.541273
0,1,0.5210632
0,0,0.45343333
0,0,0.30910337
0,0,0.42859674
0,1,0.5257059
1,1,0.5636405
0,1,0.63595396
0,1,0.69426197
0,1,0.6207574
0,0,0.41383523
0,0,0.29211077
0,0,0.295839
0,0,0.21632591
1,1,0.6612211
0,0,0.34902245
0,1,0.50803393
1,1,0.5803058
0,1,0.50611234
0,0,0.44774675
0,0,0.3689873
0,0,0.38531634
1,1,0.8647099
1,1,0.6458565
0,1,0.54618335
0,0,0.2853718
0,0,0.17200778
0,0,0.49593064
0,0,0.20649354
1,1,0.66851074
0,0,0.3632299
0,0,0.3182566
0,1,0.51406264
0,0,0.40337887
1,0,0.4795356
0,0,0.3486812
0,0,0.2170058
0,0,0.39817932
0,0,0.31435487
0,0,0.2917448
1,0,0.4714442
1,1,0.66074026
0,0,0.27163672
0,1,0.55740553
1,0,0.45704833
0,1,0.52413213
0,0,0.4972095
0,1,0.5793103
0,1,0.6695472
1,1,0.8253345
0,1,0.51345325
0,1,0.69912636
1,0,0.31500465
0,1,0.51680005
0,0,0.4084556
0,1,0.70289195
0,0,0.41187134
0,1,0.8229262
1,0,0.45988178
1,0,0.31560618
1,0,0.35873204
0,0,0.28222135
1,0,0.3318474
1,0,0.40459034
1,1,0.7197
0,1,0.5459544
0,1,0.5117884
0,0,0.45989934
0,0,0.45442638
0,0,0.30660796
1,0,0.41332954
1,1,0.6943649
1,1,0.69599545
0,1,0.5208019
1,1,0.5001684
0,0,0.48517925
0,1,0.7685234
0,1,0.6109832
1,1,0.7033588
1,0,0.34354937
0,0,0.44273838
1,1,0.56349206
0,0,0.46503848
0,1,0.556619
0,1,0.77352995
1,0,0.448613
0,0,0.44604915
0,0,0.4230792
0,1,0.64833516
0,0,0.39840266
0,0,0.31183872
1,0,0.45209634
0,1,0.57488084
0,1,0.581682
1,1,0.53429896
0,0,0.43168882
1,0,0.2294734
1,1,0.7408368
1,1,0.56522804
1,1,0.53181314
0,0,0.17180906
0,1,0.51207966
1,1,0.6127769
0,1,0.72620344
0,0,0.34514672
0,1,0.5754132
0,0,0.41011602
0,1,0.5439549
0,1,0.52267337
0,0,0.3581581
0,0,0.4918176
0,1,0.50056267
0,0,0.25699258
1,1,0.7375428
1,1,0.5188059
1,1,0.68988514
1,1,0.50739616
0,0,0.24291377
1,1,0.60787404
1,1,0.72713363
0,0,0.42662433
0,0,0.31835374
1,0,0.39716262
1,1,0.5671806
1,0,0.3544605
1,0,0.47653565
0,0,0.42240474
0,1,0.5805313
1,0,0.41463426
0,1,0.59531295
0,0,0.29023424
0,1,0.5369107
1,1,0.6162456
0,0,0.43733943
0,0,0.46703443
0,0,0.4578167
0,1,0.56962985
1,0,0.3546829
0,0,0.42331174
0,0,0.2627757
0,0,0.35412338
1,0,0.42032897
0,1,0.6005431
1,1,0.5355308
1,1,0.6459756
0,1,0.51808274
0,0,0.49054024
0,0,0.441507
0,0,0.42434528
1,0,0.44176102
0,0,0.16552675
0,1,0.519057
1,1,0.64981383
0,1,0.57211673
0,0,0.25726742
1,1,0.6998492
0,0,0.40541288
1,1,0.60686564
0,0,0.24180728
1,1,0.5036475
1,0,0.3298277
0,1,0.6545265
1,1,0.55778295
1,1,0.59022534
0,0,0.44366637
0,1,0.5864586
0,1,0.6046349
0,0,0.42183715
0,0,0.44118005
1,1,0.7213646
1,1,0.78826004
1,1,0.6331862
0,1,0.695712
0,0,0.2888351
0,0,0.43737224
0,0,0.3379495
0,0,0.46273607
1,0,0.30869338
1,1,0.5582749
0,0,0.29473588
0,1,0.7041419
1,1,0.60789657
0,1,0.6907448
0,1,0.6753205
0,0,0.35786894
0,0,0.47376946
0,1,0.51261246
0,0,0.4199318
0,0,0.4107835
0,1,0.76100725
0,0,0.4253828
0,1,0.71572816
1,0,0.30112255
0,0,0.36346734
0,1,0.5514278
0,1,0.5729198
0,0,0.47782716
0,1,0.6899053
0,0,0.49340263
1,0,0.4320713
0,0,0.45455137
1,1,0.6795179
0,1,0.63118833
0,0,0.38882452
1,0,0.4041506
0,0,0.40619522
0,1,0.60403067
0,1,0.6369849
0,1,0.5463124
0,1,0.51395744
0,1,0.6091495
1,0,0.46946746
1,1,0.80053663
0,1,0.6956974
0,0,0.17757508
0,1,0.5065377
1,0,0.4016212
0,0,0.2676645
0,1,0.5558838
1,0,0.44494492
1,0,0.38839975
1,0,0.37829736
0,1,0.5461967
0,0,0.29764077
1,1,0.56777364
0,1,0.5352184
1,1,0.5383772
0,0,0.3602852
0,1,0.6176928
0,0,0.22928925
1,0,0.45211384
0,1,0.6916504
0,1,0.5725211
1,1,0.73791456
1,0,0.39810026
0,1,0.6967057
0,0,0.44266024
0,0,0.27588293
0,0,0.36169088
0,0,0.45902482
0,1,0.5095651
1,1,0.6148304
1,1,0.8244604
0,1,0.7295817
0,1,0.63987815
0,1,0.50019014
1,1,0.805031
0,0,0.48955148
1,1,0.73451656
0,0,0.49538437
0,0,0.3865969
0,1,0.73009837
1,1,0.5295535
0,0,0.49759796
0,0,0.39110288
0,0,0.4611747
0,0,0.40573302
1,1,0.72410357
1,0,0.48803946
0,0,0.48267835
0,0,0.42421806
1,1,0.57770866
0,0,0.41553265
1,1,0.5643579
0,0,0.33268294
0,1,0.57199216
1,1,0.533711
0,0,0.45398566
0,0,0.4961315
1,0,0.43641835
0,0,0.22902584
1,0,0.36282647
1,0,0.38850245
0,0,0.24470901
1,0,0.38964537
0,0,0.45402887
0,1,0.6651958
0,1,0.6027871
0,0,0.18000911
1,1,0.6863645
0,0,0.48432603
0,1,0.516523
1,1,0.6615787
0,1,0.7527966
0,1,0.62834245
1,1,0.72804195
0,1,0.5114305
0,1,0.58348155
1,0,0.48651925
0,1,0.6164465
0,0,0.41494498
0,0,0.26547825
0,0,0.40394333
0,0,0.46872485
0,0,0.36691573
0,0,0.4128056
0,0,0.30995262
1,1,0.6697278
0,0,0.40609676
0,0,0.42504868
1,1,0.68706584
1,1,0.5282419
0,0,0.26304108
0,0,0.37181053
0,0,0.39372528
0,1,0.5658353
1,0,0.41610742
1,1,0.75800544
0,0,0.3753833
1,1,0.77316076
1,0,0.3312056
0,0,0.43097416
1,0,0.4772687
0,1,0.631456
0,0,0.18610822
0,0,0.4773085
0,0,0.49162126
1,0,0.35089207
1,0,0.41202715
1,1,0.578614
1,0,0.27651465
0,0,0.47624132
0,1,0.5292493
0,1,0.5190606
0,1,0.5803279
0,0,0.3531102
0,0,0.47648174
0,1,0.6757772
1,0,0.4507491
1,1,0.7556342
0,0,0.3726193
0,1,0.6843623
1,1,0.7180523
0,0,0.4381969
1,1,0.6134247
0,1,0.60964775
0,0,0.28810063
1,0,0.42332342
1,0,0.44891596
0,0,0.31476337
1,1,0.7092514
0,1,0.6774942
0,0,0.34322625
1,1,0.6991027
0,0,0.49392676
0,1,0.7642834
1,1,0.68826663
0,0,0.44059536
0,0,0.32687622
1,1,0.6227614
0,1,0.5370374
0,0,0.35267523
0,0,0.3775769
1,1,0.6773355
0,0,0.48375413
0,1,0.52475524
0,0,0.36959216
0,0,0.3633486
0,0,0.21664369
0,1,0.5173883
0,0,0.33181268
1,0,0.45886675
0,0,0.45980862
0,1,0.62073016
1,1,0.7315711
0,1,0.61782545
0,0,0.42689
1,1,0.70675796
0,1,0.5104131
1,1,0.5933988
0,0,0.3425367
0,0,0.3889452
1,1,0.74186295
0,0,0.32963717
0,0,0.48258793
0,0,0.40380806
0,0,0.37510803
1,0,0.30900586
1,0,0.44287348
1,0,0.4356565
1,1,0.55092996
0,0,0.27011782
1,0,0.4618382
0,0,0.40959692
0,1,0.6110113
0,0,0.22737007
0,0,0.46232137
0,0,0.2896332
1,0,0.44712174
0,1,0.6352733
0,1,0.585424
0,0,0.34501156
1,1,0.8124044
0,1,0.64981145
0,1,0.6460322
0,0,0.44971815
0,0,0.43418697
0,0,0.285735
0,0,0.37936336
0,0,0.34620526
1,0,0.40749547
1,1,0.5533461
0,0,0.30184853
1,1,0.6600325
0,0,0.29416856
0,1,0.7193315
0,1,0.6467687
0,0,0.44120944
1,1,0.52841264
0,1,0.6242342
1,0,0.40794238
1,0,0.456814
0,1,0.55584615
0,0,0.19555867
0,0,0.4379345
0,1,0.6540639
0,0,0.27624986
0,1,0.56763655
0,1,0.5222985
1,1,0.5143477
1,0,0.39541516
0,0,0.48695502
0,0,0.2545814
1,0,0.40526512
0,0,0.3974238
0,1,0.503722
1,1,0.869537
0,0,0.17568454
0,1,0.7112896
1,1,0.50201327
0,0,0.45940357
1,0,0.32636896
1,0,0.33020118
1,1,0.5600707
1,1,0.5344775
0,0,0.35802475
0,1,0.6039975
0,0,0.46989146
0,1,0.6160158
1,1,0.7505537
0,1,0.57260394
1,1,0.5768015
0,0,0.33414808
0,0,0.4894404
1,1,0.59253854
1,1,0.7339929
1,1,0.59902555
0,1,0.66873205
0,0,0.32762083
0,1,0.57327557
0,0,0.32622796
1,1,0.6391849
0,1,0.5216385
0,1,0.6019853
1,1,0.5255753
0,0,0.40079
1,0,0.47603172
1,0,0.32553902
0,0,0.47795802
1,0,0.3810844
0,0,0.26341295
0,0,0.3819811
0,0,0.4441673
1,1,0.67391783
1,0,0.47606158
1,0,0.3583234
1,1,0.52686864
0,1,0.590009
1,1,0.8006169
1,0,0.47864416
1,0,0.38699755
0,1,0.66647714
1,1,0.52470565
1,0,0.42439187
0,1,0.6153387
0,0,0.2909432
0,0,0.30152214
0,1,0.52455425
0,0,0.44099978
0,0,0.4447756
1,1,0.5202
0,0,0.43958986
0,1,0.50293344
1,1,0.8292313
0,0,0.47066295
0,0,0.3696244
0,0,0.23087406
1,1,0.5070865
1,1,0.8051163
0,0,0.47510993
0,1,0.5979696
0,1,0.75164235
0,1,0.7655559
0,0,0.44480228
1,1,0.5094132
0,1,0.6434954
0,0,0.26341078
0,1,0.78134084
0,1,0.52336735
1,1,0.6494102
0,1,0.78840554
0,0,0.4375231
0,0,0.4168848
0,1,0.5803944
1,1,0.51803654
0,0,0.43816352
0,0,0.28189075
1,1,0.6223157
0,0,0.21938486
0,1,0.581188
0,1,0.78088045
1,1,0.64458615
0,1,0.7608122
1,0,0.4064099
1,1,0.555174
0,1,0.74849725
1,1,0.51829857
0,1,0.5732253
0,1,0.79501855
1,0,0.44654593
0,1,0.581328
1,1,0.5167713
1,0,0.31405944
0,0,0.4140533
0,1,0.5781013
1,0,0.41647202
0,1,0.5788194
0,0,0.3599777
1,0,0.46902743
0,1,0.566376
1,1,0.5437849
1,1,0.56116354
0,0,0.27167675
0,0,0.37806854
0,0,0.4240786
1,1,0.51976025
0,0,0.30508214
1,0,0.43100858
0,0,0.42500505
1,1,0.5413014
1,0,0.26117042
1,1,0.501098
0,0,0.32870877
0,0,0.33557335
1,1,0.5806032
0,0,0.17714608
1,1,0.67282504
1,1,0.646324
0,0,0.2126215
0,0,0.30067936
0,0,0.36507878
1,1,0.718562
1,1,0.83412063
0,0,0.2683789
0,1,0.5303753
0,0,0.35178125
0,0,0.4324456
1,0,0.3383073
0,1,0.8096582
0,0,0.33302978
0,1,0.57785034
0,0,0.36827117
1,0,0.25559145
0,0,0.2664662
1,1,0.50613064
0,0,0.4135948
0,0,0.30496153
0,0,0.43204176
1,0,0.42534667
0,1,0.6009944
1,1,0.6013666
0,0,0.2917318
0,0,0.49049303
1,0,0.41201863
0,0,0.48925272
1,1,0.72243845
1,0,0.44062567
0,1,0.53425425
0,0,0.2642223
1,0,0.37186083
1,1,0.6131746
1,0,0.4084766
0,1,0.5534826
1,1,0.54801136
1,1,0.6546285
0,1,0.6792885
0,0,0.442807
1,1,0.55354047
1,1,0.56555253
0,0,0.48908034
0,1,0.64759016
1,1,0.51422906
0,0,0.1898737
0,0,0.27884266
1,0,0.46266866
0,1,0.50706655
0,1,0.75448984
1,1,0.63383305
1,1,0.6573602
0,0,0.41773888
0,0,0.3878925
1,0,0.33926117
1,0,0.39623055
0,1,0.5156099
0,0,0.35600492
1,0,0.3898901
1,0,0.38462368
0,1,0.78618324
0,0,0.34763753
1,1,0.70279205
0,1,0.5076671
0,1,0.6429443
0,0,0.27723
0,1,0.6859673
1,1,0.5920685
0,0,0.2689114
0,1,0.7470842
0,1,0.6571826
0,0,0.27398974
0,1,0.73333156
1,1,0.68975383
0,0,0.2995985
0,0,0.4463726
0,1,0.6422747
0,1,0.5974267
1,1,0.50406045
0,1,0.5519947
1,1,0.7467507
0,1,0.59275746
1,0,0.33817557
1,1,0.6973897
1,1,0.63513273
0,0,0.34587634
0,1,0.6600614
0,0,0.44565368
1,1,0.58646536
1,1,0.5545922
0,0,0.27960405
0,1,0.5144268
0,0,0.3534816
0,1,0.6513
1,1,0.8309412
1,1,0.8336217
0,0,0.26687944
0,0,0.13646035
0,1,0.5324992
0,0,0.40195698
1,1,0.56932026
0,0,0.34842944
0,0,0.49955297
0,1,0.5946067
0,1,0.73975587
0,0,0.49434918
1,1,0.5085746
1,0,0.48549047
0,0,0.38631618
0,1,0.5906555
0,1,0.60275626
0,1,0.55877614
0,0,0.42725256
0,0,0.21039839
0,0,0.4584786
1,1,0.67673117
0,0,0.39843294
0,0,0.3513814
0,1,0.5796117
0,1,0.5874328
0,0,0.34112784
0,1,0.5897588
0,1,0.63195276
1,1,0.7946688
0,0,0.48841766
0,0,0.36618593
1,0,0.36741593
0,1,0.6885859
1,1,0.682581
0,1,0.5570403
1,1,0.61928856
0,0,0.4756704
1,1,0.56265926
1,1,0.6829436
1,0,0.4165141
1,1,0.6212198
1,1,0.7204694
0,0,0.44029927
0,0,0.38871312
1,0,0.43517596
1,1,0.6383037
1,0,0.40151975
0,0,0.39438692
0,0,0.22576769
0,1,0.729518
0,0,0.2889865
0,0,0.36336005
0,1,0.52763456
1,0,0.4566013
0,1,0.52900463
0,0,0.41625962
1,0,0.43174827
0,0,0.3240643
0,0,0.44479498
1,1,0.75732994
0,1,0.5993983
1,1,0.5614954
1,1,0.5524682
0,0,0.23918265
0,0,0.4779878
0,1,0.6374942
0,0,0.2471268
0,1,0.63176537
0,1,0.5430539
0,0,0.32996064
1,1,0.6746784
1,0,0.28206035
0,1,0.5541376
0,1,0.58315355
0,0,0.36666623
0,0,0.309387
1,1,0.5530726
0,1,0.62559706
0,0,0.3046934
1,1,0.7004606
0,1,0.6089528
0,0,0.3753285
0,0,0.4349173
1,1,0.6754255
1,1,0.54089016
0,1,0.5737736
0,1,0.507974
1,1,0.73936015
0,1,0.6495013
0,0,0.47499144
0,0,0.4533618
0,1,0.5382893
0,1,0.5620961
1,0,0.45912206
0,1,0.555925
1,1,0.7172904
1,0,0.41083694
0,1,0.5725658
0,1,0.6067332
0,1,0.7172088
1,1,0.6334712
1,0,0.45323825
1,1,0.6141492
1,1,0.701658
0,0,0.4264535
1,0,0.3103611
0,0,0.40208894
1,1,0.5359753
1,0,0.46970814
0,0,0.34966108
0,0,0.4652234
1,0,0.30989963
0,0,0.32472354
1,1,0.65953106
0,0,0.4076042
1,0,0.2628062
0,1,0.6073546
0,1,0.53819364
0,0,0.3805289
0,0,0.15239055
0,1,0.8104104
0,0,0.48274252
1,0,0.37138093
1,1,0.59227985
0,1,0.6516948
0,0,0.44541717
0,1,0.5123967
1,1,0.69097686
1,0,0.45988402
0,0,0.31967998
1,0,0.46252227
0,0,0.43986118
1,0,0.3776591
0,0,0.40823978
0,0,0.3862753
0,0,0.33389094
0,1,0.7268369
1,1,0.5775909
0,0,0.43461746
0,1,0.6158913
1,0,0.3573732
0,1,0.66678715
0,1,0.6098775
0,0,0.42686704
0,0,0.46212935
0,1,0.5440781
1,1,0.64893174
0,1,0.6830719
0,1,0.5669694
0,1,0.5968956
0,0,0.40775415
1,1,0.62189364
1,1,0.6136897
0,1,0.5368311
0,1,0.6125999
0,1,0.57129806
1,1,0.673357
1,1,0.5463903
0,0,0.40410826
0,0,0.34858745
1,1,0.6148624
1,1,0.60412455
0,0,0.33924112
0,1,0.52825934
0,0,0.3490527
0,1,0.5673471
1,0,0.2952303
0,0,0.45282847
1,1,0.544919
0,0,0.22056104
1,0,0.42436877
0,1,0.76127636
0,0,0.27135116
0,0,0.2620936
0,0,0.36918756
0,1,0.6334227
1,1,0.8018078
0,0,0.23506652
1,0,0.4084866
0,1,0.59461516
0,1,0.67152035
0,1,0.66586715
1,1,0.571584
0,0,0.4515905
0,0,0.20939031
1,0,0.3892536
0,0,0.2720178
1,1,0.50285184
1,1,0.54687184
0,1,0.6491615
1,1,0.5255655
0,0,0.28456947
0,0,0.4512634
1,1,0.51287186
0,0,0.45444545
1,0,0.28507534
1,0,0.432704
0,1,0.5889788
1,1,0.69783944
0,0,0.24457185
1,0,0.2982517
1,1,0.5234583
0,1,0.5501753
0,0,0.49708205
1,1,0.55648214
0,0,0.25910243
0,1,0.5436186
1,1,0.5039649
0,1,0.6342824
0,0,0.45849106
1,1,0.6595761
1,1,0.66012895
0,1,0.5267944
1,1,0.64611363
0,0,0.3548636
1,1,0.7301142
0,0,0.34353936
0,1,0.5837451
1,1,0.63853294
0,1,0.5751414
1,1,0.7335193
0,0,0.2831413
0,0,0.2353589
0,0,0.4541715
1,0,0.33539885
1,0,0.4210388
0,1,0.72995305
0,0,0.48190093
0,1,0.6197818
0,1,0.5358995
1,0,0.49529546
0,0,0.394002
0,0,0.4023848
0,1,0.54462695
1,1,0.8099428
0,0,0.2753386
0,1,0.67249936
0,0,0.4134086
1,1,0.6882052
1,0,0.35112023
0,1,0.5498456
1,0,0.47299212
0,0,0.38022482
1,0,0.35089788
1,1,0.5889029
0,0,0.40397757
0,1,0.6607566
0,1,0.5590298
0,0,0.2542294
0,1,0.50816983
0,0,0.39608374
1,1,0.5503878
0,0,0.31400573
0,0,0.48681152
1,1,0.5859047
1,0,0.41224173
1,0,0.4113003
1,0,0.27343473
0,0,0.45016038
0,0,0.46077174
0,0,0.2496064
0,0,0.39246008
0,0,0.49134082
1,1,0.57175076
1,1,0.6686696
1,1,0.6746136
0,1,0.5609049
0,0,0.4810867
0,1,0.589512
0,0,0.22946067
0,0,0.4653016
0,0,0.47193748
0,1,0.5358713
0,1,0.59461486
0,0,0.3636781
0,0,0.21566193
0,1,0.7392574
1,1,0.5622339
1,1,0.5054387
1,0,0.43346527
1,0,0.43823564
0,1,0.6044586
0,0,0.46203938
0,1,0.54246217
1,1,0.5385705
0,0,0.33725947
1,1,0.88433766
0,0,0.33346018
1,0,0.46574762
0,1,0.5027571
0,0,0.25103918
0,0,0.37677276
0,1,0.5799179
0,1,0.63197964
0,0,0.47131857
1,0,0.45278504
1,0,0.36214355
1,1,0.66119784
1,0,0.26186037
0,0,0.3834052
0,1,0.53276753
0,1,0.54397994
0,1,0.5308155
0,1,0.6214013
1,1,0.5430494
1,1,0.72614545
1,1,0.6510122
1,1,0.71487224
1,1,0.61845577
0,0,0.37446156
0,0,0.25087383
0,0,0.40751523
0,0,0.44367945
0,0,0.17229195
0,1,0.5955003
0,0,0.43170944
1,0,0.4726382
1,1,0.5145374
0,0,0.407876
1,1,0.72570854
0,0,0.37320524
0,1,0.516084
0,1,0.56777745
1,0,0.4059245
0,1,0.72635156
0,0,0.42066574
1,1,0.64995784
1,1,0.65365416
0,0,0.38496593
1,1,0.6751301
1,0,0.45914677
0,0,0.1867285
0,1,0.5915678
1,0,0.4576454
0,1,0.52395976
0,0,0.37200654
0,1,0.7414967
1,1,0.70611966
1,1,0.5794804
0,1,0.52317226
0,1,0.5819594
1,1,0.85332745
0,0,0.34085742
0,1,0.5947801
0,0,0.48800263
0,0,0.47195858
0,0,0.2074349
1,1,0.63197064
1,1,0.52242714
1,1,0.8042653
0,1,0.5412132
0,0,0.33725637
0,1,0.5573277
0,1,0.7009165
1,1,0.50309
0,0,0.26175287
0,0,0.49638972
1,0,0.3310809
0,0,0.45572647
0,0,0.40867206
0,0,0.40593886
0,0,0.3728443
1,1,0.6831337
0,1,0.59998584
0,0,0.46156085
0,0,0.26371235
0,0,0.37499592
0,1,0.573078
0,1,0.6466707
1,0,0.31237736
0,1,0.5111662
0,0,0.44429678
1,1,0.58984905
0,1,0.50637805
0,1,0.8325973
1,0,0.3090501
1,0,0.464571
0,1,0.6449849
0,0,0.4151391
1,1,0.6417649
1,1,0.50850356
1,0,0.366762
0,0,0.23879114
0,0,0.31711498
1,1,0.61210835
0,1,0.63558793
0,0,0.43526313
0,1,0.6701256
0,0,0.37588942
0,1,0.54390544
0,1,0.5385525
0,0,0.41412833
0,0,0.42755753
0,1,0.61312604
1,0,0.31959835
1,0,0.3987095
1,1,0.6341032
1,0,0.43627402
1,1,0.7063701
0,0,0.21586503
0,0,0.2799987
1,1,0.64071673
1,1,0.5513613
0,0,0.3236501
1,0,0.23876901
0,1,0.5202434
0,1,0.621032
0,1,0.55700505
0,0,0.3897104
1,0,0.35904226
0,0,0.24025339
1,0,0.4312898
1,1,0.8010075
1,1,0.6402853
1,1,0.8334053
0,0,0.39711705
0,0,0.26568806
0,0,0.22579397
0,1,0.5372676
0,0,0.3689282
0,1,0.5478724
0,0,0.40168107
0,1,0.63643044
0,0,0.40310326
0,1,0.6694106
0,1,0.68616056
0,1,0.56088126
0,1,0.58686006
1,1,0.6724257
1,1,0.68966806
0,0,0.4667076
1,0,0.45285854
0,1,0.7383732
0,1,0.55110615
1,0,0.49144858
0,0,0.42838493
1,1,0.7238675
0,1,0.55034024
1,1,0.6218889
1,0,0.48887226
1,0,0.49623713
0,1,0.5792936
0,1,0.53946024
1,0,0.3745625
1,0,0.41759893
0,0,0.41549075
0,0,0.34648362
0,0,0.3754099
0,0,0.41683
0,0,0.23870644
0,0,0.22717984
1,1,0.6465798
0,0,0.38172862
0,1,0.60901433
0,0,0.3983577
0,1,0.62959653
0,0,0.33402058
0,0,0.42608738
0,0,0.37357923
1,0,0.39620247
0,0,0.32096675
0,1,0.5267712
0,1,0.59437835
0,1,0.71395934
0,1,0.5402583
1,0,0.29701695
1,1,0.6262102
0,0,0.4834974
0,1,0.56371665
0,1,0.55686307
0,0,0.44945174
1,1,0.7656533
1,1,0.668013
1,1,0.73897225
1,1,0.6009099
1,0,0.3986957
0,0,0.29173413
0,1,0.50964594
0,1,0.59969175
0,0,0.25446254
1,1,0.59708965
0,1,0.67513704
0,1,0.5831105
0,0,0.4673719
0,0,0.37687704
0,1,0.63215333
1,1,0.66712546
0,1,0.62842655
0,0,0.2728094
1,1,0.62433594
0,1,0.5024387
0,0,0.49857605
0,0,0.37885892
0,0,0.32215777
1,0,0.4812094
0,1,0.6521777
0,0,0.36648986
1,0,0.43265834
0,1,0.6508903
0,0,0.40230644
0,0,0.4504227
1,1,0.51961434
0,0,0.281843
1,0,0.4789606
1,0,0.47104317
0,0,0.44393787
0,0,0.37858114
1,1,0.560225
0,0,0.37844872
1,1,0.80457866
1,0,0.32167187
0,1,0.7129719
0,0,0.47154927
1,1,0.65593123
0,0,0.48196632
0,0,0.32396746
0,1,0.56202656
0,1,0.5562191
1,1,0.63803756
0,0,0.3063602
0,0,0.30179155
1,1,0.75780445
0,1,0.70661926
0,0,0.39734873
0,0,0.26380372
0,0,0.40779093
0,0,0.2211413
0,0,0.20812851
0,1,0.53427655
0,0,0.39424518
0,0,0.23552231
0,0,0.35044745
0,0,0.42895108
0,0,0.3002244
0,1,0.65702206
0,1,0.70174915
0,0,0.49336928
1,0,0.4718762
0,0,0.33679214
0,0,0.4441438
1,1,0.5368359
0,0,0.32310316
1,0,0.3312598
1,1,0.74755675
1,1,0.5432496
1,1,0.6967501
1,1,0.5022985
0,1,0.6768242
1,0,0.3471813
0,1,0.5114604
1,1,0.7228958
0,0,0.44065496
1,0,0.41307437
0,0,0.4450415
1,0,0.32178497
0,1,0.5520847
0,0,0.395151
0,0,0.42005238
1,0,0.4994327
0,0,0.26750162
1,1,0.6321062
1,1,0.67072344
0,0,0.39239696
0,0,0.27146545
1,1,0.53048086
0,1,0.6015859
1,1,0.743746
1,1,0.6073085
0,0,0.4650254
0,0,0.36818522
1,1,0.8031093
0,0,0.39094383
0,1,0.62006694
1,1,0.64606875
0,0,0.3095501
0,1,0.5683422
1,0,0.3076051
0,1,0.68785554
0,1,0.5040894
1,0,0.45274496
1,1,0.68698984
1,1,0.7178919
0,0,0.48017687
1,1,0.80735916
0,0,0.49555525
0,0,0.23645726
1,1,0.68083304
0,1,0.6545267
0,0,0.49668166
0,1,0.51199377
1,0,0.3689049
0,0,0.2714798
0,1,0.6026673
1,1,0.57522905
0,0,0.4454675
0,0,0.4579996
0,0,0.37351713
0,0,0.2355031
1,1,0.7343028
0,1,0.6469236
0,1,0.5749227
1,0,0.47907326
0,0,0.37686038
0,0,0.4178903
0,0,0.44098994
1,0,0.41245174
0,0,0.49665174
0,1,0.72570556
1,0,0.2458821
1,1,0.54981196
1,1,0.62429565
0,1,0.64583683
1,1,0.73653996
1,0,0.46384013
1,0,0.4962768
1,1,0.5151569
0,0,0.42577776
0,1,0.61929417
0,0,0.29650122
0,1,0.6550376
0,0,0.37840545
0,1,0.6399749
1,1,0.8163291
1,1,0.66769475
0,0,0.4117633
0,0,0.37584183
0,0,0.33853358
1,0,0.4781969
1,1,0.7393785
0,1,0.6403828
1,1,0.5175568
1,1,0.78744465
0,0,0.40862888
0,1,0.73823684
0,0,0.29099587
0,0,0.2799354
1,0,0.22521733
1,0,0.47008762
0,0,0.43073186
0,0,0.48043212
0,0,0.41628614
0,0,0.4513553
0,0,0.40526634
1,0,0.4683336
0,1,0.8191132
1,1,0.8306829
0,1,0.52403903
1,1,0.5265683
1,0,0.47352463
0,0,0.45547524
0,0,0.43335012
0,0,0.2363765
0,1,0.6632759
1,0,0.36666775
1,0,0.4144383
1,0,0.4213981
0,0,0.46738833
0,0,0.4808478
0,0,0.4252393
0,1,0.563833
0,0,0.36053684
0,0,0.39204228
1,0,0.36807585
1,1,0.75954074
0,1,0.5956686
1,1,0.64832807
0,0,0.26247415
1,1,0.8271846
0,0,0.23732543
0,0,0.3263842
0,0,0.36904147
0,0,0.438528
0,0,0.35272115
0,0,0.30476543
0,0,0.27440315
1,1,0.58875996
1,1,0.517981
1,1,0.52141804
1,1,0.59990114
0,0,0.37522325
1,1,0.6556654
1,0,0.42843002
0,1,0.6227798
1,1,0.66436714
1,1,0.565561
1,1,0.6329431
1,1,0.535313
0,1,0.6149073
0,0,0.47111326
1,0,0.48002997
0,1,0.5966201
1,1,0.52656907
1,0,0.46902436
1,0,0.3471464
1,1,0.8033489
0,0,0.25823578
1,1,0.6873086
0,0,0.3428104
0,0,0.4796005
0,0,0.2428116
0,0,0.43239808
0,1,0.5097482
0,0,0.3544845
1,1,0.7107553
1,0,0.37538004
0,0,0.33772528
0,0,0.40960696
0,1,0.5807574
0,1,0.53389853
0,1,0.56285775
0,1,0.5215148
0,0,0.33116314
0,1,0.73319805
1,0,0.2731464
1,1,0.5288065
1,1,0.6129947
0,0,0.43741995
0,0,0.38558316
0,0,0.4561937
1,1,0.7773234
1,0,0.44282123
1,0,0.31497046
0,0,0.39091566
1,1,0.6324468
0,1,0.60439074
0,0,0.45739338
1,1,0.6625719
0,0,0.42547044
0,0,0.44495073
0,1,0.82512873
1,0,0.49320912
1,0,0.41847453
0,0,0.33759815
1,0,0.25220454
0,0,0.40683967
0,1,0.6858453
0,0,0.28600624
1,1,0.5947214
1,0,0.28877628
0,1,0.71790594
0,1,0.6061658
0,1,0.6368138
0,0,0.27426592
0,1,0.51122415
0,0,0.34897453
0,1,0.536579
0,1,0.5045461
0,0,0.28131902
1,1,0.75077134
0,0,0.43259093
0,1,0.52567554
0,1,0.54202604
0,0,0.47292513
1,0,0.39744148
0,1,0.77730644
1,1,0.6969545
1,0,0.47684172
1,0,0.46526742
1,1,0.8091206
0,0,0.3117516
0,0,0.17404324
0,0,0.34399772
0,1,0.736302
0,0,0.47297385
1,1,0.6576923
0,0,0.23322289
1,0,0.4536159
0,0,0.41671288
0,1,0.6191534
0,1,0.64428407
1,1,0.692261
0,0,0.4390415
0,0,0.4646973
0,0,0.3375414
1,1,0.7647239
1,1,0.54206014
1,1,0.5238054
1,0,0.22649139
1,0,0.2903174
1,0,0.4725747
1,1,0.5536956
0,0,0.36098647
1,1,0.69234115
0,1,0.61331224
0,1,0.54191744
0,1,0.69762635
0,0,0.4532735
0,0,0.23357727
0,0,0.4429382
1,1,0.717237
0,1,0.5957485
0,0,0.3150299
0,1,0.56998724
1,1,0.59699
0,0,0.3618015
1,0,0.31892565
0,0,0.36332166
0,1,0.6530655
1,1,0.58054453
0,0,0.39301693
1,1,0.60386825
0,1,0.6375021
1,1,0.73751193
1,1,0.50776434
1,0,0.41501454
0,0,0.2331434
0,1,0.7210425
1,1,0.6561614
1,1,0.66558814
0,0,0.44192123
1,1,0.76565766
1,1,0.65126216
0,0,0.34551725
0,0,0.2947129
0,0,0.39380032
0,0,0.4493711
0,1,0.52444446
0,0,0.40506616
1,1,0.509233
1,1,0.65395784
0,1,0.6647491
0,0,0.4343797
0,1,0.5930866
0,1,0.6393691
1,0,0.43923047
1,1,0.6343678
0,1,0.73039216
0,0,0.26001278
0,1,0.5364269
0,0,0.48679262
0,0,0.39924958
0,0,0.3526194
0,0,0.38459167
0,0,0.34871194
0,1,0.63662004
0,0,0.33017465
0,0,0.28820217
0,1,0.652497
1,0,0.48404682
0,1,0.5037492
0,1,0.62091386
0,0,0.22509278
0,1,0.55377483
1,0,0.3541554
1,0,0.37632573
1,1,0.510702
0,1,0.8121972
1,0,0.2925232
1,1,0.62852615
0,0,0.4184533
0,1,0.7800114
0,0,0.42477724
0,1,0.5501539
0,0,0.4155256
0,0,0.3964539
1,1,0.5385554
1,0,0.36044073
1,1,0.8015766
0,0,0.36238688
0,0,0.39453894
0,0,0.45919734
0,1,0.67580914
0,0,0.39351505
1,1,0.6976999
1,0,0.4077439
0,0,0.14783192
0,1,0.603381
0,0,0.29395863
0,1,0.6319209
0,0,0.47148246
0,0,0.3321181
0,0,0.34350803
1,1,0.85539854
1,1,0.52878606
1,1,0.7120619
0,1,0.5018153
1,1,0.54982674
0,0,0.45094895
0,0,0.18480343
0,0,0.2555156
1,1,0.5740659
0,0,0.43661445
0,0,0.3973893
0,0,0.30642548
0,1,0.6675694
0,0,0.19270574
0,1,0.7132864
1,0,0.36677903
1,1,0.7949881
0,1,0.60668665
0,1,0.6720873
1,0,0.29347894
0,1,0.70939755
1,0,0.439386
1,1,0.5714016
1,1,0.536807
0,1,0.54912555
1,0,0.36132348
0,1,0.6029752
0,1,0.51787823
1,1,0.60458434
1,1,0.63395923
0,0,0.3511376
0,0,0.26920813
0,1,0.6727173
1,1,0.63821054
0,0,0.2982323
0,0,0.48736686
0,0,0.46097863
0,1,0.74544203
0,0,0.37024993
1,1,0.69600815
0,0,0.43240473
1,1,0.78055286
1,1,0.6838654
0,0,0.33880398
1,1,0.65874463
0,1,0.50425863
0,0,0.40229183
0,0,0.32400778
0,0,0.29034525
0,0,0.36798763
0,0,0.46893516
1,0,0.31995893
0,1,0.52569175
0,0,0.2744918
0,1,0.59795123
1,1,0.7793479
0,0,0.35948923
0,1,0.59716046
0,1,0.5203276
0,0,0.40588602
0,1,0.5889534
0,0,0.39449552
0,1,0.55329376
0,1,0.58435994
1,0,0.23219952
1,0,0.36854768
1,1,0.7035711
1,0,0.3927935
1,1,0.5054436
1,1,0.53078306
0,1,0.51725185
1,1,0.5803451
1,1,0.6746152
0,0,0.33498582
0,0,0.39911276
0,1,0.59006214
0,0,0.18929431
0,0,0.261944
1,0,0.35814163
1,1,0.64457226
1,1,0.5663485
0,1,0.5192052
1,1,0.7792352
0,0,0.39954755
1,1,0.5714378
0,1,0.5846454
0,1,0.53626156
1,0,0.44436482
0,1,0.5933691
1,0,0.43290663
0,0,0.33161637
1,0,0.46919283
0,0,0.45557153
0,0,0.3616904
1,0,0.40196624
0,1,0.55090874
0,1,0.7753412
0,0,0.3427969
0,1,0.50149375
0,0,0.2440773
0,0,0.28781444
1,0,0.4101747
0,0,0.33775467
0,0,0.47980657
0,1,0.51119936
0,0,0.3311895
1,1,0.7284483
0,1,0.5739623
1,1,0.7842659
1,1,0.53781605
0,0,0.43249762
0,0,0.46044964
1,1,0.68226886
1,1,0.541399
0,0,0.4136394
1,0,0.41520777
0,0,0.2914398
0,1,0.71870893
0,0,0.49465197
1,0,0.48900807
1,1,0.6054186
0,1,0.63879883
0,0,0.39809993
0,0,0.47175965
1,1,0.6705714
1,0,0.46403012
0,1,0.5115962
1,1,0.56577843
0,0,0.38824913
0,0,0.4251476
0,0,0.46851212
0,0,0.24917556
0,0,0.39201504
1,1,0.79313153
0,1,0.7938611
0,0,0.4619145
0,0,0.4074694
0,1,0.63713557
0,1,0.8341081
0,1,0.5475208
0,1,0.5485182
1,0,0.47647697
0,1,0.59267616
0,1,0.551235
1,0,0.42774403
1,1,0.64271283
0,0,0.44545498
0,1,0.59286237
0,0,0.38723254
0,0,0.48878407
1,0,0.36061648
1,1,0.54254043
1,1,0.7775398
1,1,0.5117825
0,0,0.40787762
1,0,0.367949
0,0,0.2318308
0,1,0.6899806
1,0,0.2750336
1,0,0.3315286
0,1,0.68507636
0,0,0.43336716
1,0,0.4478673
0,0,0.39632764
0,1,0.5785256
0,1,0.50681686
0,0,0.29790205
0,0,0.43647742
1,0,0.37539116
1,1,0.5365017
1,1,0.7071821
0,1,0.75842386
0,1,0.6797282
1,1,0.793625
1,1,0.70574397
0,0,0.31197822
1,0,0.4730089
0,1,0.66730803
1,1,0.5902262
1,1,0.7022453
0,0,0.34407622
0,0,0.4736371
0,0,0.45644194
0,0,0.31733525
1,0,0.44399554
1,1,0.527823
1,1,0.59854865
0,1,0.5051111
0,0,0.48193163
1,1,0.51987845
1,0,0.47418913
0,1,0.54524034
1,0,0.48827374
0,0,0.3232193
0,0,0.41910386
0,0,0.37475178
1,1,0.70847374
0,1,0.65674704
1,0,0.34960592
0,0,0.27297932
0,0,0.34924242
1,1,0.5275866
1,1,0.589467
1,0,0.4754234
0,1,0.6865972
0,0,0.36606005
1,0,0.45966768
0,0,0.29252326
0,1,0.5100294
0,1,0.5160244
0,0,0.23995613
1,0,0.43368715
0,1,0.6132573
0,0,0.44315875
0,0,0.4560912
0,0,0.19955868
1,0,0.36611316
1,1,0.6911849
1,0,0.4553464
0,1,0.7005779
1,1,0.65861624
0,1,0.6668607
1,1,0.56900775
0,0,0.41822156
0,1,0.69145197
0,0,0.35254258
0,0,0.32603273
0,0,0.36922577
0,0,0.3678003
0,0,0.3661858
1,1,0.50616264
0,1,0.5256433
1,1,0.7257701
0,0,0.41402832
0,1,0.69103736
0,1,0.6957211
1,0,0.3140195
1,1,0.5811067
0,0,0.34043583
1,1,0.6665002
0,0,0.27833745
0,1,0.5360028
0,1,0.63826114
0,1,0.5884914
1,1,0.51350784
1,0,0.4563905
0,0,0.48631427
0,1,0.5010648
0,1,0.5676408
1,1,0.7465087
0,0,0.38893226
1,1,0.5504811
0,0,0.2936835
0,0,0.42427713
0,0,0.2264185
1,1,0.51607287
1,0,0.3219923
0,0,0.34241897
0,1,0.6135748
0,0,0.35597274
1,1,0.76258713
1,1,0.5604552
1,0,0.3509829
0,1,0.5285824
1,1,0.75210553
1,0,0.32565033
0,0,0.41419017
0,0,0.27751064
0,0,0.4008748
1,1,0.81603324
0,1,0.5424625
1,1,0.7876677
1,0,0.4746625
0,1,0.6465338
0,0,0.39732826
0,0,0.4808848
0,1,0.5467596
0,1,0.7095817
1,1,0.5130789
0,1,0.5058995
1,0,0.37121826
1,1,0.666045
1,1,0.72961485
0,0,0.408492
1,1,0.6191683
0,1,0.6875846
0,0,0.3564652
0,1,0.68947816
0,1,0.5921669
0,0,0.30203682
0,1,0.5025437
1,0,0.49684376
1,0,0.44056383
0,1,0.5119386
1,1,0.5075008
0,1,0.6198916
1,1,0.74676657
0,0,0.410703
0,1,0.62513024
1,0,0.36101434
1,0,0.39744937
0,0,0.3463853
0,1,0.5675481
0,0,0.4016698
1,1,0.6309831
0,1,0.5982376
0,0,0.45325676
0,0,0.35574165
0,1,0.6789287
1,1,0.61527276
0,1,0.63620573
1,1,0.6606572
0,0,0.31405443
0,0,0.3053834
0,0,0.35698414
0,0,0.4816281
0,0,0.47668833
0,0,0.29433438
1,0,0.44234166
0,0,0.48109555
1,1,0.5399414
0,0,0.4694374
1,0,0.3069367
0,0,0.4787845
1,1,0.61587536
1,1,0.6233125
0,1,0.5301721
1,1,0.5091645
1,0,0.3354907
1,1,0.564957
0,0,0.26275548
1,0,0.49677196
0,0,0.47791183
1,0,0.4309645
0,1,0.56683964
0,1,0.55936027
0,0,0.3402715
1,0,0.34200925
0,0,0.18612526
1,1,0.58302134
1,0,0.31768626
1,1,0.6133275
0,1,0.5779003
0,0,0.3645531
0,0,0.48014638
1,0,0.49860263
0,0,0.358485
1,1,0.62362075
0,1,0.56394285
0,0,0.2809579
1,0,0.4720859
0,0,0.4407064
0,1,0.53997475
1,1,0.81406647
1,1,0.6808661
1,0,0.49134693
0,1,0.6106521
0,1,0.5977568
0,0,0.45541838
0,1,0.50950736
0,0,0.32611918
0,0,0.4578094
1,1,0.6001528
1,0,0.26523668
1,1,0.68209565
0,0,0.35270688
1,1,0.75475234
0,0,0.4851836
0,0,0.4787109
0,0,0.2809698
1,0,0.4647294
1,1,0.6528837
0,0,0.48021677
0,1,0.7017097
1,0,0.37277222
1,1,0.70801514
0,1,0.5995974
0,0,0.39107186
1,1,0.5077466
1,0,0.31379873
0,1,0.5946878
0,0,0.22661659
1,0,0.4959574
0,1,0.6073965
0,1,0.63733166
0,1,0.51950383
0,1,0.7023894
0,1,0.5659065
0,0,0.34453622
1,1,0.60518104
0,1,0.63211733
0,1,0.6332428
0,0,0.43741867
0,0,0.33754525
0,1,0.55836433
0,1,0.541061
0,0,0.4669018
0,1,0.5194118
1,1,0.66363114
0,0,0.34758523
1,0,0.37948743
1,1,0.7516631
1,1,0.5526726
0,0,0.47418272
1,1,0.6591687
0,0,0.32426706
0,1,0.5555827
0,0,0.49770427
1,1,0.59030026
1,0,0.40035632
0,0,0.2936585
1,1,0.6315081
0,1,0.5532015
1,1,0.5292138
1,1,0.7078412
0,0,0.47843018
1,1,0.56049085
0,1,0.555951
0,0,0.31936976
0,0,0.2615683
0,1,0.5050582
1,1,0.70131165
0,0,0.3304582
1,1,0.66208094
0,0,0.3114751
1,0,0.32843134
0,0,0.2760963
1,1,0.66925585
0,0,0.39394814
0,0,0.36976507
0,0,0.44651666
0,0,0.300381
0,0,0.37770188
0,1,0.6063622
0,0,0.025464332
0,0,0.48422906
0,0,0.1636059
0,0,0.47977453
1,1,0.7005849
0,1,0.50715834
0,0,0.4725652
0,1,0.5234171
0,0,0.28997356
0,0,0.41097915
1,0,0.4260952
0,0,0.42824635
1,0,0.3883119
1,1,0.68523824
1,0,0.4613771
1,1,0.6570578
0,1,0.58020246
1,0,0.31467414
0,1,0.5656642
0,0,0.2752291
0,0,0.3896065
0,1,0.52268934
0,0,0.445066
1,1,0.70211786
0,0,0.45756832
1,1,0.64584035
0,0,0.44250897
1,1,0.7561443
0,0,0.4471225
1,0,0.40782753
1,0,0.4295976
0,1,0.65890265
0,1,0.5100965
0,1,0.56070024
0,1,0.5154733
1,0,0.49455744
0,0,0.4863341
0,0,0.4877104
1,1,0.59942865
0,0,0.38432664
0,1,0.5594161
1,1,0.5268748
1,1,0.63447696
0,1,0.51741594
0,1,0.5451882
1,1,0.6902639
1,0,0.4883261
0,0,0.46828616
0,0,0.2701973
0,0,0.46818614
0,0,0.4709857
1,1,0.5543544
0,0,0.4966582
0,0,0.13308668
1,0,0.3887063
0,1,0.51664937
1,0,0.42380893
0,0,0.3917894
0,1,0.7031435
0,0,0.3451138
1,1,0.64195067
0,0,0.36424437
0,1,0.58527756
0,0,0.49597552
1,1,0.59734267
1,1,0.5034713
1,1,0.7146514
1,0,0.39256588
1,1,0.7633191
0,0,0.33712974
1,0,0.40361297
1,0,0.41245762
0,1,0.53435326
1,0,0.4742109
0,0,0.48470062
0,0,0.34176305
0,0,0.35139441
0,0,0.41134405
0,1,0.6666216
0,1,0.59509295
0,0,0.4367828
1,1,0.7661061
0,1,0.53924954
0,0,0.43766692
0,1,0.61470133
0,1,0.52354646
0,0,0.47528005
0,1,0.5076947
0,1,0.6756059
0,0,0.41660625
1,0,0.24174769
1,1,0.59606886
0,1,0.53420436
0,0,0.24778688
1,1,0.6767541
1,1,0.60103863
1,0,0.20929885
0,1,0.5239908
0,0,0.2717277
0,1,0.6952625
1,1,0.734213
0,0,0.4234088
1,0,0.47921944
1,0,0.37611476
1,0,0.4719823
0,0,0.48156333
0,0,0.46310943
1,1,0.7050296
1,1,0.7353199
1,1,0.6663439
0,0,0.38204762
0,1,0.5311966
0,1,0.5084754
0,1,0.5796177
0,1,0.5730576
1,1,0.6097972
0,0,0.4400715
1,1,0.8616737
0,1,0.582729
0,0,0.48955423
1,1,0.6559476
0,0,0.41992003
0,1,0.60097027
1,0,0.42111388
0,1,0.7627379
1,1,0.71817666
0,1,0.6863161
1,0,0.4128666
0,0,0.4224767
1,0,0.39357048
0,1,0.61135095
1,1,0.76415664
0,0,0.47583947
1,1,0.6773254
1,1,0.57772696
0,0,0.36657506
0,1,0.82737696
0,1,0.5552386
0,0,0.3719637
0,0,0.42914668
0,1,0.65270007
0,1,0.5985534
0,0,0.36673468
1,0,0.48723912
1,0,0.45381814
1,1,0.746184
1,0,0.40049854
0,0,0.46206895
0,0,0.33140078
0,0,0.4058578
1,0,0.44573453
0,1,0.557188
0,1,0.52549803
0,0,0.3736239
0,0,0.31642517
0,1,0.64802194
1,1,0.7045581
0,0,0.34887016
0,0,0.3498463
0,0,0.39232546
1,1,0.68973833
0,0,0.25971216
0,1,0.5402504
1,0,0.4182655
0,0,0.3585764
1,1,0.6819912
0,1,0.582986
1,1,0.6316506
0,1,0.53333557
0,1,0.6631279
0,0,0.4782991
1,0,0.2742156
0,1,0.6303567
0,0,0.36888367
1,0,0.34199837
0,1,0.52813387
0,0,0.31032935
1,0,0.312091
0,0,0.40228677
0,0,0.38269997
0,0,0.46615598
1,0,0.48348585
1,0,0.43646848
1,1,0.5776015
0,1,0.54305786
0,0,0.43657196
0,1,0.5037838
1,1,0.59076893
0,1,0.7167712
1,1,0.6843728
0,0,0.46730945
1,1,0.53047866
0,0,0.42539433
0,1,0.57886344
0,1,0.5209568
0,0,0.4096712
1,1,0.78532505
0,0,0.42953032
0,0,0.37604615
1,1,0.7128762
0,0,0.30846816
0,0,0.39259753
0,0,0.28719714
0,1,0.55744964
0,1,0.5540866
0,1,0.5561974
0,1,0.6996432
0,0,0.4570152
1,1,0.5648227
1,0,0.49499157
0,0,0.34366703
1,0,0.45313033
1,1,0.62369716
0,0,0.2886113
1,1,0.6080119
1,1,0.7057759
1,1,0.6680909
0,0,0.4790593
1,1,0.5276211
0,0,0.48532778
0,0,0.29982173
0,0,0.317375
0,0,0.36742437
0,0,0.4661856
0,0,0.4113692
0,0,0.31605345
0,1,0.5090284
1,0,0.31613505
0,0,0.45971867
0,0,0.4963078
0,1,0.5919501
0,0,0.28427
0,0,0.25895423
0,0,0.4155082
1,0,0.47474384
0,1,0.8214562
1,1,0.6399883
1,1,0.75074124
0,0,0.45985278
0,0,0.24423458
0,1,0.57739305
0,0,0.4108783
1,1,0.5614503
0,0,0.3420891
0,1,0.61764216
0,0,0.47865197
1,0,0.38225377
0,0,0.26685482
1,1,0.57319534
0,0,0.4822463
1,1,0.71099216
0,1,0.68796825
0,1,0.69718236
0,0,0.39684135
1,1,0.55600077
0,0,0.315235
0,0,0.49700677
0,0,0.3832782
1,1,0.8697039
0,1,0.5288661
0,1,0.51260257
0,0,0.45519862
0,0,0.29757312
1,1,0.77552336
1,0,0.3778426
0,1,0.6482497
1,0,0.40826616
0,1,0.52108175
1,1,0.56857014
0,0,0.2493431
0,1,0.66038865
1,1,0.6152836
0,0,0.30739686
0,0,0.44575623
0,0,0.24541332
1,1,0.5897661
1,0,0.34530964
0,0,0.3831856
0,0,0.45110652
1,0,0.42904595
1,0,0.23736894
1,1,0.57095903
0,0,0.3071697
0,0,0.1751799
0,1,0.73018986
0,1,0.6205266
0,1,0.5748642
0,0,0.26137707
0,0,0.48780826
0,1,0.5818592
1,0,0.38167292
1,1,0.7842044
0,1,0.59145904
0,0,0.42731354
0,0,0.4761507
0,0,0.2989475
0,1,0.6612919
0,1,0.680549
1,0,0.33153102
0,0,0.3862925
0,0,0.49307242
0,1,0.89023805
0,1,0.6663376
0,1,0.68782973
0,0,0.4101173
0,1,0.5779214
1,1,0.618982
1,1,0.71784884
0,1,0.5496919
0,0,0.45428172
1,0,0.41765857
0,0,0.2040068
1,1,0.7257194
0,1,0.59224516
1,1,0.62101567
0,0,0.25749058
1,1,0.58698636
0,1,0.59260195
1,1,0.5302328
0,0,0.49275059
0,0,0.25586906
0,0,0.43370616
0,0,0.33500797
1,0,0.46827492
1,1,0.6196227
0,0,0.481239
1,1,0.5307687
0,0,0.4081463
1,1,0.5905727
0,0,0.4281478
0,0,0.4312537
1,1,0.5716739
0,1,0.5662861
1,1,0.53323585
0,1,0.5716556
1,1,0.80669117
0,0,0.39351648
1,1,0.62977207
0,1,0.53043544
0,1,0.56157535
0,1,0.5118787
1,1,0.5899712
0,1,0.5604806
1,1,0.620186
0,0,0.44798452
0,0,0.44171786
0,0,0.38246974
1,0,0.40648368
0,0,0.46425354
0,0,0.42046794
1,0,0.3575562
1,0,0.4690387
0,1,0.50292224
0,1,0.72905576
0,1,0.64326644
0,0,0.4055292
1,0,0.35123256
0,1,0.5107144
1,1,0.6556824
0,1,0.639313
1,0,0.4743699
0,1,0.686836
0,0,0.30687466
0,1,0.5887395
0,0,0.44784215
0,1,0.60893524
0,1,0.5760679
0,0,0.4178136
1,1,0.7802449
0,1,0.57146317
0,0,0.39646348
0,1,0.6627375
1,1,0.56208456
0,1,0.7155393
0,0,0.3741346
0,0,0.26913798
1,0,0.49519905
0,0,0.37281394
1,1,0.5826283
1,1,0.5624885
1,0,0.2764725
1,1,0.6055145
0,1,0.6426822
0,0,0.45328042
0,1,0.5650405
0,0,0.42765212
0,1,0.57344013
1,0,0.42370176
1,1,0.5765572
0,1,0.61700755
0,0,0.42047882
0,0,0.4345082
1,0,0.28767696
0,0,0.45752326
0,1,0.708233
0,0,0.29531413
1,1,0.5798676
1,1,0.5675492
0,1,0.6979296
0,0,0.46919015
0,0,0.3562101
1,0,0.45153764
1,1,0.65136224
0,0,0.3257617
0,1,0.5229809
0,0,0.45684877
0,1,0.74262506
0,0,0.28737742
1,0,0.475123
0,1,0.6928048
1,1,0.5044738
0,0,0.47137672
0,1,0.5807717
1,1,0.60579354
1,1,0.6539753
1,1,0.7242124
0,0,0.19455676
0,1,0.5460751
0,1,0.5977658
0,1,0.60169584
1,0,0.4836024
0,0,0.38485137
1,0,0.40965003
0,0,0.44770077
1,1,0.5334671
0,1,0.52386975
0,0,0.3128619
0,0,0.40221372
0,0,0.4586253
0,1,0.6296382
0,0,0.41900715
1,1,0.5981155
0,0,0.37043753
0,0,0.43760976
0,1,0.5973165
0,1,0.7197973
0,1,0.51940584
1,1,0.78284144
0,0,0.46614823
1,1,0.581494
1,1,0.81303906
1,1,0.53336954
0,0,0.30937168
0,1,0.6130702
1,0,0.34483734
1,0,0.44300267
0,1,0.6326773
1,1,0.6799931
1,0,0.4024028
0,0,0.3483673
0,0,0.26963705
0,0,0.4304175
0,1,0.67820454
0,1,0.53933257
0,0,0.33158207
0,0,0.35005113
0,0,0.40452284
1,1,0.57813525
1,1,0.53446054
0,0,0.43192643
0,0,0.31184715
1,1,0.7282163
0,0,0.4420397
1,1,0.53428435
0,0,0.39653417
1,1,0.7980149
0,0,0.28698352
1,1,0.678735
1,1,0.69053584
1,1,0.74586225
0,0,0.45523027
0,0,0.3175513
1,1,0.6275333
0,0,0.46232405
0,0,0.3917391
1,1,0.75220364
1,0,0.3540927
0,0,0.41247195
1,0,0.4067091
1,1,0.780013
0,1,0.5849655
0,1,0.6652539
1,1,0.7035951
1,0,0.38755098
1,1,0.6584489
0,0,0.24867442
0,1,0.54136866
0,0,0.3337495
0,0,0.3650108
0,0,0.41283235
0,0,0.4735723
1,0,0.40399185
1,1,0.5389159
0,0,0.41193447
1,1,0.76668507
0,1,0.72451854
0,1,0.63566214
1,1,0.58974236
1,1,0.6820124
1,0,0.37109518
0,0,0.24752304
1,0,0.4798183
0,1,0.54286075
1,1,0.5519854
1,0,0.407496
1,0,0.3955867
1,1,0.5228048
0,0,0.2720895
1,0,0.44518945
0,1,0.67517513
0,0,0.49237162
0,0,0.34941402
0,1,0.6634915
0,0,0.49623072
0,0,0.4983081
0,0,0.44398502
0,0,0.33377638
0,1,0.6778091
1,0,0.33225778
1,1,0.571434
0,1,0.54435116
0,1,0.51448137
1,0,0.49749577
0,1,0.6324953
1,1,0.73009306
1,1,0.53379446
1,1,0.5064299
0,0,0.36403838
0,0,0.23759028
1,1,0.70235187
0,0,0.34890372
0,0,0.3756307
0,0,0.49799162
0,0,0.48284075
0,0,0.45350373
0,0,0.3638695
0,1,0.648382
0,0,0.36598858
1,1,0.52166194
0,0,0.28758165
0,0,0.39895058
0,0,0.42849836
0,0,0.4520042
0,0,0.38625464
0,0,0.3274389
0,0,0.34082055
0,0,0.32571164
0,1,0.7337822
0,0,0.444311
1,1,0.57458276
0,1,0.5241153
1,1,0.609333
0,1,0.53885794
1,1,0.73385084
0,0,0.2867712
1,1,0.62069386
0,1,0.60985404
1,1,0.68422353
1,1,0.6836758
1,0,0.3519034
0,1,0.6905195
1,1,0.561964
0,1,0.758287
0,1,0.50329685
0,0,0.27953258
0,1,0.52197826
0,0,0.4596787
0,0,0.34819523
0,0,0.43295282
0,0,0.31420478
1,0,0.4162466
1,0,0.33875263
0,0,0.41663477
0,1,0.5272242
0,0,0.47878826
0,1,0.79620785
0,0,0.3826079
1,1,0.62725365
0,0,0.4471718
0,0,0.3510774
0,0,0.43034142
1,1,0.5548452
1,1,0.64950705
1,0,0.48729363
0,0,0.48308796
1,1,0.7538774
0,0,0.2899481
1,1,0.8206076
0,0,0.34828678
0,0,0.36017492
0,1,0.5818524
0,0,0.30172914
0,0,0.4535933
1,1,0.8139186
0,0,0.41619384
0,0,0.27475762
0,0,0.4112025
0,1,0.7600415
1,1,0.5078885
1,1,0.5836869
0,0,0.24135168
0,0,0.3851107
1,1,0.7768803
1,1,0.5568689
0,0,0.42759648
0,0,0.32651842
0,1,0.68798816
0,0,0.4889055
0,0,0.2867013
1,0,0.4655191
1,0,0.48669317
0,0,0.4489765
0,0,0.3582266
0,0,0.30471745
0,1,0.6379639
1,1,0.6312589
0,1,0.6299194
0,0,0.25158024
0,0,0.36522874
1,1,0.53814447
1,1,0.55852157
0,1,0.5179845
1,1,0.7566996
1,1,0.51873755
0,0,0.45263353
0,1,0.51372087
1,1,0.6502051
1,1,0.65978414
0,0,0.1976605
0,1,0.6039128
0,0,0.4489401
0,1,0.62751913
0,0,0.45568117
1,1,0.6718201
0,1,0.56036985
1,0,0.2396157
0,0,0.43942836
1,0,0.48287773
0,0,0.33548784
0,0,0.38737842
0,0,0.46007732
0,1,0.62993443
0,1,0.64886194
0,1,0.56279415
1,0,0.42096946
0,0,0.3102628
0,0,0.2463016
0,1,0.7101122
0,0,0.36957487
1,0,0.33690873
0,0,0.4679871
1,1,0.6744645
1,0,0.28901738
0,0,0.17338929
0,0,0.39682248
0,0,0.36625108
0,1,0.57045025
1,1,0.7154142
0,0,0.20604728
1,1,0.7470546
0,0,0.40116584
0,0,0.20581318
0,0,0.4625414
1,1,0.67458427
1,1,0.7651821
0,0,0.22276689
1,1,0.8127023
0,0,0.48764282
1,0,0.4205329
0,0,0.22927159
0,1,0.7028492
0,0,0.33979398
1,1,0.5206373
0,0,0.27580485
0,1,0.5777587
1,1,0.6063056
0,0,0.28365934
0,0,0.38092062
0,1,0.5601193
0,0,0.3412618
0,1,0.5381257
0,1,0.7151041
1,1,0.6340863
0,1,0.70377356
1,1,0.70627093
1,1,0.6395126
0,1,0.6975058
0,0,0.23075448
0,0,0.42873317
1,1,0.65535426
1,1,0.5858806
0,0,0.33282235
0,1,0.5651968
0,0,0.47186816
1,1,0.5575066
1,1,0.54957294
0,0,0.29390997
0,0,0.374687
1,1,0.5969243
1,0,0.47763184
1,1,0.67122906
0,0,0.3703936
0,0,0.42501864
1,0,0.29052663
0,0,0.42183462
1,1,0.69993913
1,1,0.6972019
0,0,0.4839634
0,1,0.68039954
0,0,0.37550116
0,0,0.3853002
1,1,0.7500348
0,0,0.47871482
1,0,0.44692522
0,1,0.50520146
1,0,0.30988505
1,1,0.5014213
1,0,0.49292308
0,1,0.67694014
1,0,0.29801154
0,0,0.43583825
0,0,0.36824107
0,0,0.42937136
0,0,0.3049402
1,0,0.4861341
1,1,0.63153464
0,0,0.33424386
1,1,0.5062049
0,1,0.6916166
1,1,0.66427636
0,0,0.35457835
0,0,0.37642574
1,1,0.7139152
1,0,0.42852882
1,1,0.6523919
0,0,0.32602268
0,0,0.37669432
1,1,0.61377716
1,1,0.75918686
0,0,0.48135996
1,0,0.4719424
0,0,0.2960015
0,1,0.5583522
1,0,0.44170532
1,1,0.5721962
0,1,0.5283432
0,1,0.70892847
1,1,0.6854343
0,0,0.40861627
0,0,0.41593063
0,0,0.47623172
0,1,0.7148221
0,1,0.54507875
0,1,0.5779867
1,1,0.7581453
0,1,0.60069436
0,0,0.48241085
0,1,0.5350786
0,0,0.27759266
1,1,0.77187383
1,1,0.75199586
0,0,0.3817697
1,1,0.70962954
0,0,0.3857474
0,1,0.53477824
1,1,0.7072772
0,0,0.3103275
1,0,0.22192545
0,0,0.35998675
0,0,0.35706767
0,1,0.66981214
0,0,0.37218258
0,0,0.44945714
0,1,0.55015105
0,1,0.5333552
0,0,0.41933
1,1,0.6596146
0,1,0.5140624
1,0,0.43827248
0,1,0.5377307
0,0,0.4089916
0,0,0.41457582
0,1,0.5003536
0,1,0.711901
1,1,0.55399233
0,0,0.46415615
0,0,0.3411559
1,0,0.35380596
0,1,0.55471617
1,1,0.6275881
1,1,0.5493642
0,1,0.6753219
0,0,0.29968038
1,1,0.73905885
0,0,0.49126437
0,1,0.6122543
1,1,0.5790957
0,1,0.6967998
0,1,0.56912994
0,0,0.26272902
1,1,0.52241594
0,1,0.50469977
0,1,0.5928318
1,1,0.6481862
0,1,0.5709921
0,0,0.3679628
0,0,0.31224564
1,1,0.6342122
0,0,0.34074718
0,1,0.6487519
1,1,0.71898645
0,0,0.421455
0,0,0.46718827
1,1,0.6638036
1,1,0.733296
1,1,0.74042654
0,1,0.6936436
0,1,0.8082622
1,1,0.7155137
0,0,0.35137802
0,1,0.53546625
0,0,0.43183127
0,0,0.4870626
1,1,0.50927514
0,1,0.56258017
1,1,0.64835364
0,0,0.2731918
1,1,0.62911046
1,1,0.60000813
0,1,0.54505587
0,1,0.70825094
0,0,0.39438406
0,0,0.4663694
0,0,0.4424104
0,1,0.62492704
1,1,0.72088087
0,0,0.37203276
0,1,0.57550603
1,0,0.37869897
0,0,0.37253696
0,1,0.5172155
1,0,0.38280952
1,1,0.64919305
1,1,0.5612897
0,0,0.29774994
0,0,0.36013743
0,1,0.55172884
0,0,0.043914054
0,0,0.33869946
1,1,0.6952182
1,1,0.5380706
1,1,0.63390875
0,1,0.6010068
1,1,0.56059873
1,0,0.3216539
1,1,0.80432373
1,1,0.5606549
0,0,0.35125047
0,1,0.7470056
1,1,0.70695895
0,0,0.3567817
1,1,0.6781885
1,1,0.5478974
0,1,0.53707665
1,1,0.73556614
1,1,0.6156346
0,0,0.33953393
0,0,0.4501933
0,0,0.46376294
0,0,0.42970878
0,1,0.53096783
1,0,0.39435923
0,0,0.43312207
0,1,0.578447
0,1,0.55557376
0,0,0.28629798
0,0,0.21473488
0,0,0.24427819
1,1,0.5793344
0,1,0.5276097
0,1,0.7039638
1,0,0.4993738
0,0,0.294356
1,1,0.6526062
0,0,0.4548491
1,1,0.6479064
1,1,0.81318796
0,0,0.30710387
0,1,0.500135
1,1,0.54677016
1,1,0.50765294
0,0,0.4966101
0,0,0.3204085
0,0,0.39519593
1,0,0.47933495
1,1,0.5590399
0,1,0.7743019
0,0,0.22583345
0,1,0.525441
0,0,0.23176841
0,0,0.45499983
0,0,0.32453346
1,0,0.387718
1,0,0.46769115
0,0,0.32959482
0,0,0.4165838
1,0,0.49666768
1,1,0.7478749
0,0,0.39011958
0,1,0.69458
0,0,0.46565214
1,1,0.6389073
1,1,0.59624934
1,1,0.7709506
0,0,0.27746597
1,1,0.5647593
0,0,0.31755003
1,1,0.7779032
1,1,0.5759567
1,1,0.7920001
1,1,0.5392931
0,0,0.219299
1,0,0.41045374
0,1,0.6162849
1,0,0.40568587
1,0,0.44413897
1,1,0.6395462
0,0,0.3636157
0,1,0.623648
0,1,0.6391549
0,0,0.383368
0,0,0.47561023
1,1,0.5467765
0,0,0.3430028
0,0,0.34685275
0,0,0.41734573
1,0,0.36636338
0,0,0.44134593
1,1,0.74417496
0,0,0.4210897
1,0,0.47652236
0,0,0.26476806
1,1,0.72613245
1,1,0.52806747
0,0,0.44254357
0,0,0.3849424
0,1,0.5323835
0,1,0.5530667
1,1,0.625104
1,0,0.40257186
0,1,0.5386221
1,0,0.28175518
0,0,0.37715846
0,1,0.702953
0,1,0.5961465
0,1,0.53158104
1,0,0.476349
0,0,0.40727296
0,0,0.25893638
1,1,0.6100183
0,1,0.8342986
0,0,0.4254041
0,1,0.5566026
0,1,0.60020363
0,1,0.5278653
1,0,0.37767106
0,0,0.45062545
0,1,0.58263457
1,1,0.548685
0,0,0.43585452
1,0,0.4174879
0,0,0.32032418
1,1,0.6444616
0,1,0.63434887
0,0,0.35582578
0,1,0.5007712
1,0,0.3097888
0,0,0.49539056
0,0,0.2262187
1,0,0.3679285
1,0,0.4623333
0,0,0.35091156
0,0,0.49041247
1,0,0.48388848
0,0,0.2512763
1,0,0.32797596
1,1,0.50272065
1,1,0.61999863
0,0,0.4304099
0,1,0.6239207
0,0,0.38448456
0,0,0.40907544
0,0,0.3570826
0,0,0.2717601
0,0,0.40806285
1,0,0.41916347
1,0,0.3318107
0,0,0.39448142
0,0,0.3874964
0,1,0.5798318
1,1,0.71667147
0,0,0.44636455
0,1,0.5585579
1,1,0.52301896
0,0,0.35919252
0,1,0.6893265
0,0,0.29626963
0,0,0.42551923
0,1,0.68355334
1,1,0.75017023
1,1,0.64541274
0,0,0.33066466
0,0,0.3303805
1,1,0.5279083
1,1,0.5662407
0,1,0.6841563
1,1,0.56688297
0,0,0.4321664
0,0,0.44232857
0,0,0.36649436
0,1,0.61166364
0,0,0.40085343
1,1,0.63564044
0,1,0.6195688
0,1,0.685268
0,0,0.49714124
1,1,0.68477327
0,0,0.49887764
1,1,0.52035123
0,1,0.7680161
1,1,0.60926306
0,0,0.39584073
0,1,0.5846633
0,1,0.54766566
1,1,0.5652801
0,1,0.7629188
0,0,0.3946417
0,0,0.30139336
0,0,0.46487623
1,1,0.5172934
0,1,0.5967274
1,0,0.46121565
0,0,0.32500657
1,1,0.6953725
0,1,0.5226538
1,1,0.63441586
0,0,0.2758738
0,1,0.60178465
0,0,0.26782417
0,0,0.36879206
0,1,0.62780017
0,1,0.753791
0,1,0.55600125
1,0,0.3624067
1,1,0.80100536
0,1,0.61070925
0,1,0.7980498
0,1,0.52966535
0,1,0.5512951
1,1,0.6921055
0,0,0.326875
0,0,0.25990006
0,0,0.3871177
0,0,0.3125671
0,0,0.33147246
1,1,0.6447022
1,1,0.6150133
0,0,0.4154238
1,1,0.71607554
0,0,0.28595585
0,1,0.51123244
1,0,0.43865493
1,0,0.44491294
0,1,0.5441375
0,0,0.45281816
1,1,0.62209284
0,0,0.4969135
0,0,0.20468584
0,1,0.61462754
0,1,0.5685499
0,1,0.65720767
0,0,0.3968799
1,1,0.6872096
0,0,0.44215953
0,0,0.44861335
0,0,0.49083585
0,0,0.4419623
1,0,0.42885056
0,0,0.32920185
0,0,0.31569043
0,0,0.45803553
0,0,0.3959615
0,0,0.42617518
0,1,0.6437389
0,0,0.37507677
0,0,0.22409347
0,0,0.36080924
0,0,0.20006648
0,1,0.7247382
1,0,0.44088534
0,1,0.55280983
1,1,0.67172295
1,0,0.44860578
0,0,0.432408
1,0,0.29685497
1,1,0.524547
0,0,0.30669373
0,0,0.4036812
0,1,0.6921516
0,0,0.47748283
0,1,0.66725075
0,1,0.56770545
1,0,0.48278788
0,0,0.4402991
0,0,0.1462862
0,1,0.6591112
1,1,0.6705984
0,1,0.7497071
0,0,0.39300507
1,0,0.3776064
0,0,0.3531716
0,1,0.67403084
0,1,0.6538209
0,1,0.5148742
0,0,0.49483335
1,0,0.34298754
0,1,0.53278184
1,0,0.46300286
0,1,0.5334474
1,1,0.6170781
1,0,0.4213626
0,0,0.36224362
0,1,0.57668
1,1,0.74892646
0,1,0.5300008
1,1,0.6546844
0,0,0.39052877
1,1,0.5089001
1,1,0.62971145
0,0,0.4988166
1,1,0.67945623
0,1,0.6808703
1,1,0.68009144
1,0,0.1940601
1,0,0.279013
0,0,0.33640966
0,0,0.44448575
0,1,0.6047607
1,1,0.68630147
1,0,0.4082242
0,1,0.6024373
0,0,0.23922467
0,0,0.28367347
0,1,0.5112915
0,0,0.41687196
0,0,0.2587711
1,1,0.5765664
0,0,0.44159415
0,1,0.5740668
0,0,0.2802096
0,1,0.66972184
0,0,0.2930539
0,1,0.570861
0,1,0.5264388
0,1,0.7754532
0,0,0.4575418
1,1,0.5327186
0,1,0.54381835
0,0,0.4770237
1,1,0.5650889
0,1,0.64005613
0,1,0.5327328
1,1,0.6646975
0,1,0.5355705
1,1,0.71451056
0,1,0.6500047
1,1,0.77110773
1,0,0.4008393
1,1,0.7122998
0,1,0.6592669
1,0,0.34790775
1,1,0.5981168
0,1,0.77861136
1,1,0.53020793
0,0,0.36507058
0,0,0.24908373
1,1,0.57757044
0,1,0.7677215
1,1,0.8658817
1,0,0.43288857
1,1,0.59963584
1,0,0.44458476
1,1,0.71830636
1,1,0.70322114
0,1,0.61609936
0,1,0.5173306
1,0,0.41680738
1,0,0.22619817
0,1,0.5135531
1,1,0.58615875
0,1,0.56798506
0,0,0.3983548
1,1,0.64487374
0,1,0.6878674
0,0,0.41280892
0,1,0.53152454
0,0,0.45699358
0,0,0.38873252
0,1,0.6087298
1,1,0.64586794
1,1,0.6573058
1,1,0.6875072
0,0,0.4826946
0,1,0.65005916
1,1,0.5990295
0,0,0.42637655
1,1,0.6124202
0,0,0.47387776
0,1,0.65264946
1,1,0.5074644
0,0,0.3717284
0,0,0.37255564
1,0,0.49285844
0,1,0.6394335
0,0,0.354333
0,1,0.6438325
0,1,0.5167813
1,1,0.5638417
0,1,0.60167605
1,1,0.5034228
0,1,0.5965286
0,0,0.41753897
1,1,0.68668926
0,1,0.7092472
0,0,0.46400055
1,0,0.3888627
0,1,0.642528
0,0,0.4159446
0,0,0.3692785
1,0,0.45961025
0,1,0.5207006
0,0,0.43055394
0,0,0.3091096
1,1,0.53014636
1,1,0.6434951
1,1,0.6045098
1,0,0.36854336
0,1,0.55684006
1,0,0.30297583
0,1,0.6121061
0,0,0.28185147
0,0,0.49854037
0,1,0.519677
1,0,0.45306912
1,1,0.6166397
1,1,0.6049447
0,0,0.4252877
0,1,0.5845264
1,1,0.57322675
0,0,0.45084417
0,0,0.23670283
0,0,0.21820867
0,0,0.23366341
0,1,0.66161454
1,1,0.64711946
0,1,0.61884177
0,1,0.5273476
0,0,0.42267543
0,0,0.4204782
0,1,0.7209372
1,1,0.6394002
1,0,0.30881768
0,1,0.7067183
0,1,0.5381146
0,1,0.7633675
0,1,0.5532582
1,1,0.6472371
0,1,0.5429795
0,0,0.28392392
0,0,0.2781842
1,0,0.273168
1,0,0.31082577
0,1,0.6366553
0,0,0.43357626
0,0,0.3153684
1,1,0.75311357
1,1,0.7397017
0,1,0.58303994
1,1,0.57944655
0,0,0.22434984
0,0,0.36392477
0,0,0.36925223
0,1,0.68778795
1,1,0.61263585
1,1,0.73206115
1,1,0.50499606
0,1,0.5594008
0,0,0.4044639
1,1,0.665535
0,1,0.604991
1,1,0.65920985
0,1,0.76746756
0,0,0.4468048
0,0,0.37453502
0,0,0.35449478
1,0,0.382699
0,0,0.46080732
0,0,0.36410967
0,0,0.47491318
0,1,0.54992163
1,0,0.24111907
0,0,0.4076523
0,0,0.41466513
0,0,0.43304548
1,1,0.6513495
1,0,0.34206817
0,0,0.27985838
1,1,0.6974941
0,0,0.42685655
1,1,0.5003612
1,1,0.62050277
1,1,0.80260766
1,1,0.59398204
0,1,0.51058155
1,0,0.3039435
1,1,0.6975137
0,0,0.27700517
1,1,0.5839368
1,1,0.78344506
0,1,0.7782571
0,1,0.5181581
0,0,0.1382157
0,1,0.6927014
0,0,0.19442445
1,1,0.56328434
0,1,0.7792389
0,0,0.44938877
1,0,0.4369494
0,0,0.44610655
1,1,0.51700974
0,1,0.53093123
0,0,0.47258478
0,1,0.50934213
0,0,0.4192046
0,0,0.33599773
1,0,0.4495575
1,1,0.50550914
1,0,0.46407872
1,1,0.62399507
1,0,0.4051945
0,1,0.7143971
1,0,0.48103988
0,1,0.6385572
0,0,0.34963465
1,0,0.35405758
0,0,0.31800354
1,1,0.6933072
0,0,0.43851313
1,1,0.8316405
0,0,0.46055168
1,0,0.45577985
1,0,0.34236333
0,0,0.36758694
0,0,0.348491
1,1,0.6502877
1,1,0.5936372
0,0,0.35066456
0,0,0.49589425
0,1,0.70647717
0,0,0.40546295
1,1,0.74102473
1,0,0.41105062
0,1,0.5876811
0,1,0.5944081
0,1,0.58867234
0,0,0.23689985
1,1,0.60031456
0,0,0.36093977
0,0,0.21058951
0,1,0.64831537
0,0,0.34929714
0,0,0.36657828
0,1,0.5028709
1,0,0.39026704
0,0,0.35540894
0,0,0.22814073
1,1,0.6805012
0,0,0.43055084
1,0,0.38374418
0,0,0.25324798
0,0,0.45294544
0,1,0.5232734
0,0,0.46139258
0,1,0.58058286
0,0,0.3916298
1,0,0.3980317
0,0,0.2619397
0,1,0.5094799
0,1,0.7175794
1,1,0.68076223
0,0,0.45667204
1,0,0.3581878
0,0,0.30946854
0,0,0.45796892
1,1,0.56237775
1,1,0.56872684
0,0,0.3664355
0,0,0.4091228
0,1,0.74202937
0,0,0.44817388
0,0,0.44998798
1,1,0.60570407
0,0,0.482157
0,0,0.38328043
1,0,0.3755398
0,1,0.5073607
0,0,0.43943724
1,1,0.5882058
1,1,0.5708983
0,0,0.31091624
0,0,0.35521632
0,1,0.5365712
0,0,0.28378132
0,1,0.6161502
0,1,0.5297059
1,0,0.42124617
1,1,0.71204096
0,0,0.22495984
0,0,0.35683092
0,1,0.6662981
1,1,0.5486631
0,1,0.5041668
1,1,0.5415306
1,0,0.37943923
1,1,0.5200177
0,0,0.48627308
0,1,0.655365
1,0,0.31921107
0,0,0.2995128
0,1,0.6201559
0,0,0.43395585
0,1,0.57114697
0,0,0.4119655
1,1,0.6341602
1,0,0.22813188
1,1,0.6922697
0,0,0.44562745
1,1,0.5078293
1,1,0.54013586
1,1,0.70938957
0,1,0.66969454
0,0,0.42879894
0,0,0.16976449
0,0,0.4428515
0,1,0.59393793
0,1,0.6041487
0,0,0.372254
0,0,0.42738825
1,0,0.33847663
0,1,0.5935814
0,0,0.33511224
0,1,0.6229581
0,1,0.5305397
1,1,0.72540796
0,0,0.3493921
0,1,0.51669484
0,0,0.39570442
1,1,0.5721167
0,0,0.3795808
1,1,0.5708358
0,0,0.4040562
1,1,0.6570373
1,1,0.5556203
0,0,0.46892688
0,0,0.32602245
0,1,0.52656794
1,1,0.8710744
1,0,0.48266202
1,1,0.5131274
0,1,0.6674723
0,0,0.35676548
1,1,0.55245906
0,0,0.4491279
0,0,0.36634636
0,0,0.18615444
0,0,0.43744975
0,1,0.75485104
1,0,0.39052963
0,1,0.5204135
0,0,0.40213084
0,0,0.2599922
0,0,0.49382523
1,0,0.36564907
0,0,0.22409299
1,1,0.63471067
1,1,0.5557336
0,0,0.29989973
0,1,0.75594336
1,0,0.27873385
0,1,0.6497612
1,1,0.6579771
1,1,0.6151213
0,0,0.38668945
1,0,0.4956533
1,1,0.5624493
0,0,0.39917454
0,1,0.55663806
0,1,0.5244537
1,1,0.7623597
0,0,0.268198
0,0,0.34207857
0,1,0.61494136
0,0,0.36759034
1,1,0.66096205
0,1,0.58092034
0,1,0.60018563
1,0,0.29626557
0,0,0.3989852
0,1,0.5977124
1,0,0.38599652
0,0,0.48392567
1,1,0.5908836
1,0,0.23176768
0,1,0.64433366
1,1,0.5994589
0,1,0.75409657
0,0,0.23111922
0,1,0.6474382
0,0,0.37098345
0,0,0.4635928
1,0,0.448726
0,0,0.40120152
0,0,0.43834794
1,0,0.38662452
0,0,0.37405112
0,1,0.5728
0,0,0.31547543
1,1,0.79147846
0,0,0.36395878
1,1,0.65600187
0,0,0.42850265
0,1,0.7369001
0,1,0.64316076
0,0,0.17345259
0,0,0.42383495
0,1,0.5670519
0,0,0.26409242
1,1,0.7443605
1,0,0.4530738
1,0,0.48321754
1,0,0.32835716
1,1,0.7020535
1,0,0.35932124
0,0,0.30596447
0,0,0.43125132
0,0,0.2378194
1,1,0.5593361
0,0,0.30268478
0,0,0.3641684
0,0,0.38119864
0,0,0.49124366
0,1,0.57777447
1,1,0.50025177
0,0,0.4610135
1,1,0.57668346
0,1,0.5101046
0,1,0.7119593
0,0,0.43959025
0,1,0.53868103
0,1,0.63500905
0,0,0.4370171
0,1,0.5556079
0,1,0.6720877
0,1,0.65459555
0,0,0.4904856
0,1,0.6088559
0,1,0.56405014
0,0,0.37474084
0,0,0.39513227
0,1,0.5473247
1,1,0.52524924
1,1,0.74664384
0,0,0.30996138
0,1,0.57710797
0,0,0.45655203
1,0,0.48109066
0,1,0.5365923
0,1,0.7281964
0,1,0.67697144
0,0,0.32626316
1,0,0.3763031
1,1,0.6727641
1,0,0.48177388
0,0,0.4260878
0,1,0.7729082
0,0,0.48747328
1,1,0.5770207
1,0,0.3612141
1,1,0.52926016
1,1,0.5328934
1,1,0.5979457
0,0,0.40645278
0,0,0.4978983
1,0,0.4855623
0,0,0.41408437
1,1,0.5580101
0,0,0.48643345
0,0,0.44735038
0,1,0.74444866
1,1,0.57136756
1,1,0.5548657
1,1,0.52240384
0,0,0.31381804
0,0,0.47524068
1,0,0.4822211
0,1,0.6349946
0,1,0.75354666
0,1,0.79958016
0,0,0.44980997
0,0,0.48768288
0,0,0.47296095
0,1,0.53014725
0,0,0.3059256
1,1,0.6659916
1,0,0.3629322
0,1,0.55290455
1,1,0.63943315
0,0,0.1689343
1,1,0.67115366
0,0,0.3596592
0,0,0.41122657
0,0,0.42230296
1,0,0.35149866
0,0,0.45086065
0,0,0.27650607
0,1,0.54876655
1,0,0.3432311
1,1,0.7150448
1,1,0.73598754
1,0,0.355753
0,0,0.46507382
0,0,0.29032806
0,1,0.59530693
0,0,0.3760385
1,0,0.4772868
1,0,0.35631686
1,0,0.34500757
0,1,0.7110125
1,0,0.3688252
1,0,0.32672277
0,1,0.5069907
0,1,0.5680634
0,0,0.20046751
0,0,0.49521232
1,1,0.5563337
0,0,0.32601944
1,1,0.5588981
0,0,0.30294633
0,0,0.35899287
1,0,0.45643315
1,0,0.49603117
0,1,0.6294721
0,0,0.23562641
0,1,0.5646149
0,1,0.55760765
0,1,0.5536824
0,0,0.26272264
1,1,0.53305787
1,0,0.478591
1,0,0.4222914
1,1,0.58893746
1,1,0.7406323
0,1,0.5127332
0,0,0.4940714
1,0,0.4667723
1,1,0.59534526
1,0,0.4094917
1,1,0.5768939
0,1,0.6433439
0,0,0.480292
0,0,0.33233216
1,1,0.5817224
0,1,0.6795569
0,1,0.5274024
0,0,0.4025259
1,1,0.7376114
0,1,0.6539417
0,0,0.4331923
1,0,0.47500697
1,1,0.50552285
0,0,0.49420232
1,0,0.4138995
0,1,0.533424
0,0,0.34675702
1,1,0.76265955
0,0,0.49209082
1,1,0.59082663
0,1,0.5668199
1,1,0.7087983
1,0,0.38043675
0,1,0.554326
0,0,0.37998918
0,0,0.31337953
0,0,0.43597
0,0,0.43792883
1,1,0.60968417
0,0,0.48384696
1,0,0.26654482
0,0,0.44190425
1,1,0.79329985
1,1,0.6637706
0,1,0.549902
0,1,0.5744792
0,0,0.49240026
0,1,0.5472639
0,1,0.5555804
0,0,0.28631297
0,0,0.47808525
0,1,0.61599964
0,0,0.3698466
0,0,0.39722228
1,1,0.7593168
0,1,0.73262686
0,1,0.64134973
0,0,0.32690892
0,0,0.25372097
0,1,0.5073503
0,1,0.572717
1,0,0.44434485
1,1,0.8602879
0,1,0.6249449
0,0,0.42472914
0,1,0.54719776
1,0,0.49600923
0,0,0.309453
0,0,0.40440884
0,1,0.619912
1,0,0.4517049
1,1,0.60014254
1,1,0.61502945
1,1,0.7345571
0,1,0.592814
0,0,0.3587157
0,0,0.25891155
1,1,0.554467
0,0,0.3820886
1,0,0.2924845
1,1,0.79558885
0,0,0.2735982
0,0,0.4555822
0,0,0.46801284
0,1,0.51173645
0,0,0.46560955
1,1,0.6472337
0,0,0.4806302
0,1,0.56477463
0,1,0.5368669
1,0,0.49624607
0,0,0.31234536
1,1,0.81232727
1,1,0.7143685
0,0,0.40196016
0,1,0.6313418
0,1,0.5410414
0,0,0.36212546
0,0,0.4791082
1,1,0.6055089
0,1,0.6323899
1,0,0.38176233
1,0,0.47320068
0,0,0.3280812
1,1,0.62137395
1,0,0.45935562
0,1,0.612225
0,1,0.7271095
1,1,0.60430986
0,0,0.47898027
0,0,0.4179309
0,0,0.37917718
0,1,0.62696797
1,1,0.686584
0,0,0.32192332
1,0,0.4298965
1,0,0.44045535
0,1,0.5548916
0,0,0.455383
1,1,0.5443102
0,1,0.62505835
1,0,0.4505918
0,1,0.71466357
0,1,0.5624911
1,1,0.6052034
0,0,0.20675181
1,1,0.55760825
1,1,0.58603233
0,0,0.4485245
0,0,0.38662252
0,1,0.6756426
0,0,0.3582341
1,1,0.576513
1,1,0.57784015
0,1,0.58377844
0,0,0.4525045
0,0,0.3434708
0,1,0.51177853
0,1,0.5561834
0,1,0.5203828
0,0,0.3882086
0,0,0.4652275
0,1,0.64424086
0,0,0.20615532
0,0,0.4495873
0,0,0.29162964
0,1,0.5120892
0,1,0.5954833
0,1,0.53776616
0,0,0.3335134
0,0,0.43135962
0,1,0.6095245
0,0,0.3299558
1,1,0.52946913
0,0,0.19798097
1,1,0.63104516
1,1,0.61984813
1,0,0.40861198
0,1,0.6281686
0,1,0.66640526
0,1,0.54934376
0,1,0.7264762
0,1,0.69324535
0,0,0.29564983
0,0,0.45416117
1,0,0.48135495
1,1,0.8952057
1,0,0.38513318
1,1,0.5863932
0,1,0.53445
0,1,0.7832515
0,0,0.47972265
1,1,0.5750617
0,0,0.28885782
1,0,0.31895894
0,0,0.30617687
0,0,0.40471324
0,0,0.38883448
0,0,0.40902874
1,1,0.5749996
0,1,0.61456615
0,1,0.72783494
0,0,0.49361056
1,0,0.3751831
0,1,0.8203328
0,0,0.1382806
1,1,0.52127165
0,1,0.7971886
1,1,0.6279061
0,0,0.30736026
0,0,0.38682264
0,1,0.5573037
1,1,0.56106454
0,0,0.48384678
0,0,0.46064386
0,0,0.33243406
0,1,0.5068476
0,0,0.4163947
0,0,0.22650348
1,1,0.63412803
0,1,0.6482995
1,1,0.8315452
0,0,0.4626306
1,0,0.4386463
0,0,0.44852275
0,1,0.68102473
0,0,0.31582102
1,1,0.5427259
0,0,0.3946722
0,0,0.3025313
0,0,0.3815416
0,0,0.40903783
1,1,0.78604776
1,1,0.65642816
0,0,0.49514815
0,1,0.6372009
0,1,0.69881725
1,1,0.60024416
1,0,0.39803076
1,0,0.4992383
0,0,0.43732196
0,0,0.29867283
0,1,0.5937824
1,1,0.5844307
0,1,0.6681265
1,0,0.47101352
1,0,0.366288
1,0,0.4180584
0,0,0.3797674
0,0,0.42487535
0,1,0.57160425
0,1,0.6210791
0,1,0.64792794
0,1,0.5383637
0,1,0.654006
1,1,0.60607046
0,1,0.53563356
0,1,0.59494525
0,0,0.29482833
0,0,0.47254646
0,0,0.31424302
1,1,0.57902694
0,0,0.32034215
0,1,0.8602765
0,0,0.2650984
0,1,0.5066351
1,1,0.5035652
1,1,0.6864875
0,0,0.44163778
0,0,0.42414036
0,1,0.6212848
0,1,0.52391094
0,0,0.34171623
1,1,0.5819527
1,0,0.40764782
0,1,0.57171386
0,1,0.59754574
0,0,0.26868442
1,0,0.293701
1,1,0.6071589
0,0,0.2362627
1,0,0.47553602
1,1,0.6412271
0,0,0.48582035
1,1,0.6829945
1,0,0.37174517
0,0,0.44020724
0,0,0.3430721
1,1,0.72277
1,1,0.73092675
0,0,0.31703517
1,1,0.5828307
1,1,0.57266265
0,1,0.56334805
1,1,0.5389353
0,0,0.46981847
0,1,0.52105486
0,0,0.20253204
0,0,0.35557172
0,1,0.7639673
1,1,0.6259782
0,0,0.42001098
0,1,0.6493244
1,0,0.49167073
0,1,0.57234687
0,1,0.5758026
0,1,0.6262229
0,0,0.4034762
0,0,0.26857772
0,1,0.6873234
0,0,0.478511
0,1,0.6567874
0,0,0.32810062
1,1,0.64713573
0,0,0.35398877
1,0,0.38887772
1,0,0.49917364
0,1,0.74669427
1,1,0.5079987
0,1,0.5378631
1,0,0.43391532
0,0,0.31765276
1,1,0.59800273
1,1,0.59891504
1,1,0.84735477
1,1,0.7133438
1,0,0.3281961
0,0,0.34513518
0,1,0.5854888
1,0,0.49792907
0,0,0.46007538
0,0,0.47230753
0,0,0.38500127
0,1,0.6955018
1,1,0.5422281
0,1,0.75740725
0,0,0.299124
1,1,0.67093515
0,1,0.50717306
0,0,0.45633456
1,1,0.5994444
0,1,0.66021585
0,0,0.45917583
0,1,0.5105443
0,1,0.5753093
1,1,0.6430013
1,1,0.82042617
0,0,0.46520674
0,1,0.55109096
1,1,0.59841186
1,1,0.6635291
1,1,0.7448881
1,1,0.5949549
1,1,0.58508974
0,0,0.44964224
1,1,0.8094599
1,1,0.5530851
0,1,0.59144914
1,1,0.6907737
0,0,0.41541862
1,1,0.60626966
0,0,0.34913665
1,1,0.6867396
1,0,0.29822206
1,1,0.6103495
0,1,0.58404267
0,0,0.2812989
0,1,0.6948177
1,1,0.6856686
1,0,0.3895433
0,0,0.4767082
0,1,0.5562312
0,0,0.43599364
0,1,0.5011374
0,0,0.4665459
0,1,0.5917619
1,1,0.5595528
1,1,0.6816829
0,1,0.65188557
0,1,0.8336969
1,1,0.5836891
1,1,0.6284737
1,1,0.6210494
1,1,0.51389676
1,1,0.5247331
1,1,0.6974789
0,0,0.45253497
0,0,0.396347
0,0,0.26070994
0,0,0.49650615
1,1,0.5631606
0,1,0.56823814
1,0,0.3159735
0,0,0.3543303
0,0,0.27850884
1,1,0.6908319
0,0,0.46800366
0,1,0.56828004
1,0,0.3383263
0,1,0.5465552
0,0,0.49594703
0,0,0.22170678
0,0,0.44870853
0,0,0.42253205
0,0,0.28073883
0,1,0.55081004
0,1,0.5659758
0,0,0.33195004
0,0,0.36343223
1,1,0.6276775
0,0,0.4824194
1,1,0.6376535
1,0,0.3630886
0,1,0.7224384
1,0,0.4749148
1,1,0.52054083
0,0,0.32595366
1,1,0.5742019
0,1,0.50286084
0,1,0.53143907
1,1,0.7813112
1,0,0.43951997
0,1,0.5214497
1,1,0.772716
0,0,0.37354642
1,1,0.6788118
1,1,0.5036174
1,1,0.5306632
1,0,0.35178912
0,0,0.377289
0,1,0.56216663
0,1,0.76759285
1,1,0.5155198
0,1,0.5641806
0,0,0.43112034
1,1,0.74616003
0,0,0.3299773
0,1,0.7450084
1,0,0.2982811
0,0,0.38248393
1,1,0.7281466
1,0,0.45513335
0,0,0.39300546
0,0,0.24571225
1,0,0.41447368
0,1,0.52556354
0,0,0.35997972
1,0,0.49890465
0,1,0.6335058
0,0,0.46136746
0,1,0.51779366
0,1,0.73481226
0,1,0.5650729
0,1,0.68988246
0,1,0.6389118
0,0,0.25458136
0,1,0.61638683
0,1,0.5228106
1,1,0.6452214
0,1,0.8221669
0,0,0.2966982
0,0,0.48044476
0,0,0.47297338
0,1,0.5610139
0,0,0.29262188
0,1,0.66845
0,1,0.6089679
1,1,0.5736801
1,0,0.49838328
0,0,0.3098256
1,0,0.4135031
1,0,0.22666892
0,1,0.5678643
0,0,0.37241676
1,1,0.7535525
1,1,0.75878006
1,0,0.32543913
0,0,0.46430442
0,1,0.5185345
0,1,0.7494746
1,1,0.6718357
1,1,0.6188691
1,1,0.57472456
1,1,0.711211
0,0,0.36634442
1,0,0.2246172
1,0,0.39848682
0,0,0.4292962
0,0,0.3966595
0,1,0.59759015
1,1,0.8069988
1,0,0.4164728
0,0,0.45502144
0,0,0.47932276
0,0,0.46766624
0,0,0.44304806
0,0,0.35165805
1,0,0.26707703
0,0,0.39122576
0,0,0.3653288
1,1,0.54087216
0,1,0.6321551
0,1,0.57737
1,1,0.77823305
1,1,0.6346855
1,1,0.52045834
0,0,0.47937778
0,0,0.28240728
1,1,0.77627575
0,0,0.19860034
0,0,0.49163282
0,0,0.24343921
1,1,0.64165276
0,0,0.38250875
0,0,0.49508855
0,0,0.41283908
0,0,0.49194875
0,0,0.2817036
1,1,0.75499696
1,0,0.37836722
0,0,0.3095454
1,0,0.41064006
1,1,0.5159603
1,1,0.7273122
1,1,0.6045702
0,1,0.615215
0,0,0.3325905
0,0,0.3490853
0,0,0.4525592
0,0,0.40859422
0,1,0.54265386
0,0,0.3522042
1,1,0.6538621
1,1,0.6530577
0,0,0.47743097
0,0,0.3078276
0,0,0.29427236
0,0,0.4717849
1,1,0.70501864
1,0,0.40744686
1,1,0.74156576
0,1,0.56661373
1,0,0.4545613
0,0,0.25414124
1,0,0.39511898
0,0,0.35736972
1,0,0.4128354
0,0,0.490628
0,1,0.6892996
1,1,0.5704889
0,1,0.6885608
0,0,0.2685403
1,1,0.6389991
0,0,0.26120123
0,1,0.53191614
0,0,0.4532156
0,1,0.55787945
0,0,0.43747503
0,0,0.3882723
0,0,0.32652017
0,0,0.44239306
0,1,0.5349276
0,1,0.5939813
0,1,0.5261373
0,0,0.41032174
0,0,0.08963267
1,1,0.7360138
0,0,0.31122383
0,1,0.558617
1,1,0.7714277
1,1,0.55283755
0,0,0.46136916
1,0,0.32686812
1,0,0.39714602
1,0,0.49059978
1,0,0.23491588
0,0,0.42332542
0,0,0.46266
0,0,0.3056673
0,0,0.39885542
1,0,0.49161473
0,0,0.3936188
0,1,0.5003922
0,1,0.66748947
0,1,0.7121506
0,0,0.2611899
0,0,0.35465014
0,1,0.69578826
0,0,0.41368482
1,1,0.53929424
1,1,0.6654395
0,0,0.48535612
1,1,0.7742425
1,1,0.8470607
0,0,0.17578319
0,0,0.4779141
0,0,0.41666907
1,0,0.4121451
0,1,0.6295552
0,0,0.39073822
0,0,0.31471616
0,0,0.26358286
1,1,0.6722138
1,1,0.7195202
1,1,0.51031685
1,0,0.3876778
1,1,0.5370232
0,1,0.6188414
0,0,0.49495003
1,0,0.25396422
1,1,0.6298285
0,0,0.26719034
1,1,0.7402039
0,0,0.4855567
0,1,0.56681585
0,0,0.37860468
1,0,0.48937547
0,1,0.6915496
0,0,0.25725168
0,0,0.24178292
0,0,0.46277002
0,0,0.19830438
1,0,0.46640617
1,0,0.25123113
0,0,0.47219712
1,1,0.54932994
1,1,0.73803514
0,0,0.34146282
1,0,0.41160998
1,1,0.7055268
0,0,0.19505364
1,1,0.76242965
0,0,0.29339176
0,0,0.2851326
0,1,0.6545517
0,1,0.50469387
0,1,0.5953067
0,0,0.46106172
1,1,0.6186292
0,0,0.43051493
0,1,0.52740073
0,0,0.35534355
1,0,0.42875317
0,1,0.64467865
0,0,0.4131176
0,0,0.40533862
0,1,0.518536
0,1,0.5498469
0,0,0.3431629
1,0,0.35308024
0,1,0.5271359
0,0,0.35913354
0,0,0.30326995
1,1,0.5759371
1,0,0.40395722
0,1,0.72706646
0,1,0.5807286
0,1,0.50368774
1,1,0.78275204
0,1,0.57436955
0,1,0.55108255
0,0,0.26535445
0,0,0.39083016
0,0,0.17170595
0,0,0.40638503
0,0,0.47303665
0,0,0.3808879
0,1,0.69420075
1,1,0.54823726
0,0,0.40956894
1,0,0.4867307
0,1,0.6531466
1,1,0.67058176
1,1,0.54544425
1,0,0.43906358
1,0,0.39345998
0,0,0.3320031
1,1,0.6160646
1,0,0.30274564
0,0,0.2801766
1,1,0.6589091
0,1,0.790134
0,0,0.4605491
0,0,0.4988499
1,0,0.31493056
0,0,0.44347483
0,0,0.45750207
0,1,0.73275447
0,1,0.5383874
1,1,0.5987487
1,1,0.5511212
1,1,0.6274718
0,1,0.5287091
1,1,0.5284755
0,1,0.5954686
0,0,0.47947702
0,1,0.56331074
0,0,0.26341423
0,0,0.3588122
1,0,0.3217599
0,0,0.27777883
1,0,0.35467854
1,1,0.67958575
0,0,0.48557898
0,1,0.6455014
0,0,0.4728093
1,0,0.31753376
1,1,0.5542847
0,0,0.40721595
1,1,0.65906113
0,1,0.5827575
1,1,0.66657543
1,1,0.73539287
1,1,0.64877045
1,0,0.49994004
0,1,0.57788455
1,0,0.39985874
0,1,0.72634834
0,0,0.23317999
0,1,0.6046107
1,0,0.28916574
0,1,0.6478576
1,0,0.45192537
1,0,0.4160201
0,0,0.2875362
0,1,0.5562153
0,0,0.45067707
0,0,0.26528162
0,1,0.5311753
0,1,0.63733083
0,0,0.3252942
1,1,0.73745525
0,1,0.5568873
0,1,0.635706
0,0,0.38269943
0,0,0.42731124
1,1,0.7304953
1,0,0.49785125
1,1,0.55136037
1,1,0.55284035
1,1,0.7836792
0,0,0.25447315
0,0,0.28938198
1,1,0.66694117
1,1,0.81800354
1,0,0.38682526
1,1,0.74943966
0,1,0.51049906
0,0,0.49830097
0,1,0.5860384
0,0,0.46540114
1,0,0.41559845
1,1,0.77732265
0,0,0.47253445
0,0,0.35749567
0,0,0.349411
0,1,0.6016058
1,1,0.78114605
0,0,0.26943588
0,0,0.44244933
0,0,0.45645657
0,0,0.35987222
0,0,0.361397
0,0,0.2310575
0,0,0.40939614
0,1,0.59307325
0,0,0.36793256
1,1,0.521288
1,1,0.636624
1,1,0.55264896
0,0,0.41644356
0,1,0.6998743
1,1,0.7860063
1,1,0.6395735
0,0,0.32438517
1,1,0.67373973
1,0,0.2854029
0,0,0.26535282
0,1,0.54701066
1,0,0.4887852
0,0,0.46528974
1,1,0.56396776
0,0,0.48689735
1,0,0.4246063
0,0,0.35837498
1,0,0.44796464
1,1,0.7193989
0,0,0.40579528
0,1,0.6584895
1,1,0.6887874
0,0,0.34767824
0,1,0.56759775
0,0,0.29637328
0,1,0.50819576
0,1,0.63349205
0,1,0.5495242
0,0,0.3716796
0,1,0.63848835
0,0,0.3925949
1,0,0.33119038
0,0,0.43821844
1,1,0.57924944
0,0,0.37653038
0,1,0.65451413
1,1,0.5285742
1,1,0.61906004
1,1,0.7017092
1,1,0.6566338
0,0,0.32433707
1,0,0.4657399
0,1,0.6277844
1,1,0.6157396
0,0,0.3922709
0,0,0.4469956
1,1,0.5549482
0,0,0.44901326
0,0,0.41866443
1,1,0.5264099
1,1,0.55652773
1,1,0.81168604
1,0,0.46474707
0,0,0.2704947
0,1,0.57449484
1,1,0.5758003
0,0,0.4384811
0,1,0.5706601
0,0,0.47359094
1,1,0.5619652
0,1,0.6399022
1,1,0.5163428
1,1,0.7756419
1,0,0.49759978
1,1,0.52026564
0,1,0.5401366
0,0,0.37342462
0,1,0.64608335
0,1,0.6073388
0,1,0.58353984
0,0,0.47388214
0,1,0.5336911
0,0,0.41191417
0,0,0.42082298
0,0,0.44220373
0,1,0.50657284
0,0,0.16930756
1,1,0.69488394
1,1,0.5764825
0,1,0.52439463
0,0,0.31807983
0,1,0.61174726
0,1,0.69460547
1,1,0.6638314
0,0,0.26083645
1,1,0.727586
1,1,0.6121014
0,1,0.67010105
0,0,0.48112032
0,0,0.2540636
0,0,0.31665254
0,1,0.6748561
0,1,0.63849396
0,1,0.72466177
1,1,0.6523809
0,0,0.40732726
1,0,0.38579538
0,0,0.37865034
1,1,0.5796205
1,0,0.3399858
0,0,0.44802997
1,0,0.39110643
0,0,0.3102938
1,1,0.55041194
0,0,0.4339922
1,0,0.42863348
0,1,0.5366932
0,1,0.6650538
1,1,0.60662985
1,1,0.69740653
0,1,0.6119514
1,0,0.3804726
0,0,0.4220729
1,1,0.7740755
0,0,0.4517401
0,1,0.5025018
0,1,0.62203956
1,1,0.5851634
0,1,0.5271919
1,1,0.6285474
0,0,0.28828454
0,1,0.5299875
0,1,0.6080707
0,0,0.37013584
0,0,0.27691144
0,0,0.4275771
1,0,0.3793479
0,1,0.5602724
1,1,0.62391704
0,1,0.55612403
0,0,0.28039846
0,1,0.5198056
0,0,0.4192701
0,1,0.6055634
0,0,0.23933873
0,1,0.6570831
0,0,0.3394435
1,1,0.6846715
1,1,0.60855275
0,0,0.23934144
0,0,0.37169546
0,1,0.7084348
0,0,0.33936498
0,0,0.29762495
0,0,0.3840477
0,0,0.411726
0,1,0.5983426
0,0,0.4320342
0,0,0.32726836
1,1,0.61507815
1,1,0.64240235
0,0,0.37085345
1,1,0.7495567
0,0,0.29388788
0,1,0.66066015
1,1,0.6234216
0,0,0.20680317
1,1,0.7938166
0,0,0.40661645
0,0,0.47045243
0,1,0.539565
1,1,0.6448524
1,1,0.58751875
0,0,0.42050073
0,0,0.4754591
1,1,0.66449976
1,1,0.7959234
1,1,0.6018213
1,1,0.8147835
1,0,0.46870556
1,0,0.38747004
0,0,0.4022582
0,1,0.68070483
0,0,0.46536466
0,1,0.56823176
0,0,0.44012797
0,0,0.34577006
0,1,0.51179796
0,1,0.6659476
0,1,0.54971087
0,1,0.57114077
0,0,0.32270786
0,0,0.4544308
0,0,0.27300644
1,1,0.8265094
0,0,0.35339198
0,0,0.38736117
0,0,0.453607
1,0,0.4188692
0,0,0.38906372
0,0,0.2776611
0,1,0.5768306
0,0,0.39565343
0,1,0.51307786
0,0,0.2068533
0,0,0.41031384
0,1,0.7270824
0,0,0.479745
1,0,0.3105238
1,1,0.5152729
1,0,0.33138764
1,1,0.5617472
1,1,0.52971953
0,0,0.46509755
0,0,0.43430096
1,1,0.54370654
0,0,0.43340924
0,0,0.3444483
1,0,0.34319562
0,0,0.3597661
0,0,0.4762476
1,0,0.46509752
0,0,0.45065823
0,1,0.6393734
1,0,0.28930646
0,0,0.3437125
1,1,0.6344654
0,0,0.38232976
0,1,0.7683292
0,1,0.64649385
0,0,0.43672225
0,1,0.5965691
0,0,0.41212824
1,1,0.81515354
1,0,0.40766537
0,0,0.3970078
0,0,0.34462038
1,1,0.5807464
0,1,0.8313901
0,1,0.6889939
1,1,0.6163731
1,0,0.37520942
1,0,0.3932033
1,1,0.5450306
0,0,0.2386602
1,1,0.6034013
0,0,0.41057715
1,1,0.7501464
0,1,0.71755487
0,1,0.5177485
0,0,0.49451512
0,0,0.47332314
0,0,0.45957947
1,1,0.77816904
0,0,0.3619017
0,0,0.34923783
0,1,0.53956693
1,1,0.70209706
1,1,0.5385584
0,0,0.3395635
0,1,0.5298031
0,0,0.33376122
0,0,0.4497435
0,0,0.34252742
0,0,0.42810532
1,1,0.8209042
1,0,0.45271248
1,1,0.70481014
1,0,0.36110994
0,0,0.3057257
1,1,0.63214594
0,1,0.5964707
0,1,0.66890734
1,0,0.49150506
1,0,0.32919168
1,0,0.34235087
0,0,0.4118668
0,1,0.6164588
0,0,0.28080866
0,0,0.39228654
0,0,0.4365622
0,1,0.6936521
0,1,0.68271
1,1,0.551992
1,1,0.5827424
1,1,0.63817286
0,0,0.25611606
1,1,0.6507278
0,1,0.6215225
0,0,0.46725458
0,0,0.44700736
0,0,0.26288843
0,1,0.7347464
1,0,0.4472833
0,1,0.6450529
0,1,0.6280457
1,1,0.8609845
1,0,0.361513
0,1,0.5243158
1,1,0.527468
0,1,0.5323405
0,0,0.4830062
0,0,0.2903462
0,1,0.6042229
0,0,0.45312405
0,0,0.42279655
0,0,0.3824216
0,1,0.78242993
1,1,0.5359074
0,0,0.24354257
0,1,0.56190884
0,0,0.3164406
0,0,0.28819263
1,1,0.6824104
0,1,0.7205545
1,1,0.5810224
1,1,0.7499606
0,0,0.32050064
1,0,0.422144
0,1,0.5000002
1,1,0.57877535
1,1,0.7269752
1,0,0.4360297
0,0,0.4956433
0,1,0.5425056
0,1,0.6902902
0,1,0.69736665
0,0,0.33513084
1,1,0.5155284
0,1,0.53971964
0,0,0.27589765
0,0,0.46366543
0,1,0.75174636
0,0,0.3165896
1,1,0.7601974
0,1,0.5675495
0,0,0.4684343
0,0,0.38180622
1,1,0.6722564
0,0,0.44258916
1,1,0.75658816
1,0,0.34034595
0,0,0.40403724
0,0,0.3687469
0,0,0.41912037
0,0,0.2838595
0,0,0.4056996
1,1,0.5035256
1,1,0.58031636
1,1,0.5763921
1,1,0.51986295
1,1,0.5297655
1,1,0.51087195
0,0,0.4562341
0,0,0.34139323
1,1,0.5078147
1,1,0.58062845
0,0,0.46572125
0,0,0.3510534
0,0,0.4677995
1,0,0.35726753
1,1,0.7648611
0,1,0.51250386
1,1,0.63837093
0,0,0.49214557
1,1,0.6079799
0,1,0.5278666
0,1,0.53960556
0,1,0.5787314
0,1,0.5472958
0,1,0.7942714
0,0,0.40064022
0,1,0.52132547
0,1,0.55702657
0,0,0.39615604
0,0,0.43356463
1,0,0.49596977
1,1,0.5885026
0,0,0.45370862
0,0,0.44017616
0,0,0.36104837
0,0,0.48637494
1,1,0.6918367
0,0,0.16077745
1,1,0.6661271
0,0,0.34692994
0,0,0.30771935
0,0,0.4087962
0,1,0.54700154
0,0,0.3984162
0,0,0.47014117
1,0,0.30345267
1,1,0.58091915
1,1,0.67881566
1,0,0.39911014
1,0,0.38617092
0,1,0.5052178
0,1,0.52851635
0,1,0.528698
0,1,0.6881519
0,0,0.2777242
0,1,0.54995346
0,0,0.34429038
0,0,0.41460085
1,1,0.5164658
0,0,0.47394872
0,1,0.678901
0,0,0.41117772
0,1,0.53333896
0,1,0.58633965
0,0,0.4516797
1,1,0.6584657
0,1,0.5425428
0,1,0.67709064
1,1,0.597368
0,0,0.29553667
0,1,0.6292452
0,0,0.40795687
0,0,0.4926684
0,0,0.41167814
0,1,0.55921316
1,1,0.5531722
0,1,0.79570264
0,0,0.417592
1,1,0.5655821
0,0,0.34705088
0,1,0.6495552
0,1,0.68615586
1,0,0.4966006
0,1,0.6236266
0,1,0.5318666
1,1,0.5853475
1,1,0.5846017
0,0,0.4384728
0,1,0.76103544
0,1,0.67973995
1,1,0.7280887
0,1,0.7513556
0,0,0.45743674
0,0,0.3585163
0,1,0.5776895
1,0,0.47004342
0,0,0.24797808
0,1,0.67107415
0,0,0.4395934
0,1,0.61458737
0,0,0.44675466
1,1,0.5623935
1,0,0.43859813
0,1,0.6793551
1,1,0.82500917
1,1,0.7792787
0,0,0.23573355
0,0,0.32431394
1,1,0.71063495
1,1,0.5767693
0,0,0.31398472
0,0,0.43250978
0,0,0.3506282
1,0,0.44436893
0,1,0.525553
0,1,0.54667634
1,0,0.42203423
0,1,0.50701183
0,0,0.33300748
0,0,0.4130356
1,1,0.59292525
0,0,0.34874332
1,0,0.49804088
0,0,0.24584655
0,0,0.47874618
0,0,0.3618299
0,0,0.24984634
0,0,0.43610272
1,1,0.5059674
1,1,0.6591681
0,1,0.6249246
0,1,0.60136366
0,0,0.39787704
1,1,0.6788953
0,1,0.5380074
0,1,0.63829947
0,0,0.3196964
0,0,0.25265563
0,1,0.5271131
0,1,0.56232595
0,1,0.69580626
0,0,0.45348188
1,0,0.21772575
0,0,0.3195077
1,1,0.6840488
1,1,0.59481496
0,0,0.1564991
0,1,0.5879373
1,1,0.8324863
1,1,0.5660958
0,0,0.26031885
1,1,0.7329911
0,0,0.44094554
0,1,0.72995365
0,1,0.65636134
0,0,0.36951438
1,1,0.6902508
1,1,0.5613188
1,1,0.7193516
1,0,0.42279023
0,1,0.5786112
0,0,0.33282784
0,1,0.57173836
1,1,0.6461675
1,0,0.48709983
0,0,0.3574434
0,1,0.5254208
1,1,0.66546416
0,1,0.6293849
1,1,0.6323432
1,1,0.75830823
1,1,0.79134315
0,0,0.42220068
1,1,0.6235359
1,1,0.68367517
1,1,0.8097784
0,0,0.34686875
0,0,0.38177308
0,0,0.49709186
1,1,0.5620831
1,0,0.47188506
1,1,0.51774913
0,1,0.66740024
0,0,0.42228052
1,1,0.62330174
1,0,0.47577685
1,1,0.5820754
1,0,0.49155158
0,1,0.7746876
1,0,0.23821095
0,0,0.42553353
0,0,0.42826417
1,1,0.563953
0,0,0.31347972
0,1,0.67654616
0,0,0.4656361
0,1,0.53986657
1,1,0.6592259
1,0,0.4612193
0,0,0.3851851
1,1,0.5830075
0,1,0.62748647
0,1,0.5274152
0,0,0.2846184
1,0,0.42155328
0,1,0.6443314
1,1,0.74588585
0,0,0.40554458
0,0,0.2724705
0,0,0.37318766
0,1,0.53027815
0,0,0.30269548
1,1,0.7710893
0,0,0.48669466
1,0,0.45507497
0,0,0.3846875
1,1,0.5179173
0,0,0.39106414
0,1,0.50728095
1,1,0.5707657
0,1,0.6891826
1,0,0.41313085
0,0,0.32880047
1,1,0.5608971
1,1,0.64579237
0,1,0.6120484
0,0,0.33697048
0,1,0.53651154
1,1,0.6015221
0,0,0.47014186
1,1,0.56475097
1,1,0.52069473
0,0,0.42044175
1,1,0.5179406
0,0,0.47508878
0,1,0.50217193
0,1,0.6805083
0,0,0.48981744
0,1,0.84838057
1,0,0.3821826
0,0,0.49615318
1,1,0.63438016
0,0,0.37684885
1,0,0.41786855
0,0,0.3265073
0,0,0.23861161
0,0,0.43586668
0,0,0.34073907
1,0,0.44216633
1,0,0.47353277
0,0,0.4962294
1,1,0.67864305
0,0,0.49673223
1,0,0.4198373
0,0,0.43654397
0,0,0.49482566
0,0,0.38363364
1,0,0.43778273
0,0,0.40977746
1,1,0.5482134
0,1,0.74121714
0,1,0.5728091
1,1,0.6778982
0,1,0.5236
0,0,0.48026717
0,0,0.3083188
1,1,0.54874593
0,0,0.37208578
0,0,0.48446366
0,0,0.37325665
0,1,0.5654515
0,0,0.29755655
1,1,0.6225058
0,0,0.40885293
1,1,0.8162417
1,1,0.60981935
0,0,0.3444525
0,1,0.5105646
0,1,0.50530463
1,1,0.50172174
0,1,0.6831522
0,0,0.3495873
1,1,0.5538765
0,1,0.5881877
0,1,0.5693384
0,1,0.5385924
0,0,0.3633757
0,1,0.5039927
0,1,0.5825405
0,1,0.60645396
1,1,0.57474947
0,0,0.35058686
0,1,0.54664063
1,1,0.6288382
0,0,0.3991885
0,0,0.3409876
1,1,0.84801316
1,1,0.7169235
0,1,0.612742
0,0,0.39974797
0,0,0.36106974
0,1,0.50401
0,0,0.29731804
1,1,0.5245572
1,1,0.7896068
1,1,0.70508784
0,0,0.33475927
0,1,0.6924069
0,1,0.52586997
0,0,0.26042092
0,1,0.59053594
1,1,0.7543518
1,0,0.42656767
1,1,0.7911934
0,0,0.2924619
0,1,0.5400762
1,1,0.608933
0,1,0.5438439
0,0,0.19590464
0,0,0.3742779
1,1,0.70970374
0,0,0.30149573
1,1,0.57743293
0,1,0.53631276
0,0,0.36578393
1,1,0.52746654
0,0,0.36001626
1,1,0.6719844
0,0,0.4782136
0,0,0.4270376
0,1,0.6133921
0,0,0.33500043
0,1,0.52322555
0,0,0.27288938
0,0,0.37086666
0,0,0.2756182
0,1,0.6135282
0,0,0.36382714
1,1,0.6931485
0,1,0.53999406
1,0,0.36542478
1,1,0.7145057
0,1,0.58107686
0,0,0.4727611
1,1,0.611076
0,0,0.37430048
1,0,0.4648077
0,0,0.40716082
1,0,0.49774238
1,0,0.46975392
0,0,0.25833035
0,1,0.52275735
0,0,0.31216115
1,0,0.3150874
1,1,0.6393687
1,1,0.62895525
0,0,0.37184194
0,1,0.66117376
0,1,0.61260617
0,1,0.6313064
0,0,0.28092217
0,1,0.54553133
1,0,0.4278829
0,0,0.3519683
1,1,0.6023707
0,0,0.37973353
0,0,0.22042286
1,1,0.8250696
0,1,0.5761835
0,1,0.62421995
1,0,0.38687766
1,1,0.54438114
1,1,0.5374002
0,0,0.47034293
1,1,0.5171134
0,0,0.27877885
1,0,0.24832278
0,0,0.33227673
0,1,0.74601173
1,0,0.30339023
0,0,0.26724905
0,0,0.36269912
0,1,0.76118314
1,1,0.5776401
0,1,0.6661489
0,0,0.49962428
1,1,0.5684895
0,1,0.5569326
0,0,0.17871441
1,0,0.47953957
0,0,0.41906226
0,0,0.45489684
0,1,0.58606607
1,1,0.66105825
0,0,0.14781103
1,0,0.37921336
0,1,0.5729055
0,0,0.49814194
0,0,0.44496635
0,1,0.6382514
0,0,0.46839434
0,0,0.45377
0,0,0.48580208
0,1,0.6679659
0,0,0.3512484
0,1,0.626182
0,0,0.41206327
0,1,0.5917019
1,1,0.59884846
0,1,0.59470224
0,1,0.6427996
0,0,0.39212757
1,1,0.7995113
0,1,0.5252475
1,1,0.639645
1,1,0.52046245
0,0,0.4863676
1,1,0.78938156
0,1,0.7344848
0,1,0.6942788
0,0,0.353318
1,0,0.38041425
0,0,0.35132605
1,0,0.39628974
0,0,0.49945918
0,1,0.66521114
0,0,0.29223356
0,1,0.65418994
0,1,0.6022064
0,0,0.301684
1,1,0.63252854
1,1,0.6019978
1,0,0.34743124
0,0,0.26251337
0,0,0.44364777
0,0,0.28117773
0,0,0.21819375
0,0,0.39092302
0,0,0.3960541
1,0,0.30298176
0,0,0.3004749
1,1,0.78185844
0,0,0.3334779
1,1,0.6201846
1,1,0.5976556
1,1,0.5244346
1,0,0.45321676
0,0,0.364212
1,1,0.6245128
0,0,0.4569883
0,1,0.6675059
1,1,0.7437843
0,0,0.39041844
0,1,0.58677006
1,1,0.65966755
1,0,0.46653214
0,0,0.2446353
0,0,0.2548226
0,1,0.505673
0,0,0.41512877
1,1,0.5588897
0,0,0.45451367
1,1,0.55117524
0,0,0.429777
0,0,0.4556272
1,0,0.40595257
0,0,0.4424839
0,1,0.5172523
1,0,0.44796678
0,1,0.63874274
1,0,0.25055164
1,0,0.48842463
0,0,0.3076134
0,0,0.24627216
1,0,0.33029923
1,0,0.34322202
0,0,0.3904509
0,0,0.41283354
1,0,0.28633025
0,0,0.43849137
0,0,0.36876768
1,0,0.40170094
0,0,0.49608237
0,0,0.21289557
1,0,0.40299872
0,0,0.36768505
0,0,0.38255253
0,0,0.4805254
1,1,0.52752876
1,1,0.75576574
0,0,0.31873384
0,1,0.6637843
0,0,0.35267377
0,0,0.28138363
0,1,0.64712286
0,0,0.43909112
1,0,0.25680143
0,1,0.5468426
0,0,0.31961632
0,1,0.69790447
1,0,0.39381674
0,1,0.6107621
0,0,0.3604435
0,0,0.39056873
1,0,0.4024954
0,0,0.3233375
0,0,0.19829361
0,0,0.2834591
0,0,0.4789516
0,0,0.25731495
1,0,0.4515444
1,1,0.68444
0,0,0.40670753
0,1,0.7484283
1,0,0.4142128
0,0,0.4354089
1,0,0.34509137
1,1,0.78453785
1,1,0.72512925
0,1,0.52762634
0,0,0.32850713
1,1,0.5894404
1,0,0.34427562
1,1,0.6160016
1,1,0.6075959
0,1,0.77463573
1,1,0.6641941
0,1,0.70908207
1,0,0.3777915
0,0,0.33803698
0,1,0.5635293
0,0,0.45528126
1,1,0.5606171
0,0,0.39638433
0,1,0.55134445
1,1,0.6224958
0,1,0.59494394
0,1,0.6542098
0,1,0.55289865
1,1,0.62134635
0,0,0.43858808
0,0,0.37877324
1,1,0.6755932
0,1,0.5901299
0,1,0.510862
0,1,0.51911575
0,1,0.58950096
0,0,0.44090536
0,0,0.4875445
0,1,0.64495236
0,1,0.52026373
1,0,0.3642251
1,1,0.5449761
0,1,0.57119983
1,1,0.76600134
1,1,0.60140127
0,1,0.80664104
1,1,0.6535254
0,0,0.42185375
1,0,0.1959727
1,0,0.46165758
0,0,0.23042478
0,1,0.5659234
0,1,0.5147133
0,1,0.5240327
1,0,0.49648088
0,1,0.5343383
0,0,0.37837592
0,1,0.6316274
0,0,0.28363657
0,0,0.39141795
0,1,0.5565503
0,1,0.5294061
0,0,0.41982695
0,0,0.49589777
0,1,0.5306519
1,0,0.43018162
1,1,0.50333613
0,0,0.4775353
1,1,0.73066026
1,1,0.5473905
0,1,0.51403826
0,0,0.49069512
1,1,0.6080176
1,0,0.39827344
1,1,0.7331756
0,0,0.37820503
0,0,0.20568025
0,0,0.48481816
0,1,0.5053927
0,0,0.2878973
1,1,0.77727485
0,1,0.5966676
1,1,0.57055825
1,1,0.6278729
1,0,0.23935653
0,1,0.51437336
1,1,0.8196437
0,0,0.37094957
0,0,0.4835274
0,0,0.48625365
0,0,0.3461294
1,0,0.47911
1,1,0.65581155
0,0,0.3787314
0,1,0.6040495
0,1,0.64972305
1,1,0.5742976
0,0,0.3306044
1,1,0.79202276
0,1,0.68707645
0,0,0.30341268
1,1,0.58348376
0,0,0.46558166
0,0,0.31242895
0,1,0.6153727
0,0,0.43844905
1,0,0.4085624
0,1,0.5461994
0,0,0.3629933
0,1,0.52126926
0,0,0.39077246
1,1,0.6827254
0,1,0.50363547
0,0,0.34261304
0,0,0.35190707
1,1,0.70016193
0,1,0.69900453
0,1,0.67772955
0,1,0.6693721
0,0,0.26491424
0,0,0.36775368
1,1,0.50540197
0,1,0.62071997
1,1,0.7027992
1,0,0.4265906
0,1,0.55558234
1,1,0.75896037
0,1,0.5450796
0,0,0.2773541
1,1,0.59069943
0,0,0.38825873
1,0,0.30958465
1,1,0.6763931
1,1,0.8154557
0,0,0.38730848
1,0,0.44200113
0,1,0.6662647
0,1,0.5546409
0,0,0.41435763
1,0,0.42807373
0,0,0.40676934
1,1,0.644139
1,1,0.58874553
0,1,0.59848744
0,1,0.7308697
1,1,0.5195102
0,0,0.4926027
0,0,0.38070333
0,0,0.41671005
0,1,0.6371657
0,0,0.4123775
0,0,0.36465856
0,0,0.300604
0,0,0.45995447
1,1,0.5342844
1,1,0.5276105
0,1,0.5260536
0,1,0.5707512
0,0,0.30283365
0,0,0.36287594
0,1,0.7009658
0,0,0.4529351
0,0,0.3251378
0,1,0.51767045
0,1,0.52074474
1,0,0.40458095
0,0,0.26468733
1,1,0.555476
1,0,0.49282748
0,1,0.5442544
0,0,0.45867217
1,0,0.4154389
0,1,0.57946116
0,1,0.5594824
1,0,0.48909846
0,0,0.37603316
0,1,0.50764036
0,0,0.4669616
1,1,0.598245
0,0,0.2830939
0,0,0.40699303
0,0,0.24926293
0,1,0.53384924
1,0,0.41523865
1,1,0.5659895
1,0,0.27877522
0,1,0.7408124
0,0,0.46056914
1,0,0.43804497
0,0,0.42895356
0,1,0.62347806
0,1,0.60298884
0,0,0.28171393
0,0,0.40567797
0,0,0.44999582
1,1,0.5077879
0,0,0.36595306
0,0,0.39471298
1,1,0.76692045
0,0,0.4906323
1,0,0.41763616
0,1,0.6669321
0,0,0.36513922
0,1,0.59323823
0,0,0.35706607
0,1,0.68378854
1,1,0.53912437
0,0,0.48763338
0,1,0.5012224
0,1,0.63517684
0,0,0.28056556
1,0,0.44122818
0,1,0.56173575
0,0,0.27555475
1,1,0.59563684
0,1,0.68948114
0,1,0.76288354
0,1,0.6957443
1,1,0.5291038
0,0,0.48508072
0,0,0.23086184
1,0,0.4783773
1,1,0.8226558
1,1,0.57714665
1,1,0.555625
0,1,0.7237293
0,0,0.2993153
1,1,0.51953846
1,1,0.79123926
1,1,0.59352595
1,0,0.38258418
0,1,0.6656248
1,0,0.4829198
1,1,0.7872346
0,0,0.31327704
0,1,0.5803477
1,1,0.63811487
1,1,0.7482378
0,0,0.45891738
1,1,0.6188928
0,0,0.33896178
0,0,0.25569737
0,0,0.36043802
1,1,0.66981447
0,1,0.5441241
1,0,0.38848126
0,1,0.505784
1,0,0.30728522
0,0,0.33283055
1,1,0.59797066
0,0,0.4843372
1,0,0.45779276
1,0,0.48969978
0,0,0.42014444
0,0,0.3614589
0,1,0.82251143
0,1,0.68351215
0,0,0.38455397
0,1,0.58083016
1,1,0.65521985
0,1,0.57089806
0,1,0.5645775
0,1,0.6498578
0,0,0.38214207
0,1,0.6096953
1,1,0.5532456
1,1,0.78818184
0,1,0.6347515
0,0,0.35962218
0,0,0.44121373
1,1,0.6245457
0,0,0.46367756
1,1,0.64111304
1,1,0.61473775
1,1,0.58131945
0,1,0.56215984
1,0,0.49736533
1,1,0.74103934
0,0,0.42331132
0,0,0.4750998
1,0,0.47088638
1,1,0.5359418
0,1,0.67201734
1,1,0.62705344
0,0,0.3772298
0,1,0.6077284
0,1,0.52431387
0,1,0.7091619
0,1,0.54185766
0,0,0.465436
0,0,0.4140676
0,1,0.5402454
0,0,0.41286165
1,0,0.29856023
0,1,0.7272722
0,1,0.6843802
0,1,0.58229375
1,1,0.5790753
0,0,0.48587707
0,1,0.6303009
1,1,0.5945511
0,1,0.6067574
1,1,0.6214637
1,0,0.4493285
0,1,0.7619131
1,0,0.3345832
1,1,0.64425814
0,0,0.4815292
0,1,0.6113501
0,1,0.68906474
0,0,0.29632813
0,0,0.2593537
0,0,0.35192114
1,1,0.6898951
0,1,0.6455904
1,1,0.7052505
1,0,0.19285496
0,0,0.26682436
0,1,0.55410683
0,0,0.26110962
1,0,0.3461891
0,0,0.32794797
0,0,0.28659624
0,0,0.42711672
1,0,0.39215687
0,0,0.31186715
0,1,0.5104957
0,0,0.44051984
0,1,0.5356498
0,0,0.30315915
0,0,0.34670782
0,0,0.48104778
1,1,0.56944704
0,1,0.538351
1,1,0.69532967
1,0,0.46350914
1,1,0.53884006
0,0,0.3652203
0,0,0.35635084
1,1,0.5314082
0,0,0.3214579
0,1,0.5807979
1,0,0.44255885
1,1,0.8346546
0,0,0.46748766
1,1,0.64270324
1,1,0.65956825
0,1,0.7036851
1,1,0.7652051
0,0,0.47383904
0,1,0.59830153
0,1,0.55602753
1,1,0.6119643
0,0,0.39008212
0,1,0.57312906
1,1,0.60754883
0,0,0.4675602
0,1,0.51548105
1,1,0.5504281
0,1,0.5089733
0,0,0.3784377
0,0,0.49534613
0,1,0.6814616
1,1,0.583061
1,1,0.6371768
0,1,0.50906867
0,1,0.53421634
1,1,0.54062915
0,0,0.34166893
0,1,0.52513075
1,1,0.72821414
0,0,0.469819
0,1,0.52472484
0,0,0.45812938
1,0,0.44250593
0,1,0.5248619
1,1,0.50856376
1,0,0.422978
0,0,0.29071355
0,1,0.6051193
0,0,0.3478056
0,1,0.5725372
1,1,0.58818597
0,0,0.41522226
0,0,0.26737994
0,0,0.2898167
1,1,0.73451453
0,1,0.686349
0,0,0.23979832
0,0,0.30874217
0,0,0.456133
1,0,0.4571101
0,1,0.6190027
0,0,0.45311925
1,1,0.6559158
1,1,0.6592105
0,1,0.7249912
1,1,0.5333494
0,0,0.3740099
0,0,0.39552343
0,1,0.5258248
1,0,0.48451722
0,1,0.5046325
0,0,0.48490447
0,0,0.47244275
0,1,0.53846925
0,1,0.50234437
0,1,0.5161571
1,0,0.36181772
0,0,0.4399626
0,1,0.6149701
0,0,0.3467167
0,0,0.23646158
1,0,0.4435748
0,0,0.22731951
0,1,0.54768544
0,1,0.51377195
1,1,0.5238031
1,1,0.7160058
1,0,0.4123059
1,1,0.51973146
0,0,0.48975846
0,0,0.42898673
0,0,0.2928763
0,1,0.52417755
1,1,0.537427
0,1,0.6396527
0,1,0.52833223
1,0,0.35466135
1,0,0.46560612
0,0,0.49693644
0,1,0.5895568
0,0,0.36326143
0,0,0.29647207
0,0,0.30401805
0,0,0.3766459
1,0,0.43066922
1,0,0.29466426
0,1,0.55888116
0,0,0.33132866
1,1,0.72638077
1,1,0.6037565
1,1,0.72473055
1,1,0.7324474
0,1,0.54574525
0,0,0.27720296
0,0,0.3896606
0,1,0.51956886
1,1,0.5456641
1,0,0.3830743
0,0,0.3975203
1,1,0.65385574
0,0,0.3340446
0,0,0.26965648
0,1,0.66016644
0,1,0.5852738
0,1,0.6660201
0,0,0.42471272
1,1,0.5307666
1,1,0.5975158
0,1,0.61395997
1,1,0.55663145
0,1,0.7261578
0,1,0.63208413
0,1,0.690618
0,0,0.39885634
1,0,0.4134053
1,0,0.49888176
1,0,0.26884803
0,1,0.7828916
1,1,0.50108325
1,0,0.49945647
1,1,0.5993443
1,1,0.69420534
0,0,0.41608098
1,1,0.76269233
0,0,0.4521536
0,0,0.35581407
1,0,0.40587232
1,1,0.5082437
0,0,0.44213676
0,0,0.38987866
0,1,0.50347126
0,0,0.20378838
1,0,0.44658485
0,1,0.7036345
0,1,0.544655
0,1,0.65467316
0,1,0.80727226
0,1,0.66553736
1,0,0.41391248
1,1,0.7290101
1,1,0.6526141
0,1,0.56915975
0,0,0.3908827
1,1,0.5025149
0,0,0.39801732
0,0,0.2947429
0,0,0.398289
0,1,0.50867355
0,0,0.44642735
0,0,0.23068821
1,1,0.7025889
0,1,0.5550217
0,0,0.46456122
1,0,0.49814087
1,1,0.5773485
0,0,0.347326
0,1,0.5507918
0,1,0.5476886
0,0,0.49797788
0,1,0.6365979
0,0,0.49435598
1,1,0.6541758
1,0,0.3982508
1,0,0.43624142
0,1,0.6362332
0,0,0.35503256
0,0,0.3890412
1,1,0.7480023
0,0,0.41298687
0,1,0.52213925
1,1,0.62205285
0,0,0.24832346
1,0,0.27184722
0,1,0.6232237
0,0,0.26433596
1,0,0.32389125
0,1,0.652929
1,0,0.46206176
0,0,0.38230908
1,1,0.55697614
1,1,0.5078682
0,1,0.76470643
0,0,0.38677946
0,0,0.45423836
0,1,0.68203723
0,1,0.5739457
0,0,0.3668274
0,0,0.41881827
0,0,0.49037343
1,1,0.5631145
0,0,0.3581664
0,0,0.16630256
0,1,0.69822735
0,0,0.4859221
1,0,0.42272758
0,1,0.6029663
1,0,0.37501034
1,0,0.378876
1,0,0.49535367
0,0,0.41946515
0,1,0.69263375
1,1,0.552839
0,0,0.3437586
0,1,0.7305716
0,0,0.4060697
0,1,0.61180186
0,1,0.6751544
0,0,0.2954529
0,0,0.3830471
1,0,0.4986974
1,1,0.55837595
0,0,0.32349423
0,0,0.29856586
0,0,0.3720664
1,1,0.7290752
0,1,0.6961964
1,1,0.6105063
1,0,0.4561718
0,1,0.61329263
0,1,0.77038187
0,0,0.49937162
1,1,0.5827992
0,1,0.51936084
0,1,0.73781484
0,0,0.44225663
1,1,0.6522806
0,1,0.7273709
1,0,0.4767375
0,0,0.24740374
0,1,0.5526314
0,1,0.6097697
1,1,0.6198198
0,0,0.42359596
0,0,0.39675808
0,0,0.33576667
1,1,0.7167291
1,1,0.59361666
0,0,0.20490721
0,0,0.41285682
0,0,0.36595783
0,0,0.38057333
0,1,0.5819373
1,0,0.47692403
1,1,0.8033735
0,0,0.3438219
0,1,0.5450488
1,0,0.45545402
1,1,0.6320426
1,1,0.9031428
0,1,0.65860546
0,1,0.6160925
0,0,0.4424295
0,1,0.5843012
1,1,0.57948583
1,1,0.6990359
0,1,0.506183
0,0,0.28549293
0,0,0.48288918
0,1,0.5892567
0,1,0.50626737
0,0,0.2427528
0,1,0.6555915
1,1,0.5102885
1,1,0.58119285
0,1,0.7385152
0,1,0.6854631
0,0,0.26389652
0,1,0.6854051
0,1,0.5815892
0,0,0.33503738
0,0,0.40972006
1,1,0.5515826
1,1,0.5938787
0,0,0.47034928
0,0,0.48595765
1,0,0.4705
1,1,0.57907975
0,0,0.28840464
1,1,0.7957628
0,0,0.30140844
0,1,0.5994263
0,1,0.80603874
1,1,0.5687733
1,1,0.75626934
0,1,0.55697066
0,0,0.41040188
1,1,0.54853666
0,0,0.3436111
0,1,0.54241335
0,1,0.5470357
0,1,0.53832483
1,1,0.69999504
0,1,0.5153171
1,1,0.5900255
0,1,0.5492573
1,0,0.49677148
1,1,0.6054117
0,0,0.4973935
1,1,0.6150941
0,0,0.450542
0,0,0.33227047
0,0,0.41354468
0,0,0.41960347
0,0,0.19763036
0,0,0.42274854
1,1,0.5496574
0,1,0.58952653
0,0,0.41939023
0,0,0.40009993
0,0,0.29895896
0,0,0.18026339
0,0,0.30828455
0,0,0.3136198
1,1,0.61973345
0,0,0.40662324
1,0,0.23916851
1,0,0.4029523
1,1,0.6870654
1,0,0.4893879
1,1,0.53232896
0,0,0.25419986
1,1,0.6056117
0,1,0.64790314
1,1,0.7138892
0,1,0.74051297
0,0,0.39315408
0,0,0.22640768
0,1,0.5858851
0,0,0.29511932
1,1,0.6943332
1,1,0.5018736
1,0,0.21500167
0,0,0.2715695
0,0,0.40013131
1,1,0.7570179
0,0,0.43715325
1,1,0.57541966
1,1,0.7571197
0,1,0.6315831
0,0,0.49985138
0,0,0.45215982
0,1,0.74417573
0,0,0.29238865
1,1,0.5363749
0,1,0.6018259
0,1,0.7497303
1,1,0.61684734
0,0,0.18487221
0,0,0.3146435
0,1,0.5767576
0,0,0.41929117
1,1,0.5157067
0,1,0.56320727
0,1,0.51817214
0,0,0.26617667
1,0,0.4965938
0,0,0.3498112
0,0,0.39436302
0,0,0.19587591
0,1,0.67838544
0,1,0.55477303
1,1,0.5431154
0,0,0.48591566
0,1,0.6042855
1,1,0.58666813
1,0,0.48748413
0,0,0.18076363
0,1,0.583125
1,1,0.5103644
0,1,0.6230663
0,1,0.5668887
0,1,0.51792353
0,1,0.5509564
1,0,0.43296212
1,1,0.6368724
0,1,0.7877031
0,0,0.3534486
1,0,0.26749817
0,0,0.3583774
0,1,0.58663744
0,0,0.27118984
0,1,0.6242454
0,1,0.6603514
1,0,0.43670496
0,0,0.42446113
0,0,0.43933895
0,0,0.29524496
0,0,0.3267182
1,0,0.35122082
0,1,0.72731775
0,0,0.3825564
0,0,0.36286414
0,0,0.4534529
1,1,0.62272406
0,1,0.7096284
0,0,0.45993719
0,0,0.40090492
0,0,0.47142732
0,1,0.5393687
1,1,0.64801687
0,0,0.4359476
1,1,0.5967912
0,0,0.4902189
0,0,0.44800654
0,0,0.44469103
0,0,0.398268
1,1,0.6559387
0,1,0.5633775
0,1,0.5373956
1,1,0.6608385
0,0,0.39273003
0,0,0.43013918
0,0,0.33819625
0,1,0.7423362
0,0,0.43376756
1,0,0.42752254
0,1,0.57583797
1,1,0.7865668
0,1,0.5225324
1,0,0.46659666
0,1,0.5593883
0,0,0.31453276
0,0,0.47129855
0,0,0.3234558
1,1,0.7885581
1,1,0.6865862
0,0,0.28740475
0,0,0.36891437
0,1,0.55612975
1,0,0.33543912
1,1,0.6406171
1,1,0.6198933
0,0,0.31373495
1,0,0.39718065
0,0,0.4296654
0,1,0.69301176
1,1,0.6802361
0,0,0.3777255
1,0,0.45220822
0,0,0.26325053
0,0,0.40809876
0,1,0.63286805
0,0,0.40288243
0,0,0.4639112
0,0,0.4290856
0,1,0.56691086
1,0,0.31996715
0,0,0.3471821
0,0,0.45945564
0,0,0.35447618
0,0,0.30545476
0,0,0.2788065
0,1,0.6406202
1,0,0.3484428
1,0,0.48670048
0,0,0.42133826
0,0,0.4406435
1,1,0.52179676
0,0,0.3107586
0,1,0.57406414
0,0,0.45502755
0,1,0.5987381
1,1,0.6016911
0,1,0.5891057
0,1,0.6453096
1,0,0.37757465
0,0,0.2748538
1,1,0.5749051
0,1,0.5012767
0,0,0.43274614
0,1,0.60378486
1,0,0.42805222
0,0,0.33738568
0,0,0.46687698
1,1,0.55891114
0,1,0.53289515
0,0,0.24349226
0,0,0.28336498
1,1,0.70895493
1,1,0.7166127
0,0,0.2580065
0,0,0.41507056
1,1,0.6398451
0,0,0.34727055
0,1,0.5791707
1,1,0.59335876
0,1,0.670251
1,0,0.44564947
0,0,0.3962672
1,1,0.5077629
1,1,0.58531934
0,1,0.56915975
0,0,0.34086597
0,0,0.40644062
0,1,0.56547236
0,1,0.5360042
0,0,0.37379217
0,0,0.46809787
0,0,0.31553656
0,0,0.4313733
1,1,0.6556188
1,0,0.4413407
1,1,0.73992884
0,1,0.5810385
0,0,0.36243543
1,0,0.46174082
1,1,0.52789617
1,0,0.4117549
0,0,0.25875267
1,1,0.61571246
1,1,0.7357255
1,1,0.65230674
0,0,0.18529727
0,0,0.49757135
0,0,0.358408
0,0,0.33299494
0,0,0.3393023
0,0,0.42984977
1,0,0.45510098
0,1,0.54559284
1,0,0.26053858
0,0,0.3234395
1,0,0.4093837
1,1,0.50523937
0,0,0.3381644
1,0,0.44036314
0,1,0.50952506
0,1,0.54323304
0,0,0.17109409
1,1,0.6303134
0,0,0.34924242
0,1,0.67676324
1,0,0.40105414
1,1,0.5165948
1,0,0.3369368
1,1,0.6074107
0,0,0.3519161
1,1,0.82959926
0,1,0.51116127
0,0,0.48020646
1,1,0.814135
0,0,0.4885367
0,0,0.4501513
0,1,0.59311575
0,0,0.319322
0,0,0.25496775
1,0,0.4612605
1,1,0.5342784
0,1,0.6169012
0,1,0.5070022
1,1,0.6557222
0,0,0.33946723
0,0,0.41713306
0,0,0.33334956
0,0,0.48464763
0,1,0.55960643
0,0,0.3894819
1,0,0.30091837
0,0,0.41004443
0,0,0.28980756
1,1,0.5277826
0,0,0.34034827
1,1,0.74217993
0,0,0.24200761
0,1,0.5798087
1,1,0.58650106
1,0,0.3951864
1,1,0.83792114
0,0,0.40755782
0,0,0.16587156
1,1,0.52601224
1,0,0.452161
1,1,0.63047934
1,1,0.7207437
0,0,0.45174125
1,1,0.7606868
1,1,0.6313678
1,0,0.4674388
0,1,0.543613
0,1,0.53487104
0,1,0.5277563
0,1,0.62528116
0,0,0.34251162
0,1,0.6340175
1,1,0.67631745
1,1,0.58961135
0,1,0.6030311
0,1,0.8453147
1,0,0.48380548
1,1,0.5264878
1,0,0.34486955
0,1,0.70771176
1,1,0.6325563
1,0,0.40227395
0,0,0.347907
1,0,0.3712627
0,1,0.53536266
0,1,0.5632737
1,1,0.7948952
1,1,0.5330724
0,1,0.5624582
0,0,0.40038872
0,0,0.48012123
1,1,0.7126728
1,0,0.47062767
1,1,0.68456376
1,1,0.5566124
0,0,0.4720705
1,0,0.39490923
0,0,0.2571623
1,1,0.5887363
1,1,0.73175013
1,0,0.4327719
0,1,0.69379276
0,0,0.34744436
0,1,0.5978188
0,1,0.5882676
0,1,0.65479827
0,0,0.37839818
1,0,0.4266281
0,1,0.6080333
1,1,0.6035447
1,0,0.4781785
1,1,0.6048503
0,1,0.50240797
0,0,0.34122446
0,0,0.33852586
1,0,0.35556924
1,1,0.56492805
0,1,0.59346825
1,1,0.5591388
0,1,0.501868
1,0,0.49307325
1,0,0.37845942
1,1,0.6428949
1,0,0.47965848
0,1,0.5014907
0,0,0.4344761
0,0,0.40318975
1,0,0.41448513
1,1,0.5202387
1,1,0.64888483
1,1,0.5061303
0,0,0.49765718
0,0,0.3226533
0,1,0.62675184
0,0,0.43563047
1,1,0.6990262
1,1,0.5019068
0,0,0.4151721
0,0,0.26032946
1,1,0.5964033
0,1,0.51815236
1,1,0.5043793
0,0,0.4941403
0,1,0.665607
1,0,0.3503227
0,0,0.4153945
0,0,0.31926572
1,1,0.58994806
0,0,0.4776192
1,0,0.43370417
1,0,0.39550623
0,0,0.37182483
1,1,0.65644723
0,0,0.45434344
0,0,0.43112049
1,1,0.54025143
0,1,0.7953692
0,0,0.3225694
0,1,0.5120106
0,0,0.47044328
0,0,0.46904662
0,1,0.58169156
1,0,0.49293974
1,1,0.5376957
1,0,0.45037192
1,0,0.44224623
0,0,0.263231
1,0,0.46519244
0,0,0.49392492
0,0,0.4692372
1,1,0.80390775
0,1,0.7016202
0,0,0.37615937
0,1,0.5509232
0,1,0.56712186
0,0,0.30902135
1,1,0.6029336
1,1,0.7081864
0,0,0.4698966
1,1,0.58475727
1,1,0.67311317
0,0,0.28494555
1,0,0.30351555
0,0,0.4080328
1,1,0.50980735
0,1,0.51463014
0,1,0.5584843
0,0,0.406597
0,1,0.5269786
0,0,0.35705003
1,0,0.36680937
0,0,0.48798904
0,0,0.39827412
0,0,0.4485675
0,0,0.3912929
1,1,0.5699661
0,0,0.41599834
1,0,0.2709016
1,0,0.378238
1,1,0.72207236
1,1,0.5337355
0,0,0.2892705
1,0,0.39046398
0,1,0.5119533
0,0,0.40870285
1,1,0.8471809
0,1,0.5903621
0,1,0.54363775
0,1,0.60338306
1,1,0.64265627
0,0,0.49237317
1,1,0.597244
0,0,0.4776865
1,1,0.5162237
0,0,0.16898952
0,1,0.5071203
1,0,0.35181937
1,0,0.3492106
1,1,0.5055827
0,0,0.42556894
1,0,0.36398423
0,0,0.4529734
0,0,0.48114392
0,0,0.31183493
1,1,0.62536615
0,0,0.34618285
0,1,0.58608115
1,0,0.34986416
0,0,0.3264417
0,0,0.2354858
1,1,0.7998095
0,0,0.2979225
1,0,0.3146487
1,1,0.6702517
0,1,0.62712705
0,1,0.59872466
0,0,0.44078085
0,0,0.41916752
0,1,0.5553993
1,0,0.29917607
0,1,0.6755639
0,0,0.29553443
0,1,0.5052174
1,1,0.7392771
0,1,0.68275887
0,0,0.3474902
1,0,0.37551665
0,0,0.36755386
0,0,0.46549588
1,0,0.4447542
0,0,0.37708533
1,0,0.42206988
0,0,0.26564083
0,1,0.55954224
1,0,0.39994723
1,0,0.33273908
0,1,0.6246176
0,0,0.37149853
0,1,0.7486754
0,1,0.6478734
1,0,0.40958253
0,0,0.45228052
0,0,0.21049182
0,0,0.44554013
1,1,0.557635
0,1,0.68156415
0,1,0.75876606
1,0,0.48449436
1,1,0.6760965
0,0,0.38794664
1,0,0.38879117
1,1,0.6789188
0,0,0.33369336
0,0,0.43750235
0,0,0.34598723
1,1,0.6725355
1,0,0.49802694
1,1,0.8025213
1,1,0.75132215
0,0,0.2747283
0,0,0.31626752
1,1,0.6784523
1,1,0.7966088
0,0,0.28734827
0,0,0.47387323
0,0,0.20468788
0,0,0.4005462
1,1,0.8067576
1,1,0.5222409
0,0,0.28028136
1,1,0.5624238
0,0,0.19396731
0,1,0.6389191
1,1,0.6125416
0,0,0.24364613
1,0,0.4211269
0,0,0.39994663
0,1,0.5270914
1,1,0.6122709
1,0,0.39367285
1,1,0.52152854
1,0,0.42075682
0,1,0.5232286
0,0,0.27254722
0,0,0.40171304
0,1,0.65046567
1,1,0.66100943
0,0,0.42205396
1,0,0.44691324
1,1,0.5498386
1,0,0.38941857
0,1,0.6476891
0,1,0.53948736
1,1,0.81197256
0,1,0.62415975
1,0,0.4032683
1,1,0.51676816
0,0,0.38766286
0,0,0.4715333
1,1,0.82943755
0,0,0.28824434
0,0,0.2960631
1,1,0.54160327
0,1,0.5440998
1,1,0.63624024
0,0,0.13880661
0,0,0.39676115
1,1,0.541348
1,1,0.5308932
1,1,0.5860005
1,1,0.6574521
1,1,0.77503383
1,1,0.5425881
0,0,0.3676271
0,0,0.46956968
0,0,0.3882211
0,0,0.15212364
0,0,0.44097704
1,0,0.27383223
1,1,0.54239684
1,1,0.6667903
0,0,0.31636226
0,0,0.42911068
1,1,0.7065736
1,1,0.6914838
0,0,0.48281324
0,0,0.4166748
0,1,0.5141251
0,1,0.71570784
1,0,0.47991326
0,0,0.26987675
0,1,0.57783765
0,0,0.3827563
0,1,0.6156426
0,0,0.34763765
0,1,0.5923658
1,1,0.73613113
0,1,0.5005713
0,0,0.47110122
1,0,0.28288284
1,1,0.5003622
1,0,0.31798136
1,1,0.5317948
0,0,0.3374329
0,0,0.4355196
0,1,0.5830432
0,0,0.46655074
0,1,0.6779501
1,1,0.6972939
1,1,0.61681056
0,0,0.3796424
0,0,0.36919606
0,0,0.45803052
1,1,0.52090687
0,1,0.54149044
1,1,0.5609877
0,0,0.489603
0,1,0.5614422
0,0,0.20878378
1,0,0.39299086
1,1,0.658996
0,1,0.6472947
0,1,0.51831436
0,0,0.43805572
0,0,0.25759995
0,1,0.6388631
1,1,0.7051746
1,0,0.27282655
0,0,0.43698284
1,0,0.4614984
1,1,0.75588423
1,1,0.6586407
1,0,0.42959687
0,0,0.21829651
0,1,0.6728392
1,1,0.5055783
0,1,0.628436
1,1,0.69776714
0,0,0.2654912
1,0,0.22764623
1,1,0.7439874
0,0,0.42154795
0,0,0.43086204
0,0,0.3332649
1,1,0.61043364
0,1,0.6828223
1,0,0.2883936
1,0,0.25207308
0,0,0.3501995
0,0,0.32002527
1,1,0.604021
0,0,0.4269725
0,0,0.4707065
0,0,0.46372613
0,0,0.4408729
1,1,0.63849896
0,0,0.42037314
0,0,0.28772497
0,0,0.4495507
0,1,0.5519285
0,0,0.21689424
0,1,0.5502873
1,1,0.5835797
0,0,0.43259853
0,0,0.34078395
1,1,0.5574797
0,0,0.33682716
1,1,0.56635004
1,1,0.55789614
0,0,0.39183182
1,1,0.87567115
0,1,0.532179
0,0,0.3914551
0,1,0.6798978
0,0,0.3858232
0,1,0.6343481
0,1,0.54278445
0,0,0.31441218
0,0,0.45272464
0,1,0.69471276
1,1,0.57207835
1,1,0.69898576
0,1,0.542212
1,1,0.724006
1,0,0.31517044
1,0,0.40072757
1,1,0.6670536
0,0,0.25179932
0,1,0.59925485
1,1,0.81615543
0,0,0.38815805
0,0,0.38809443
0,1,0.60522586
1,1,0.7080429
1,1,0.6289069
0,1,0.5323665
0,0,0.39706546
0,0,0.30960423
0,0,0.45013252
0,0,0.39068502
0,0,0.36320347
0,1,0.5068622
1,1,0.7704458
1,1,0.69379354
1,0,0.3969477
0,1,0.68218845
0,0,0.48807335
0,1,0.59950376
0,1,0.53743553
1,0,0.41097197
1,0,0.24790086
0,1,0.5750488
1,1,0.5299169
0,1,0.6103614
1,1,0.52071047
0,0,0.28111872
1,0,0.23175086
0,0,0.43139598
0,0,0.38481566
1,0,0.25968575
0,0,0.471251
0,0,0.21494134
1,1,0.70694476
0,0,0.32703567
0,0,0.25268126
1,1,0.7270679
0,1,0.51638114
1,0,0.49208498
1,1,0.7948219
1,0,0.40291318
0,0,0.4722981
0,1,0.6181993
0,0,0.31505635
1,1,0.6110201
0,1,0.70146877
0,0,0.43305278
0,1,0.5957743
1,0,0.31042463
1,0,0.45882046
0,1,0.5982731
0,0,0.37060982
0,0,0.22942652
0,1,0.5093608
1,1,0.5721146
0,0,0.23729096
0,0,0.4531961
1,1,0.5542628
0,0,0.34294167
0,0,0.43317285
1,0,0.46031684
1,1,0.6115368
0,1,0.83436805
1,1,0.61467683
0,0,0.46423867
1,0,0.41658658
0,0,0.26672223
1,1,0.5818023
0,1,0.73032767
0,0,0.42500356
1,1,0.6074476
0,0,0.29528955
1,0,0.25084066
1,1,0.58549774
0,1,0.505975
1,0,0.472987
0,1,0.55699974
0,0,0.34718633
1,1,0.7829623
1,1,0.5702176
1,0,0.4045353
0,0,0.36664507
0,1,0.5181046
1,1,0.6122883
0,1,0.52006096
1,0,0.46134314
0,0,0.34975618
0,0,0.42816693
1,1,0.510918
0,1,0.56505525
0,0,0.3357442
1,0,0.47544459
0,0,0.31540716
1,0,0.22702605
1,1,0.54602194
1,0,0.41669422
1,0,0.36609596
0,0,0.33529428
0,1,0.5613462
0,0,0.2210178
0,0,0.39294133
0,1,0.73958856
1,0,0.39431638
1,0,0.3590094
0,1,0.59864724
0,0,0.38335803
1,0,0.415243
0,1,0.66531277
0,1,0.5544961
0,0,0.27337056
1,0,0.46119168
0,1,0.502164
0,1,0.5462539
0,0,0.4961516
0,1,0.5544492
0,0,0.28897274
1,1,0.59530145
0,0,0.17849429
1,1,0.60471666
0,0,0.47701484
1,1,0.55055416
0,1,0.5663302
1,1,0.67113256
0,0,0.42040938
0,0,0.39658645
1,0,0.36000195
0,0,0.48485592
1,0,0.4421876
0,1,0.5850875
0,1,0.56900734
1,0,0.47848728
0,0,0.33469415
1,1,0.5608231
0,0,0.2412174
0,0,0.33415455
0,0,0.41808566
0,0,0.3898171
0,1,0.5446397
0,1,0.5076617
0,0,0.4169881
0,1,0.51908183
0,0,0.3606489
0,1,0.7085932
0,0,0.39748535
0,0,0.24719815
1,1,0.5281696
0,0,0.4797103
1,1,0.7681498
0,1,0.5422717
1,0,0.46205044
0,0,0.45268646
0,0,0.4673803
0,0,0.39144453
1,0,0.46484408
0,1,0.5586521
0,1,0.68235856
0,0,0.4935009
1,1,0.6876159
1,1,0.62335956
1,1,0.6625492
1,1,0.7164562
0,1,0.84141237
1,0,0.47608298
1,1,0.6805447
0,0,0.35042566
0,0,0.40994993
0,1,0.5286967
0,0,0.38212198
0,1,0.5788593
0,0,0.35234934
0,0,0.26189867
1,1,0.6669446
1,0,0.47127786
0,1,0.5514675
0,0,0.13367271
0,1,0.5791204
0,0,0.33597723
0,0,0.3273961
0,0,0.37109867
0,1,0.60749435
0,1,0.6369363
1,1,0.7048873
0,0,0.43592355
1,0,0.4435324
0,0,0.33331257
0,0,0.38608167
0,0,0.32484892
0,1,0.6920288
0,0,0.36550835
1,1,0.553966
0,1,0.5734678
1,0,0.483511
0,1,0.55147994
1,1,0.6089838
1,1,0.6295195
0,1,0.54820156
0,0,0.24621594
0,1,0.5212471
0,1,0.510724
0,1,0.7966734
0,0,0.4893095
1,1,0.61439407
0,0,0.46060202
0,0,0.42640755
0,0,0.36023057
1,1,0.71699417
0,1,0.64810234
1,1,0.56083
0,1,0.63622475
1,1,0.8314807
1,1,0.51609594
0,0,0.36760995
1,1,0.62277395
0,1,0.51688653
0,1,0.54382294
0,1,0.65851027
1,1,0.61340827
1,1,0.61535823
0,0,0.31039193
0,0,0.45032796
1,1,0.618074
0,0,0.3145419
1,0,0.49914205
1,0,0.33906
1,0,0.33622584
0,1,0.52716935
0,1,0.65136755
0,0,0.31377378
0,0,0.445541
0,1,0.54294854
1,0,0.43130836
1,1,0.6908167
1,1,0.5675884
0,1,0.6328428
0,0,0.3048798
0,1,0.75985193
0,0,0.2876174
0,0,0.2638511
0,1,0.6400477
1,1,0.71662
0,1,0.6983641
0,1,0.5415885
1,0,0.47016138
0,1,0.5986025
1,0,0.34374118
0,0,0.43561956
1,0,0.46194047
1,1,0.5311605
0,0,0.49410254
0,0,0.2961678
0,1,0.5513979
1,1,0.75803685
0,0,0.4792
1,1,0.82909924
1,1,0.5437606
1,1,0.623327
0,0,0.4535923
0,1,0.6165387
1,1,0.5460034
0,0,0.36880636
0,1,0.75486594
0,1,0.714663
1,1,0.5518829
0,0,0.40338516
0,0,0.30222347
1,1,0.6322044
0,0,0.4740978
1,1,0.73801094
1,0,0.3826627
0,1,0.68891823
0,1,0.6489388
0,1,0.5126239
1,0,0.39097825
1,0,0.3389584
1,1,0.7193508
0,1,0.6155403
1,1,0.691286
0,0,0.44839075
0,0,0.31033075
1,0,0.29884169
1,1,0.6931706
0,0,0.36908245
1,0,0.2938681
0,0,0.13005479
1,0,0.2906785
0,1,0.5485615
1,1,0.55661947
1,0,0.20685594
0,0,0.36924878
1,1,0.5858509
0,0,0.32796878
0,0,0.36812916
1,0,0.4562503
0,0,0.45380563
0,0,0.3472178
1,0,0.1954827
0,0,0.4149277
1,1,0.56423044
1,0,0.106581345
0,0,0.32597446
0,0,0.45029962
0,1,0.8531638
0,1,0.6470778
0,0,0.42490017
1,0,0.4787032
0,0,0.36087334
1,0,0.17363724
0,0,0.42233709
0,0,0.3121741
0,0,0.4858813
0,0,0.2513745
0,0,0.18573312
0,0,0.49294287
0,0,0.38844016
0,0,0.33993182
0,0,0.34754413
0,0,0.40433836
0,0,0.31997448
0,0,0.4114812
1,1,0.5366773
0,0,0.2606172
0,1,0.84573406
0,0,0.4762763
0,0,0.48653132
0,0,0.4847231
1,1,0.6373469
1,0,0.32548195
1,0,0.33023378
0,0,0.33223563
0,0,0.31907687
1,1,0.6692849
0,0,0.25017962
1,0,0.4252166
1,1,0.7378862
0,1,0.67625916
0,0,0.34149295
0,1,0.5609048
1,1,0.8611883
0,0,0.36953557
1,1,0.6318943
1,1,0.5105687
0,0,0.28034127
0,0,0.38719353
0,0,0.23672654
0,0,0.31237417
0,0,0.35431227
1,1,0.60009813
0,0,0.23963356
1,0,0.4841762
0,1,0.6889229
0,0,0.24255958
0,0,0.36399826
1,1,0.6580159
0,1,0.6385854
0,0,0.30469117
1,0,0.36089996
1,1,0.6475951
1,0,0.2604565
1,1,0.8124843
0,0,0.41187945
0,1,0.6110295
1,1,0.689667
0,1,0.6328823
1,0,0.27286798
0,1,0.6291785
0,0,0.4873328
1,0,0.2604426
1,0,0.47335443
1,1,0.5443252
0,1,0.5217975
0,0,0.43611503
0,0,0.32949603
1,0,0.40553075
1,1,0.6845029
0,0,0.43640828
1,1,0.64101374
0,1,0.61736894
0,1,0.6921465
1,1,0.5708763
0,0,0.4958029
0,1,0.5460965
1,0,0.40525386
1,1,0.69768405
0,1,0.63842374
1,1,0.5600707
0,0,0.37857595
0,0,0.40545502
0,1,0.63800174
1,1,0.56300515
0,0,0.35278925
0,1,0.73779494
1,1,0.51544654
1,0,0.44846973
0,0,0.34033346
0,0,0.27999663
0,0,0.37951958
0,0,0.47286722
0,1,0.6997481
0,1,0.62735194
1,1,0.6494156
0,0,0.3657284
1,0,0.42497537
0,0,0.48582032
1,0,0.34734556
0,1,0.5669252
1,1,0.53298956
0,1,0.71018434
1,0,0.43526763
0,0,0.35387525
0,1,0.52692163
1,1,0.5388647
0,0,0.34998652
1,0,0.37257582
0,0,0.26964885
0,0,0.30408597
0,0,0.41627496
0,0,0.29207563
1,1,0.65733594
1,0,0.45426723
1,1,0.5623707
1,0,0.2788846
0,0,0.272734
0,0,0.20732088
0,0,0.4924561
0,1,0.50443393
1,0,0.38622695
1,1,0.82735527
1,1,0.71814203
0,0,0.36095858
0,1,0.7006394
1,1,0.67232084
0,0,0.48447874
0,0,0.36218116
0,0,0.45603395
0,1,0.5392321
1,1,0.7602138
0,0,0.2877132
1,0,0.39351058
0,1,0.50120664
0,0,0.23401995
0,0,0.17989409
0,0,0.30503574
0,0,0.28921244
0,0,0.30293897
0,0,0.31568757
0,0,0.29015175
1,1,0.71402705
1,1,0.55649513
0,0,0.45562035
0,1,0.5035555
0,1,0.56355107
0,1,0.776952
1,0,0.49342927
0,0,0.278498
0,1,0.5338806
0,1,0.65337974
0,0,0.45154577
1,0,0.44834864
0,0,0.4470049
0,1,0.54573613
0,1,0.6369427
0,0,0.39275026
0,0,0.4174903
1,1,0.5826862
0,0,0.46215808
0,0,0.20109397
1,0,0.49752107
1,1,0.66293526
0,1,0.73867005
0,0,0.4941332
0,0,0.3720021
1,1,0.73165494
1,1,0.6815397
0,0,0.47620767
0,0,0.25718427
1,1,0.60353047
0,0,0.23253039
0,1,0.7293301
0,1,0.6184924
0,0,0.4161845
0,0,0.39839622
1,1,0.7192195
1,0,0.34167582
1,1,0.55985177
0,1,0.77700573
1,0,0.3253785
0,1,0.7520689
0,1,0.5492741
0,0,0.2580814
1,1,0.60631746
1,1,0.53274524
1,1,0.6053906
0,0,0.35628465
1,0,0.3566926
1,0,0.4549297
0,0,0.32784176
0,0,0.34335455
1,0,0.2668973
0,0,0.4658331
0,0,0.36740896
0,1,0.54460984
0,1,0.6299322
1,1,0.7064582
0,0,0.38971677
0,1,0.50615543
1,0,0.36765388
1,1,0.58308166
0,1,0.5074651
0,1,0.50771856
0,0,0.35179552
1,1,0.56076944
1,1,0.5109999
0,1,0.5236937
0,0,0.40510508
0,0,0.25370756
1,0,0.4885115
1,1,0.6769403
0,0,0.48688275
1,1,0.74936324
0,0,0.46080694
1,1,0.6232584
0,1,0.57987815
0,0,0.4508905
0,0,0.29436442
1,1,0.5356435
1,0,0.4073904
0,0,0.4578176
1,1,0.68222725
1,0,0.45189667
0,1,0.5332406
0,1,0.5004691
1,0,0.43395656
1,1,0.50143456
0,0,0.23069295
1,1,0.5068191
1,1,0.5213394
0,1,0.54269993
1,0,0.4230545
0,0,0.19180453
1,1,0.59771746
1,1,0.68145585
0,0,0.45078313
0,0,0.45051482
0,0,0.27705422
0,0,0.3815805
0,0,0.44259834
1,1,0.51629233
0,0,0.42055938
0,0,0.4688844
1,1,0.52617306
0,1,0.5245808
0,0,0.47923177
0,0,0.3515874
0,0,0.405041
0,1,0.5156229
0,1,0.68832856
0,0,0.40035608
0,0,0.4247248
0,0,0.44490904
0,1,0.5836566
0,0,0.35558274
1,1,0.7896778
1,0,0.42561555
1,0,0.30097902
0,0,0.28187826
0,1,0.66763973
0,0,0.40593335
0,0,0.3736757
0,0,0.40262657
1,0,0.49515733
0,0,0.45130745
0,0,0.3802191
1,0,0.2627941
0,0,0.2772062
0,1,0.79617393
0,0,0.4200605
1,1,0.7609107
0,1,0.6453857
0,1,0.51089144
1,1,0.5206368
1,1,0.5349968
0,1,0.69571066
0,1,0.6134583
1,1,0.6910335
0,1,0.7277161
0,1,0.68596166
0,1,0.7505866
1,0,0.4355581
0,1,0.6011976
0,1,0.701354
0,1,0.62040913
0,1,0.6091548
0,1,0.5219487
0,0,0.2858845
0,0,0.3248724
0,0,0.44744983
0,0,0.1635458
0,0,0.2778822
0,0,0.41065258
0,0,0.37347806
0,0,0.35348135
0,0,0.39101282
1,1,0.5154858
0,0,0.3598507
1,0,0.44358936
0,1,0.525374
0,0,0.41139302
0,0,0.2560373
0,0,0.36558363
0,1,0.62460566
1,1,0.61030835
1,1,0.57760155
1,1,0.71091837
0,0,0.43535784
0,1,0.70207846
0,1,0.607217
0,1,0.50317734
0,0,0.35733095
0,1,0.594453
0,1,0.56910694
1,1,0.6915998
1,0,0.42300174
0,0,0.38352945
1,1,0.52953935
1,0,0.49603215
0,1,0.6771377
0,0,0.4419375
0,1,0.6304313
1,1,0.66985536
0,1,0.58154595
0,1,0.60145277
1,1,0.5262127
1,1,0.67833334
0,1,0.5614191
0,1,0.5207665
1,0,0.39040852
0,1,0.5551961
1,1,0.68692845
1,1,0.6915762
0,0,0.4712151
0,0,0.33861437
0,0,0.4770374
0,0,0.48558104
0,1,0.6172482
1,1,0.61029357
1,1,0.700857
0,0,0.42714736
0,0,0.26172444
1,1,0.58207273
0,1,0.5202097
0,0,0.40321252
0,0,0.22271317
1,1,0.6888897
1,1,0.5930354
1,1,0.5889926
0,0,0.37028646
0,0,0.4262122
0,1,0.60387325
1,0,0.2661747
0,0,0.3988344
1,1,0.644644
0,0,0.33450562
1,1,0.5614863
1,1,0.7096822
0,1,0.642732
0,0,0.40710708
0,1,0.58605677
1,0,0.46382943
0,0,0.3725638
0,0,0.47126
1,1,0.65116405
1,1,0.59476507
1,1,0.56524456
1,1,0.61459535
0,0,0.28511116
1,0,0.37599072
0,0,0.28946665
1,1,0.56168324
0,1,0.6535921
0,1,0.62478703
1,0,0.4860092
0,0,0.27453142
0,1,0.67378664
0,1,0.6059125
0,0,0.45598862
1,0,0.40958592
0,0,0.2554478
1,1,0.64530516
0,0,0.34320548
1,0,0.48834607
0,0,0.27943596
0,0,0.34923166
0,1,0.5176979
0,0,0.42161548
1,1,0.6746314
0,0,0.45456398
0,1,0.52859676
0,0,0.39198688
0,0,0.44362438
0,0,0.43732095
1,1,0.5950458
1,0,0.3315534
0,1,0.68798727
0,1,0.6075325
1,1,0.56424266
1,1,0.7439024
0,0,0.43999308
0,0,0.35634413
0,0,0.20415643
1,1,0.7564003
1,1,0.5078284
0,0,0.2633534
1,1,0.71735394
0,0,0.36571175
0,1,0.64610744
0,1,0.59507763
0,0,0.395563
1,1,0.6644364
0,0,0.27324092
0,0,0.3978673
1,1,0.5736526
0,0,0.37688294
0,0,0.3212632
0,0,0.2916491
0,0,0.43046135
0,1,0.6542578
0,0,0.40541264
1,1,0.5024539
1,1,0.6966849
0,0,0.35962087
0,0,0.41664225
1,1,0.7355552
1,0,0.45697832
1,1,0.55347496
1,0,0.40741456
1,1,0.5760281
0,1,0.557032
0,0,0.44601533
0,0,0.4923535
1,1,0.5507658
0,0,0.44164538
1,1,0.5481931
1,0,0.27539662
0,0,0.39130482
0,1,0.791364
0,1,0.75944036
1,1,0.57331246
0,0,0.39139616
1,0,0.320996
0,0,0.19931093
1,0,0.19275337
0,0,0.32735533
0,0,0.389698
1,1,0.7862726
0,1,0.7841669
1,0,0.49274173
0,1,0.58420014
1,1,0.72059697
1,1,0.6076445
1,1,0.57793146
0,1,0.5643789
0,1,0.55717665
1,0,0.45437485
0,1,0.6762087
1,0,0.40524423
1,1,0.5063359
1,0,0.45207974
0,0,0.2488472
0,0,0.30680236
0,0,0.3857682
0,1,0.5801105
1,1,0.62108994
0,1,0.5468582
0,1,0.527444
1,1,0.6118194
0,0,0.38176456
0,1,0.61413735
0,0,0.43087146
0,0,0.43260232
1,1,0.53974307
0,0,0.32719097
1,1,0.7538559
0,0,0.43921316
0,0,0.3151108
0,1,0.5016451
1,1,0.76715034
0,1,0.66900104
1,0,0.3603762
1,0,0.45384714
1,1,0.8213544
1,1,0.5121227
0,0,0.4836035
0,0,0.46005115
0,0,0.1470781
0,0,0.21160746
0,1,0.76012784
0,0,0.3295505
0,0,0.34202358
0,0,0.25280967
1,1,0.5346808
1,0,0.48943922
0,0,0.41052714
0,0,0.3239148
1,0,0.35790566
1,1,0.5325359
0,1,0.56790715
0,0,0.48796105
0,1,0.58504283
0,0,0.36976948
0,0,0.3231687
0,1,0.55686206
0,1,0.6789278
1,1,0.60431165
0,0,0.37142888
0,0,0.30963403
1,0,0.48669457
1,1,0.70376545
1,0,0.39053637
1,1,0.5923689
1,1,0.539056
1,0,0.40002787
0,1,0.6699841
1,0,0.474608
0,0,0.39177787
0,1,0.5070199
1,0,0.36000124
1,1,0.63364625
0,0,0.36540335
0,0,0.26602775
1,1,0.7642653
0,1,0.6987745
1,1,0.6826201
0,1,0.5143712
0,1,0.55729806
0,1,0.71969396
1,0,0.43803614
0,0,0.43556994
0,0,0.3948792
0,0,0.45349786
1,1,0.579585
1,1,0.8056113
1,1,0.5848613
0,1,0.5125777
1,0,0.4778845
0,1,0.68582857
0,0,0.3986882
0,1,0.52305144
0,0,0.44704473
0,0,0.47757378
0,0,0.27571172
1,1,0.5364903
0,0,0.19684817
1,1,0.651772
1,0,0.3660022
0,0,0.41189185
1,1,0.6089552
0,1,0.5907746
0,0,0.31705955
1,0,0.4256749
0,0,0.37288794
0,0,0.23625222
0,0,0.23145428
1,0,0.34336033
0,0,0.31688103
0,0,0.32055697
0,1,0.61263245
0,0,0.44632605
0,0,0.48226172
0,1,0.7039572
0,1,0.52326953
1,1,0.88653606
0,0,0.3124707
0,1,0.6274319
0,0,0.39555794
0,1,0.518478
0,0,0.17965806
0,0,0.38859963
0,0,0.4675538
1,0,0.4723546
1,1,0.8001316
1,1,0.5419958
0,1,0.6658201
1,1,0.814833
0,0,0.3484868
0,0,0.4570736
1,1,0.7327462
1,1,0.7502202
0,0,0.2622117
0,0,0.3785718
1,1,0.6543162
0,1,0.64949113
1,1,0.55921006
1,1,0.62822556
0,0,0.30562606
0,1,0.5648013
0,0,0.30046535
1,0,0.35413438
0,1,0.74015856
0,0,0.38138708
0,1,0.50893366
0,0,0.4092009
0,1,0.61294526
1,0,0.43863794
0,0,0.2534461
1,1,0.637505
1,0,0.42505935
0,0,0.20089135
0,1,0.6027718
0,0,0.34675875
0,0,0.28263974
0,1,0.5849957
0,1,0.52082336
0,0,0.35830846
0,0,0.33539262
1,1,0.60976547
0,0,0.47257817
0,1,0.81689465
1,1,0.6123126
0,0,0.18671694
1,1,0.5066373
0,1,0.5878264
1,0,0.46922737
0,0,0.4890309
0,0,0.20892735
1,1,0.609161
0,1,0.51590735
1,0,0.47678474
0,0,0.35572392
0,1,0.5694227
0,0,0.48481095
0,0,0.4735385
1,0,0.35154435
0,0,0.31185475
0,0,0.28644922
1,0,0.47941527
0,0,0.25791624
0,0,0.32126117
0,0,0.45235392
1,1,0.6525569
0,0,0.30208185
0,0,0.3931255
0,1,0.542463
1,1,0.5629178
0,1,0.6283207
1,0,0.39352575
0,0,0.30353063
1,1,0.8008818
0,0,0.2725662
0,0,0.4074829
0,0,0.48595285
0,1,0.5551522
1,1,0.69648343
1,1,0.7842437
0,0,0.46564597
1,0,0.4107751
0,0,0.47805035
0,1,0.5804922
0,0,0.3901526
0,0,0.30561373
0,0,0.36775488
0,1,0.50649816
1,1,0.84915465
0,0,0.4471433
0,0,0.41588444
1,1,0.5455843
0,0,0.433583
0,1,0.57148874
1,1,0.61116993
0,0,0.4029127
1,1,0.5417508
1,0,0.23795454
0,0,0.42387953
1,1,0.7882775
0,0,0.4486421
0,1,0.5421976
1,1,0.5813525
1,1,0.72957695
0,0,0.27975887
1,0,0.47729233
1,1,0.5638804
0,0,0.4448631
1,0,0.2756689
1,1,0.7865822
0,1,0.5925161
0,1,0.56723535
1,1,0.55230236
0,0,0.39607295
0,0,0.48394495
0,0,0.25209934
1,1,0.5289654
0,0,0.4918731
0,1,0.5038106
0,1,0.54570496
0,1,0.65476286
0,0,0.27082607
0,0,0.37021825
0,1,0.7142622
1,1,0.589866
0,0,0.40998513
0,1,0.51801986
1,0,0.26863256
1,1,0.8089388
0,0,0.31158715
0,0,0.35348806
0,0,0.3452999
0,0,0.38119796
0,0,0.35188967
1,1,0.6604768
0,0,0.46536496
0,0,0.2773744
0,0,0.34610894
0,1,0.6602094
1,1,0.6545986
0,0,0.42117044
0,0,0.25979066
0,0,0.19389023
0,0,0.4798638
0,0,0.39653718
1,0,0.47614604
0,0,0.19959846
1,1,0.73634034
0,0,0.37104145
1,0,0.39378652
1,1,0.52514964
0,0,0.4734685
0,0,0.28013992
0,0,0.44952035
0,1,0.5844861
0,0,0.29388398
1,1,0.6016609
0,0,0.30552012
0,1,0.6299109
0,0,0.27864742
0,0,0.33013454
1,1,0.6404872
0,1,0.6879654
0,0,0.48704582
0,1,0.5415575
1,0,0.4361289
0,0,0.32883826
0,1,0.6436793
0,0,0.3421816
0,1,0.6451631
0,0,0.38501412
1,0,0.42465264
0,0,0.13894127
0,1,0.7349747
1,0,0.30693057
0,0,0.39716434
0,0,0.44100127
0,0,0.38151893
0,1,0.5919588
1,0,0.2734871
1,1,0.5994387
0,1,0.543924
0,0,0.42775744
0,0,0.47818446
1,1,0.6368023
0,1,0.6331695
0,1,0.5582054
1,1,0.7371417
1,1,0.86133635
0,0,0.33903986
0,0,0.36874938
0,0,0.21044517
0,1,0.75250095
0,1,0.5782996
0,1,0.50319135
1,1,0.6556335
0,0,0.4700136
0,0,0.37628475
0,1,0.607171
0,1,0.52372295
0,1,0.52403057
0,1,0.7192645
0,0,0.23145443
1,1,0.58285004
1,1,0.5028915
0,1,0.7454263
0,1,0.71361375
1,1,0.66776097
1,1,0.52143335
1,1,0.69757986
0,0,0.47825414
1,0,0.34847555
0,0,0.4947839
1,1,0.6888717
1,1,0.6699618
0,1,0.5041598
0,0,0.35275578
0,0,0.27671954
1,0,0.4878666
0,0,0.4937415
0,1,0.6810872
1,1,0.73866737
1,1,0.66943854
0,0,0.44303074
0,0,0.3805647
0,1,0.5734276
0,1,0.5479942
0,1,0.5301581
0,0,0.34754896
1,1,0.74890023
1,0,0.45237046
0,1,0.54582846
0,0,0.49451923
0,1,0.6179447
0,0,0.43179706
0,0,0.42312258
0,0,0.25871438
0,0,0.49379298
1,1,0.7505094
0,1,0.67582154
1,0,0.250406
1,1,0.5149203
0,0,0.37242964
1,1,0.62197715
1,1,0.58032423
0,1,0.6684892
0,0,0.31423596
0,0,0.37423798
0,1,0.60183823
0,0,0.40709794
1,1,0.83014387
0,0,0.45175296
1,1,0.56043136
0,0,0.49096334
0,0,0.1945723
0,1,0.7706855
0,0,0.2505526
0,1,0.7422294
0,0,0.43292153
0,0,0.3007155
0,1,0.6740957
0,1,0.5015748
0,0,0.40998867
0,0,0.335281
0,0,0.39100718
1,1,0.5088574
0,0,0.45130822
1,0,0.4818972
0,1,0.5285362
1,1,0.5651316
1,1,0.62186545
0,0,0.45490715
0,1,0.5591237
0,0,0.4450046
0,0,0.3802854
0,0,0.46112612
1,1,0.5910604
0,0,0.3314086
0,1,0.5621247
0,1,0.532448
0,0,0.28300703
1,1,0.5291126
0,1,0.62507486
1,0,0.47958696
0,0,0.3911658
1,1,0.80839247
0,1,0.5152982
1,1,0.5600707
0,0,0.3648837
1,0,0.2699988
1,0,0.4441879
1,1,0.6125719
0,1,0.5484959
0,1,0.70683753
0,1,0.8149303
0,0,0.26965877
0,0,0.31440803
0,1,0.69854665
0,1,0.61739343
0,1,0.69773674
1,0,0.30921444
0,0,0.4212314
1,1,0.7489057
0,0,0.49121988
0,0,0.4035179
1,0,0.31736025
0,1,0.5051566
0,1,0.60330963
0,0,0.44521347
0,0,0.2624301
0,0,0.4998892
1,0,0.45781055
0,1,0.577343
0,0,0.39492562
0,0,0.3906234
1,1,0.78336036
0,1,0.5817068
0,1,0.5317649
0,1,0.51385146
1,1,0.71395355
0,0,0.23669599
1,0,0.4175307
0,1,0.50660735
0,0,0.4137638
0,0,0.43381917
0,0,0.25663006
1,0,0.30000585
0,1,0.650258
0,0,0.44287762
0,1,0.635033
0,1,0.6488458
1,1,0.76745224
0,0,0.41099826
0,0,0.41898388
1,1,0.58215374
1,0,0.36199352
1,0,0.48694223
0,0,0.3810834
1,1,0.8235506
1,1,0.74892586
0,0,0.28348798
0,0,0.41118076
0,1,0.6239202
0,0,0.43772307
1,1,0.5662009
1,1,0.5570902
0,0,0.22500965
0,1,0.6569098
0,0,0.48171583
0,0,0.49371627
0,0,0.27429977
0,0,0.36781058
0,1,0.587101
0,1,0.59281665
0,0,0.41152224
0,1,0.7139293
1,1,0.72496116
0,1,0.59397626
1,0,0.48292395
0,0,0.4789736
0,0,0.25339237
1,1,0.6656103
1,1,0.5550573
0,1,0.68647444
1,1,0.51024616
1,1,0.8577682
0,0,0.24959253
1,0,0.2768938
1,0,0.38987538
0,0,0.44381145
0,0,0.21618831
1,1,0.6283078
1,1,0.73836726
0,0,0.29645178
0,0,0.39384243
1,0,0.45131195
0,0,0.29638278
0,0,0.29276353
0,1,0.54699033
1,1,0.5080012
0,0,0.48313698
0,1,0.5926985
0,1,0.5631939
0,1,0.6288096
1,1,0.54380035
0,0,0.2094547
0,1,0.5665569
1,1,0.5856065
0,0,0.3441372
1,1,0.5426515
0,1,0.8225289
0,0,0.21727873
0,0,0.4030052
1,0,0.30418503
0,0,0.48663127
0,0,0.4745297
1,1,0.58155954
0,0,0.46468306
0,1,0.6336683
1,1,0.7476506
1,1,0.62799954
0,0,0.27434164
0,0,0.38937262
0,0,0.29893333
0,0,0.37618124
0,0,0.2971387
0,0,0.2920067
1,1,0.6140737
0,1,0.633566
0,0,0.35740608
1,1,0.6314912
0,0,0.26456958
0,0,0.42423657
1,1,0.66090935
1,1,0.5076509
1,0,0.38229692
1,1,0.7806328
1,1,0.62441397
1,1,0.8061409
0,0,0.34432778
0,0,0.3521668
0,1,0.608894
0,0,0.25326738
0,0,0.29369777
0,0,0.47419375
0,1,0.6025235
0,0,0.49358094
0,0,0.42437163
0,1,0.5467134
0,1,0.5292743
0,0,0.4643706
0,1,0.70964545
0,1,0.6438453
0,1,0.5166472
0,1,0.63996977
0,1,0.6723312
0,0,0.3930565
0,0,0.42031363
0,0,0.27996764
1,1,0.58379275
1,1,0.7662769
0,0,0.27980095
0,1,0.5216878
1,1,0.5834596
1,0,0.4914881
0,1,0.57790273
1,1,0.70908374
0,1,0.53203845
0,1,0.66866976
0,0,0.3662008
0,1,0.51757044
0,0,0.31645805
0,0,0.39996418
0,0,0.30822846
0,0,0.3237654
0,0,0.42402554
0,1,0.5069746
0,0,0.4437305
0,0,0.18155678
0,1,0.51588094
0,1,0.6200627
0,0,0.28284356
0,1,0.54089427
1,1,0.68045926
0,1,0.52329546
1,1,0.59189576
1,1,0.7405316
1,0,0.3746139
1,1,0.58707464
0,0,0.39205423
1,0,0.43145603
0,0,0.33241534
1,1,0.60349995
0,0,0.39501646
0,0,0.18706454
0,0,0.33050275
0,0,0.49927884
0,1,0.6236858
0,0,0.36444783
0,0,0.37330553
0,1,0.55352795
0,0,0.43397835
0,1,0.51064473
0,0,0.29771996
0,0,0.405485
1,1,0.7550103
0,0,0.40796587
0,1,0.729806
1,0,0.302786
0,0,0.4072728
0,0,0.45679995
1,1,0.51255083
0,0,0.25113672
1,1,0.83155507
1,1,0.60018796
1,0,0.3494435
0,0,0.21374434
0,0,0.37797752
1,1,0.6038652
0,0,0.37768212
0,1,0.6747826
0,1,0.6039101
0,1,0.5853653
1,1,0.5036389
0,0,0.23558599
0,1,0.61116034
0,0,0.46675894
1,1,0.5744556
0,0,0.4090274
0,0,0.4176317
1,0,0.36051175
0,1,0.7114573
0,0,0.32246262
1,0,0.26788676
1,1,0.74197626
1,1,0.6097147
0,1,0.67901796
1,0,0.49871552
0,0,0.3671247
0,0,0.4286849
0,0,0.26387656
1,0,0.39050552
1,1,0.6176
0,1,0.5778089
0,0,0.39120787
1,1,0.7030133
1,1,0.7283812
0,0,0.22023141
0,1,0.5838765
1,1,0.5314863
1,1,0.79221654
1,1,0.6827379
1,1,0.54566485
0,0,0.3966353
0,1,0.57701594
1,1,0.57205975
0,1,0.55625635
0,0,0.3670293
0,0,0.38088113
0,1,0.51099616
1,1,0.5021331
0,0,0.16139334
0,0,0.40619838
0,1,0.76946455
0,0,0.39103585
0,0,0.3966393
0,0,0.2719858
0,1,0.7390531
0,1,0.7132348
0,1,0.7455739
1,0,0.33392394
0,0,0.3714917
0,1,0.6415104
0,0,0.23961176
0,0,0.3640929
0,0,0.47442803
1,1,0.6747553
0,0,0.44427097
0,0,0.34013328
0,0,0.20147732
1,1,0.6488205
0,0,0.34129173
1,1,0.64719933
1,0,0.49123538
1,1,0.63204134
1,0,0.4700317
0,1,0.6131031
0,0,0.18328981
0,1,0.6074501
0,0,0.445589
0,0,0.26999685
0,0,0.28112504
1,1,0.61229056
0,0,0.26561883
0,0,0.47899723
0,0,0.4356548
1,1,0.5802489
0,1,0.56772786
1,0,0.35379565
0,0,0.3433509
0,0,0.34889063
0,0,0.42379817
0,0,0.3163898
0,0,0.2415939
0,0,0.47452927
1,0,0.33759966
1,1,0.56477076
0,1,0.60916704
0,1,0.7059441
1,1,0.6346926
1,1,0.6255903
1,1,0.52426225
1,1,0.581101
1,1,0.73230046
1,1,0.5324272
1,1,0.7421626
0,0,0.4473181
0,0,0.36926588
0,1,0.6515841
1,1,0.5858294
0,0,0.40129706
1,0,0.4735732
0,1,0.7679274
0,1,0.71525
0,1,0.5343851
1,0,0.35723618
0,0,0.30414292
1,0,0.20928338
1,1,0.8267242
1,1,0.6288062
1,0,0.44423217
0,1,0.5235264
0,0,0.11313489
0,0,0.46154547
1,0,0.4944828
0,1,0.8482161
0,0,0.39719337
1,1,0.6369265
0,0,0.3983401
1,0,0.47279343
1,1,0.6151314
0,0,0.35814777
1,0,0.27558908
1,0,0.3812391
0,1,0.7310368
0,1,0.6228984
0,0,0.23340893
1,1,0.7707656
0,0,0.36193377
0,0,0.30527234
1,1,0.5659546
0,0,0.30881232
1,1,0.69959635
0,0,0.4999965
0,1,0.7762737
0,0,0.30242172
0,1,0.65483695
0,0,0.42818138
1,1,0.5355401
0,1,0.61683565
1,1,0.59895587
0,0,0.39439595
0,1,0.67666835
0,1,0.64745575
0,1,0.5176057
0,0,0.47658655
0,0,0.36251077
0,1,0.63371444
0,1,0.6235108
0,0,0.4611494
1,0,0.46724743
0,1,0.68253326
0,1,0.5976794
1,0,0.40750164
1,1,0.82445747
0,1,0.51078206
1,0,0.48709947
0,0,0.38058558
0,1,0.70882934
1,1,0.5532992
1,1,0.6848773
1,1,0.72737926
0,1,0.6125977
0,1,0.6871947
1,0,0.4058009
0,0,0.35816342
0,0,0.36427695
1,1,0.56869924
1,1,0.5693956
0,0,0.37787053
0,1,0.5735949
0,1,0.57389295
0,0,0.32476977
0,0,0.42541856
0,0,0.3356992
0,1,0.606249
0,0,0.46087554
1,0,0.23414461
0,1,0.7260249
1,0,0.41558847
0,1,0.69122684
1,1,0.62263423
0,0,0.46968287
1,1,0.6803102
1,1,0.5995902
0,0,0.22696838
0,0,0.15017952
1,1,0.5699216
0,0,0.4755128
0,0,0.31918424
0,1,0.6059082
0,1,0.55777717
0,0,0.43178403
1,1,0.78689665
0,0,0.42297933
0,0,0.49478316
1,0,0.48426777
0,1,0.5295161
0,0,0.49083063
0,1,0.5958736
1,1,0.5602183
1,1,0.5729059
1,1,0.58883923
0,1,0.520545
1,0,0.46874538
1,0,0.42445773
0,1,0.5863289
0,0,0.40983346
0,1,0.5445544
1,1,0.5414789
0,0,0.19786106
1,1,0.5123068
0,1,0.54948986
0,1,0.6367727
0,0,0.39951792
1,1,0.56883734
0,1,0.5916224
1,1,0.56441665
0,0,0.37448427
0,1,0.6225641
1,1,0.56553084
0,1,0.55269814
1,1,0.81736684
0,1,0.5536974
0,1,0.6871497
0,0,0.28085607
1,1,0.5573498
0,0,0.19952367
1,1,0.5427178
0,1,0.61003065
1,1,0.59526706
1,0,0.28400874
1,0,0.49668774
0,0,0.45335397
1,1,0.5396546
1,1,0.6605585
1,1,0.588754
0,0,0.23283169
0,0,0.43464074
1,1,0.6703229
1,1,0.58986795
0,0,0.25268757
1,0,0.4846901
1,1,0.6132658
0,1,0.7987059
0,1,0.75507236
1,0,0.31446293
0,0,0.33031455
0,0,0.3260593
0,0,0.25365138
0,0,0.35645357
1,0,0.38010222
0,0,0.3467955
1,0,0.3881595
1,0,0.44849354
1,1,0.5971767
0,1,0.60416096
1,1,0.6587142
1,0,0.49404603
0,0,0.39399782
0,0,0.23445702
1,1,0.5944277
0,1,0.6894572
0,1,0.68520296
1,1,0.5037715
1,1,0.5553941
1,0,0.40303063
0,0,0.18164547
0,1,0.670714
0,1,0.56594837
0,0,0.37825996
0,1,0.7319628
1,0,0.39613673
0,1,0.796059
1,0,0.44684
0,0,0.45730594
0,1,0.6639074
0,1,0.6122567
0,1,0.6419063
0,1,0.5349808
0,0,0.28126687
1,0,0.38925892
1,0,0.24841262
0,0,0.483274
1,1,0.57905835
0,0,0.2785543
1,1,0.7223252
0,1,0.79143655
0,1,0.5421246
1,0,0.48157546
1,0,0.2819471
0,0,0.3462823
0,0,0.42079106
0,0,0.29091993
0,0,0.4264272
0,0,0.2374658
0,1,0.7499718
1,1,0.5707423
0,0,0.44996598
0,1,0.6073969
1,1,0.6311127
1,1,0.52457124
1,1,0.6567586
0,1,0.6225219
1,1,0.5329202
1,1,0.68291134
1,1,0.66971123
0,1,0.7016659
0,1,0.66519374
0,1,0.5973923
0,0,0.21905631
1,0,0.49134898
0,0,0.42958778
0,0,0.27346575
0,0,0.3579235
0,0,0.48970258
0,0,0.27475432
1,1,0.5375562
0,1,0.741656
0,0,0.49369684
0,0,0.33085316
1,0,0.43165165
0,1,0.6081302
1,1,0.6648454
0,0,0.33923998
1,1,0.7493598
1,0,0.47207463
0,0,0.34599766
0,0,0.40355936
0,0,0.42089072
0,0,0.37915525
0,0,0.4588188
1,1,0.5198748
1,1,0.5724903
1,0,0.29128355
0,0,0.4541926
1,1,0.59185064
1,1,0.6439903
0,0,0.31820384
1,1,0.5329295
1,0,0.25118187
1,1,0.5645645
1,0,0.4253364
0,0,0.47881037
1,0,0.47886628
0,1,0.63805485
0,0,0.38524887
0,0,0.33234918
0,1,0.51503205
0,1,0.6144744
0,0,0.3010854
0,0,0.33954662
0,0,0.20342349
1,1,0.5852855
1,1,0.6859894
1,1,0.6841737
1,0,0.4672306
0,0,0.47590244
1,0,0.45572272
1,1,0.73240346
0,0,0.18564741
0,0,0.31390288
0,0,0.48774615
0,0,0.47960123
0,0,0.2897161
1,1,0.6981998
1,0,0.4297413
1,0,0.42777443
1,1,0.5979444
0,1,0.5531695
0,1,0.6898217
0,0,0.3334959
0,0,0.38927123
0,0,0.29387835
0,0,0.49359968
1,1,0.690835
1,1,0.64499086
0,1,0.5049935
0,1,0.54964226
1,1,0.7028357
0,0,0.4707056
0,1,0.6339415
0,0,0.3620573
0,0,0.27670965
1,0,0.49385604
1,1,0.74156547
1,1,0.72208184
1,1,0.5744745
1,0,0.30579442
0,1,0.52951723
0,0,0.4713828
0,0,0.4838909
0,0,0.23595712
0,0,0.4461955
0,1,0.5207355
1,0,0.3163005
1,1,0.5892499
0,1,0.60383916
1,0,0.42707515
1,1,0.5832293
1,1,0.53543586
1,1,0.55797815
0,1,0.56750315
1,1,0.52422976
0,1,0.6221284
0,0,0.40614593
1,1,0.80586433
0,1,0.7263889
0,0,0.38194647
1,1,0.70260704
0,1,0.7006052
1,1,0.80055445
0,0,0.3835592
1,1,0.565997
0,0,0.4913499
0,1,0.73065984
0,0,0.3815888
0,1,0.5646384
0,0,0.45899236
0,0,0.28105918
1,0,0.4702845
0,0,0.32859412
1,1,0.66227895
0,0,0.35943922
0,0,0.3172445
1,0,0.36918074
0,1,0.6715408
1,1,0.62666005
1,1,0.5430118
0,0,0.45338112
1,1,0.6630848
0,0,0.4072485
1,1,0.81923974
0,0,0.34559438
0,0,0.48548278
0,1,0.67146873
1,1,0.6137778
0,1,0.65032655
0,0,0.43400148
0,1,0.5460615
0,1,0.5139759
1,1,0.6658308
1,0,0.44121644
0,1,0.6785307
0,0,0.49911773
0,0,0.29065838
0,0,0.3972115
1,1,0.5578186
0,0,0.21753424
1,0,0.41077548
1,1,0.7185871
1,1,0.6439714
0,0,0.3126094
0,1,0.6710479
0,1,0.7519312
1,0,0.46389443
1,1,0.60019493
0,0,0.49349856
0,1,0.6849174
1,1,0.5507398
1,0,0.37612274
0,1,0.5059084
0,1,0.5305535
0,0,0.26608363
0,0,0.38608682
1,1,0.629973
0,1,0.8826583
0,0,0.30269784
1,1,0.55939174
0,0,0.41052908
0,0,0.36245766
1,1,0.7486434
0,0,0.40146437
1,0,0.33935276
1,1,0.6015726
0,1,0.53038424
1,1,0.63916814
0,0,0.24156551
0,0,0.33032975
0,1,0.559492
1,0,0.43129787
1,0,0.2661556
1,1,0.5913875
1,1,0.6600953
1,1,0.6128913
1,1,0.5401691
0,0,0.44288808
0,1,0.528916
0,0,0.35792118
1,1,0.52524424
0,0,0.20909967
0,1,0.6038465
0,1,0.6391169
1,1,0.542918
0,1,0.6549793
1,1,0.61059004
0,1,0.5797728
0,1,0.56194115
1,1,0.593603
0,1,0.61498237
0,0,0.27842367
0,0,0.31827268
1,1,0.5722927
1,1,0.546411
0,1,0.625559
0,1,0.57107574
1,0,0.36825308
0,0,0.3891653
0,0,0.4431171
1,0,0.34434047
1,0,0.49797374
1,0,0.37947553
0,0,0.33877435
1,1,0.782879
0,0,0.40132922
0,1,0.66165125
0,0,0.44151154
0,0,0.30662012
1,1,0.52153724
1,1,0.59827757
1,1,0.79648083
0,0,0.29778838
1,0,0.41303378
0,0,0.47856805
0,0,0.29472858
1,0,0.46704862
0,0,0.3805839
1,1,0.653404
0,0,0.34806222
1,0,0.3606568
1,0,0.3092946
0,1,0.5857305
1,1,0.7870991
0,0,0.44924143
0,0,0.31550795
1,0,0.48800007
1,0,0.30719838
1,0,0.31603613
0,0,0.42156813
0,1,0.5141677
0,1,0.6034122
1,1,0.63992214
0,0,0.26729488
0,0,0.36903206
0,0,0.4434562
0,1,0.7224062
1,1,0.6208835
0,0,0.15431987
1,1,0.510232
0,0,0.37487194
1,0,0.47629762
0,0,0.37564117
0,0,0.41491827
0,0,0.2749832
0,0,0.339577
1,1,0.7268402
1,1,0.6665844
0,0,0.435658
1,1,0.7852283
0,0,0.46040127
0,0,0.40023637
0,0,0.38229212
0,0,0.3417931
1,1,0.540019
0,0,0.22625664
0,0,0.19951414
1,1,0.5156346
1,1,0.72874707
0,0,0.27472073
1,1,0.7445294
0,1,0.5138039
1,1,0.5431215
1,1,0.77620894
0,0,0.48084986
1,1,0.5646617
1,0,0.31437665
0,1,0.5867019
1,0,0.48115414
1,0,0.49103543
1,1,0.6714683
0,0,0.42052364
0,0,0.47092012
0,0,0.41195616
0,0,0.40585306
0,0,0.34802207
0,0,0.42322448
0,0,0.40025488
1,1,0.7952749
1,0,0.33548474
0,1,0.6066515
0,1,0.5474979
1,1,0.7211904
1,1,0.72516143
1,1,0.5440632
1,0,0.47068107
0,1,0.6069443
0,0,0.2864934
1,0,0.42699245
1,1,0.59409314
1,0,0.34328017
1,1,0.8340941
0,1,0.5108295
0,1,0.75592375
1,1,0.7258295
1,1,0.65939724
0,0,0.4782255
0,1,0.5054532
0,0,0.4163386
1,1,0.58071464
0,0,0.33562183
0,0,0.36384845
1,1,0.76827747
0,1,0.50762737
0,0,0.39614302
1,1,0.79318094
0,1,0.5035827
1,1,0.7001351
1,1,0.69754314
1,1,0.56712383
0,1,0.603707
0,0,0.34089088
1,0,0.41347525
0,1,0.5426566
0,0,0.26671857
1,0,0.48312515
0,0,0.49451724
0,1,0.6249251
1,1,0.7355424
0,0,0.47514212
1,0,0.4214827
0,0,0.22937472
1,1,0.64880246
1,0,0.43329677
0,0,0.25085926
0,1,0.52488095
1,0,0.49422956
0,0,0.29128873
0,1,0.73652595
0,0,0.39253625
0,0,0.45279554
1,0,0.24129698
0,0,0.47386193
1,1,0.5862476
1,1,0.66468585
0,0,0.47794002
1,1,0.68585366
0,0,0.3748974
1,1,0.68018436
0,0,0.45113435
1,1,0.65353924
0,0,0.4206054
0,0,0.48664042
0,1,0.5143955
1,1,0.5507589
0,0,0.4217519
0,0,0.44615212
0,1,0.646347
0,0,0.32957807
0,1,0.6654508
0,0,0.37805587
1,1,0.694595
1,0,0.4464549
0,0,0.46147385
0,0,0.28018206
0,0,0.35737413
1,1,0.5067525
0,1,0.81825125
1,0,0.38668597
0,1,0.5561194
0,0,0.4288015
0,0,0.26346987
0,1,0.51390916
0,0,0.3833404
1,0,0.27112338
0,0,0.25402427
0,1,0.6788175
0,0,0.4456457
0,0,0.15949294
1,0,0.44908118
0,1,0.71061426
0,1,0.50267285
1,0,0.3905122
0,0,0.4227588
1,0,0.44479924
0,0,0.4142082
1,1,0.6408808
0,0,0.4780051
1,0,0.4373583
0,0,0.44364688
1,1,0.64606893
1,0,0.4162858
0,0,0.4039938
0,1,0.7440614
1,0,0.41321757
0,0,0.38605067
0,1,0.7246086
1,0,0.37872708
0,0,0.37654302
0,0,0.41039076
0,1,0.63207924
1,1,0.6410915
1,0,0.40050706
0,1,0.68340915
1,1,0.73188466
1,1,0.67857224
0,0,0.44510216
0,1,0.60766125
1,1,0.5138321
0,0,0.28735778
0,0,0.49529982
1,0,0.41481596
0,0,0.32050455
0,0,0.34055448
1,0,0.38152513
0,1,0.500095
1,1,0.5380634
0,1,0.7321005
0,0,0.4831006
0,0,0.23513415
1,0,0.468767
1,0,0.25951865
0,0,0.42389157
0,0,0.43523464
0,0,0.22924082
1,1,0.64652795
0,1,0.5818981
0,0,0.47505465
1,0,0.467297
1,1,0.5769784
0,0,0.37779647
0,1,0.5015861
0,0,0.44087175
1,0,0.4469521
0,1,0.67401266
0,0,0.29433018
0,1,0.8282334
0,0,0.27320325
1,1,0.62028027
1,1,0.6715658
1,1,0.55248696
0,1,0.6549414
1,0,0.34193933
0,1,0.56340283
0,0,0.22948405
1,0,0.3455949
1,0,0.45730892
0,1,0.647494
0,0,0.32868576
0,1,0.67404884
0,0,0.23246476
0,0,0.42373583
0,1,0.76574415
1,0,0.324704
0,1,0.7012242
0,0,0.45389926
0,0,0.25155267
1,1,0.6220577
0,0,0.45776922
0,0,0.36437285
0,1,0.61047286
1,1,0.81253785
0,1,0.5136392
0,0,0.4884037
0,1,0.526786
1,1,0.5838177
0,0,0.35708132
1,1,0.5813693
0,1,0.5295228
0,0,0.3201912
0,0,0.47727326
0,0,0.3430062
0,0,0.4986936
0,1,0.7936074
0,0,0.3862535
1,1,0.56893086
0,1,0.643334
1,1,0.7036312
0,0,0.39374727
0,1,0.6169559
1,1,0.6356389
0,0,0.43638334
1,1,0.5658148
1,1,0.660347
0,0,0.30376834
0,0,0.37599623
0,0,0.3410905
1,1,0.7692799
1,1,0.8218991
0,0,0.49453828
0,1,0.5811682
1,1,0.56742954
1,0,0.45294902
0,1,0.72180843
1,0,0.4607968
0,0,0.4992062
0,1,0.7592861
1,1,0.7440529
0,0,0.30644533
0,0,0.39945996
1,1,0.5488171
1,1,0.7069518
0,0,0.4484645
1,0,0.4688574
1,1,0.69931316
0,0,0.47857597
0,1,0.5780409
1,1,0.7082305
0,0,0.46158728
0,0,0.2907998
1,0,0.4320516
1,1,0.5200516
1,1,0.678922
1,1,0.67645925
0,0,0.48891965
0,1,0.51330805
0,1,0.63507426
1,1,0.63028145
0,1,0.6391845
0,0,0.42656767
0,0,0.40985832
0,0,0.44771323
0,1,0.6246207
1,1,0.6095477
0,0,0.47989613
0,1,0.5268122
1,1,0.7601182
0,0,0.29802695
0,1,0.5673109
0,1,0.5518635
0,0,0.34112462
1,1,0.5990686
0,1,0.5390018
0,0,0.35386294
0,1,0.6079475
0,0,0.22192992
0,0,0.4671823
0,1,0.6206981
1,1,0.6700921
0,0,0.2736491
0,0,0.369328
1,1,0.5315101
0,0,0.45264998
1,1,0.63947916
1,1,0.7114217
1,1,0.5029438
0,1,0.69802344
1,1,0.55244166
0,1,0.5607358
1,1,0.5433875
1,1,0.7586675
0,0,0.4186452
0,0,0.28008047
0,1,0.57384384
0,0,0.2889392
0,0,0.4888302
1,0,0.44518486
1,1,0.6546156
0,0,0.17697723
0,0,0.37004152
1,1,0.5409758
0,0,0.4552335
0,0,0.39979067
1,1,0.6079773
0,0,0.47685525
1,1,0.5700052
0,0,0.40140906
0,0,0.26551747
1,0,0.3337539
1,0,0.4959661
0,1,0.5568907
0,0,0.31088945
0,1,0.7387858
0,1,0.59115034
1,0,0.36870116
1,0,0.3302004
0,0,0.27945706
0,0,0.3978962
0,1,0.69085926
1,1,0.5703058
0,0,0.4314783
1,1,0.5764477
0,0,0.35833925
1,1,0.5986247
0,0,0.4628123
0,1,0.60895765
0,1,0.6505934
1,1,0.7564568
0,1,0.5471207
0,0,0.2814841
0,0,0.30381188
0,0,0.36797455
0,1,0.61500645
0,0,0.46967396
0,0,0.31850198
0,1,0.52254885
0,0,0.27684343
1,1,0.7569189
0,0,0.3294057
0,0,0.37091008
0,0,0.41400692
0,1,0.6716289
0,0,0.4810823
0,0,0.4213186
0,1,0.60705966
0,1,0.59940356
0,0,0.3027856
0,0,0.31901726
1,0,0.4853976
0,1,0.6036641
0,0,0.32442898
0,0,0.4933022
0,0,0.43341926
0,1,0.6640477
0,0,0.3107405
0,0,0.20182894
1,1,0.7253551
0,0,0.38085642
0,0,0.422144
0,1,0.69244653
0,0,0.26566958
0,1,0.6091874
1,1,0.7431606
0,0,0.4674661
0,0,0.39555183
1,0,0.4845374
0,0,0.46235722
0,0,0.36523312
0,1,0.54342276
0,1,0.6411693
0,1,0.6866808
1,0,0.38902745
1,0,0.37287936
0,1,0.7438588
1,0,0.4942863
0,1,0.6365659
0,1,0.55901384
0,0,0.17532755
0,0,0.42224336
0,0,0.45624682
0,0,0.398005
0,0,0.4470215
0,0,0.34884924
0,1,0.77472466
1,1,0.63381344
0,1,0.6875279
0,0,0.49112752
0,1,0.5129306
0,0,0.2825672
0,0,0.28374946
1,1,0.6201121
1,0,0.34985855
0,0,0.4674635
1,1,0.56525296
0,1,0.63074595
1,1,0.7257407
0,0,0.24532324
1,1,0.8001952
0,0,0.36087337
1,1,0.6147411
0,1,0.61901677
1,0,0.42591253
1,1,0.71546394
0,0,0.42405018
0,1,0.59479254
0,0,0.43474257
1,1,0.5567278
1,1,0.6052939
0,1,0.67941993
1,0,0.45080906
1,1,0.7271692
0,0,0.33018246
0,1,0.50119865
0,0,0.30373052
1,0,0.43461123
0,0,0.46738255
0,1,0.53643817
1,1,0.61174643
0,0,0.3663458
0,0,0.4556097
0,0,0.43853328
0,0,0.40893883
1,0,0.4043415
1,1,0.68569535
1,0,0.49064934
0,0,0.3452656
0,0,0.26223126
0,1,0.63690645
0,0,0.33142143
1,0,0.40027094
1,1,0.78071064
1,1,0.6643604
0,1,0.68769926
1,0,0.3841276
0,0,0.21158607
0,1,0.7145302
1,1,0.6550329
0,1,0.57308346
0,1,0.6629352
0,0,0.44527602
0,0,0.2061797
0,1,0.71290606
0,1,0.60312504
1,0,0.35245112
1,1,0.63108504
1,1,0.63257694
0,1,0.789135
0,1,0.54127926
0,1,0.66431963
0,0,0.48806843
1,0,0.47939938
0,0,0.3831884
1,0,0.32255462
0,0,0.4396047
1,0,0.43713364
0,0,0.33313432
0,1,0.68503046
0,0,0.42592326
0,1,0.54677325
0,0,0.362726
1,1,0.5909134
1,1,0.6265881
1,0,0.36574596
1,0,0.4028773
0,0,0.48434502
0,0,0.47847047
0,0,0.48167834
0,0,0.37277737
0,1,0.52463585
1,1,0.710988
1,0,0.2503902
0,0,0.32521304
1,1,0.5457863
1,1,0.66050047
0,1,0.5624551
1,0,0.27834034
0,0,0.4699545
0,1,0.5465018
1,1,0.5292761
0,1,0.5904785
0,0,0.35939467
0,0,0.43748158
0,0,0.39682516
0,1,0.6341326
1,1,0.69177735
0,1,0.6580151
0,0,0.29159743
0,1,0.6562923
1,1,0.8041453
0,1,0.57741183
1,1,0.57824576
1,0,0.3469102
0,0,0.35410634
0,1,0.6549393
1,0,0.40890285
0,0,0.48185843
0,0,0.30388534
1,0,0.40757164
0,0,0.27297327
0,0,0.41908216
0,1,0.6067897
1,1,0.7360656
0,0,0.42825437
0,0,0.44960845
1,1,0.5823687
0,1,0.6886764
1,0,0.34118214
0,0,0.35201383
1,0,0.46159983
0,1,0.67008907
0,0,0.31176272
1,1,0.5544703
0,0,0.24511753
0,1,0.5431428
0,1,0.5316824
0,1,0.568153
1,0,0.2039321
1,0,0.39157996
0,1,0.51994544
0,0,0.3405903
1,1,0.5494508
1,0,0.21716028
1,1,0.566639
0,0,0.49271443
1,0,0.26903343
1,1,0.61074674
1,1,0.70940036
1,1,0.5139979
0,0,0.2440786
0,1,0.8314086
1,0,0.41834983
0,1,0.5027247
0,0,0.43314773
0,0,0.36667848
1,1,0.541702
0,1,0.658191
0,0,0.45583996
0,1,0.5709942
1,1,0.6059341
0,0,0.47493428
0,1,0.55206966
0,0,0.38702837
0,1,0.5011239
0,0,0.4359751
0,0,0.49309784
1,1,0.6996525
1,1,0.7663295
1,1,0.54240423
0,1,0.5230388
1,1,0.6563959
1,1,0.7084436
0,1,0.8124008
0,0,0.40465653
0,0,0.3825612
0,1,0.6279057
1,1,0.7790719
1,1,0.5688923
1,0,0.41723007
0,0,0.22751814
1,1,0.55618477
1,1,0.7331071
1,1,0.6755957
1,1,0.6138947
0,1,0.6907696
0,0,0.24208286
0,0,0.41954818
0,1,0.57870567
0,0,0.461802
1,1,0.61202073
0,0,0.4255546
0,0,0.34527522
0,1,0.7331578
1,1,0.53715944
0,0,0.39915952
1,1,0.5156966
0,1,0.54860336
0,0,0.46206394
0,0,0.34325436
0,0,0.41295904
0,0,0.42306635
0,1,0.5969092
0,0,0.47252768
0,1,0.6480754
0,1,0.5539647
0,0,0.3298442
0,0,0.27322775
0,1,0.80050796
0,1,0.68040663
0,0,0.34798366
0,0,0.38499597
0,0,0.38014767
0,1,0.51545155
0,0,0.40114325
0,1,0.52412105
1,1,0.7630333
1,1,0.65080315
1,0,0.3892884
0,0,0.32554534
0,1,0.6085804
0,0,0.40994993
1,0,0.46196422
1,0,0.47063667
0,1,0.624551
0,1,0.5397016
0,0,0.33956087
0,1,0.5740863
0,0,0.35075894
0,0,0.3711507
0,0,0.23911884
1,0,0.49030522
0,0,0.48053995
1,1,0.53715634
0,0,0.4981028
0,0,0.20172115
0,0,0.298745
1,1,0.80248106
1,0,0.46522367
0,0,0.3329289
0,0,0.4968209
0,1,0.50759786
0,1,0.5729783
0,0,0.3665387
1,1,0.6313866
0,0,0.4514032
1,1,0.63854325
1,1,0.6456382
0,0,0.3798104
1,1,0.6485286
0,1,0.5142966
0,0,0.48625273
0,1,0.78502774
1,0,0.4012622
0,0,0.39367405
1,0,0.3599759
0,0,0.4734441
1,1,0.5255442
1,1,0.6293092
0,0,0.2500463
0,1,0.6821464
0,0,0.31289452
0,0,0.4491477
1,1,0.6985426
0,0,0.45296517
1,0,0.37577727
0,0,0.3845974
0,0,0.33374858
1,1,0.55856645
0,1,0.616455
0,0,0.3910264
0,0,0.4560726
0,0,0.33014798
1,1,0.55562264
0,0,0.4628765
0,0,0.3049998
1,1,0.6137789
0,0,0.41041073
0,0,0.35245362
0,1,0.65351486
0,0,0.3915983
0,1,0.5906166
1,0,0.49551952
1,1,0.7143201
0,0,0.35687968
0,1,0.5902568
1,0,0.49565053
0,1,0.6579934
1,0,0.25234193
0,1,0.59290785
0,0,0.4119663
1,1,0.7988898
1,0,0.39812163
1,0,0.4121516
1,1,0.710919
0,1,0.514527
0,0,0.33530936
0,1,0.64860106
0,0,0.48304847
0,0,0.47848618
1,0,0.48075688
0,1,0.5407585
0,0,0.24262944
0,0,0.2798634
1,1,0.5315309
0,1,0.5819684
1,0,0.33882836
0,0,0.3566819
0,0,0.26655167
0,1,0.53364766
0,0,0.250688
0,0,0.38346323
1,0,0.44269142
1,1,0.85643727
0,0,0.22278513
0,0,0.42831522
0,1,0.63974863
0,0,0.3177222
0,1,0.7255802
0,0,0.2894225
1,1,0.5816233
0,0,0.35777017
0,1,0.6372821
0,0,0.46443245
0,1,0.5061083
0,0,0.4609809
0,0,0.20082277
1,0,0.3784689
0,0,0.25507596
0,0,0.413349
0,1,0.67081696
0,0,0.22031198
0,0,0.23367311
0,1,0.77086663
1,1,0.6157265
1,0,0.3760391
0,0,0.49242058
1,0,0.3591541
0,1,0.68827474
1,1,0.50293005
1,1,0.7760262
0,0,0.39106748
0,0,0.3634014
0,1,0.5188625
0,0,0.29758817
1,0,0.39153406
1,1,0.64538425
1,0,0.40043935
1,1,0.66992015
0,0,0.48358023
1,1,0.6338484
1,1,0.63016665
0,0,0.43479848
0,1,0.50698525
1,1,0.66603523
0,1,0.67780507
0,0,0.2756486
1,0,0.48012316
0,0,0.3846265
1,0,0.33815888
1,1,0.55187595
0,1,0.53285545
1,1,0.62813777
1,1,0.5668757
1,0,0.34701893
0,1,0.75967413
0,0,0.26487085
1,1,0.6472151
0,0,0.48580068
0,1,0.6702985
0,0,0.47538227
0,0,0.40345648
0,0,0.24797994
0,1,0.64521885
1,1,0.70631045
1,0,0.32185742
0,1,0.6823033
0,1,0.6197978
0,0,0.417482
0,0,0.39257193
1,1,0.72932506
0,0,0.39582872
0,0,0.2704819
1,1,0.6280587
0,1,0.6008409
0,0,0.44017482
1,1,0.66088516
0,1,0.6660476
0,0,0.44243678
1,0,0.4407874
1,0,0.39004055
0,0,0.41931295
0,0,0.44115347
0,0,0.24593483
1,1,0.60106546
0,0,0.26686218
0,0,0.32871336
0,0,0.47314933
1,1,0.525529
0,0,0.44297275
0,1,0.7156511
1,0,0.40001428
0,1,0.6103157
0,0,0.45472255
0,0,0.26808828
1,1,0.707271
0,0,0.4831065
1,0,0.4745451
1,1,0.6987245
1,1,0.6783599
0,0,0.3224
0,0,0.36033142
0,0,0.41736993
1,1,0.75901663
0,0,0.44551024
0,1,0.5985269
0,0,0.439074
0,0,0.4326612
0,1,0.6139316
1,0,0.3855417
0,1,0.60784304
0,1,0.6051326
0,1,0.5407207
0,0,0.38972363
0,1,0.74712837
1,0,0.45574144
1,1,0.51435137
0,0,0.45065555
0,0,0.46761072
1,0,0.4556453
0,1,0.69269633
0,1,0.55054015
0,0,0.3413109
0,0,0.19264828
1,1,0.5074114
0,1,0.5051301
0,0,0.3177384
1,0,0.39976612
0,0,0.37432668
0,0,0.48833725
0,0,0.23131552
0,1,0.515609
0,0,0.19093283
0,0,0.49634877
1,0,0.38339108
1,1,0.6910687
0,1,0.7219532
0,0,0.46933046
1,1,0.73376125
0,0,0.26061052
1,1,0.5078667
0,0,0.3950444
0,1,0.62262726
1,0,0.42782733
0,1,0.53618705
0,1,0.5974888
0,1,0.63868946
1,1,0.5042423
0,0,0.23107804
0,0,0.4241466
0,1,0.60274833
0,1,0.5890919
1,1,0.7840684
0,1,0.6280829
0,0,0.42118844
0,1,0.6924361
1,0,0.30594593
0,1,0.5565687
0,1,0.67301905
1,0,0.4801583
1,1,0.6979267
0,0,0.37055117
1,1,0.8155361
1,0,0.4598912
0,0,0.24870941
1,1,0.80363
0,1,0.5275428
0,1,0.77864116
1,1,0.6711796
1,0,0.3806864
0,1,0.55902904
0,0,0.30665526
1,0,0.39242128
0,1,0.57856923
1,1,0.54414713
1,1,0.7434309
1,1,0.60615295
1,0,0.48122403
1,1,0.7589396
1,1,0.8080138
1,0,0.3919419
0,1,0.6996937
0,1,0.6790074
0,1,0.7766489
1,1,0.5666574
1,1,0.70838
0,0,0.48393232
0,0,0.4486262
0,0,0.23221248
0,1,0.632677
1,1,0.6703975
0,0,0.38510513
0,1,0.54508024
0,0,0.30648136
1,1,0.73583186
0,0,0.36297923
0,0,0.43454006
0,1,0.55689055
1,1,0.7134341
0,1,0.5401943
0,0,0.36258468
0,1,0.5721968
0,1,0.5384641
0,0,0.29425704
0,0,0.45819044
0,0,0.39430392
1,1,0.5921876
0,1,0.53870916
1,1,0.5533495
0,0,0.44943175
1,1,0.6131232
1,0,0.4958964
0,0,0.41774195
0,0,0.3043966
0,0,0.2944993
0,0,0.3447933
1,1,0.5991702
1,1,0.5769715
0,1,0.7468223
0,1,0.6284121
0,0,0.33015165
1,0,0.47580388
0,1,0.5428947
0,0,0.426114
0,1,0.80695945
0,0,0.2898017
1,0,0.31344107
0,0,0.45245713
0,0,0.31567183
1,1,0.6748307
1,1,0.5632613
1,1,0.54438967
0,0,0.33336434
0,0,0.41920856
0,0,0.26604933
1,0,0.29242685
0,1,0.6917586
1,0,0.41037104
0,1,0.5022127
0,1,0.5136529
0,1,0.67080176
0,1,0.57168823
0,1,0.5555993
0,0,0.38850027
0,1,0.6100246
0,1,0.502227
1,1,0.76197755
1,1,0.63180846
1,0,0.4467845
1,1,0.6401735
0,1,0.59296244
1,1,0.5975974
1,1,0.68906015
0,1,0.56269693
1,0,0.30080798
0,1,0.614404
0,1,0.5927509
1,1,0.7493319
0,0,0.48625425
1,0,0.48627532
1,0,0.28320357
0,0,0.41486123
1,1,0.5424725
1,1,0.79125196
0,1,0.50047046
0,1,0.5404779
0,0,0.23606262
0,0,0.20349425
0,1,0.8710862
0,1,0.5598126
0,0,0.4727747
1,1,0.61993784
0,0,0.48706537
0,0,0.28167683
1,0,0.34329766
1,1,0.625066
1,1,0.6219362
1,1,0.6199059
0,0,0.29844707
0,0,0.4208403
0,1,0.61886567
0,0,0.26929545
0,0,0.3607696
0,0,0.34697172
0,0,0.26638246
0,1,0.52129287
1,1,0.59190494
0,0,0.35580942
1,1,0.5433
1,0,0.40203428
1,0,0.3175935
1,0,0.49364012
0,0,0.4293244
0,1,0.5760289
0,0,0.39417398
1,1,0.58122516
0,1,0.5527184
0,0,0.36765277
0,0,0.48131043
1,0,0.40216044
0,1,0.79539216
0,0,0.4917154
0,0,0.48869574
1,1,0.6384593
0,1,0.6269866
0,0,0.48963216
1,1,0.6560691
0,0,0.314156
0,0,0.3874595
0,1,0.59026784
0,1,0.5598999
0,0,0.36721537
0,1,0.60961896
0,0,0.4434681
0,0,0.46240908
0,1,0.65741956
0,1,0.59430444
0,0,0.12602612
0,0,0.40509832
1,0,0.41516054
0,0,0.30538183
0,0,0.27848685
0,0,0.31488657
1,0,0.3267019
1,1,0.70383257
1,0,0.18160671
0,0,0.41549996
1,1,0.5811543
0,1,0.55104417
0,0,0.30690387
0,0,0.2715456
0,0,0.4320165
1,0,0.23984656
1,1,0.6195951
0,0,0.28987494
0,0,0.21173935
0,0,0.44939208
0,0,0.44513783
0,0,0.41857496
0,0,0.111941546
0,0,0.44182837
0,0,0.4750832
1,0,0.46173772
0,0,0.23492585
0,0,0.42682588
1,0,0.37870872
0,0,0.43812793
0,1,0.522555
1,0,0.48505738
0,0,0.49244148
0,0,0.43581915
0,0,0.3922452
1,1,0.7784568
0,0,0.3479597
1,1,0.6082622
1,1,0.59232247
1,0,0.340998
0,1,0.51033366
0,0,0.29634833
0,0,0.4565534
0,0,0.26527628
0,1,0.6880159
1,0,0.2744928
1,1,0.7434949
1,0,0.4484925
1,0,0.43495685
1,1,0.63477594
1,1,0.6525603
0,0,0.39778575
1,1,0.73078257
0,1,0.5422448
0,0,0.3139713
0,0,0.2300325
0,1,0.6660008
1,0,0.39090782
1,1,0.5914709
1,1,0.55470264
0,1,0.6080976
1,0,0.3304576
0,1,0.52352256
1,1,0.5909743
1,1,0.61207616
0,0,0.49499527
1,1,0.8119543
0,0,0.37650916
0,0,0.27691212
1,1,0.6148063
1,1,0.604493
1,0,0.45874906
1,0,0.38592163
0,0,0.37165043
0,0,0.31395188
0,0,0.21673557
0,0,0.2536975
0,1,0.5355432
1,1,0.55275106
0,0,0.44825876
0,0,0.32125786
0,1,0.6663079
0,0,0.3193019
0,1,0.50933033
1,0,0.4755934
0,0,0.3135185
1,1,0.566395
0,0,0.30970943
0,1,0.77271307
0,1,0.5801294
0,0,0.24985032
0,0,0.46878633
1,0,0.47718546
0,1,0.5577317
0,0,0.43026972
0,1,0.6019667
0,0,0.46684635
0,1,0.51580673
0,0,0.42946437
1,1,0.6127978
1,0,0.41587725
0,0,0.30852765
0,1,0.5465538
0,0,0.34323683
0,0,0.48667708
1,1,0.75296193
0,1,0.7978681
1,1,0.5549219
1,0,0.24638367
0,0,0.34812665
0,0,0.35707045
0,0,0.38093048
1,1,0.55738443
0,0,0.3472747
0,0,0.42718235
1,1,0.5442572
0,1,0.55195683
0,0,0.47330704
1,1,0.5713861
0,0,0.47771704
0,0,0.49026233
1,1,0.5245254
0,0,0.4070059
0,0,0.2574034
0,0,0.35417634
1,0,0.37239462
0,0,0.47981185
1,0,0.43869126
0,0,0.4150528
0,0,0.26068726
0,0,0.38594615
1,1,0.57267404
0,0,0.2670131
1,1,0.6056483
0,1,0.5322042
1,0,0.41086128
0,1,0.6918781
0,1,0.5233919
0,0,0.24898471
0,0,0.44967613
0,1,0.7356847
1,1,0.6250263
0,0,0.3951341
1,1,0.6354251
0,0,0.4299402
1,1,0.65647405
1,1,0.7213928
1,1,0.5848509
0,1,0.7885827
0,0,0.47209376
1,0,0.2899321
0,1,0.5694293
0,0,0.37788942
0,0,0.32952714
1,1,0.7419204
0,1,0.59687823
1,1,0.6657155
0,0,0.2516683
1,1,0.6411597
0,1,0.74641186
1,1,0.68109566
0,1,0.75215995
1,1,0.6418377
0,1,0.65754694
1,0,0.3527333
0,1,0.66278255
1,1,0.5272452
0,0,0.33797538
1,1,0.7284566
0,0,0.40980783
0,1,0.75174636
0,0,0.33996665
1,0,0.41686034
1,0,0.33531204
1,1,0.6326664
0,0,0.40473256
0,1,0.551928
1,0,0.47031355
0,0,0.23736858
1,1,0.646368
0,0,0.3780124
1,1,0.5236037
0,0,0.24165097
1,0,0.41323516
0,0,0.36268702
1,1,0.55555904
0,0,0.39430928
1,1,0.6457081
0,1,0.67542094
0,1,0.53154653
0,1,0.5404742
0,1,0.7865917
0,0,0.3168067
0,1,0.5331456
1,0,0.41432226
0,0,0.38277787
1,1,0.58316314
0,0,0.29940036
0,0,0.32476583
0,0,0.4638741
1,1,0.69894654
0,0,0.37798077
0,1,0.66256475
0,0,0.49640262
0,0,0.32146385
1,1,0.78003496
0,0,0.43567792
0,1,0.53612787
1,1,0.50834143
0,1,0.56864375
0,1,0.668901
0,0,0.45923126
0,0,0.28104517
1,0,0.15203816
0,1,0.5242513
0,0,0.44453794
0,1,0.6262259
0,0,0.38652828
1,1,0.69379634
1,0,0.32262766
1,0,0.31409937
0,0,0.3741877
1,1,0.51845795
1,0,0.46076974
0,0,0.28655973
1,1,0.572533
0,1,0.6284518
0,0,0.3038887
0,1,0.6008465
1,1,0.5087927
0,1,0.56152827
0,1,0.5102606
0,1,0.57701176
1,1,0.64506954
0,0,0.33012733
0,0,0.3141071
0,0,0.26727098
1,1,0.62250865
0,1,0.5573137
1,1,0.5406665
0,0,0.23164397
1,1,0.7772479
0,1,0.7512737
1,1,0.67779106
1,0,0.40686786
0,1,0.52624476
0,1,0.5581698
0,0,0.29541594
1,1,0.68629205
1,1,0.6357592
1,1,0.5995929
0,1,0.54763377
0,1,0.52825135
0,1,0.6068438
1,0,0.35639417
0,1,0.59797984
0,0,0.49461088
1,1,0.7148381
1,1,0.562463
1,0,0.415082
0,0,0.36584538
0,0,0.1569154
1,1,0.683115
0,1,0.5878497
0,1,0.5232384
1,1,0.6292033
0,0,0.3993966
0,1,0.60534424
1,1,0.66831285
0,0,0.48790246
0,1,0.5795556
0,0,0.38429323
0,1,0.6068451
0,0,0.4654684
1,1,0.6905034
0,0,0.36301896
0,0,0.31443733
1,0,0.35987884
0,0,0.47609136
0,1,0.5552541
1,1,0.5616842
0,0,0.4492372
0,0,0.26692298
1,1,0.54755914
1,0,0.27395502
1,1,0.6907377
0,0,0.31831634
0,1,0.54083467
0,0,0.42534006
1,0,0.45171773
0,1,0.5942366
0,1,0.6377518
0,1,0.65103704
0,0,0.34576172
0,1,0.56483316
0,0,0.22696571
0,0,0.29811144
1,1,0.54656976
0,0,0.34686336
0,0,0.27682665
0,1,0.6053227
0,0,0.3218424
1,1,0.58595335
1,1,0.7473736
1,0,0.4728493
0,1,0.58718693
0,0,0.3694798
0,1,0.6805236
0,0,0.35420564
1,1,0.5598858
1,0,0.31750092
0,0,0.24922666
0,1,0.7144852
1,0,0.22914307
0,0,0.314534
1,1,0.55169713
1,0,0.49006754
1,1,0.7786465
1,1,0.70457065
0,1,0.5957405
0,0,0.34116843
0,1,0.565208
0,1,0.7143218
1,1,0.6013396
0,0,0.45176443
0,1,0.54858136
1,1,0.74892074
0,1,0.54194456
1,1,0.72651404
0,0,0.43612003
1,0,0.38255757
1,1,0.5425004
0,1,0.54527426
0,0,0.431153
0,0,0.36803347
0,0,0.332132
0,0,0.4436902
0,1,0.5844584
0,1,0.61893004
1,1,0.7116317
0,0,0.49162295
0,0,0.38446116
0,0,0.44392684
0,0,0.34597275
1,1,0.8123732
0,1,0.6516946
1,0,0.29881793
0,1,0.6464396
0,0,0.29419532
0,0,0.42782217
1,0,0.47086653
0,0,0.4815993
1,1,0.59789246
0,0,0.48989788
1,0,0.4828037
0,0,0.4580613
0,1,0.5474669
0,0,0.37311727
0,1,0.5271692
0,0,0.43215138
0,0,0.36717045
0,1,0.6387014
1,0,0.3894103
1,0,0.36315474
0,0,0.31522086
0,0,0.20637478
1,0,0.42610464
0,1,0.62294257
0,0,0.4573218
0,1,0.74635607
0,1,0.5891289
0,1,0.6006912
1,0,0.35170296
1,1,0.78125215
1,0,0.23355474
1,0,0.29252365
0,1,0.6099224
1,0,0.3367909
0,0,0.28222314
0,0,0.36479363
0,0,0.3666786
0,0,0.36219987
1,1,0.6167199
0,0,0.32430786
1,0,0.3331158
0,1,0.5969627
0,0,0.29546413
1,0,0.47370207
1,1,0.68729824
1,1,0.6405598
0,1,0.58607084
0,0,0.3230877
1,1,0.51449275
0,1,0.6416833
0,1,0.5320924
0,0,0.49389505
0,0,0.32933092
0,0,0.26913163
0,0,0.3099008
0,1,0.6988385
1,1,0.61214566
1,1,0.6768716
1,0,0.41205636
1,1,0.7213565
0,0,0.44180956
0,0,0.44679144
1,1,0.64268607
0,0,0.48169118
0,0,0.45084018
0,1,0.5536536
1,1,0.5294992
0,0,0.3054348
0,1,0.67609537
0,1,0.6207328
0,0,0.25246468
0,0,0.35986584
0,1,0.5385258
1,0,0.4699739
0,1,0.535408
1,1,0.7987092
0,0,0.44389093
0,1,0.68579817
1,1,0.547682
1,1,0.75669867
0,0,0.4224088
1,0,0.4440503
0,1,0.64147997
0,0,0.46036106
0,0,0.31187516
0,0,0.31672734
0,0,0.4443193
0,0,0.37188405
1,1,0.70815676
0,1,0.63560295
1,1,0.66765714
0,0,0.3737744
0,1,0.56542224
1,0,0.38311502
0,0,0.30122066
0,0,0.38668895
0,0,0.46471596
1,1,0.70728695
1,1,0.6690629
0,1,0.5657183
1,0,0.20926037
1,1,0.6904045
1,1,0.5605928
0,0,0.46850166
0,0,0.32156715
1,0,0.38076025
0,1,0.510213
1,0,0.49387294
0,0,0.4521312
1,1,0.59811234
0,0,0.30938327
1,1,0.7469799
0,1,0.6101476
0,0,0.43145657
0,1,0.6244877
0,0,0.2575542
1,0,0.48582083
0,0,0.27574384
0,1,0.7491367
1,1,0.6650759
0,0,0.38346463
0,0,0.4664105
1,1,0.67425734
1,0,0.24090368
0,1,0.8422948
1,1,0.6175897
0,0,0.40501413
0,0,0.45277876
1,1,0.63973886
0,1,0.70862275
0,0,0.23339382
0,0,0.31060976
0,0,0.40830094
1,1,0.6438651
0,0,0.21319714
0,0,0.46727455
1,0,0.36755258
1,0,0.21920747
1,1,0.57881004
0,0,0.496366
1,1,0.503638
1,1,0.622872
1,0,0.22837757
1,1,0.5643912
0,1,0.73500335
1,1,0.7112484
1,1,0.66367406
0,0,0.3956757
0,1,0.64870644
0,0,0.36644801
0,0,0.29198766
0,0,0.4559401
0,1,0.6310925
1,0,0.36131105
0,0,0.1326096
1,1,0.796648
0,1,0.5595378
0,1,0.68829805
1,1,0.6323092
0,1,0.6986525
1,1,0.56102765
1,0,0.33732226
0,1,0.639218
1,1,0.57284963
0,0,0.33144116
0,0,0.30474463
0,0,0.27908704
0,0,0.31445315
1,1,0.72764343
0,0,0.48063707
1,1,0.6326589
1,1,0.7828203
1,1,0.70171374
0,0,0.39547065
0,1,0.50335985
0,0,0.4142636
0,0,0.34498742
0,0,0.44384867
0,1,0.8451321
0,0,0.4470567
0,1,0.50001234
1,0,0.40210432
0,1,0.6849571
0,0,0.43728235
0,0,0.35467237
0,0,0.35890296
0,0,0.36461928
0,0,0.46188724
0,0,0.28817645
0,1,0.7234518
1,0,0.2876244
0,0,0.41311538
1,1,0.68237144
0,1,0.71406347
0,1,0.5367273
0,1,0.5153117
0,0,0.33221796
0,1,0.6461885
1,0,0.26953956
1,1,0.60913646
0,0,0.3754843
0,1,0.5241734
0,1,0.50130063
1,1,0.5539604
1,1,0.7460049
0,0,0.36605424
0,0,0.33663663
1,1,0.60510236
0,1,0.53927785
0,0,0.3596913
0,1,0.55759776
0,1,0.60404634
0,1,0.6379201
1,1,0.691422
1,1,0.53787595
1,0,0.3648815
0,0,0.34638304
1,1,0.5248622
0,0,0.41669056
0,0,0.40644717
0,1,0.6626639
0,0,0.35008228
0,0,0.24023382
0,1,0.5374467
1,1,0.57725435
0,1,0.6190204
1,0,0.4036411
1,1,0.57319707
1,1,0.63892996
0,0,0.29978693
0,0,0.24856837
0,1,0.5163152
0,1,0.6213214
0,0,0.2903251
0,0,0.323281
0,0,0.4858747
0,0,0.4900031
0,1,0.53773546
0,1,0.5662398
0,0,0.25618303
0,1,0.62976986
0,0,0.3527585
1,1,0.60222465
0,0,0.31755757
0,1,0.6191072
0,0,0.4192365
0,0,0.38315043
0,1,0.7156445
0,0,0.32278877
0,0,0.3941286
0,1,0.75139767
0,0,0.35245252
1,1,0.72766614
0,1,0.52472675
0,0,0.2888448
0,0,0.4051232
1,0,0.4815025
1,1,0.64386314
0,1,0.69237965
0,1,0.6116979
0,1,0.5395733
0,1,0.5827666
1,1,0.5606736
0,1,0.70653206
1,1,0.733437
0,0,0.35114273
0,1,0.54618907
1,0,0.33587596
0,0,0.38643453
0,1,0.717414
0,1,0.69609976
0,1,0.5092922
0,0,0.32794765
0,1,0.55082196
1,1,0.68509364
1,0,0.46056956
0,0,0.3259444
0,1,0.5903466
1,0,0.4123002
0,0,0.15781985
1,1,0.6775228
1,0,0.3971866
1,1,0.83768594
0,1,0.7179812
1,0,0.4704153
0,1,0.78725696
1,1,0.5670463
1,1,0.5422719
0,0,0.3675206
0,0,0.43391997
1,0,0.43438053
1,0,0.32097033
0,1,0.67568815
1,1,0.5014582
0,0,0.3619364
1,1,0.56548744
0,1,0.54537636
1,1,0.76576173
1,1,0.6311284
0,1,0.7043963
1,1,0.67222977
0,1,0.55096847
0,1,0.553141
1,1,0.6003842
0,0,0.429996
0,0,0.42431054
1,1,0.62656885
1,1,0.737874
0,1,0.7304655
1,0,0.30458608
1,0,0.41157573
0,0,0.49653643
0,1,0.6150664
1,0,0.4673443
0,0,0.3259815
1,1,0.7196647
0,0,0.27826813
0,0,0.4289983
0,1,0.6682018
1,0,0.47861752
1,1,0.79010767
0,0,0.2691846
1,1,0.65306115
0,1,0.538401
1,0,0.42872488
1,0,0.41697064
0,0,0.42506692
1,1,0.7366059
0,0,0.43211815
1,0,0.3519854
1,1,0.68777305
0,0,0.2978646
0,0,0.3247903
0,0,0.29141265
1,1,0.59687823
1,1,0.50292057
1,1,0.7098608
1,0,0.4264375
0,1,0.57965827
0,1,0.5862446
1,0,0.46634823
0,0,0.4442567
0,0,0.44599277
0,0,0.286056
0,0,0.48251098
0,0,0.41105625
1,0,0.39772096
0,1,0.62031496
0,1,0.7349271
1,1,0.53431576
1,0,0.38700432
1,0,0.4042409
0,0,0.33814147
0,1,0.52862906
0,1,0.5442125
1,1,0.5301964
0,0,0.25573036
0,1,0.65398705
1,1,0.63887924
1,1,0.6265063
1,1,0.73369473
1,0,0.23949397
1,0,0.36302507
1,0,0.31430095
0,0,0.36493295
0,1,0.7053954
0,1,0.54402757
0,1,0.72109294
0,1,0.50262713
0,0,0.30573475
0,0,0.45309743
0,0,0.3444394
0,0,0.29153115
0,1,0.62518245
0,1,0.566894
0,1,0.5134662
1,0,0.3978406
1,1,0.5418765
0,0,0.35320783
0,0,0.37605113
1,1,0.6762461
1,0,0.46173722
1,1,0.5578734
0,1,0.655317
0,0,0.33937046
0,0,0.28389806
1,1,0.56528544
1,0,0.4679469
0,0,0.4693817
0,1,0.5871693
0,1,0.7155923
0,0,0.2436196
0,1,0.55164146
0,0,0.4032165
0,1,0.53560066
1,0,0.27809238
0,0,0.39813045
1,1,0.5821857
0,0,0.46803662
1,1,0.7083329
0,0,0.3741895
0,1,0.54475975
0,1,0.662503
0,1,0.712567
0,0,0.45178744
1,1,0.57228917
0,0,0.2537004
0,0,0.26766792
1,1,0.6265801
0,1,0.5838195
1,1,0.8178626
0,0,0.47656557
0,1,0.5361608
0,0,0.4842281
0,1,0.6522153
0,0,0.28438586
0,1,0.5372279
0,1,0.5568119
1,0,0.4922985
0,0,0.3855059
1,1,0.7743475
0,1,0.57184595
0,1,0.56466097
0,1,0.587953
1,0,0.39999962
1,1,0.698871
0,0,0.33890423
1,1,0.5345588
0,0,0.2582601
1,1,0.5381207
1,0,0.3376747
0,1,0.52050704
0,0,0.49576315
1,1,0.5695503
0,0,0.30378252
1,1,0.50040305
0,0,0.2379768
0,0,0.371915
0,0,0.4518172
0,0,0.35963014
1,1,0.77053183
1,0,0.41951337
0,0,0.49583113
1,1,0.6876101
0,1,0.6247504
0,0,0.4757321
1,1,0.5710375
0,0,0.29894266
0,1,0.57117665
1,1,0.56502455
0,0,0.47844183
0,1,0.75876313
1,0,0.44543996
0,0,0.38654515
0,0,0.33766893
0,1,0.51376754
1,1,0.51950365
0,0,0.44289374
0,1,0.5099383
0,0,0.39453092
1,1,0.60932004
0,1,0.63510394
1,1,0.5629273
1,1,0.82301956
0,0,0.15503193
0,0,0.37900522
0,0,0.27875373
1,1,0.5791835
0,1,0.5658081
0,0,0.4346884
0,1,0.55067676
0,1,0.71855986
1,0,0.22440173
1,1,0.7629106
0,1,0.52718854
0,0,0.34294096
0,0,0.38464516
1,1,0.8155237
0,1,0.5227399
1,1,0.591336
1,1,0.6754395
0,1,0.55370307
1,1,0.55467415
0,0,0.24146605
1,0,0.37613064
0,0,0.38101986
1,1,0.52267075
0,1,0.64377904
1,1,0.681601
0,0,0.28737646
0,0,0.47036895
1,0,0.32904792
0,0,0.41654044
0,0,0.4983486
1,0,0.40044984
1,1,0.7309475
0,0,0.40910107
0,0,0.25087106
0,1,0.6416677
1,0,0.4905724
0,1,0.5620589
0,0,0.47399136
0,1,0.8102954
0,1,0.66133726
1,1,0.841544
0,0,0.19909205
0,0,0.2800247
1,1,0.5079141
0,0,0.4092433
0,1,0.5156333
0,0,0.17157911
1,1,0.63872755
1,1,0.7704404
0,0,0.40947255
1,0,0.39686105
0,1,0.64783704
0,0,0.22900917
0,0,0.45359042
0,1,0.71743786
0,1,0.69644076
0,0,0.4834433
1,1,0.5334038
1,1,0.7219482
1,0,0.3271162
1,0,0.39791635
1,1,0.8815846
1,1,0.6123984
0,0,0.33604833
0,0,0.3862228
0,1,0.5529239
0,1,0.6152132
0,0,0.34703752
0,1,0.5124801
1,0,0.3734964
0,0,0.2849654
1,1,0.6092059
0,0,0.31255028
0,0,0.4164308
0,0,0.33443445
1,0,0.36618176
1,0,0.42447716
1,1,0.6611944
1,1,0.63008213
0,0,0.40043423
0,0,0.44362965
0,0,0.4600438
0,0,0.2765669
0,1,0.6767897
0,0,0.41896105
1,1,0.81297237
1,0,0.37228966
1,1,0.7652581
1,0,0.30047262
1,1,0.71924025
0,0,0.37037084
1,0,0.49927512
1,1,0.529793
1,0,0.26659343
0,1,0.5380664
0,1,0.71979415
0,0,0.42846498
1,1,0.65474564
0,1,0.6492071
0,0,0.44070768
1,1,0.6649555
0,1,0.5212385
1,1,0.5096518
0,1,0.5554381
1,0,0.4715943
1,0,0.468354
0,1,0.66079056
1,1,0.62296695
0,0,0.2898074
1,1,0.7216751
0,0,0.27136195
0,1,0.5223353
0,0,0.41813776
1,1,0.6302484
1,1,0.54560065
0,1,0.59221226
1,0,0.44508582
1,0,0.45795903
1,1,0.52971303
1,0,0.40806004
1,0,0.4609675
1,1,0.59847045
0,0,0.37885836
1,1,0.57343364
0,1,0.6546529
0,1,0.50861585
1,0,0.40314078
1,0,0.48494256
1,1,0.6831473
0,1,0.70499486
0,1,0.76701075
0,0,0.42600003
0,0,0.48802012
0,1,0.53432083
0,0,0.34311748
0,1,0.550805
1,1,0.6035544
1,0,0.46960172
1,1,0.6623879
0,0,0.36161062
0,1,0.5198736
0,0,0.49673685
0,0,0.3372526
0,0,0.35382488
0,0,0.35871434
0,1,0.6704869
0,1,0.6312155
1,0,0.44757894
0,0,0.3059183
0,1,0.5198761
1,1,0.6171292
0,1,0.5957098
0,1,0.5549365
0,1,0.5352395
0,1,0.5573765
1,0,0.3551892
0,1,0.6230153
0,0,0.44750628
0,0,0.31136006
0,0,0.38710475
1,1,0.658937
0,0,0.40456653
0,0,0.38583967
0,1,0.64749104
1,1,0.61828405
1,1,0.64217997
1,1,0.59997094
1,1,0.6224105
0,1,0.5879232
0,0,0.36897242
1,0,0.2490579
0,0,0.44030344
1,0,0.28634068
0,0,0.30051836
0,0,0.42956313
0,1,0.5149211
0,1,0.50073916
0,1,0.5774908
0,1,0.53915334
1,0,0.47759116
0,1,0.69773406
1,0,0.4370173
1,1,0.6908544
0,1,0.5962281
1,1,0.7845466
0,0,0.42913336
0,0,0.209244
0,1,0.77781326
0,0,0.37667346
0,0,0.3602045
1,0,0.29811206
1,1,0.5370694
0,0,0.4514952
0,0,0.34391618
1,1,0.78394336
0,0,0.40636748
0,0,0.42705747
0,0,0.46143985
1,1,0.5648462
0,1,0.627565
0,1,0.6507243
0,1,0.65178525
0,1,0.58579147
1,1,0.5723083
0,0,0.14708883
1,1,0.6287075
0,0,0.46253595
0,1,0.63891554
0,0,0.30846024
0,1,0.6929751
0,0,0.30858627
0,0,0.35616595
1,1,0.5922841
0,1,0.55435896
0,1,0.5712536
0,0,0.3434743
0,1,0.573154
1,1,0.6386028
0,1,0.6314135
1,1,0.61947966
0,1,0.548396
0,1,0.50894004
0,0,0.32736564
1,1,0.52807045
0,1,0.5634315
1,1,0.6184115
0,0,0.417827
0,1,0.5788496
0,0,0.4015487
0,0,0.4843856
1,1,0.5117699
0,1,0.6512995
0,1,0.661342
1,0,0.49418142
0,0,0.4351228
0,0,0.4954814
1,1,0.6482264
0,1,0.5703941
0,1,0.5576065
0,1,0.65424055
0,1,0.7453412
0,0,0.24115287
0,1,0.72125226
1,0,0.38172048
0,0,0.4897093
1,1,0.75627035
0,1,0.6335174
0,1,0.5559323
0,0,0.41554898
1,0,0.42917517
1,1,0.62325984
0,0,0.3301466
0,1,0.647869
1,1,0.60826695
0,0,0.28171837
1,1,0.507497
0,0,0.31334049
0,0,0.37852353
1,1,0.71568716
0,1,0.5589757
1,0,0.3398515
0,0,0.3465495
0,0,0.49145532
0,1,0.5317809
0,1,0.52932644
1,0,0.39965296
0,1,0.5878843
1,0,0.37285125
0,0,0.34217826
0,0,0.34132817
0,0,0.26692018
1,0,0.32150176
0,0,0.2829647
0,1,0.5509773
0,0,0.4253319
0,0,0.4112052
1,0,0.46794283
0,0,0.3776944
0,1,0.6714638
0,0,0.19394967
0,1,0.5800801
0,1,0.7301126
0,1,0.707617
0,0,0.3571363
1,1,0.7144504
0,0,0.23158108
0,0,0.33259654
0,0,0.3924513
0,0,0.47951925
0,0,0.38548756
0,0,0.44546714
0,0,0.42027003
0,1,0.66165
1,0,0.383702
0,0,0.49995208
0,1,0.66680807
0,0,0.35385096
0,0,0.23042731
0,0,0.38036638
0,0,0.29322526
0,1,0.51659864
1,1,0.7338255
1,0,0.32693884
0,0,0.492943
0,1,0.5014275
1,0,0.47711027
0,0,0.22089896
0,1,0.60771805
0,0,0.33883265
0,0,0.40455744
0,0,0.37485328
1,1,0.705449
0,0,0.40020496
0,1,0.62203157
0,0,0.32145426
1,1,0.5979743
0,0,0.4219537
1,1,0.61743695
0,0,0.45042434
0,0,0.45139048
0,0,0.2307971
1,1,0.6550184
0,1,0.53923947
1,1,0.7072743
0,0,0.24242006
1,0,0.49190035
0,1,0.53865427
1,1,0.5246738
1,0,0.47625035
0,0,0.2774476
0,0,0.45088345
0,0,0.49483567
0,0,0.27215537
0,0,0.31843957
0,0,0.41808242
0,0,0.37748262
1,1,0.59333116
0,0,0.34731936
0,1,0.6401064
0,1,0.56599617
0,0,0.34337026
0,1,0.513209
0,0,0.32025665
0,0,0.29157087
1,0,0.28414595
1,1,0.68305314
0,0,0.38003853
0,0,0.26888403
0,0,0.3160611
1,1,0.6008657
0,1,0.6201143
0,0,0.48736736
0,0,0.2771358
1,0,0.3864005
1,0,0.37795466
0,0,0.45641473
0,1,0.672169
0,1,0.7059566
0,0,0.29481733
0,0,0.3232429
0,0,0.23471032
0,1,0.5525849
0,1,0.63396
0,1,0.67300826
1,0,0.35002393
0,0,0.49605295
1,0,0.41541788
0,0,0.32024813
0,0,0.41065717
0,1,0.5052809
0,0,0.49403864
0,1,0.50643384
0,0,0.3597503
0,0,0.4085243
0,0,0.45127591
1,1,0.51889044
1,1,0.6006032
0,1,0.5228572
0,0,0.38122538
0,1,0.5364115
1,1,0.5312131
0,0,0.23848212
0,0,0.3869342
1,1,0.57864565
0,0,0.3854141
0,0,0.38148633
1,1,0.69169223
0,0,0.32881254
1,1,0.533764
1,1,0.5016339
1,0,0.4152457
1,1,0.5136636
0,1,0.5616361
0,0,0.17066962
0,0,0.37103102
0,0,0.35363692
1,1,0.54886204
0,1,0.51114345
0,1,0.5389781
1,1,0.5580903
1,1,0.8506113
1,0,0.424376
0,1,0.6409445
1,0,0.42228702
0,0,0.38734552
0,0,0.30749434
0,0,0.23929743
0,0,0.43692058
0,0,0.42822763
1,1,0.64642334
0,1,0.6131227
1,0,0.33477524
0,0,0.48556045
0,0,0.41398087
0,0,0.30559015
0,1,0.57429427
0,0,0.24891953
1,0,0.37456533
1,1,0.71752733
0,0,0.4448491
1,1,0.6535247
1,1,0.5353789
0,0,0.41603857
0,0,0.22528179
0,0,0.21743228
0,0,0.38408318
0,1,0.55054295
1,0,0.28012687
1,1,0.5755967
0,0,0.47706687
1,0,0.44146448
1,1,0.59956086
0,0,0.36494797
1,1,0.5342652
0,1,0.50101805
1,1,0.6471073
0,1,0.61656624
0,1,0.60382444
1,0,0.49189904
0,1,0.55161697
0,0,0.3069079
1,1,0.6403154
1,1,0.5419017
0,1,0.5428047
0,0,0.35420546
1,1,0.598732
0,0,0.2697716
1,0,0.38675672
1,0,0.41805977
0,0,0.3546837
1,0,0.45976073
1,1,0.5864541
0,1,0.62567216
1,1,0.8478768
1,1,0.5364911
0,1,0.51822656
0,0,0.44267985
1,0,0.36744598
0,0,0.39668673
1,1,0.51304495
0,0,0.35781774
0,1,0.65443337
0,0,0.32204935
1,1,0.69912285
0,1,0.65170085
1,0,0.22329481
0,1,0.5222872
1,1,0.7439373
0,0,0.34263417
0,0,0.23773733
1,0,0.47692746
1,1,0.56013143
1,0,0.36971137
0,0,0.34429884
1,1,0.5587729
0,1,0.5574654
0,0,0.2108623
0,1,0.5336248
0,0,0.3326075
0,1,0.6771831
0,0,0.30408692
1,1,0.7252611
0,1,0.62676156
1,1,0.56516457
0,0,0.41369602
1,1,0.5454992
0,0,0.35254672
0,1,0.515404
0,0,0.3668135
0,1,0.68563926
0,0,0.31161597
0,1,0.75031453
1,1,0.5831978
0,1,0.6553316
1,0,0.37370262
0,0,0.34391683
1,0,0.48848864
1,1,0.72587746
0,0,0.35166773
1,1,0.75529414
0,0,0.44105616
0,0,0.42005557
1,1,0.56469387
0,0,0.3809634
1,1,0.5732784
0,0,0.4727484
1,0,0.26561928
0,0,0.3175223
1,0,0.36241123
0,1,0.6012252
0,0,0.3386534
0,0,0.41130844
1,1,0.61332256
1,1,0.691073
1,0,0.45530084
1,0,0.47085106
0,1,0.684088
0,0,0.24599817
0,0,0.40142375
0,0,0.33932814
0,1,0.52304846
0,0,0.4436522
1,0,0.45862782
0,0,0.36860093
1,1,0.76289564
0,0,0.30712432
1,1,0.50552225
0,1,0.6009068
0,0,0.28830993
0,0,0.4091291
0,0,0.4297625
1,1,0.7743521
0,0,0.17864881
0,1,0.70703536
0,0,0.33736244
1,1,0.7627416
0,0,0.43823788
0,0,0.44090033
1,0,0.41527236
1,1,0.7129816
0,1,0.6153495
0,0,0.39425227
0,1,0.7094531
1,1,0.5282154
1,0,0.40113065
0,1,0.7697797
1,1,0.73301375
0,0,0.38149977
0,1,0.7532684
1,1,0.58013886
1,0,0.37415135
0,1,0.59023875
0,0,0.28748268
0,0,0.29192707
0,0,0.432221
0,0,0.44061938
0,0,0.1684635
0,1,0.7321907
1,0,0.45947573
0,0,0.3896123
1,1,0.62490463
0,0,0.49356523
0,0,0.42612764
0,1,0.52650124
0,0,0.36518273
1,0,0.47272336
0,0,0.2569314
0,0,0.2513787
0,0,0.37461448
0,0,0.4653834
0,0,0.3605629
1,1,0.7675481
1,1,0.72991616
0,1,0.56048673
0,0,0.496481
0,0,0.43233904
0,0,0.23924838
0,0,0.41417575
0,1,0.6657469
0,0,0.31012198
0,0,0.32930547
1,1,0.77914053
1,0,0.4954516
1,0,0.32421625
1,1,0.74436843
0,0,0.35905582
0,0,0.377035
0,0,0.4580954
1,1,0.54477865
0,1,0.54026604
0,1,0.6775189
0,1,0.80076844
1,0,0.42042172
0,1,0.5239116
0,0,0.3559473
0,1,0.7946302
0,0,0.39233613
0,0,0.3613742
0,0,0.40574294
0,0,0.27950862
0,0,0.47650233
0,0,0.4715713
1,1,0.6852933
1,1,0.7407197
0,1,0.6406766
1,1,0.5129919
0,1,0.60188574
1,1,0.6044682
0,0,0.44086757
0,0,0.464111
0,1,0.6312093
1,0,0.46988568
1,0,0.454527
1,0,0.32629615
0,0,0.47575
1,1,0.62055326
0,1,0.68503505
0,0,0.3980501
0,0,0.4309325
1,1,0.5382431
1,1,0.7329751
0,0,0.4381682
0,1,0.5938496
0,0,0.42146555
1,0,0.4980511
0,1,0.6125955
0,1,0.6548994
0,0,0.24566247
0,0,0.41498592
0,1,0.5507086
0,0,0.34322158
1,0,0.284169
0,1,0.5571287
0,0,0.3173183
0,0,0.42942268
0,0,0.344859
0,1,0.57748586
0,0,0.4104432
0,0,0.341356
0,1,0.55698454
1,0,0.42092755
1,1,0.5256605
0,1,0.5872959
1,0,0.4928387
1,1,0.63074857
0,1,0.59310997
1,1,0.8618326
0,1,0.5572004
0,0,0.35038218
0,0,0.34193474
0,1,0.5052775
0,1,0.72575545
0,1,0.50232166
0,0,0.45722866
0,1,0.5571838
0,1,0.72194815
0,0,0.29808104
1,0,0.399189
1,0,0.4207864
0,0,0.30755576
0,0,0.34113353
0,1,0.642739
0,1,0.55287457
1,1,0.89064294
0,0,0.42013207
0,0,0.31468344
0,0,0.4986294
0,1,0.5404831
0,0,0.26085082
0,0,0.30214825
1,0,0.4008836
1,1,0.63522035
0,0,0.3522579
0,0,0.37290666
1,1,0.6422673
0,0,0.41881588
0,0,0.4955249
0,1,0.59919405
1,1,0.58753407
0,1,0.51158595
0,1,0.56867045
0,1,0.6409157
1,1,0.68309987
1,1,0.655609
0,1,0.6956771
0,1,0.64521056
0,1,0.5961637
1,0,0.45690963
0,0,0.38684604
0,0,0.36641067
0,1,0.54463506
1,1,0.71029574
0,1,0.54987234
0,1,0.6063243
0,1,0.502361
1,1,0.88043123
0,0,0.42457843
0,1,0.6901431
0,1,0.75721186
0,1,0.51584107
0,1,0.68053406
1,1,0.57316655
1,1,0.6325366
0,0,0.3427671
0,0,0.2799344
0,1,0.51097584
0,1,0.60730475
0,1,0.5571198
0,1,0.5373892
0,0,0.47775522
0,1,0.68852323
0,0,0.15178667
0,0,0.41250372
1,1,0.6551702
0,0,0.49087644
0,0,0.35411713
1,1,0.73991835
0,0,0.3318719
0,0,0.27435628
1,0,0.47599304
0,1,0.53052527
0,1,0.50995564
1,1,0.65593934
1,1,0.6279654
1,1,0.65652674
0,1,0.524356
0,1,0.75884336
0,1,0.6587237
0,0,0.45135358
0,0,0.48131093
0,0,0.283029
0,0,0.3815792
0,1,0.74889225
0,0,0.42937237
1,0,0.38076004
0,1,0.55568343
0,0,0.29662693
0,0,0.26153594
0,1,0.6812593
0,0,0.31476673
1,1,0.601216
0,0,0.2573878
1,1,0.81564516
0,0,0.23913263
0,1,0.687274
0,1,0.7390029
1,1,0.60492426
0,1,0.57498246
0,0,0.39563787
0,0,0.29869068
0,0,0.33674023
1,1,0.64139867
1,1,0.58919704
1,0,0.37255427
0,0,0.42660305
1,1,0.76151854
0,1,0.7485781
0,0,0.44470748
1,0,0.26502442
0,0,0.34305468
0,0,0.24346317
0,0,0.46941614
1,0,0.33760265
0,0,0.30749708
1,0,0.37315875
0,0,0.3783173
0,0,0.40687928
0,0,0.38301814
1,1,0.56826407
1,0,0.42924622
0,1,0.55302644
1,0,0.3882992
0,1,0.5333642
0,0,0.4050192
1,1,0.55481935
0,1,0.68666893
1,1,0.6450486
1,0,0.16945072
1,1,0.52495885
1,0,0.43019447
0,1,0.56786656
0,1,0.59553
0,0,0.30392826
0,0,0.4345079
1,1,0.7910923
1,1,0.5431057
0,0,0.39640465
1,1,0.5861502
0,0,0.38602945
0,0,0.17523886
1,1,0.5954182
0,1,0.52637994
1,1,0.7349616
0,0,0.45754722
0,1,0.53904474
0,1,0.65824795
0,0,0.36529803
0,1,0.56310904
0,1,0.6652586
0,1,0.61908174
1,1,0.5138231
0,0,0.30384448
0,0,0.47400966
0,0,0.39862213
0,1,0.5694972
1,0,0.42181095
0,0,0.22353257
0,1,0.71921706
0,1,0.6398438
0,0,0.49963865
1,0,0.44601962
0,0,0.28474247
1,1,0.51825196
0,1,0.6569756
1,1,0.60587895
0,0,0.36875206
1,1,0.7760384
0,1,0.56771517
0,0,0.45359617
1,1,0.76085806
0,0,0.47839648
0,0,0.3595813
0,0,0.3358578
0,0,0.49340987
0,0,0.44498208
0,1,0.5362925
0,1,0.5696378
1,1,0.5260248
0,1,0.6537858
0,0,0.3780399
1,0,0.31643763
1,0,0.47537354
0,0,0.43236014
0,0,0.29117903
1,1,0.51676995
1,1,0.75958866
1,0,0.3699328
0,1,0.6437408
0,1,0.5429698
0,0,0.31274793
0,1,0.64378107
1,0,0.2346731
0,0,0.38302904
0,0,0.44960284
0,0,0.41545895
0,1,0.5115338
0,0,0.41555464
0,0,0.40685213
0,1,0.81194556
0,0,0.2983662
1,1,0.6481563
0,1,0.72707856
0,0,0.4734889
0,1,0.67602473
0,0,0.41174436
1,1,0.54641503
0,0,0.41079083
0,0,0.36098054
1,1,0.71916914
0,1,0.5814894
0,1,0.5077253
1,1,0.69791156
1,1,0.5214067
1,1,0.86377287
0,0,0.336139
0,1,0.8010729
0,0,0.30206427
0,0,0.4418516
1,0,0.23448369
1,1,0.844005
1,0,0.4035702
1,1,0.59345776
0,0,0.45688
0,1,0.5242516
0,0,0.18983018
1,1,0.7275742
0,1,0.67985785
0,1,0.6226836
1,1,0.6313868
0,1,0.6831746
0,1,0.50535583
0,1,0.59943616
0,0,0.43562815
0,0,0.23565896
0,0,0.45940205
1,1,0.62100285
0,0,0.48643747
0,1,0.6321335
0,0,0.47628424
0,0,0.3023637
1,0,0.48701698
1,1,0.64467967
0,0,0.4892871
0,0,0.47400758
0,0,0.2947434
0,1,0.69327444
0,0,0.22003604
0,0,0.39037225
0,1,0.7015908
0,0,0.43445337
0,1,0.5415982
0,0,0.48548904
0,1,0.68627304
0,0,0.48838764
0,0,0.23656523
0,1,0.5627361
0,0,0.17590189
0,0,0.22959422
1,0,0.3360595
0,0,0.2578122
1,0,0.45814344
1,0,0.3590629
0,1,0.6134894
1,1,0.67949843
0,0,0.37252063
0,1,0.56696105
0,1,0.6071176
0,0,0.32794714
0,1,0.6167684
0,0,0.4185529
1,1,0.7457967
0,0,0.43594018
0,1,0.59791
0,1,0.5041485
0,0,0.49136236
0,0,0.47938207
0,1,0.77124894
0,0,0.25936595
0,0,0.33208224
0,0,0.331387
1,0,0.40689906
1,0,0.41994768
0,1,0.55359286
1,1,0.6008603
1,0,0.47451097
1,1,0.5844296
0,1,0.5438283
0,1,0.56098956
0,0,0.31532353
1,1,0.62412655
0,0,0.41245857
0,0,0.4321387
0,1,0.56220293
0,1,0.6118788
0,0,0.3978753
1,1,0.52461416
0,1,0.56824684
1,0,0.43336
0,0,0.43387112
1,1,0.5003104
0,1,0.5738886
0,0,0.308404
0,0,0.30889574
0,0,0.40046564
0,1,0.51405346
1,1,0.563449
1,0,0.45200136
0,1,0.6271018
0,1,0.7154478
0,1,0.5645906
1,0,0.42927462
1,1,0.56954235
0,0,0.43019804
0,1,0.7048314
1,1,0.6014368
0,1,0.56068337
0,1,0.6501875
1,1,0.6529475
0,1,0.61968106
1,1,0.73936385
1,0,0.42179188
0,1,0.5516002
1,1,0.7888614
1,0,0.33847103
1,1,0.5164729
0,0,0.40410152
0,1,0.5906939
0,1,0.7114248
0,0,0.36978245
0,1,0.592259
0,0,0.42254254
0,0,0.29641593
1,0,0.39482823
0,1,0.60377926
0,0,0.33268055
1,1,0.52409047
0,0,0.4215056
0,0,0.3797011
0,0,0.39140275
1,1,0.6668706
0,0,0.30970415
0,0,0.42190245
0,0,0.45650336
0,0,0.206118
0,0,0.3001614
0,1,0.77959406
0,0,0.36896205
0,0,0.22367235
0,0,0.3466104
0,0,0.39096132
0,1,0.5365494
1,1,0.8442761
0,0,0.47787097
0,0,0.38246116
1,1,0.64800996
0,0,0.4382202
0,0,0.385846
0,0,0.36824366
0,0,0.3371413
1,1,0.50951624
0,1,0.61048
0,1,0.61245364
0,1,0.56576526
0,0,0.38623357
0,1,0.556917
0,0,0.47179487
0,0,0.36892352
0,0,0.24477337
1,1,0.60354203
0,0,0.47021294
0,0,0.27693218
0,1,0.5389991
1,1,0.63085586
0,0,0.48288313
0,1,0.50705934
0,1,0.7029523
0,0,0.35258004
1,0,0.4417593
1,1,0.5568661
0,1,0.7140447
0,0,0.43697736
0,0,0.47331885
1,1,0.7840416
0,0,0.30465326
1,0,0.40691465
0,0,0.36888155
0,1,0.7117746
0,1,0.51110864
1,0,0.481572
0,0,0.14427935
0,1,0.7180606
1,1,0.57983863
0,0,0.43722805
0,0,0.3740776
0,1,0.6477124
0,0,0.37349755
1,0,0.49359724
0,0,0.4593857
0,1,0.5626743
0,1,0.71535385
1,1,0.50248146
1,0,0.31023133
0,0,0.35797217
0,0,0.4679654
1,0,0.20357722
0,0,0.400393
0,1,0.55410963
0,0,0.41912523
0,0,0.4681787
0,1,0.56497794
1,0,0.49110386
0,1,0.6528372
1,1,0.69577336
0,0,0.47567847
1,1,0.525232
1,1,0.78958625
1,0,0.46442908
1,1,0.67601895
0,0,0.34033248
1,1,0.71923023
1,1,0.5876675
0,1,0.7338141
0,1,0.692454
1,1,0.5711521
1,0,0.4784619
0,1,0.61490494
0,1,0.75031817
1,1,0.5775083
1,1,0.5306035
0,0,0.47991937
0,0,0.32816845
0,1,0.5630714
0,1,0.6253621
1,1,0.64405364
0,0,0.4962763
0,0,0.33634004
1,0,0.4245066
0,0,0.48281622
0,0,0.3381134
0,0,0.23906733
1,0,0.47973332
1,0,0.44833255
0,0,0.40268433
0,0,0.4807509
0,0,0.39769712
0,0,0.4574909
0,0,0.42877364
0,0,0.33997217
0,0,0.3328183
0,0,0.28876364
0,1,0.5592224
0,1,0.5187404
1,1,0.6850832
0,0,0.26651606
0,1,0.53031856
0,0,0.35656658
0,1,0.6886117
1,1,0.7478281
0,0,0.3906582
0,0,0.34919986
0,0,0.47102123
1,1,0.73410785
1,1,0.712508
0,1,0.59207135
1,1,0.58506227
0,1,0.58319414
0,1,0.69236016
1,1,0.61565083
1,0,0.45322308
0,0,0.41857883
0,1,0.7260867
0,0,0.322787
0,1,0.6121046
0,0,0.46739605
1,1,0.6906945
1,0,0.4458634
1,1,0.5950445
1,0,0.2997342
0,1,0.78143203
0,1,0.5315307
1,1,0.7483476
0,0,0.33012658
0,0,0.35340795
1,0,0.46594268
1,0,0.30660886
1,1,0.75323266
1,0,0.49184573
0,0,0.29673135
0,0,0.42895126
0,1,0.5092306
1,1,0.6115949
0,0,0.45539975
1,1,0.53171
0,1,0.551705
0,0,0.40231106
0,0,0.33789518
0,0,0.37423018
0,0,0.27747285
0,0,0.32548645
0,0,0.36607188
0,1,0.7940772
0,0,0.27745214
0,0,0.35737404
0,1,0.69758177
0,1,0.6029644
0,0,0.41485018
1,0,0.47637627
0,1,0.6355153
1,1,0.5061843
0,1,0.64637685
0,0,0.41966185
0,0,0.46987563
0,1,0.54140407
0,0,0.40252587
0,0,0.4903328
0,0,0.33330658
0,0,0.46603456
0,0,0.37773117
0,0,0.44898593
0,1,0.6326874
0,0,0.37254593
1,1,0.7599951
1,1,0.7096263
1,1,0.5636141
0,1,0.5029828
0,0,0.34733576
0,0,0.35714772
0,0,0.47861466
1,1,0.78667444
0,0,0.41117668
0,0,0.35660025
1,1,0.5969677
0,0,0.36219358
0,0,0.35850456
0,0,0.46314812
0,1,0.53261435
0,1,0.50193125
1,0,0.39387274
1,0,0.2471695
0,0,0.44000593
1,0,0.47156873
1,0,0.29586074
1,1,0.7588428
0,0,0.30170563
0,0,0.30507597
1,0,0.39113057
1,1,0.6806485
0,0,0.28764787
1,1,0.680966
0,1,0.54629207
1,1,0.6403556
1,0,0.29200506
0,1,0.71258086
1,1,0.6620501
0,0,0.3410913
1,1,0.5885678
0,1,0.50698876
1,1,0.8780073
1,1,0.84163564
0,0,0.48399308
0,0,0.40432948
0,1,0.5333994
0,1,0.66414744
0,0,0.26346707
0,1,0.66024107
1,1,0.5822117
1,1,0.72229594
1,0,0.4652638
0,0,0.40595457
1,1,0.70284534
1,0,0.4291337
1,1,0.51863486
1,1,0.6401712
0,0,0.21854208
1,1,0.76975316
0,0,0.40102535
0,0,0.40851948
1,1,0.6521212
1,0,0.39827383
1,1,0.5571371
1,1,0.53712064
1,0,0.36006615
1,1,0.7226348
0,0,0.33170465
1,1,0.54349923
1,1,0.60365826
1,1,0.51038706
1,1,0.57558525
0,0,0.44608134
1,1,0.61914575
1,1,0.6088069
0,0,0.43412986
0,0,0.42044273
0,0,0.427867
0,0,0.40154216
0,0,0.28352866
0,0,0.44368714
0,1,0.64836466
1,0,0.33624417
0,1,0.54494756
1,1,0.7062259
1,1,0.5906303
1,0,0.29327863
1,0,0.47451666
0,1,0.60911286
0,1,0.5105148
0,1,0.72026944
0,1,0.5699553
0,1,0.55362374
0,0,0.4499625
0,0,0.44133165
0,0,0.48208955
1,1,0.61695105
1,0,0.44866753
0,1,0.7017226
0,0,0.47437325
1,1,0.56678706
1,1,0.5115717
0,0,0.23910575
0,0,0.37475172
0,1,0.70051795
0,1,0.6470039
1,1,0.64304256
1,1,0.51241744
1,1,0.53401613
0,0,0.3273326
0,1,0.5555935
0,0,0.36552212
0,0,0.4215195
0,1,0.563396
1,1,0.77811396
0,0,0.41204113
1,0,0.20363192
0,1,0.68245035
1,0,0.3865419
0,0,0.44055012
0,0,0.3274677
0,0,0.39939877
0,1,0.55451214
0,0,0.29460022
0,0,0.38212705
1,0,0.43845788
0,0,0.30574268
1,1,0.7158017
1,1,0.6592763
0,0,0.21615203
0,1,0.5051008
1,1,0.6387152
0,1,0.50826156
1,1,0.6915066
1,0,0.37380672
0,1,0.76885015
0,0,0.26729327
1,1,0.59041107
0,0,0.2771222
1,1,0.77131957
0,1,0.5023448
0,0,0.41110313
0,1,0.65917784
0,1,0.5107403
1,1,0.52373713
1,1,0.7459837
0,1,0.6098468
1,0,0.29938623
0,1,0.77849233
0,0,0.40483195
1,1,0.508754
1,1,0.63466835
0,1,0.6971281
0,1,0.59468323
0,0,0.35874233
0,0,0.35652798
1,1,0.717593
0,1,0.6440044
1,1,0.7223672
0,1,0.6440612
0,1,0.5675113
0,0,0.4194361
0,0,0.32616445
1,1,0.6786368
0,1,0.57112813
1,0,0.48911655
0,0,0.2982024
1,1,0.8157501
1,1,0.5600504
0,0,0.38715357
0,1,0.5192862
1,1,0.7555884
0,0,0.30656487
1,1,0.5794685
0,1,0.5916039
0,0,0.4553969
0,1,0.5145567
1,0,0.43080372
1,0,0.44426286
0,1,0.5148796
1,1,0.8509047
0,0,0.3788742
1,1,0.75245047
1,1,0.5920417
0,1,0.7623662
1,1,0.7435779
1,1,0.6579168
0,1,0.74157816
0,0,0.44439784
1,0,0.40208882
1,0,0.3520173
1,1,0.57530886
0,0,0.37643614
0,0,0.37863657
0,0,0.23649289
0,1,0.7073423
0,0,0.39746845
1,1,0.8073135
0,0,0.462372
1,0,0.45214492
0,0,0.46947387
1,0,0.48005733
0,0,0.378427
0,0,0.27524716
0,0,0.4425378
0,0,0.31872466
0,0,0.35386664
0,0,0.49530825
0,1,0.6506669
1,0,0.42766818
1,0,0.49862972
1,1,0.6838998
1,1,0.71737957
0,0,0.46759918
1,1,0.67423415
1,1,0.5367359
0,1,0.67339236
1,1,0.78959763
0,0,0.45421535
1,1,0.55600804
0,1,0.5597299
1,0,0.28524074
0,0,0.25684768
0,0,0.40226915
0,0,0.48967576
1,1,0.59952414
0,0,0.48758522
0,1,0.5546958
0,0,0.45832747
0,0,0.24308498
0,1,0.61471623
0,0,0.40173987
0,0,0.34533432
1,0,0.4945295
0,0,0.43617234
0,1,0.70432985
0,1,0.5829746
0,0,0.28564334
0,1,0.71784943
0,0,0.3865076
0,1,0.5421478
0,0,0.45528346
1,0,0.43975815
0,0,0.41359466
0,1,0.5471306
0,1,0.6250761
1,1,0.5332083
0,0,0.31126672
0,1,0.7101395
0,1,0.6710493
1,1,0.7474579
1,0,0.41226345
0,1,0.74677885
1,1,0.7276238
0,0,0.38210598
0,0,0.39445335
1,1,0.56201017
0,0,0.28444916
0,0,0.42078537
0,0,0.278822
0,1,0.7466144
1,0,0.47192156
0,1,0.5216536
0,0,0.3054946
1,0,0.36515647
1,1,0.53140455
1,1,0.68758976
0,1,0.6405146
0,1,0.6268933
0,1,0.54583395
0,1,0.65341365
0,0,0.46101615
0,1,0.5382297
1,1,0.64743876
0,0,0.3937142
1,1,0.5429351
0,0,0.36890525
1,1,0.6111961
0,1,0.5689584
0,0,0.3966038
0,0,0.36177528
1,0,0.4124298
1,1,0.6463838
0,0,0.4602011
0,0,0.33480945
0,0,0.3918279
0,0,0.32502237
0,0,0.46143135
1,0,0.49411342
1,1,0.56521755
0,0,0.37605974
0,0,0.3519794
0,0,0.32515502
1,0,0.42119998
0,0,0.3625349
0,1,0.68010694
1,1,0.7957476
0,0,0.37098485
0,0,0.30801648
0,0,0.2543843
0,1,0.5408672
0,1,0.7276868
0,1,0.60379964
0,1,0.53750354
1,0,0.3605084
0,1,0.77568156
0,1,0.51897055
1,1,0.553533
0,0,0.44133326
0,0,0.31442195
1,1,0.5115785
1,0,0.22166644
1,0,0.41195363
0,1,0.7164224
0,1,0.55448866
0,1,0.53344953
1,0,0.30544877
0,1,0.5119362
0,0,0.45560423
1,0,0.39143738
1,0,0.45586616
0,1,0.68813837
0,0,0.3824965
1,1,0.60212404
0,1,0.7518377
0,0,0.24538866
0,0,0.45334366
0,1,0.59202766
1,1,0.7666379
1,1,0.5529267
1,1,0.58245194
0,1,0.5449476
0,0,0.47091502
1,1,0.594753
1,0,0.391238
0,0,0.32917273
0,0,0.46502647
1,0,0.47327805
1,0,0.3420337
1,1,0.7695932
0,0,0.2442892
0,1,0.72185856
0,0,0.35638234
1,1,0.53477925
0,0,0.32757136
0,0,0.4708223
0,0,0.23961867
1,0,0.46333444
0,1,0.50349736
0,1,0.5338845
0,1,0.57797194
0,1,0.50568205
0,0,0.33573613
0,0,0.4241269
1,0,0.407442
0,0,0.20105955
0,0,0.36283162
0,1,0.55905885
1,1,0.51847965
1,1,0.81042206
1,1,0.5643932
0,0,0.46077904
0,1,0.7376303
1,1,0.8102265
0,1,0.6018229
0,0,0.39078686
1,0,0.46268713
0,0,0.44934416
0,1,0.745722
0,1,0.5800126
1,0,0.38008288
1,0,0.40713358
1,1,0.564534
0,0,0.4738419
1,0,0.34797135
1,0,0.26845494
0,0,0.22886741
0,0,0.18914571
0,0,0.14713499
0,0,0.37705582
1,0,0.40870157
0,1,0.6118947
1,0,0.37844092
1,1,0.61023194
0,0,0.3599475
0,0,0.43691677
0,0,0.4698254
0,0,0.26592314
0,0,0.32237238
1,1,0.70307744
1,0,0.41712442
0,0,0.4141782
0,1,0.57140696
0,1,0.622819
0,0,0.19919035
0,0,0.30342418
1,1,0.5318161
1,1,0.7353347
0,1,0.7016621
0,1,0.5005147
0,0,0.33927646
1,1,0.6486494
1,1,0.74664176
1,0,0.35541484
0,0,0.38494778
0,1,0.5574557
0,0,0.48359612
0,0,0.4562785
0,1,0.57444006
0,0,0.38654438
0,0,0.4913971
0,1,0.5056787
0,0,0.184336
0,0,0.30217195
1,0,0.46522847
1,1,0.7125209
0,1,0.82635134
0,0,0.4071968
1,0,0.24997328
0,0,0.4668718
0,0,0.40277097
0,1,0.6564709
0,1,0.64845073
0,0,0.35101932
0,1,0.54407454
0,0,0.48952952
0,1,0.5037059
1,0,0.4605522
1,1,0.75776523
0,0,0.33489656
0,1,0.6030701
0,0,0.27956197
1,0,0.4814357
1,1,0.75633526
0,0,0.34249744
0,1,0.53283703
1,1,0.56813735
0,0,0.2869787
1,1,0.66016763
0,0,0.35484657
0,1,0.53365546
1,1,0.5717202
0,0,0.39831918
0,1,0.5166631
1,1,0.61903757
1,0,0.37882295
0,0,0.3653958
0,0,0.49008268
1,0,0.27941975
0,1,0.62221825
0,0,0.48467007
0,1,0.61355275
0,0,0.4826985
0,0,0.39115354
0,0,0.49520367
1,1,0.62937963
1,1,0.6914211
1,0,0.48797244
0,0,0.28240144
1,1,0.7218182
0,1,0.5703614
1,1,0.71304876
1,1,0.5587361
0,1,0.6338921
0,0,0.45360032
0,0,0.34552145
0,0,0.387854
1,1,0.70699805
0,0,0.41450277
0,0,0.3487111
0,0,0.47581083
0,1,0.6746429
0,1,0.69580674
1,1,0.52997506
0,0,0.25157815
0,1,0.771191
1,0,0.48673972
1,1,0.6178591
0,1,0.7319403
0,0,0.4334991
0,0,0.48505574
1,1,0.51460207
0,0,0.46625286
1,0,0.40769958
0,1,0.5012631
1,1,0.70177555
1,1,0.52891755
1,1,0.5319101
0,0,0.38865983
0,0,0.30796686
0,0,0.34732342
1,0,0.37182382
0,0,0.4196736
0,0,0.43529347
1,1,0.64156556
1,1,0.7211879
1,1,0.6848941
0,0,0.32037577
0,0,0.4195109
1,1,0.7959372
1,1,0.63653284
0,0,0.25911316
0,0,0.29537445
0,1,0.5472478
0,1,0.5790505
0,0,0.4664552
0,1,0.61481255
0,0,0.3663117
0,0,0.24423762
1,1,0.55786526
0,1,0.691236
0,0,0.38732624
1,1,0.7057932
1,1,0.6304165
0,1,0.5140472
1,1,0.8759362
1,1,0.5555923
0,1,0.58759606
0,0,0.28610224
0,0,0.36072874
1,1,0.53920627
1,0,0.49395
1,1,0.8425556
1,1,0.6368855
0,1,0.75305146
1,1,0.53806424
0,1,0.6913431
0,0,0.47111133
0,0,0.48287302
0,0,0.3028643
0,0,0.23622628
0,0,0.34696877
1,0,0.2588142
1,1,0.5138251
1,1,0.5631092
0,0,0.41215974
0,1,0.6831268
0,1,0.6186403
0,1,0.6505117
0,0,0.48783964
1,1,0.63044226
0,0,0.4573095
0,1,0.59313035
0,1,0.5346639
0,1,0.5529281
0,1,0.5371586
0,1,0.6112484
0,0,0.44221622
0,1,0.5133409
0,0,0.28812602
0,0,0.2672606
1,1,0.7466851
1,1,0.79524344
0,0,0.404385
1,1,0.5780651
0,0,0.27330697
1,0,0.47941023
0,1,0.7264941
1,1,0.5544249
0,1,0.55234665
0,1,0.5882986
1,1,0.5442873
0,0,0.24025604
1,0,0.46381545
0,0,0.39549577
1,1,0.78185743
0,1,0.68236464
0,0,0.49916863
1,1,0.5188633
1,1,0.74076563
1,0,0.33175558
0,0,0.2974801
1,0,0.4689387
1,1,0.649399
0,0,0.18795496
0,1,0.6869457
1,1,0.68866986
0,1,0.669659
1,1,0.7388615
0,0,0.3883573
0,1,0.66816515
1,1,0.64972246
1,0,0.35958406
1,1,0.53354084
0,0,0.36407712
0,0,0.37801543
0,0,0.29880837
1,0,0.3404117
0,1,0.5240923
0,0,0.4540946
0,0,0.4978406
1,1,0.52300155
0,0,0.45919675
0,0,0.32497716
1,0,0.2868704
1,0,0.46418417
1,0,0.47843364
1,0,0.4623311
1,1,0.8199272
0,0,0.34265122
0,1,0.70543355
0,1,0.61377996
1,1,0.6646894
1,0,0.41455922
1,0,0.45737347
0,1,0.5199606
0,1,0.5241996
1,1,0.7056558
1,1,0.5149375
0,1,0.56824887
1,1,0.67023766
0,0,0.39658192
0,0,0.31064883
0,0,0.30814126
1,1,0.5555741
0,1,0.63539636
1,0,0.39672494
1,1,0.57733935
1,1,0.5881731
1,0,0.48214048
0,0,0.43035334
0,0,0.27459744
0,0,0.40761203
1,1,0.82401353
1,1,0.65463144
1,1,0.5153019
1,1,0.6241024
0,0,0.47154805
0,0,0.4286359
0,0,0.34463504
0,1,0.56126505
0,1,0.50079983
0,0,0.26294735
0,0,0.2831145
0,0,0.31277174
1,1,0.6105183
0,1,0.5006844
1,0,0.35139605
0,0,0.41942805
1,1,0.5594254
0,0,0.3464552
1,1,0.5750244
0,1,0.5369623
1,1,0.5237452
0,1,0.6842766
0,0,0.43435788
0,0,0.4855717
0,0,0.3393375
0,0,0.36465177
0,0,0.42114985
0,1,0.680398
0,0,0.45537528
0,1,0.5769083
0,1,0.6875987
0,0,0.2938879
1,1,0.50057834
0,0,0.4559594
0,1,0.5605541
1,0,0.3784726
1,1,0.6392272
0,1,0.5577288
0,0,0.33252338
0,1,0.76061034
1,0,0.4016779
1,0,0.49498093
0,1,0.55473953
0,0,0.4238715
0,1,0.5207319
1,0,0.45939893
0,0,0.3390288
0,1,0.53228605
0,0,0.13662449
1,1,0.5990744
0,0,0.27480388
0,1,0.80899656
0,1,0.6619164
0,0,0.3928683
0,0,0.4037486
0,0,0.3544024
1,1,0.679962
1,1,0.68240833
0,1,0.64487135
0,1,0.5894607
1,0,0.29973003
0,1,0.6362743
0,0,0.36160317
0,0,0.20349808
0,1,0.6778809
0,0,0.34395176
0,0,0.25834155
0,1,0.5173699
0,1,0.6117624
0,0,0.19559216
1,1,0.62760305
0,1,0.5018147
1,0,0.39929944
0,0,0.3527385
1,1,0.5482643
0,1,0.58001786
0,0,0.39566535
0,0,0.41265646
0,0,0.4438626
1,1,0.65425265
1,0,0.3858791
0,0,0.4687781
1,1,0.74915737
0,1,0.54552805
0,0,0.3612408
0,0,0.43134046
0,1,0.666718
0,1,0.5611805
1,1,0.5205857
1,0,0.30692762
0,1,0.69839513
1,0,0.4619297
0,1,0.5070315
0,0,0.33824602
0,1,0.6595103
0,1,0.72721285
0,1,0.5345042
1,0,0.22550376
0,0,0.27458888
0,0,0.2590978
1,1,0.54562336
0,1,0.5486008
0,0,0.27260548
0,1,0.6343724
1,0,0.4365697
0,0,0.40116683
1,1,0.5533934
0,1,0.66112065
0,1,0.5158313
0,0,0.19013305
0,0,0.41425848
1,1,0.50389403
0,0,0.44935966
1,1,0.51910657
0,0,0.33014476
0,0,0.37217385
1,1,0.55317163
1,1,0.5533322
0,0,0.33115003
0,0,0.3714004
1,1,0.8435814
0,1,0.754977
0,0,0.38144103
0,0,0.42981282
0,0,0.47402227
0,1,0.7090221
0,0,0.38398287
1,1,0.53321487
1,1,0.64626515
0,0,0.4210645
0,0,0.35934117
1,1,0.58452564
0,1,0.8111507
0,1,0.6422656
0,0,0.46036008
1,1,0.7511566
1,1,0.679085
0,0,0.3114238
0,0,0.42852232
0,1,0.6238684
1,0,0.42429835
1,1,0.5293001
0,0,0.3346815
0,0,0.18185133
0,0,0.3676086
0,0,0.35439456
0,0,0.49288645
0,0,0.33178008
1,1,0.58364314
1,1,0.50974834
0,0,0.37054786
0,1,0.5604516
0,0,0.21454154
1,1,0.7885247
1,0,0.32836172
0,0,0.18201703
1,1,0.73329276
0,0,0.3628067
0,0,0.4318882
0,0,0.4345316
1,1,0.61524045
0,0,0.38383004
1,0,0.4010816
1,0,0.4168159
1,1,0.5151728
0,0,0.44148564
0,1,0.57100606
1,0,0.31491616
1,0,0.3717733
1,1,0.6952845
0,1,0.6256984
0,1,0.6684705
0,1,0.55525255
1,1,0.5426666
0,0,0.34727046
0,1,0.82058257
0,0,0.19921932
1,1,0.6157797
0,0,0.38728586
0,1,0.7857261
0,0,0.2619276
1,1,0.548607
1,1,0.755604
1,1,0.575769
1,1,0.6242481
1,0,0.37660322
0,1,0.6254474
0,0,0.42783308
1,1,0.7649403
0,0,0.39838707
0,0,0.33965892
1,0,0.48817113
0,0,0.4531739
0,0,0.33341953
1,0,0.4524474
1,1,0.68021846
0,0,0.25086847
0,0,0.27083206
1,1,0.65668815
1,1,0.6665923
1,1,0.70601153
1,1,0.65619034
0,1,0.771084
0,0,0.18128085
0,0,0.44112727
0,1,0.5966628
1,0,0.4335963
0,0,0.25778475
0,1,0.60968757
0,0,0.47140688
1,1,0.73835623
0,0,0.49140537
1,1,0.54002047
0,1,0.54943025
1,1,0.741956
0,1,0.6507179
1,1,0.7122086
0,1,0.574886
1,1,0.5540983
0,0,0.31683135
0,0,0.35099378
1,1,0.80327207
0,0,0.30277303
0,0,0.39778024
1,1,0.50173306
0,0,0.26077443
1,0,0.25123248
0,0,0.3977341
1,1,0.5377857
0,1,0.60798335
0,1,0.5811701
0,0,0.3908636
0,1,0.72075605
1,1,0.7811358
1,1,0.75470805
0,0,0.4594561
0,0,0.4801961
0,0,0.21567424
1,1,0.5658304
1,0,0.47539225
0,1,0.60251284
0,1,0.5369314
0,1,0.764867
0,0,0.4190407
0,1,0.50902176
0,1,0.57943094
0,0,0.24001345
0,0,0.47927263
0,0,0.46318135
1,1,0.53739
1,1,0.6228695
0,1,0.579567
1,1,0.5156606
0,0,0.42519793
1,1,0.56568676
0,0,0.4173781
0,0,0.24724917
0,0,0.4514522
1,1,0.5986436
0,1,0.6224646
0,0,0.35646856
0,0,0.18943232
0,0,0.49810758
0,1,0.62900347
0,1,0.53789973
1,0,0.33983156
1,1,0.62461585
0,1,0.53295386
0,0,0.33637536
1,1,0.5239299
1,0,0.30911803
0,0,0.35093135
1,1,0.6786163
0,0,0.23908234
1,0,0.4843948
1,1,0.50903606
0,0,0.39301294
0,1,0.77194136
1,1,0.5897994
0,0,0.17384686
0,0,0.35843852
1,1,0.76211125
1,0,0.30368096
0,1,0.53551227
0,0,0.26394352
0,1,0.5455122
1,1,0.60322255
0,0,0.47458577
1,1,0.6704727
1,1,0.7015682
1,0,0.35539857
0,0,0.3307166
0,1,0.59905803
0,0,0.3648856
0,1,0.66927606
1,0,0.37945792
1,1,0.55438155
1,1,0.59561306
1,0,0.2642436
1,1,0.70994335
1,1,0.87354875
0,1,0.6026959
1,1,0.51180387
0,0,0.27510887
0,0,0.4351964
0,0,0.34256765
0,0,0.4023227
0,1,0.68185884
1,0,0.41316912
1,1,0.7831054
0,0,0.3814922
0,1,0.6194292
0,0,0.2736785
0,1,0.5795325
0,1,0.5880233
0,0,0.2311043
0,0,0.26820764
0,1,0.5250194
0,0,0.46451753
0,1,0.6109422
0,1,0.6426229
0,0,0.361741
0,0,0.35073268
1,0,0.28309968
0,0,0.3468661
0,0,0.226413
0,1,0.7206553
0,0,0.43706554
1,0,0.49100882
0,0,0.40236554
0,1,0.5364188
0,0,0.23635232
0,0,0.42716107
0,1,0.5253542
0,0,0.34066468
1,0,0.32230708
0,1,0.68500924
0,0,0.35891226
0,0,0.1326161
0,0,0.39397934
0,1,0.7500902
0,0,0.1781223
0,1,0.7234092
0,1,0.66204816
1,0,0.29715523
0,0,0.35706598
0,0,0.38203752
0,1,0.5009873
1,1,0.7529354
1,0,0.434632
0,0,0.43337518
0,1,0.65664834
0,0,0.28753796
0,1,0.53449166
0,1,0.58184737
0,1,0.6497935
0,0,0.44459793
1,0,0.47635752
1,1,0.68839514
0,1,0.6988681
1,1,0.67418575
0,0,0.4880773
0,0,0.44826797
0,0,0.27626342
0,1,0.62774587
1,1,0.62644964
1,0,0.27317452
0,0,0.4016822
1,1,0.5039521
0,1,0.66726553
0,1,0.6133461
1,1,0.77269405
1,1,0.8407799
1,0,0.4383707
0,0,0.4027474
1,1,0.7866936
0,0,0.46542603
0,1,0.6293179
0,0,0.32038832
1,0,0.47790715
1,0,0.34777358
1,1,0.7449271
0,1,0.7580376
0,1,0.8295461
0,1,0.50290346
1,1,0.5366978
1,0,0.4076669
0,1,0.7171523
1,1,0.71336216
1,1,0.7920408
1,0,0.31858575
0,0,0.30585876
1,0,0.49514756
0,1,0.59147215
0,1,0.67146784
1,0,0.37384188
0,0,0.43781295
0,1,0.52431875
1,1,0.544978
0,0,0.14359725
0,1,0.5004847
1,1,0.7083782
0,0,0.27909425
1,0,0.3989716
0,0,0.34338644
0,0,0.23019563
1,1,0.6959496
1,0,0.4518139
1,0,0.2980959
1,1,0.56397444
1,0,0.34079844
0,0,0.21578674
1,1,0.5375614
1,1,0.7722384
0,1,0.50039876
0,0,0.40152833
0,0,0.44093215
0,0,0.46419707
0,0,0.32938725
1,1,0.7315956
0,0,0.2898256
0,1,0.7248808
1,0,0.28280455
1,0,0.46251252
1,1,0.51842445
1,0,0.4996599
0,0,0.3333069
0,1,0.81489474
0,1,0.65566665
0,0,0.40491876
1,0,0.4296659
1,0,0.39291453
0,1,0.6548261
0,1,0.5390357
0,0,0.34272152
0,1,0.5012521
0,0,0.47264028
0,0,0.4982833
0,0,0.41006637
1,1,0.5712786
0,1,0.5294668
0,0,0.41765794
1,1,0.81207514
1,1,0.5576636
1,0,0.32195613
0,0,0.35613832
0,0,0.4586137
0,0,0.28408188
0,1,0.5767868
0,0,0.3628742
1,1,0.6517882
1,0,0.46495223
0,0,0.42117828
0,0,0.28073126
0,0,0.47127128
1,1,0.50631046
1,1,0.61706215
1,1,0.720797
0,0,0.25169224
1,1,0.7068913
0,0,0.39548114
0,1,0.6600207
0,1,0.56131595
1,1,0.7807884
1,0,0.42598772
0,0,0.36719558
0,0,0.35477334
1,0,0.36562487
0,0,0.3849865
1,0,0.40213475
1,1,0.75124305
1,1,0.65385264
0,0,0.47271657
1,0,0.422698
1,1,0.6827861
1,1,0.7435813
1,1,0.5743465
0,1,0.5521849
1,1,0.64466596
1,0,0.4273733
0,1,0.7524447
0,1,0.5970958
0,0,0.42802608
0,0,0.45231274
0,0,0.22187491
0,0,0.38600957
1,1,0.60756075
0,0,0.29031453
0,0,0.21857756
1,1,0.56746113
0,0,0.29359978
0,1,0.6784341
0,1,0.6216509
0,0,0.31192845
0,0,0.47823784
0,0,0.39414853
0,1,0.70342636
0,1,0.66601497
0,1,0.5468093
0,0,0.26121366
0,1,0.50739753
0,0,0.34128863
0,0,0.4584008
1,0,0.4978557
0,0,0.1815833
0,0,0.32573962
0,1,0.70739746
0,1,0.6622026
1,0,0.29490757
1,0,0.41964215
1,1,0.61285317
1,1,0.6534515
1,1,0.7820593
0,0,0.30006284
1,1,0.66448903
0,0,0.3247357
0,1,0.6899134
0,0,0.47997558
0,0,0.44276375
0,0,0.3278348
0,0,0.4968809
1,1,0.55647516
0,0,0.44668233
0,1,0.7310977
1,0,0.46625242
0,1,0.6395697
1,1,0.57050776
1,0,0.4402466
0,0,0.4313915
0,1,0.538759
0,1,0.6065699
0,0,0.36174023
0,1,0.78041506
1,1,0.7098741
1,1,0.6682463
1,1,0.58158344
0,1,0.7026726
1,0,0.47009665
0,0,0.45079443
1,0,0.4437657
0,0,0.2543287
0,1,0.56865317
0,1,0.5387355
1,0,0.33006382
0,1,0.54589003
0,0,0.47526842
0,0,0.4128177
0,0,0.39965892
0,0,0.42791295
1,1,0.5567393
0,1,0.7716388
0,1,0.5688684
0,1,0.50897247
0,1,0.6041404
1,0,0.45027378
0,0,0.4858046
0,0,0.26237094
0,1,0.5482343
0,0,0.3172562
1,0,0.48312354
1,1,0.6402723
0,1,0.6020858
0,1,0.5981852
1,1,0.68936557
0,0,0.3678404
1,0,0.34137988
0,0,0.37710062
0,0,0.4552682
0,1,0.7110502
0,0,0.3091376
0,0,0.21803176
1,1,0.7011747
1,1,0.6692776
0,0,0.22535984
0,0,0.30488667
0,0,0.39859864
0,0,0.4334071
0,0,0.44954932
1,1,0.6558126
0,0,0.3575783
0,1,0.7351404
0,0,0.47192672
0,0,0.42155993
0,0,0.46930292
0,0,0.45284787
0,0,0.32148284
0,0,0.42489675
0,1,0.61504716
0,1,0.5703106
1,0,0.36012727
1,1,0.5682674
0,0,0.41163805
0,0,0.32661915
1,0,0.23569718
0,0,0.4027034
0,0,0.39635932
0,0,0.4515823
1,1,0.8413128
1,1,0.70874536
0,0,0.39709964
1,1,0.5715154
0,0,0.38689595
0,0,0.3806356
1,0,0.35704213
1,1,0.8048889
0,1,0.5104225
1,1,0.74766946
0,0,0.33268842
0,1,0.75689054
1,1,0.72436005
1,1,0.7054611
1,0,0.49308905
0,0,0.40917283
1,1,0.6117074
0,0,0.2136224
1,0,0.4359927
0,1,0.5667155
1,1,0.8162925
1,0,0.49062586
1,1,0.5023364
0,1,0.62724954
0,1,0.51102364
0,0,0.18209048
0,1,0.5572916
0,1,0.501396
1,0,0.4901406
0,0,0.46607107
1,1,0.5299832
1,0,0.27321032
0,1,0.54100776
0,0,0.46521047
0,1,0.5317523
1,1,0.7380143
1,0,0.24707119
0,1,0.781846
1,0,0.35642955
0,0,0.45031154
0,0,0.37791544
1,1,0.5998961
1,0,0.48190486
0,1,0.55157113
1,1,0.52029556
0,0,0.36687565
1,0,0.40216696
0,0,0.22082144
0,1,0.60023534
0,1,0.7239561
1,1,0.7058183
0,1,0.712523
1,1,0.7492865
0,0,0.3907106
0,0,0.19991234
1,1,0.51957196
1,1,0.6762766
0,0,0.35437974
0,0,0.2491317
0,0,0.23369324
1,0,0.38506815
0,0,0.46400124
0,0,0.354612
0,0,0.33881357
0,1,0.5575404
0,1,0.58292305
1,1,0.67010075
1,1,0.68961173
0,0,0.35215044
0,1,0.57798046
1,1,0.5673362
0,1,0.64764476
0,0,0.25163746
1,1,0.7435963
0,0,0.36815307
0,1,0.5894523
0,0,0.4647686
0,0,0.47009015
1,1,0.6181523
0,0,0.33770657
0,1,0.626504
0,0,0.40132794
1,1,0.5753533
1,0,0.32827774
1,0,0.2760936
0,1,0.7261762
1,0,0.48716456
0,1,0.5204547
1,0,0.46673048
1,1,0.6385116
0,0,0.33084476
1,1,0.6152129
1,1,0.7980842
0,1,0.5163033
0,1,0.62156504
0,0,0.45628372
0,1,0.56013566
0,1,0.56508034
1,0,0.43844178
1,1,0.6620825
0,0,0.29710537
0,0,0.41540545
1,1,0.64606273
0,1,0.5176664
1,1,0.5643319
0,1,0.51609516
1,1,0.7904001
0,0,0.4037525
0,0,0.4404152
0,1,0.7188301
0,0,0.31373215
1,1,0.55426043
0,1,0.63263744
1,1,0.88153714
1,1,0.65914315
0,1,0.6028231
1,1,0.8261695
1,0,0.3981693
1,1,0.7404551
0,1,0.55287486
0,0,0.3877912
1,0,0.41699317
1,1,0.59117055
1,0,0.48723364
1,1,0.7491273
1,1,0.5962971
0,0,0.19799858
1,1,0.7505654
0,1,0.71823376
0,0,0.30067256
0,0,0.2997695
1,0,0.43475732
0,1,0.5545029
1,1,0.64795697
0,1,0.6704928
1,1,0.52816683
1,0,0.39691427
0,0,0.26998395
0,1,0.5968364
0,0,0.26745984
0,1,0.5396498
0,0,0.40686432
0,1,0.52772635
0,0,0.2207528
0,0,0.3189522
0,0,0.44052693
0,0,0.3301207
1,0,0.37986577
0,0,0.28245458
0,0,0.35215658
0,0,0.37743196
0,1,0.554452
1,0,0.38554662
1,1,0.6519558
0,1,0.52639997
1,1,0.6799963
0,0,0.45158756
0,0,0.21094646
0,1,0.5934724
1,1,0.5375473
0,0,0.4682221
1,0,0.47152406
0,0,0.49595743
0,0,0.19796304
0,0,0.45877492
0,1,0.5167997
1,1,0.73813415
1,0,0.39411032
1,0,0.3917187
0,0,0.24423367
0,1,0.62047094
0,0,0.3359593
0,0,0.3168666
1,1,0.5642759
1,0,0.3197351
0,1,0.52004385
1,1,0.6562328
0,0,0.44491234
0,0,0.45786053
0,0,0.28158548
0,0,0.34333864
0,0,0.3237927
0,0,0.26285034
1,1,0.77332664
1,1,0.5414444
0,0,0.38160142
0,0,0.4852279
0,0,0.4436438
0,1,0.67062503
0,0,0.4907141
1,0,0.34378698
0,0,0.44475666
1,0,0.3098445
1,1,0.7587519
1,1,0.5252047
0,0,0.40606958
0,0,0.36222845
1,1,0.7131383
0,0,0.18920422
1,1,0.5865703
0,1,0.6557373
0,1,0.72776
0,1,0.5277904
0,0,0.4806816
0,0,0.4249047
0,1,0.8001136
0,0,0.44107094
1,0,0.43081108
1,0,0.48035836
0,0,0.49954665
1,0,0.24794826
0,1,0.52880055
0,1,0.50827014
0,1,0.51751554
0,0,0.28235182
1,0,0.44277033
1,1,0.7355616
1,0,0.28921965
1,0,0.36936826
1,0,0.4164373
0,0,0.35763088
1,1,0.71091366
0,0,0.4219416
0,1,0.81867576
0,0,0.49943334
1,0,0.45896116
0,0,0.3690655
0,0,0.41182393
0,0,0.32089242
0,0,0.3375916
1,1,0.61661154
1,1,0.6504553
0,1,0.5199078
0,1,0.57158583
0,0,0.36428592
0,0,0.17985307
0,0,0.35452113
1,1,0.7844095
0,1,0.8029708
1,1,0.6094443
0,0,0.43161234
1,1,0.50568104
0,1,0.65817267
1,1,0.65595156
1,0,0.35882592
1,1,0.50324184
0,1,0.59171903
0,0,0.3011151
0,1,0.51823664
0,1,0.59735477
1,0,0.38370976
0,1,0.70476955
0,1,0.5517348
0,0,0.45903793
0,0,0.28903455
0,0,0.4333942
0,0,0.33264297
1,1,0.6479151
0,1,0.51182455
0,1,0.6882243
1,1,0.530995
0,0,0.30523008
1,1,0.7173449
1,1,0.7129421
0,0,0.33700848
1,1,0.65886295
0,0,0.32518446
1,1,0.7144634
1,1,0.69794285
0,0,0.17637508
0,0,0.44740123
0,1,0.57827365
0,0,0.3524911
0,1,0.50809324
0,0,0.4285587
0,1,0.71540296
1,1,0.61485505
1,1,0.57699704
